# Sancta editable mesh extracted from the approved reference, cm, Z up
v 0.0 -100.0 -100.0
v 0.0 -96.875 -100.0
v 0.0 -93.75 -100.0
v 0.0 -90.625 -100.0
v 0.0 -87.5 -100.0
v 0.0 -84.375 -100.0
v 0.0 -81.25 -100.0
v 0.0 -78.125 -100.0
v 0.0 -75.0 -100.0
v 0.0 -71.875 -100.0
v 0.0 -68.75 -100.0
v 0.0 -65.625 -100.0
v 0.0 -62.5 -100.0
v 0.0 -59.375 -100.0
v 0.0 -56.25 -100.0
v 0.0 -53.125 -100.0
v 0.0 -50.0 -100.0
v 0.0 -46.875 -100.0
v 0.0 -43.75 -100.0
v 0.0 -40.625 -100.0
v 0.0 -37.5 -100.0
v 0.0 -34.375 -100.0
v 0.0 -31.25 -100.0
v 0.0 -28.125 -100.0
v 0.0 -25.0 -100.0
v 0.0 -21.875 -100.0
v 0.0 -18.75 -100.0
v 0.0 -15.625 -100.0
v 0.0 -12.5 -100.0
v 0.0 -9.375 -100.0
v 0.0 -6.25 -100.0
v 0.0 -3.125 -100.0
v 0.0 0.0 -100.0
v 0.0 3.125 -100.0
v 0.0 6.25 -100.0
v 0.0 9.375 -100.0
v 0.0 12.5 -100.0
v 0.0 15.625 -100.0
v 0.0 18.75 -100.0
v 0.0 21.875 -100.0
v 0.0 25.0 -100.0
v 0.0 28.125 -100.0
v 0.0 31.25 -100.0
v 0.0 34.375 -100.0
v 0.0 37.5 -100.0
v 0.0 40.625 -100.0
v 0.0 43.75 -100.0
v 0.0 46.875 -100.0
v 0.0 50.0 -100.0
v 0.0 53.125 -100.0
v 0.0 56.25 -100.0
v 0.0 59.375 -100.0
v 0.0 62.5 -100.0
v 0.0 65.625 -100.0
v 0.0 68.75 -100.0
v 0.0 71.875 -100.0
v 0.0 75.0 -100.0
v 0.0 78.125 -100.0
v 0.0 81.25 -100.0
v 0.0 84.375 -100.0
v 0.0 87.5 -100.0
v 0.0 90.625 -100.0
v 0.0 93.75 -100.0
v 0.0 96.875 -100.0
v 0.0 100.0 -100.0
v 0.0 -100.0 -87.5
v 0.0 -96.875 -87.5
v 0.0 -93.75 -87.5
v 0.0 -90.625 -87.5
v 0.0 -87.5 -87.5
v 0.0 -84.375 -87.5
v 0.0 -81.25 -87.5
v 0.0 -78.125 -87.5
v 0.0 -75.0 -87.5
v 0.0 -71.875 -87.5
v 0.0 -68.75 -87.5
v 0.0 -65.625 -87.5
v 0.0 -62.5 -87.5
v 0.0 -59.375 -87.5
v 0.0 -56.25 -87.5
v 0.0 -53.125 -87.5
v 0.0 -50.0 -87.5
v 0.0 -46.875 -87.5
v 0.0 -43.75 -87.5
v 0.0 -40.625 -87.5
v 0.0 -37.5 -87.5
v 0.0 -34.375 -87.5
v 0.0 -31.25 -87.5
v 0.0 -28.125 -87.5
v 0.0 -25.0 -87.5
v 0.0 -21.875 -87.5
v 0.0 -18.75 -87.5
v 0.0 -15.625 -87.5
v 0.0 -12.5 -87.5
v 0.0 -9.375 -87.5
v 0.0 -6.25 -87.5
v 0.0 -3.125 -87.5
v 0.0 0.0 -87.5
v 0.0 3.125 -87.5
v 0.0 6.25 -87.5
v 0.0 9.375 -87.5
v 0.0 12.5 -87.5
v 0.0 15.625 -87.5
v 0.0 18.75 -87.5
v 0.0 21.875 -87.5
v 0.0 25.0 -87.5
v 0.0 28.125 -87.5
v 0.0 31.25 -87.5
v 0.0 34.375 -87.5
v 0.0 37.5 -87.5
v 0.0 40.625 -87.5
v 0.0 43.75 -87.5
v 0.0 46.875 -87.5
v 0.0 50.0 -87.5
v 0.0 53.125 -87.5
v 0.0 56.25 -87.5
v 0.0 59.375 -87.5
v 0.0 62.5 -87.5
v 0.0 65.625 -87.5
v 0.0 68.75 -87.5
v 0.0 71.875 -87.5
v 0.0 75.0 -87.5
v 0.0 78.125 -87.5
v 0.0 81.25 -87.5
v 0.0 84.375 -87.5
v 0.0 87.5 -87.5
v 0.0 90.625 -87.5
v 0.0 93.75 -87.5
v 0.0 96.875 -87.5
v 0.0 100.0 -87.5
v 0.0 -100.0 -75.0
v 0.0 -96.875 -75.0
v 0.0 -93.75 -75.0
v 0.0 -90.625 -75.0
v 0.0 -87.5 -75.0
v 0.0 -84.375 -75.0
v 0.0 -81.25 -75.0
v 0.0 -78.125 -75.0
v 0.0 -75.0 -75.0
v 0.0 -71.875 -75.0
v 0.0 -68.75 -75.0
v 0.0 -65.625 -75.0
v 0.0 -62.5 -75.0
v 0.0 -59.375 -75.0
v 0.0 -56.25 -75.0
v 0.0 -53.125 -75.0
v 0.0 -50.0 -75.0
v 0.0 -46.875 -75.0
v 0.0 -43.75 -75.0
v 0.0 -40.625 -75.0
v 0.0 -37.5 -75.0
v 0.0 -34.375 -75.0
v 0.0 -31.25 -75.0
v 0.0 -28.125 -75.0
v 0.0 -25.0 -75.0
v 0.0 -21.875 -75.0
v 0.0 -18.75 -75.0
v 0.0 -15.625 -75.0
v 0.0 -12.5 -75.0
v 0.0 -9.375 -75.0
v 0.0 -6.25 -75.0
v 0.0 -3.125 -75.0
v 0.0 0.0 -75.0
v 0.0 3.125 -75.0
v 0.0 6.25 -75.0
v 0.0 9.375 -75.0
v 0.0 12.5 -75.0
v 0.0 15.625 -75.0
v 0.0 18.75 -75.0
v 0.0 21.875 -75.0
v 0.0 25.0 -75.0
v 0.0 28.125 -75.0
v 0.0 31.25 -75.0
v 0.0 34.375 -75.0
v 0.0 37.5 -75.0
v 0.0 40.625 -75.0
v 0.0 43.75 -75.0
v 0.0 46.875 -75.0
v 0.0 50.0 -75.0
v 0.0 53.125 -75.0
v 0.0 56.25 -75.0
v 0.0 59.375 -75.0
v 0.0 62.5 -75.0
v 0.0 65.625 -75.0
v 0.0 68.75 -75.0
v 0.0 71.875 -75.0
v 0.0 75.0 -75.0
v 0.0 78.125 -75.0
v 0.0 81.25 -75.0
v 0.0 84.375 -75.0
v 0.0 87.5 -75.0
v 0.0 90.625 -75.0
v 0.0 93.75 -75.0
v 0.0 96.875 -75.0
v 0.0 100.0 -75.0
v 0.0 -100.0 -62.5
v 0.0 -96.875 -62.5
v 0.0 -93.75 -62.5
v 0.0 -90.625 -62.5
v 0.0 -87.5 -62.5
v 0.0 -84.375 -62.5
v 0.0 -81.25 -62.5
v 0.0 -78.125 -62.5
v 0.0 -75.0 -62.5
v 0.0 -71.875 -62.5
v 0.0 -68.75 -62.5
v 0.0 -65.625 -62.5
v 0.0 -62.5 -62.5
v 0.0 -59.375 -62.5
v 0.0 -56.25 -62.5
v 0.0 -53.125 -62.5
v 0.0 -50.0 -62.5
v 0.0 -46.875 -62.5
v 0.0 -43.75 -62.5
v 0.0 -40.625 -62.5
v 0.0 -37.5 -62.5
v 0.0 -34.375 -62.5
v 0.0 -31.25 -62.5
v 0.0 -28.125 -62.5
v 0.0 -25.0 -62.5
v 0.0 -21.875 -62.5
v 0.0 -18.75 -62.5
v 0.0 -15.625 -62.5
v 0.0 -12.5 -62.5
v 0.0 -9.375 -62.5
v 0.0 -6.25 -62.5
v 0.0 -3.125 -62.5
v 0.0 0.0 -62.5
v 0.0 3.125 -62.5
v 0.0 6.25 -62.5
v 0.0 9.375 -62.5
v 0.0 12.5 -62.5
v 0.0 15.625 -62.5
v 0.0 18.75 -62.5
v 0.0 21.875 -62.5
v 0.0 25.0 -62.5
v 0.0 28.125 -62.5
v 0.0 31.25 -62.5
v 0.0 34.375 -62.5
v 0.0 37.5 -62.5
v 0.0 40.625 -62.5
v 0.0 43.75 -62.5
v 0.0 46.875 -62.5
v 0.0 50.0 -62.5
v 0.0 53.125 -62.5
v 0.0 56.25 -62.5
v 0.0 59.375 -62.5
v 0.0 62.5 -62.5
v 0.0 65.625 -62.5
v 0.0 68.75 -62.5
v 0.0 71.875 -62.5
v 0.0 75.0 -62.5
v 0.0 78.125 -62.5
v 0.0 81.25 -62.5
v 0.0 84.375 -62.5
v 0.0 87.5 -62.5
v 0.0 90.625 -62.5
v 0.0 93.75 -62.5
v 0.0 96.875 -62.5
v 0.0 100.0 -62.5
v 0.0 -100.0 -50.0
v 0.0 -96.875 -50.0
v 0.0 -93.75 -50.0
v 0.0 -90.625 -50.0
v 0.0 -87.5 -50.0
v 0.0 -84.375 -50.0
v 0.0 -81.25 -50.0
v 0.0 -78.125 -50.0
v 0.0 -75.0 -50.0
v 0.0 -71.875 -50.0
v 0.0 -68.75 -50.0
v 0.0 -65.625 -50.0
v 0.0 -62.5 -50.0
v 0.0 -59.375 -50.0
v 0.0 -56.25 -50.0
v 0.0 -53.125 -50.0
v 0.0 -50.0 -50.0
v 0.0 -46.875 -50.0
v 0.0 -43.75 -50.0
v 0.0 -40.625 -50.0
v 0.0 -37.5 -50.0
v 0.0 -34.375 -50.0
v 0.0 -31.25 -50.0
v 0.0 -28.125 -50.0
v 0.0 -25.0 -50.0
v 0.0 -21.875 -50.0
v 0.0 -18.75 -50.0
v 0.0 -15.625 -50.0
v 0.0 -12.5 -50.0
v 0.0 -9.375 -50.0
v 0.0 -6.25 -50.0
v 0.0 -3.125 -50.0
v 0.0 0.0 -50.0
v 0.0 3.125 -50.0
v 0.0 6.25 -50.0
v 0.0 9.375 -50.0
v 0.0 12.5 -50.0
v 0.0 15.625 -50.0
v 0.0 18.75 -50.0
v 0.0 21.875 -50.0
v 0.0 25.0 -50.0
v 0.0 28.125 -50.0
v 0.0 31.25 -50.0
v 0.0 34.375 -50.0
v 0.0 37.5 -50.0
v 0.0 40.625 -50.0
v 0.0 43.75 -50.0
v 0.0 46.875 -50.0
v 0.0 50.0 -50.0
v 0.0 53.125 -50.0
v 0.0 56.25 -50.0
v 0.0 59.375 -50.0
v 0.0 62.5 -50.0
v 0.0 65.625 -50.0
v 0.0 68.75 -50.0
v 0.0 71.875 -50.0
v 0.0 75.0 -50.0
v 0.0 78.125 -50.0
v 0.0 81.25 -50.0
v 0.0 84.375 -50.0
v 0.0 87.5 -50.0
v 0.0 90.625 -50.0
v 0.0 93.75 -50.0
v 0.0 96.875 -50.0
v 0.0 100.0 -50.0
v 0.0 -100.0 -37.5
v 0.0 -96.875 -37.5
v 0.0 -93.75 -37.5
v 0.0 -90.625 -37.5
v 0.0 -87.5 -37.5
v 0.0 -84.375 -37.5
v 0.0 -81.25 -37.5
v 0.0 -78.125 -37.5
v 0.0 -75.0 -37.5
v 0.0 -71.875 -37.5
v 0.0 -68.75 -37.5
v 0.0 -65.625 -37.5
v 0.0 -62.5 -37.5
v 0.0 -59.375 -37.5
v 0.0 -56.25 -37.5
v 0.0 -53.125 -37.5
v 0.0 -50.0 -37.5
v 0.0 -46.875 -37.5
v 0.0 -43.75 -37.5
v 0.0 -40.625 -37.5
v 0.0 -37.5 -37.5
v 0.0 -34.375 -37.5
v 0.0 -31.25 -37.5
v 0.0 -28.125 -37.5
v 0.0 -25.0 -37.5
v 0.0 -21.875 -37.5
v 0.0 -18.75 -37.5
v 0.0 -15.625 -37.5
v 0.0 -12.5 -37.5
v 0.0 -9.375 -37.5
v 0.0 -6.25 -37.5
v 0.0 -3.125 -37.5
v 0.0 0.0 -37.5
v 0.0 3.125 -37.5
v 0.0 6.25 -37.5
v 0.0 9.375 -37.5
v 0.0 12.5 -37.5
v 0.0 15.625 -37.5
v 0.0 18.75 -37.5
v 0.0 21.875 -37.5
v 0.0 25.0 -37.5
v 0.0 28.125 -37.5
v 0.0 31.25 -37.5
v 0.0 34.375 -37.5
v 0.0 37.5 -37.5
v 0.0 40.625 -37.5
v 0.0 43.75 -37.5
v 0.0 46.875 -37.5
v 0.0 50.0 -37.5
v 0.0 53.125 -37.5
v 0.0 56.25 -37.5
v 0.0 59.375 -37.5
v 0.0 62.5 -37.5
v 0.0 65.625 -37.5
v 0.0 68.75 -37.5
v 0.0 71.875 -37.5
v 0.0 75.0 -37.5
v 0.0 78.125 -37.5
v 0.0 81.25 -37.5
v 0.0 84.375 -37.5
v 0.0 87.5 -37.5
v 0.0 90.625 -37.5
v 0.0 93.75 -37.5
v 0.0 96.875 -37.5
v 0.0 100.0 -37.5
v 0.0 -100.0 -25.0
v 0.0 -96.875 -25.0
v 0.0 -93.75 -25.0
v 0.0 -90.625 -25.0
v 0.0 -87.5 -25.0
v 0.0 -84.375 -25.0
v 0.0 -81.25 -25.0
v 0.0 -78.125 -25.0
v 0.0 -75.0 -25.0
v 0.0 -71.875 -25.0
v 0.0 -68.75 -25.0
v 0.0 -65.625 -25.0
v 0.0 -62.5 -25.0
v 0.0 -59.375 -25.0
v 0.0 -56.25 -25.0
v 0.0 -53.125 -25.0
v 0.0 -50.0 -25.0
v 0.0 -46.875 -25.0
v 0.0 -43.75 -25.0
v 0.0 -40.625 -25.0
v 0.0 -37.5 -25.0
v 0.0 -34.375 -25.0
v 0.0 -31.25 -25.0
v 0.0 -28.125 -25.0
v 0.0 -25.0 -25.0
v 0.0 -21.875 -25.0
v 0.0 -18.75 -25.0
v 0.0 -15.625 -25.0
v 0.0 -12.5 -25.0
v 0.0 -9.375 -25.0
v 0.0 -6.25 -25.0
v 0.0 -3.125 -25.0
v 0.0 0.0 -25.0
v 0.0 3.125 -25.0
v 0.0 6.25 -25.0
v 0.0 9.375 -25.0
v 0.0 12.5 -25.0
v 0.0 15.625 -25.0
v 0.0 18.75 -25.0
v 0.0 21.875 -25.0
v 0.0 25.0 -25.0
v 0.0 28.125 -25.0
v 0.0 31.25 -25.0
v 0.0 34.375 -25.0
v 0.0 37.5 -25.0
v 0.0 40.625 -25.0
v 0.0 43.75 -25.0
v 0.0 46.875 -25.0
v 0.0 50.0 -25.0
v 0.0 53.125 -25.0
v 0.0 56.25 -25.0
v 0.0 59.375 -25.0
v 0.0 62.5 -25.0
v 0.0 65.625 -25.0
v 0.0 68.75 -25.0
v 0.0 71.875 -25.0
v 0.0 75.0 -25.0
v 0.0 78.125 -25.0
v 0.0 81.25 -25.0
v 0.0 84.375 -25.0
v 0.0 87.5 -25.0
v 0.0 90.625 -25.0
v 0.0 93.75 -25.0
v 0.0 96.875 -25.0
v 0.0 100.0 -25.0
v 0.0 -100.0 -12.5
v 0.0 -96.875 -12.5
v 0.0 -93.75 -12.5
v 0.0 -90.625 -12.5
v 0.0 -87.5 -12.5
v 0.0 -84.375 -12.5
v 0.0 -81.25 -12.5
v 0.0 -78.125 -12.5
v 0.0 -75.0 -12.5
v 0.0 -71.875 -12.5
v 0.0 -68.75 -12.5
v 0.0 -65.625 -12.5
v 0.0 -62.5 -12.5
v 0.0 -59.375 -12.5
v 0.0 -56.25 -12.5
v 0.0 -53.125 -12.5
v 0.0 -50.0 -12.5
v 0.0 -46.875 -12.5
v 0.0 -43.75 -12.5
v 0.0 -40.625 -12.5
v 0.0 -37.5 -12.5
v 0.0 -34.375 -12.5
v 0.0 -31.25 -12.5
v 0.0 -28.125 -12.5
v 0.0 -25.0 -12.5
v 0.0 -21.875 -12.5
v 0.0 -18.75 -12.5
v 0.0 -15.625 -12.5
v 0.0 -12.5 -12.5
v 0.0 -9.375 -12.5
v 0.0 -6.25 -12.5
v 0.0 -3.125 -12.5
v 0.0 0.0 -12.5
v 0.0 3.125 -12.5
v 0.0 6.25 -12.5
v 0.0 9.375 -12.5
v 0.0 12.5 -12.5
v 0.0 15.625 -12.5
v 0.0 18.75 -12.5
v 0.0 21.875 -12.5
v 0.0 25.0 -12.5
v 0.0 28.125 -12.5
v 0.0 31.25 -12.5
v 0.0 34.375 -12.5
v 0.0 37.5 -12.5
v 0.0 40.625 -12.5
v 0.0 43.75 -12.5
v 0.0 46.875 -12.5
v 0.0 50.0 -12.5
v 0.0 53.125 -12.5
v 0.0 56.25 -12.5
v 0.0 59.375 -12.5
v 0.0 62.5 -12.5
v 0.0 65.625 -12.5
v 0.0 68.75 -12.5
v 0.0 71.875 -12.5
v 0.0 75.0 -12.5
v 0.0 78.125 -12.5
v 0.0 81.25 -12.5
v 0.0 84.375 -12.5
v 0.0 87.5 -12.5
v 0.0 90.625 -12.5
v 0.0 93.75 -12.5
v 0.0 96.875 -12.5
v 0.0 100.0 -12.5
v 0.0 -100.0 0.0
v 0.0 -96.875 0.0
v 0.0 -93.75 0.0
v 0.0 -90.625 0.0
v 0.0 -87.5 0.0
v 0.0 -84.375 0.0
v 0.0 -81.25 0.0
v 0.0 -78.125 0.0
v 0.0 -75.0 0.0
v 0.0 -71.875 0.0
v 0.0 -68.75 0.0
v 0.0 -65.625 0.0
v 0.0 -62.5 0.0
v 0.0 -59.375 0.0
v 0.0 -56.25 0.0
v 0.0 -53.125 0.0
v 0.0 -50.0 0.0
v 0.0 -46.875 0.0
v 0.0 -43.75 0.0
v 0.0 -40.625 0.0
v 0.0 -37.5 0.0
v 0.0 -34.375 0.0
v 0.0 -31.25 0.0
v 0.0 -28.125 0.0
v 0.0 -25.0 0.0
v 0.0 -21.875 0.0
v 0.0 -18.75 0.0
v 0.0 -15.625 0.0
v 0.0 -12.5 0.0
v 0.0 -9.375 0.0
v 0.0 -6.25 0.0
v 0.0 -3.125 0.0
v 0.0 0.0 0.0
v 0.0 3.125 0.0
v 0.0 6.25 0.0
v 0.0 9.375 0.0
v 0.0 12.5 0.0
v 0.0 15.625 0.0
v 0.0 18.75 0.0
v 0.0 21.875 0.0
v 0.0 25.0 0.0
v 0.0 28.125 0.0
v 0.0 31.25 0.0
v 0.0 34.375 0.0
v 0.0 37.5 0.0
v 0.0 40.625 0.0
v 0.0 43.75 0.0
v 0.0 46.875 0.0
v 0.0 50.0 0.0
v 0.0 53.125 0.0
v 0.0 56.25 0.0
v 0.0 59.375 0.0
v 0.0 62.5 0.0
v 0.0 65.625 0.0
v 0.0 68.75 0.0
v 0.0 71.875 0.0
v 0.0 75.0 0.0
v 0.0 78.125 0.0
v 0.0 81.25 0.0
v 0.0 84.375 0.0
v 0.0 87.5 0.0
v 0.0 90.625 0.0
v 0.0 93.75 0.0
v 0.0 96.875 0.0
v 0.0 100.0 0.0
v 0.0 -100.0 12.5
v 0.0 -96.875 12.5
v 0.0 -93.75 12.5
v 0.0 -90.625 12.5
v 0.0 -87.5 12.5
v 0.0 -84.375 12.5
v 0.0 -81.25 12.5
v 0.0 -78.125 12.5
v 0.0 -75.0 12.5
v 0.0 -71.875 12.5
v 0.0 -68.75 12.5
v 0.0 -65.625 12.5
v 0.0 -62.5 12.5
v 0.0 -59.375 12.5
v 0.0 -56.25 12.5
v 0.0 -53.125 12.5
v 0.0 -50.0 12.5
v 0.0 -46.875 12.5
v 0.0 -43.75 12.5
v 0.0 -40.625 12.5
v 0.0 -37.5 12.5
v 0.0 -34.375 12.5
v 0.0 -31.25 12.5
v 0.0 -28.125 12.5
v 0.0 -25.0 12.5
v 0.0 -21.875 12.5
v 0.0 -18.75 12.5
v 0.0 -15.625 12.5
v 0.0 -12.5 12.5
v 0.0 -9.375 12.5
v 0.0 -6.25 12.5
v 0.0 -3.125 12.5
v 0.0 0.0 12.5
v 0.0 3.125 12.5
v 0.0 6.25 12.5
v 0.0 9.375 12.5
v 0.0 12.5 12.5
v 0.0 15.625 12.5
v 0.0 18.75 12.5
v 0.0 21.875 12.5
v 0.0 25.0 12.5
v 0.0 28.125 12.5
v 0.0 31.25 12.5
v 0.0 34.375 12.5
v 0.0 37.5 12.5
v 0.0 40.625 12.5
v 0.0 43.75 12.5
v 0.0 46.875 12.5
v 0.0 50.0 12.5
v 0.0 53.125 12.5
v 0.0 56.25 12.5
v 0.0 59.375 12.5
v 0.0 62.5 12.5
v 0.0 65.625 12.5
v 0.0 68.75 12.5
v 0.0 71.875 12.5
v 0.0 75.0 12.5
v 0.0 78.125 12.5
v 0.0 81.25 12.5
v 0.0 84.375 12.5
v 0.0 87.5 12.5
v 0.0 90.625 12.5
v 0.0 93.75 12.5
v 0.0 96.875 12.5
v 0.0 100.0 12.5
v 0.0 -100.0 25.0
v 0.0 -96.875 25.0
v 0.0 -93.75 25.0
v 0.0 -90.625 25.0
v 0.0 -87.5 25.0
v 0.0 -84.375 25.0
v 0.0 -81.25 25.0
v 0.0 -78.125 25.0
v 0.0 -75.0 25.0
v 0.0 -71.875 25.0
v 0.0 -68.75 25.0
v 0.0 -65.625 25.0
v 0.0 -62.5 25.0
v 0.0 -59.375 25.0
v 0.0 -56.25 25.0
v 0.0 -53.125 25.0
v 0.0 -50.0 25.0
v 0.0 -46.875 25.0
v 0.0 -43.75 25.0
v 0.0 -40.625 25.0
v 0.0 -37.5 25.0
v 0.0 -34.375 25.0
v 0.0 -31.25 25.0
v 0.0 -28.125 25.0
v 0.0 -25.0 25.0
v 0.0 -21.875 25.0
v 0.0 -18.75 25.0
v 0.0 -15.625 25.0
v 0.0 -12.5 25.0
v 0.0 -9.375 25.0
v 0.0 -6.25 25.0
v 0.0 -3.125 25.0
v 0.0 0.0 25.0
v 0.0 3.125 25.0
v 0.0 6.25 25.0
v 0.0 9.375 25.0
v 0.0 12.5 25.0
v 0.0 15.625 25.0
v 0.0 18.75 25.0
v 0.0 21.875 25.0
v 0.0 25.0 25.0
v 0.0 28.125 25.0
v 0.0 31.25 25.0
v 0.0 34.375 25.0
v 0.0 37.5 25.0
v 0.0 40.625 25.0
v 0.0 43.75 25.0
v 0.0 46.875 25.0
v 0.0 50.0 25.0
v 0.0 53.125 25.0
v 0.0 56.25 25.0
v 0.0 59.375 25.0
v 0.0 62.5 25.0
v 0.0 65.625 25.0
v 0.0 68.75 25.0
v 0.0 71.875 25.0
v 0.0 75.0 25.0
v 0.0 78.125 25.0
v 0.0 81.25 25.0
v 0.0 84.375 25.0
v 0.0 87.5 25.0
v 0.0 90.625 25.0
v 0.0 93.75 25.0
v 0.0 96.875 25.0
v 0.0 100.0 25.0
v 0.0 -100.0 37.5
v 0.0 -96.875 37.5
v 0.0 -93.75 37.5
v 0.0 -90.625 37.5
v 0.0 -87.5 37.5
v 0.0 -84.375 37.5
v 0.0 -81.25 37.5
v 0.0 -78.125 37.5
v 0.0 -75.0 37.5
v 0.0 -71.875 37.5
v 0.0 -68.75 37.5
v 0.0 -65.625 37.5
v 0.0 -62.5 37.5
v 0.0 -59.375 37.5
v 0.0 -56.25 37.5
v 0.0 -53.125 37.5
v 0.0 -50.0 37.5
v 0.0 -46.875 37.5
v 0.0 -43.75 37.5
v 0.0 -40.625 37.5
v 0.0 -37.5 37.5
v 0.0 -34.375 37.5
v 0.0 -31.25 37.5
v 0.0 -28.125 37.5
v 0.0 -25.0 37.5
v 0.0 -21.875 37.5
v 0.0 -18.75 37.5
v 0.0 -15.625 37.5
v 0.0 -12.5 37.5
v 0.0 -9.375 37.5
v 0.0 -6.25 37.5
v 0.0 -3.125 37.5
v 0.0 0.0 37.5
v 0.0 3.125 37.5
v 0.0 6.25 37.5
v 0.0 9.375 37.5
v 0.0 12.5 37.5
v 0.0 15.625 37.5
v 0.0 18.75 37.5
v 0.0 21.875 37.5
v 0.0 25.0 37.5
v 0.0 28.125 37.5
v 0.0 31.25 37.5
v 0.0 34.375 37.5
v 0.0 37.5 37.5
v 0.0 40.625 37.5
v 0.0 43.75 37.5
v 0.0 46.875 37.5
v 0.0 50.0 37.5
v 0.0 53.125 37.5
v 0.0 56.25 37.5
v 0.0 59.375 37.5
v 0.0 62.5 37.5
v 0.0 65.625 37.5
v 0.0 68.75 37.5
v 0.0 71.875 37.5
v 0.0 75.0 37.5
v 0.0 78.125 37.5
v 0.0 81.25 37.5
v 0.0 84.375 37.5
v 0.0 87.5 37.5
v 0.0 90.625 37.5
v 0.0 93.75 37.5
v 0.0 96.875 37.5
v 0.0 100.0 37.5
v 0.0 -100.0 50.0
v 0.0 -96.875 50.0
v 0.0 -93.75 50.0
v 0.0 -90.625 50.0
v 0.0 -87.5 50.0
v 0.0 -84.375 50.0
v 0.0 -81.25 50.0
v 0.0 -78.125 50.0
v 0.0 -75.0 50.0
v 0.0 -71.875 50.0
v 0.0 -68.75 50.0
v 0.0 -65.625 50.0
v 0.0 -62.5 50.0
v 0.0 -59.375 50.0
v 0.0 -56.25 50.0
v 0.0 -53.125 50.0
v 0.0 -50.0 50.0
v 0.0 -46.875 50.0
v 0.0 -43.75 50.0
v 0.0 -40.625 50.0
v 0.0 -37.5 50.0
v 0.0 -34.375 50.0
v 0.0 -31.25 50.0
v 0.0 -28.125 50.0
v 0.0 -25.0 50.0
v 0.0 -21.875 50.0
v 0.0 -18.75 50.0
v 0.0 -15.625 50.0
v 0.0 -12.5 50.0
v 0.0 -9.375 50.0
v 0.0 -6.25 50.0
v 0.0 -3.125 50.0
v 0.0 0.0 50.0
v 0.0 3.125 50.0
v 0.0 6.25 50.0
v 0.0 9.375 50.0
v 0.0 12.5 50.0
v 0.0 15.625 50.0
v 0.0 18.75 50.0
v 0.0 21.875 50.0
v 0.0 25.0 50.0
v 0.0 28.125 50.0
v 0.0 31.25 50.0
v 0.0 34.375 50.0
v 0.0 37.5 50.0
v 0.0 40.625 50.0
v 0.0 43.75 50.0
v 0.0 46.875 50.0
v 0.0 50.0 50.0
v 0.0 53.125 50.0
v 0.0 56.25 50.0
v 0.0 59.375 50.0
v 0.0 62.5 50.0
v 0.0 65.625 50.0
v 0.0 68.75 50.0
v 0.0 71.875 50.0
v 0.0 75.0 50.0
v 0.0 78.125 50.0
v 0.0 81.25 50.0
v 0.0 84.375 50.0
v 0.0 87.5 50.0
v 0.0 90.625 50.0
v 0.0 93.75 50.0
v 0.0 96.875 50.0
v 0.0 100.0 50.0
v 0.0 -100.0 62.5
v 0.0 -96.875 62.5
v 0.0 -93.75 62.5
v 0.0 -90.625 62.5
v 0.0 -87.5 62.5
v 0.0 -84.375 62.5
v 0.0 -81.25 62.5
v 0.0 -78.125 62.5
v 0.0 -75.0 62.5
v 0.0 -71.875 62.5
v 0.0 -68.75 62.5
v 0.0 -65.625 62.5
v 0.0 -62.5 62.5
v 0.0 -59.375 62.5
v 0.0 -56.25 62.5
v 0.0 -53.125 62.5
v 0.0 -50.0 62.5
v 0.0 -46.875 62.5
v 0.0 -43.75 62.5
v 0.0 -40.625 62.5
v 0.0 -37.5 62.5
v 0.0 -34.375 62.5
v 0.0 -31.25 62.5
v 0.0 -28.125 62.5
v 0.0 -25.0 62.5
v 0.0 -21.875 62.5
v 0.0 -18.75 62.5
v 0.0 -15.625 62.5
v 0.0 -12.5 62.5
v 0.0 -9.375 62.5
v 0.0 -6.25 62.5
v 0.0 -3.125 62.5
v 0.0 0.0 62.5
v 0.0 3.125 62.5
v 0.0 6.25 62.5
v 0.0 9.375 62.5
v 0.0 12.5 62.5
v 0.0 15.625 62.5
v 0.0 18.75 62.5
v 0.0 21.875 62.5
v 0.0 25.0 62.5
v 0.0 28.125 62.5
v 0.0 31.25 62.5
v 0.0 34.375 62.5
v 0.0 37.5 62.5
v 0.0 40.625 62.5
v 0.0 43.75 62.5
v 0.0 46.875 62.5
v 0.0 50.0 62.5
v 0.0 53.125 62.5
v 0.0 56.25 62.5
v 0.0 59.375 62.5
v 0.0 62.5 62.5
v 0.0 65.625 62.5
v 0.0 68.75 62.5
v 0.0 71.875 62.5
v 0.0 75.0 62.5
v 0.0 78.125 62.5
v 0.0 81.25 62.5
v 0.0 84.375 62.5
v 0.0 87.5 62.5
v 0.0 90.625 62.5
v 0.0 93.75 62.5
v 0.0 96.875 62.5
v 0.0 100.0 62.5
v 0.0 -100.0 75.0
v 0.0 -96.875 75.0
v 0.0 -93.75 75.0
v 0.0 -90.625 75.0
v 0.0 -87.5 75.0
v 0.0 -84.375 75.0
v 0.0 -81.25 75.0
v 0.0 -78.125 75.0
v 0.0 -75.0 75.0
v 0.0 -71.875 75.0
v 0.0 -68.75 75.0
v 0.0 -65.625 75.0
v 0.0 -62.5 75.0
v 0.0 -59.375 75.0
v 0.0 -56.25 75.0
v 0.0 -53.125 75.0
v 0.0 -50.0 75.0
v 0.0 -46.875 75.0
v 0.0 -43.75 75.0
v 0.0 -40.625 75.0
v 0.0 -37.5 75.0
v 0.0 -34.375 75.0
v 0.0 -31.25 75.0
v 0.0 -28.125 75.0
v 0.0 -25.0 75.0
v 0.0 -21.875 75.0
v 0.0 -18.75 75.0
v 0.0 -15.625 75.0
v 0.0 -12.5 75.0
v 0.0 -9.375 75.0
v 0.0 -6.25 75.0
v 0.0 -3.125 75.0
v 0.0 0.0 75.0
v 0.0 3.125 75.0
v 0.0 6.25 75.0
v 0.0 9.375 75.0
v 0.0 12.5 75.0
v 0.0 15.625 75.0
v 0.0 18.75 75.0
v 0.0 21.875 75.0
v 0.0 25.0 75.0
v 0.0 28.125 75.0
v 0.0 31.25 75.0
v 0.0 34.375 75.0
v 0.0 37.5 75.0
v 0.0 40.625 75.0
v 0.0 43.75 75.0
v 0.0 46.875 75.0
v 0.0 50.0 75.0
v 0.0 53.125 75.0
v 0.0 56.25 75.0
v 0.0 59.375 75.0
v 0.0 62.5 75.0
v 0.0 65.625 75.0
v 0.0 68.75 75.0
v 0.0 71.875 75.0
v 0.0 75.0 75.0
v 0.0 78.125 75.0
v 0.0 81.25 75.0
v 0.0 84.375 75.0
v 0.0 87.5 75.0
v 0.0 90.625 75.0
v 0.0 93.75 75.0
v 0.0 96.875 75.0
v 0.0 100.0 75.0
v 0.0 -100.0 87.5
v 0.0 -96.875 87.5
v 0.0 -93.75 87.5
v 0.0 -90.625 87.5
v 0.0 -87.5 87.5
v 0.0 -84.375 87.5
v 0.0 -81.25 87.5
v 0.0 -78.125 87.5
v 0.0 -75.0 87.5
v 0.0 -71.875 87.5
v 0.0 -68.75 87.5
v 0.0 -65.625 87.5
v 0.0 -62.5 87.5
v 0.0 -59.375 87.5
v 0.0 -56.25 87.5
v 0.0 -53.125 87.5
v 0.0 -50.0 87.5
v 0.0 -46.875 87.5
v 0.0 -43.75 87.5
v 0.0 -40.625 87.5
v 0.0 -37.5 87.5
v 0.0 -34.375 87.5
v 0.0 -31.25 87.5
v 0.0 -28.125 87.5
v 0.0 -25.0 87.5
v 0.0 -21.875 87.5
v 0.0 -18.75 87.5
v 0.0 -15.625 87.5
v 0.0 -12.5 87.5
v 0.0 -9.375 87.5
v 0.0 -6.25 87.5
v 0.0 -3.125 87.5
v 0.0 0.0 87.5
v 0.0 3.125 87.5
v 0.0 6.25 87.5
v 0.0 9.375 87.5
v 0.0 12.5 87.5
v 0.0 15.625 87.5
v 0.0 18.75 87.5
v 0.0 21.875 87.5
v 0.0 25.0 87.5
v 0.0 28.125 87.5
v 0.0 31.25 87.5
v 0.0 34.375 87.5
v 0.0 37.5 87.5
v 0.0 40.625 87.5
v 0.0 43.75 87.5
v 0.0 46.875 87.5
v 0.0 50.0 87.5
v 0.0 53.125 87.5
v 0.0 56.25 87.5
v 0.0 59.375 87.5
v 0.0 62.5 87.5
v 0.0 65.625 87.5
v 0.0 68.75 87.5
v 0.0 71.875 87.5
v 0.0 75.0 87.5
v 0.0 78.125 87.5
v 0.0 81.25 87.5
v 0.0 84.375 87.5
v 0.0 87.5 87.5
v 0.0 90.625 87.5
v 0.0 93.75 87.5
v 0.0 96.875 87.5
v 0.0 100.0 87.5
v 0.0 -100.0 100.0
v 0.0 -96.875 100.0
v 0.0 -93.75 100.0
v 0.0 -90.625 100.0
v 0.0 -87.5 100.0
v 0.0 -84.375 100.0
v 0.0 -81.25 100.0
v 0.0 -78.125 100.0
v 0.0 -75.0 100.0
v 0.0 -71.875 100.0
v 0.0 -68.75 100.0
v 0.0 -65.625 100.0
v 0.0 -62.5 100.0
v 0.0 -59.375 100.0
v 0.0 -56.25 100.0
v 0.0 -53.125 100.0
v 0.0 -50.0 100.0
v 0.0 -46.875 100.0
v 0.0 -43.75 100.0
v 0.0 -40.625 100.0
v 0.0 -37.5 100.0
v 0.0 -34.375 100.0
v 0.0 -31.25 100.0
v 0.0 -28.125 100.0
v 0.0 -25.0 100.0
v 0.0 -21.875 100.0
v 0.0 -18.75 100.0
v 0.0 -15.625 100.0
v 0.0 -12.5 100.0
v 0.0 -9.375 100.0
v 0.0 -6.25 100.0
v 0.0 -3.125 100.0
v 0.0 0.0 100.0
v 0.0 3.125 100.0
v 0.0 6.25 100.0
v 0.0 9.375 100.0
v 0.0 12.5 100.0
v 0.0 15.625 100.0
v 0.0 18.75 100.0
v 0.0 21.875 100.0
v 0.0 25.0 100.0
v 0.0 28.125 100.0
v 0.0 31.25 100.0
v 0.0 34.375 100.0
v 0.0 37.5 100.0
v 0.0 40.625 100.0
v 0.0 43.75 100.0
v 0.0 46.875 100.0
v 0.0 50.0 100.0
v 0.0 53.125 100.0
v 0.0 56.25 100.0
v 0.0 59.375 100.0
v 0.0 62.5 100.0
v 0.0 65.625 100.0
v 0.0 68.75 100.0
v 0.0 71.875 100.0
v 0.0 75.0 100.0
v 0.0 78.125 100.0
v 0.0 81.25 100.0
v 0.0 84.375 100.0
v 0.0 87.5 100.0
v 0.0 90.625 100.0
v 0.0 93.75 100.0
v 0.0 96.875 100.0
v 0.0 100.0 100.0
vt 0.0 1.0
vn -1.0 0.0 0.0
vt 0.015625 1.0
vn -1.0 0.0 0.0
vt 0.03125 1.0
vn -1.0 0.0 0.0
vt 0.046875 1.0
vn -1.0 0.0 0.0
vt 0.0625 1.0
vn -1.0 0.0 0.0
vt 0.078125 1.0
vn -1.0 0.0 0.0
vt 0.09375 1.0
vn -1.0 0.0 0.0
vt 0.109375 1.0
vn -1.0 0.0 0.0
vt 0.125 1.0
vn -1.0 0.0 0.0
vt 0.140625 1.0
vn -1.0 0.0 0.0
vt 0.15625 1.0
vn -1.0 0.0 0.0
vt 0.171875 1.0
vn -1.0 0.0 0.0
vt 0.1875 1.0
vn -1.0 0.0 0.0
vt 0.203125 1.0
vn -1.0 0.0 0.0
vt 0.21875 1.0
vn -1.0 0.0 0.0
vt 0.234375 1.0
vn -1.0 0.0 0.0
vt 0.25 1.0
vn -1.0 0.0 0.0
vt 0.265625 1.0
vn -1.0 0.0 0.0
vt 0.28125 1.0
vn -1.0 0.0 0.0
vt 0.296875 1.0
vn -1.0 0.0 0.0
vt 0.3125 1.0
vn -1.0 0.0 0.0
vt 0.328125 1.0
vn -1.0 0.0 0.0
vt 0.34375 1.0
vn -1.0 0.0 0.0
vt 0.359375 1.0
vn -1.0 0.0 0.0
vt 0.375 1.0
vn -1.0 0.0 0.0
vt 0.390625 1.0
vn -1.0 0.0 0.0
vt 0.40625 1.0
vn -1.0 0.0 0.0
vt 0.421875 1.0
vn -1.0 0.0 0.0
vt 0.4375 1.0
vn -1.0 0.0 0.0
vt 0.453125 1.0
vn -1.0 0.0 0.0
vt 0.46875 1.0
vn -1.0 0.0 0.0
vt 0.484375 1.0
vn -1.0 0.0 0.0
vt 0.5 1.0
vn -1.0 0.0 0.0
vt 0.515625 1.0
vn -1.0 0.0 0.0
vt 0.53125 1.0
vn -1.0 0.0 0.0
vt 0.546875 1.0
vn -1.0 0.0 0.0
vt 0.5625 1.0
vn -1.0 0.0 0.0
vt 0.578125 1.0
vn -1.0 0.0 0.0
vt 0.59375 1.0
vn -1.0 0.0 0.0
vt 0.609375 1.0
vn -1.0 0.0 0.0
vt 0.625 1.0
vn -1.0 0.0 0.0
vt 0.640625 1.0
vn -1.0 0.0 0.0
vt 0.65625 1.0
vn -1.0 0.0 0.0
vt 0.671875 1.0
vn -1.0 0.0 0.0
vt 0.6875 1.0
vn -1.0 0.0 0.0
vt 0.703125 1.0
vn -1.0 0.0 0.0
vt 0.71875 1.0
vn -1.0 0.0 0.0
vt 0.734375 1.0
vn -1.0 0.0 0.0
vt 0.75 1.0
vn -1.0 0.0 0.0
vt 0.765625 1.0
vn -1.0 0.0 0.0
vt 0.78125 1.0
vn -1.0 0.0 0.0
vt 0.796875 1.0
vn -1.0 0.0 0.0
vt 0.8125 1.0
vn -1.0 0.0 0.0
vt 0.828125 1.0
vn -1.0 0.0 0.0
vt 0.84375 1.0
vn -1.0 0.0 0.0
vt 0.859375 1.0
vn -1.0 0.0 0.0
vt 0.875 1.0
vn -1.0 0.0 0.0
vt 0.890625 1.0
vn -1.0 0.0 0.0
vt 0.90625 1.0
vn -1.0 0.0 0.0
vt 0.921875 1.0
vn -1.0 0.0 0.0
vt 0.9375 1.0
vn -1.0 0.0 0.0
vt 0.953125 1.0
vn -1.0 0.0 0.0
vt 0.96875 1.0
vn -1.0 0.0 0.0
vt 0.984375 1.0
vn -1.0 0.0 0.0
vt 1.0 1.0
vn -1.0 0.0 0.0
vt 0.0 0.9375
vn -1.0 0.0 0.0
vt 0.015625 0.9375
vn -1.0 0.0 0.0
vt 0.03125 0.9375
vn -1.0 0.0 0.0
vt 0.046875 0.9375
vn -1.0 0.0 0.0
vt 0.0625 0.9375
vn -1.0 0.0 0.0
vt 0.078125 0.9375
vn -1.0 0.0 0.0
vt 0.09375 0.9375
vn -1.0 0.0 0.0
vt 0.109375 0.9375
vn -1.0 0.0 0.0
vt 0.125 0.9375
vn -1.0 0.0 0.0
vt 0.140625 0.9375
vn -1.0 0.0 0.0
vt 0.15625 0.9375
vn -1.0 0.0 0.0
vt 0.171875 0.9375
vn -1.0 0.0 0.0
vt 0.1875 0.9375
vn -1.0 0.0 0.0
vt 0.203125 0.9375
vn -1.0 0.0 0.0
vt 0.21875 0.9375
vn -1.0 0.0 0.0
vt 0.234375 0.9375
vn -1.0 0.0 0.0
vt 0.25 0.9375
vn -1.0 0.0 0.0
vt 0.265625 0.9375
vn -1.0 0.0 0.0
vt 0.28125 0.9375
vn -1.0 0.0 0.0
vt 0.296875 0.9375
vn -1.0 0.0 0.0
vt 0.3125 0.9375
vn -1.0 0.0 0.0
vt 0.328125 0.9375
vn -1.0 0.0 0.0
vt 0.34375 0.9375
vn -1.0 0.0 0.0
vt 0.359375 0.9375
vn -1.0 0.0 0.0
vt 0.375 0.9375
vn -1.0 0.0 0.0
vt 0.390625 0.9375
vn -1.0 0.0 0.0
vt 0.40625 0.9375
vn -1.0 0.0 0.0
vt 0.421875 0.9375
vn -1.0 0.0 0.0
vt 0.4375 0.9375
vn -1.0 0.0 0.0
vt 0.453125 0.9375
vn -1.0 0.0 0.0
vt 0.46875 0.9375
vn -1.0 0.0 0.0
vt 0.484375 0.9375
vn -1.0 0.0 0.0
vt 0.5 0.9375
vn -1.0 0.0 0.0
vt 0.515625 0.9375
vn -1.0 0.0 0.0
vt 0.53125 0.9375
vn -1.0 0.0 0.0
vt 0.546875 0.9375
vn -1.0 0.0 0.0
vt 0.5625 0.9375
vn -1.0 0.0 0.0
vt 0.578125 0.9375
vn -1.0 0.0 0.0
vt 0.59375 0.9375
vn -1.0 0.0 0.0
vt 0.609375 0.9375
vn -1.0 0.0 0.0
vt 0.625 0.9375
vn -1.0 0.0 0.0
vt 0.640625 0.9375
vn -1.0 0.0 0.0
vt 0.65625 0.9375
vn -1.0 0.0 0.0
vt 0.671875 0.9375
vn -1.0 0.0 0.0
vt 0.6875 0.9375
vn -1.0 0.0 0.0
vt 0.703125 0.9375
vn -1.0 0.0 0.0
vt 0.71875 0.9375
vn -1.0 0.0 0.0
vt 0.734375 0.9375
vn -1.0 0.0 0.0
vt 0.75 0.9375
vn -1.0 0.0 0.0
vt 0.765625 0.9375
vn -1.0 0.0 0.0
vt 0.78125 0.9375
vn -1.0 0.0 0.0
vt 0.796875 0.9375
vn -1.0 0.0 0.0
vt 0.8125 0.9375
vn -1.0 0.0 0.0
vt 0.828125 0.9375
vn -1.0 0.0 0.0
vt 0.84375 0.9375
vn -1.0 0.0 0.0
vt 0.859375 0.9375
vn -1.0 0.0 0.0
vt 0.875 0.9375
vn -1.0 0.0 0.0
vt 0.890625 0.9375
vn -1.0 0.0 0.0
vt 0.90625 0.9375
vn -1.0 0.0 0.0
vt 0.921875 0.9375
vn -1.0 0.0 0.0
vt 0.9375 0.9375
vn -1.0 0.0 0.0
vt 0.953125 0.9375
vn -1.0 0.0 0.0
vt 0.96875 0.9375
vn -1.0 0.0 0.0
vt 0.984375 0.9375
vn -1.0 0.0 0.0
vt 1.0 0.9375
vn -1.0 0.0 0.0
vt 0.0 0.875
vn -1.0 0.0 0.0
vt 0.015625 0.875
vn -1.0 0.0 0.0
vt 0.03125 0.875
vn -1.0 0.0 0.0
vt 0.046875 0.875
vn -1.0 0.0 0.0
vt 0.0625 0.875
vn -1.0 0.0 0.0
vt 0.078125 0.875
vn -1.0 0.0 0.0
vt 0.09375 0.875
vn -1.0 0.0 0.0
vt 0.109375 0.875
vn -1.0 0.0 0.0
vt 0.125 0.875
vn -1.0 0.0 0.0
vt 0.140625 0.875
vn -1.0 0.0 0.0
vt 0.15625 0.875
vn -1.0 0.0 0.0
vt 0.171875 0.875
vn -1.0 0.0 0.0
vt 0.1875 0.875
vn -1.0 0.0 0.0
vt 0.203125 0.875
vn -1.0 0.0 0.0
vt 0.21875 0.875
vn -1.0 0.0 0.0
vt 0.234375 0.875
vn -1.0 0.0 0.0
vt 0.25 0.875
vn -1.0 0.0 0.0
vt 0.265625 0.875
vn -1.0 0.0 0.0
vt 0.28125 0.875
vn -1.0 0.0 0.0
vt 0.296875 0.875
vn -1.0 0.0 0.0
vt 0.3125 0.875
vn -1.0 0.0 0.0
vt 0.328125 0.875
vn -1.0 0.0 0.0
vt 0.34375 0.875
vn -1.0 0.0 0.0
vt 0.359375 0.875
vn -1.0 0.0 0.0
vt 0.375 0.875
vn -1.0 0.0 0.0
vt 0.390625 0.875
vn -1.0 0.0 0.0
vt 0.40625 0.875
vn -1.0 0.0 0.0
vt 0.421875 0.875
vn -1.0 0.0 0.0
vt 0.4375 0.875
vn -1.0 0.0 0.0
vt 0.453125 0.875
vn -1.0 0.0 0.0
vt 0.46875 0.875
vn -1.0 0.0 0.0
vt 0.484375 0.875
vn -1.0 0.0 0.0
vt 0.5 0.875
vn -1.0 0.0 0.0
vt 0.515625 0.875
vn -1.0 0.0 0.0
vt 0.53125 0.875
vn -1.0 0.0 0.0
vt 0.546875 0.875
vn -1.0 0.0 0.0
vt 0.5625 0.875
vn -1.0 0.0 0.0
vt 0.578125 0.875
vn -1.0 0.0 0.0
vt 0.59375 0.875
vn -1.0 0.0 0.0
vt 0.609375 0.875
vn -1.0 0.0 0.0
vt 0.625 0.875
vn -1.0 0.0 0.0
vt 0.640625 0.875
vn -1.0 0.0 0.0
vt 0.65625 0.875
vn -1.0 0.0 0.0
vt 0.671875 0.875
vn -1.0 0.0 0.0
vt 0.6875 0.875
vn -1.0 0.0 0.0
vt 0.703125 0.875
vn -1.0 0.0 0.0
vt 0.71875 0.875
vn -1.0 0.0 0.0
vt 0.734375 0.875
vn -1.0 0.0 0.0
vt 0.75 0.875
vn -1.0 0.0 0.0
vt 0.765625 0.875
vn -1.0 0.0 0.0
vt 0.78125 0.875
vn -1.0 0.0 0.0
vt 0.796875 0.875
vn -1.0 0.0 0.0
vt 0.8125 0.875
vn -1.0 0.0 0.0
vt 0.828125 0.875
vn -1.0 0.0 0.0
vt 0.84375 0.875
vn -1.0 0.0 0.0
vt 0.859375 0.875
vn -1.0 0.0 0.0
vt 0.875 0.875
vn -1.0 0.0 0.0
vt 0.890625 0.875
vn -1.0 0.0 0.0
vt 0.90625 0.875
vn -1.0 0.0 0.0
vt 0.921875 0.875
vn -1.0 0.0 0.0
vt 0.9375 0.875
vn -1.0 0.0 0.0
vt 0.953125 0.875
vn -1.0 0.0 0.0
vt 0.96875 0.875
vn -1.0 0.0 0.0
vt 0.984375 0.875
vn -1.0 0.0 0.0
vt 1.0 0.875
vn -1.0 0.0 0.0
vt 0.0 0.8125
vn -1.0 0.0 0.0
vt 0.015625 0.8125
vn -1.0 0.0 0.0
vt 0.03125 0.8125
vn -1.0 0.0 0.0
vt 0.046875 0.8125
vn -1.0 0.0 0.0
vt 0.0625 0.8125
vn -1.0 0.0 0.0
vt 0.078125 0.8125
vn -1.0 0.0 0.0
vt 0.09375 0.8125
vn -1.0 0.0 0.0
vt 0.109375 0.8125
vn -1.0 0.0 0.0
vt 0.125 0.8125
vn -1.0 0.0 0.0
vt 0.140625 0.8125
vn -1.0 0.0 0.0
vt 0.15625 0.8125
vn -1.0 0.0 0.0
vt 0.171875 0.8125
vn -1.0 0.0 0.0
vt 0.1875 0.8125
vn -1.0 0.0 0.0
vt 0.203125 0.8125
vn -1.0 0.0 0.0
vt 0.21875 0.8125
vn -1.0 0.0 0.0
vt 0.234375 0.8125
vn -1.0 0.0 0.0
vt 0.25 0.8125
vn -1.0 0.0 0.0
vt 0.265625 0.8125
vn -1.0 0.0 0.0
vt 0.28125 0.8125
vn -1.0 0.0 0.0
vt 0.296875 0.8125
vn -1.0 0.0 0.0
vt 0.3125 0.8125
vn -1.0 0.0 0.0
vt 0.328125 0.8125
vn -1.0 0.0 0.0
vt 0.34375 0.8125
vn -1.0 0.0 0.0
vt 0.359375 0.8125
vn -1.0 0.0 0.0
vt 0.375 0.8125
vn -1.0 0.0 0.0
vt 0.390625 0.8125
vn -1.0 0.0 0.0
vt 0.40625 0.8125
vn -1.0 0.0 0.0
vt 0.421875 0.8125
vn -1.0 0.0 0.0
vt 0.4375 0.8125
vn -1.0 0.0 0.0
vt 0.453125 0.8125
vn -1.0 0.0 0.0
vt 0.46875 0.8125
vn -1.0 0.0 0.0
vt 0.484375 0.8125
vn -1.0 0.0 0.0
vt 0.5 0.8125
vn -1.0 0.0 0.0
vt 0.515625 0.8125
vn -1.0 0.0 0.0
vt 0.53125 0.8125
vn -1.0 0.0 0.0
vt 0.546875 0.8125
vn -1.0 0.0 0.0
vt 0.5625 0.8125
vn -1.0 0.0 0.0
vt 0.578125 0.8125
vn -1.0 0.0 0.0
vt 0.59375 0.8125
vn -1.0 0.0 0.0
vt 0.609375 0.8125
vn -1.0 0.0 0.0
vt 0.625 0.8125
vn -1.0 0.0 0.0
vt 0.640625 0.8125
vn -1.0 0.0 0.0
vt 0.65625 0.8125
vn -1.0 0.0 0.0
vt 0.671875 0.8125
vn -1.0 0.0 0.0
vt 0.6875 0.8125
vn -1.0 0.0 0.0
vt 0.703125 0.8125
vn -1.0 0.0 0.0
vt 0.71875 0.8125
vn -1.0 0.0 0.0
vt 0.734375 0.8125
vn -1.0 0.0 0.0
vt 0.75 0.8125
vn -1.0 0.0 0.0
vt 0.765625 0.8125
vn -1.0 0.0 0.0
vt 0.78125 0.8125
vn -1.0 0.0 0.0
vt 0.796875 0.8125
vn -1.0 0.0 0.0
vt 0.8125 0.8125
vn -1.0 0.0 0.0
vt 0.828125 0.8125
vn -1.0 0.0 0.0
vt 0.84375 0.8125
vn -1.0 0.0 0.0
vt 0.859375 0.8125
vn -1.0 0.0 0.0
vt 0.875 0.8125
vn -1.0 0.0 0.0
vt 0.890625 0.8125
vn -1.0 0.0 0.0
vt 0.90625 0.8125
vn -1.0 0.0 0.0
vt 0.921875 0.8125
vn -1.0 0.0 0.0
vt 0.9375 0.8125
vn -1.0 0.0 0.0
vt 0.953125 0.8125
vn -1.0 0.0 0.0
vt 0.96875 0.8125
vn -1.0 0.0 0.0
vt 0.984375 0.8125
vn -1.0 0.0 0.0
vt 1.0 0.8125
vn -1.0 0.0 0.0
vt 0.0 0.75
vn -1.0 0.0 0.0
vt 0.015625 0.75
vn -1.0 0.0 0.0
vt 0.03125 0.75
vn -1.0 0.0 0.0
vt 0.046875 0.75
vn -1.0 0.0 0.0
vt 0.0625 0.75
vn -1.0 0.0 0.0
vt 0.078125 0.75
vn -1.0 0.0 0.0
vt 0.09375 0.75
vn -1.0 0.0 0.0
vt 0.109375 0.75
vn -1.0 0.0 0.0
vt 0.125 0.75
vn -1.0 0.0 0.0
vt 0.140625 0.75
vn -1.0 0.0 0.0
vt 0.15625 0.75
vn -1.0 0.0 0.0
vt 0.171875 0.75
vn -1.0 0.0 0.0
vt 0.1875 0.75
vn -1.0 0.0 0.0
vt 0.203125 0.75
vn -1.0 0.0 0.0
vt 0.21875 0.75
vn -1.0 0.0 0.0
vt 0.234375 0.75
vn -1.0 0.0 0.0
vt 0.25 0.75
vn -1.0 0.0 0.0
vt 0.265625 0.75
vn -1.0 0.0 0.0
vt 0.28125 0.75
vn -1.0 0.0 0.0
vt 0.296875 0.75
vn -1.0 0.0 0.0
vt 0.3125 0.75
vn -1.0 0.0 0.0
vt 0.328125 0.75
vn -1.0 0.0 0.0
vt 0.34375 0.75
vn -1.0 0.0 0.0
vt 0.359375 0.75
vn -1.0 0.0 0.0
vt 0.375 0.75
vn -1.0 0.0 0.0
vt 0.390625 0.75
vn -1.0 0.0 0.0
vt 0.40625 0.75
vn -1.0 0.0 0.0
vt 0.421875 0.75
vn -1.0 0.0 0.0
vt 0.4375 0.75
vn -1.0 0.0 0.0
vt 0.453125 0.75
vn -1.0 0.0 0.0
vt 0.46875 0.75
vn -1.0 0.0 0.0
vt 0.484375 0.75
vn -1.0 0.0 0.0
vt 0.5 0.75
vn -1.0 0.0 0.0
vt 0.515625 0.75
vn -1.0 0.0 0.0
vt 0.53125 0.75
vn -1.0 0.0 0.0
vt 0.546875 0.75
vn -1.0 0.0 0.0
vt 0.5625 0.75
vn -1.0 0.0 0.0
vt 0.578125 0.75
vn -1.0 0.0 0.0
vt 0.59375 0.75
vn -1.0 0.0 0.0
vt 0.609375 0.75
vn -1.0 0.0 0.0
vt 0.625 0.75
vn -1.0 0.0 0.0
vt 0.640625 0.75
vn -1.0 0.0 0.0
vt 0.65625 0.75
vn -1.0 0.0 0.0
vt 0.671875 0.75
vn -1.0 0.0 0.0
vt 0.6875 0.75
vn -1.0 0.0 0.0
vt 0.703125 0.75
vn -1.0 0.0 0.0
vt 0.71875 0.75
vn -1.0 0.0 0.0
vt 0.734375 0.75
vn -1.0 0.0 0.0
vt 0.75 0.75
vn -1.0 0.0 0.0
vt 0.765625 0.75
vn -1.0 0.0 0.0
vt 0.78125 0.75
vn -1.0 0.0 0.0
vt 0.796875 0.75
vn -1.0 0.0 0.0
vt 0.8125 0.75
vn -1.0 0.0 0.0
vt 0.828125 0.75
vn -1.0 0.0 0.0
vt 0.84375 0.75
vn -1.0 0.0 0.0
vt 0.859375 0.75
vn -1.0 0.0 0.0
vt 0.875 0.75
vn -1.0 0.0 0.0
vt 0.890625 0.75
vn -1.0 0.0 0.0
vt 0.90625 0.75
vn -1.0 0.0 0.0
vt 0.921875 0.75
vn -1.0 0.0 0.0
vt 0.9375 0.75
vn -1.0 0.0 0.0
vt 0.953125 0.75
vn -1.0 0.0 0.0
vt 0.96875 0.75
vn -1.0 0.0 0.0
vt 0.984375 0.75
vn -1.0 0.0 0.0
vt 1.0 0.75
vn -1.0 0.0 0.0
vt 0.0 0.6875
vn -1.0 0.0 0.0
vt 0.015625 0.6875
vn -1.0 0.0 0.0
vt 0.03125 0.6875
vn -1.0 0.0 0.0
vt 0.046875 0.6875
vn -1.0 0.0 0.0
vt 0.0625 0.6875
vn -1.0 0.0 0.0
vt 0.078125 0.6875
vn -1.0 0.0 0.0
vt 0.09375 0.6875
vn -1.0 0.0 0.0
vt 0.109375 0.6875
vn -1.0 0.0 0.0
vt 0.125 0.6875
vn -1.0 0.0 0.0
vt 0.140625 0.6875
vn -1.0 0.0 0.0
vt 0.15625 0.6875
vn -1.0 0.0 0.0
vt 0.171875 0.6875
vn -1.0 0.0 0.0
vt 0.1875 0.6875
vn -1.0 0.0 0.0
vt 0.203125 0.6875
vn -1.0 0.0 0.0
vt 0.21875 0.6875
vn -1.0 0.0 0.0
vt 0.234375 0.6875
vn -1.0 0.0 0.0
vt 0.25 0.6875
vn -1.0 0.0 0.0
vt 0.265625 0.6875
vn -1.0 0.0 0.0
vt 0.28125 0.6875
vn -1.0 0.0 0.0
vt 0.296875 0.6875
vn -1.0 0.0 0.0
vt 0.3125 0.6875
vn -1.0 0.0 0.0
vt 0.328125 0.6875
vn -1.0 0.0 0.0
vt 0.34375 0.6875
vn -1.0 0.0 0.0
vt 0.359375 0.6875
vn -1.0 0.0 0.0
vt 0.375 0.6875
vn -1.0 0.0 0.0
vt 0.390625 0.6875
vn -1.0 0.0 0.0
vt 0.40625 0.6875
vn -1.0 0.0 0.0
vt 0.421875 0.6875
vn -1.0 0.0 0.0
vt 0.4375 0.6875
vn -1.0 0.0 0.0
vt 0.453125 0.6875
vn -1.0 0.0 0.0
vt 0.46875 0.6875
vn -1.0 0.0 0.0
vt 0.484375 0.6875
vn -1.0 0.0 0.0
vt 0.5 0.6875
vn -1.0 0.0 0.0
vt 0.515625 0.6875
vn -1.0 0.0 0.0
vt 0.53125 0.6875
vn -1.0 0.0 0.0
vt 0.546875 0.6875
vn -1.0 0.0 0.0
vt 0.5625 0.6875
vn -1.0 0.0 0.0
vt 0.578125 0.6875
vn -1.0 0.0 0.0
vt 0.59375 0.6875
vn -1.0 0.0 0.0
vt 0.609375 0.6875
vn -1.0 0.0 0.0
vt 0.625 0.6875
vn -1.0 0.0 0.0
vt 0.640625 0.6875
vn -1.0 0.0 0.0
vt 0.65625 0.6875
vn -1.0 0.0 0.0
vt 0.671875 0.6875
vn -1.0 0.0 0.0
vt 0.6875 0.6875
vn -1.0 0.0 0.0
vt 0.703125 0.6875
vn -1.0 0.0 0.0
vt 0.71875 0.6875
vn -1.0 0.0 0.0
vt 0.734375 0.6875
vn -1.0 0.0 0.0
vt 0.75 0.6875
vn -1.0 0.0 0.0
vt 0.765625 0.6875
vn -1.0 0.0 0.0
vt 0.78125 0.6875
vn -1.0 0.0 0.0
vt 0.796875 0.6875
vn -1.0 0.0 0.0
vt 0.8125 0.6875
vn -1.0 0.0 0.0
vt 0.828125 0.6875
vn -1.0 0.0 0.0
vt 0.84375 0.6875
vn -1.0 0.0 0.0
vt 0.859375 0.6875
vn -1.0 0.0 0.0
vt 0.875 0.6875
vn -1.0 0.0 0.0
vt 0.890625 0.6875
vn -1.0 0.0 0.0
vt 0.90625 0.6875
vn -1.0 0.0 0.0
vt 0.921875 0.6875
vn -1.0 0.0 0.0
vt 0.9375 0.6875
vn -1.0 0.0 0.0
vt 0.953125 0.6875
vn -1.0 0.0 0.0
vt 0.96875 0.6875
vn -1.0 0.0 0.0
vt 0.984375 0.6875
vn -1.0 0.0 0.0
vt 1.0 0.6875
vn -1.0 0.0 0.0
vt 0.0 0.625
vn -1.0 0.0 0.0
vt 0.015625 0.625
vn -1.0 0.0 0.0
vt 0.03125 0.625
vn -1.0 0.0 0.0
vt 0.046875 0.625
vn -1.0 0.0 0.0
vt 0.0625 0.625
vn -1.0 0.0 0.0
vt 0.078125 0.625
vn -1.0 0.0 0.0
vt 0.09375 0.625
vn -1.0 0.0 0.0
vt 0.109375 0.625
vn -1.0 0.0 0.0
vt 0.125 0.625
vn -1.0 0.0 0.0
vt 0.140625 0.625
vn -1.0 0.0 0.0
vt 0.15625 0.625
vn -1.0 0.0 0.0
vt 0.171875 0.625
vn -1.0 0.0 0.0
vt 0.1875 0.625
vn -1.0 0.0 0.0
vt 0.203125 0.625
vn -1.0 0.0 0.0
vt 0.21875 0.625
vn -1.0 0.0 0.0
vt 0.234375 0.625
vn -1.0 0.0 0.0
vt 0.25 0.625
vn -1.0 0.0 0.0
vt 0.265625 0.625
vn -1.0 0.0 0.0
vt 0.28125 0.625
vn -1.0 0.0 0.0
vt 0.296875 0.625
vn -1.0 0.0 0.0
vt 0.3125 0.625
vn -1.0 0.0 0.0
vt 0.328125 0.625
vn -1.0 0.0 0.0
vt 0.34375 0.625
vn -1.0 0.0 0.0
vt 0.359375 0.625
vn -1.0 0.0 0.0
vt 0.375 0.625
vn -1.0 0.0 0.0
vt 0.390625 0.625
vn -1.0 0.0 0.0
vt 0.40625 0.625
vn -1.0 0.0 0.0
vt 0.421875 0.625
vn -1.0 0.0 0.0
vt 0.4375 0.625
vn -1.0 0.0 0.0
vt 0.453125 0.625
vn -1.0 0.0 0.0
vt 0.46875 0.625
vn -1.0 0.0 0.0
vt 0.484375 0.625
vn -1.0 0.0 0.0
vt 0.5 0.625
vn -1.0 0.0 0.0
vt 0.515625 0.625
vn -1.0 0.0 0.0
vt 0.53125 0.625
vn -1.0 0.0 0.0
vt 0.546875 0.625
vn -1.0 0.0 0.0
vt 0.5625 0.625
vn -1.0 0.0 0.0
vt 0.578125 0.625
vn -1.0 0.0 0.0
vt 0.59375 0.625
vn -1.0 0.0 0.0
vt 0.609375 0.625
vn -1.0 0.0 0.0
vt 0.625 0.625
vn -1.0 0.0 0.0
vt 0.640625 0.625
vn -1.0 0.0 0.0
vt 0.65625 0.625
vn -1.0 0.0 0.0
vt 0.671875 0.625
vn -1.0 0.0 0.0
vt 0.6875 0.625
vn -1.0 0.0 0.0
vt 0.703125 0.625
vn -1.0 0.0 0.0
vt 0.71875 0.625
vn -1.0 0.0 0.0
vt 0.734375 0.625
vn -1.0 0.0 0.0
vt 0.75 0.625
vn -1.0 0.0 0.0
vt 0.765625 0.625
vn -1.0 0.0 0.0
vt 0.78125 0.625
vn -1.0 0.0 0.0
vt 0.796875 0.625
vn -1.0 0.0 0.0
vt 0.8125 0.625
vn -1.0 0.0 0.0
vt 0.828125 0.625
vn -1.0 0.0 0.0
vt 0.84375 0.625
vn -1.0 0.0 0.0
vt 0.859375 0.625
vn -1.0 0.0 0.0
vt 0.875 0.625
vn -1.0 0.0 0.0
vt 0.890625 0.625
vn -1.0 0.0 0.0
vt 0.90625 0.625
vn -1.0 0.0 0.0
vt 0.921875 0.625
vn -1.0 0.0 0.0
vt 0.9375 0.625
vn -1.0 0.0 0.0
vt 0.953125 0.625
vn -1.0 0.0 0.0
vt 0.96875 0.625
vn -1.0 0.0 0.0
vt 0.984375 0.625
vn -1.0 0.0 0.0
vt 1.0 0.625
vn -1.0 0.0 0.0
vt 0.0 0.5625
vn -1.0 0.0 0.0
vt 0.015625 0.5625
vn -1.0 0.0 0.0
vt 0.03125 0.5625
vn -1.0 0.0 0.0
vt 0.046875 0.5625
vn -1.0 0.0 0.0
vt 0.0625 0.5625
vn -1.0 0.0 0.0
vt 0.078125 0.5625
vn -1.0 0.0 0.0
vt 0.09375 0.5625
vn -1.0 0.0 0.0
vt 0.109375 0.5625
vn -1.0 0.0 0.0
vt 0.125 0.5625
vn -1.0 0.0 0.0
vt 0.140625 0.5625
vn -1.0 0.0 0.0
vt 0.15625 0.5625
vn -1.0 0.0 0.0
vt 0.171875 0.5625
vn -1.0 0.0 0.0
vt 0.1875 0.5625
vn -1.0 0.0 0.0
vt 0.203125 0.5625
vn -1.0 0.0 0.0
vt 0.21875 0.5625
vn -1.0 0.0 0.0
vt 0.234375 0.5625
vn -1.0 0.0 0.0
vt 0.25 0.5625
vn -1.0 0.0 0.0
vt 0.265625 0.5625
vn -1.0 0.0 0.0
vt 0.28125 0.5625
vn -1.0 0.0 0.0
vt 0.296875 0.5625
vn -1.0 0.0 0.0
vt 0.3125 0.5625
vn -1.0 0.0 0.0
vt 0.328125 0.5625
vn -1.0 0.0 0.0
vt 0.34375 0.5625
vn -1.0 0.0 0.0
vt 0.359375 0.5625
vn -1.0 0.0 0.0
vt 0.375 0.5625
vn -1.0 0.0 0.0
vt 0.390625 0.5625
vn -1.0 0.0 0.0
vt 0.40625 0.5625
vn -1.0 0.0 0.0
vt 0.421875 0.5625
vn -1.0 0.0 0.0
vt 0.4375 0.5625
vn -1.0 0.0 0.0
vt 0.453125 0.5625
vn -1.0 0.0 0.0
vt 0.46875 0.5625
vn -1.0 0.0 0.0
vt 0.484375 0.5625
vn -1.0 0.0 0.0
vt 0.5 0.5625
vn -1.0 0.0 0.0
vt 0.515625 0.5625
vn -1.0 0.0 0.0
vt 0.53125 0.5625
vn -1.0 0.0 0.0
vt 0.546875 0.5625
vn -1.0 0.0 0.0
vt 0.5625 0.5625
vn -1.0 0.0 0.0
vt 0.578125 0.5625
vn -1.0 0.0 0.0
vt 0.59375 0.5625
vn -1.0 0.0 0.0
vt 0.609375 0.5625
vn -1.0 0.0 0.0
vt 0.625 0.5625
vn -1.0 0.0 0.0
vt 0.640625 0.5625
vn -1.0 0.0 0.0
vt 0.65625 0.5625
vn -1.0 0.0 0.0
vt 0.671875 0.5625
vn -1.0 0.0 0.0
vt 0.6875 0.5625
vn -1.0 0.0 0.0
vt 0.703125 0.5625
vn -1.0 0.0 0.0
vt 0.71875 0.5625
vn -1.0 0.0 0.0
vt 0.734375 0.5625
vn -1.0 0.0 0.0
vt 0.75 0.5625
vn -1.0 0.0 0.0
vt 0.765625 0.5625
vn -1.0 0.0 0.0
vt 0.78125 0.5625
vn -1.0 0.0 0.0
vt 0.796875 0.5625
vn -1.0 0.0 0.0
vt 0.8125 0.5625
vn -1.0 0.0 0.0
vt 0.828125 0.5625
vn -1.0 0.0 0.0
vt 0.84375 0.5625
vn -1.0 0.0 0.0
vt 0.859375 0.5625
vn -1.0 0.0 0.0
vt 0.875 0.5625
vn -1.0 0.0 0.0
vt 0.890625 0.5625
vn -1.0 0.0 0.0
vt 0.90625 0.5625
vn -1.0 0.0 0.0
vt 0.921875 0.5625
vn -1.0 0.0 0.0
vt 0.9375 0.5625
vn -1.0 0.0 0.0
vt 0.953125 0.5625
vn -1.0 0.0 0.0
vt 0.96875 0.5625
vn -1.0 0.0 0.0
vt 0.984375 0.5625
vn -1.0 0.0 0.0
vt 1.0 0.5625
vn -1.0 0.0 0.0
vt 0.0 0.5
vn -1.0 0.0 0.0
vt 0.015625 0.5
vn -1.0 0.0 0.0
vt 0.03125 0.5
vn -1.0 0.0 0.0
vt 0.046875 0.5
vn -1.0 0.0 0.0
vt 0.0625 0.5
vn -1.0 0.0 0.0
vt 0.078125 0.5
vn -1.0 0.0 0.0
vt 0.09375 0.5
vn -1.0 0.0 0.0
vt 0.109375 0.5
vn -1.0 0.0 0.0
vt 0.125 0.5
vn -1.0 0.0 0.0
vt 0.140625 0.5
vn -1.0 0.0 0.0
vt 0.15625 0.5
vn -1.0 0.0 0.0
vt 0.171875 0.5
vn -1.0 0.0 0.0
vt 0.1875 0.5
vn -1.0 0.0 0.0
vt 0.203125 0.5
vn -1.0 0.0 0.0
vt 0.21875 0.5
vn -1.0 0.0 0.0
vt 0.234375 0.5
vn -1.0 0.0 0.0
vt 0.25 0.5
vn -1.0 0.0 0.0
vt 0.265625 0.5
vn -1.0 0.0 0.0
vt 0.28125 0.5
vn -1.0 0.0 0.0
vt 0.296875 0.5
vn -1.0 0.0 0.0
vt 0.3125 0.5
vn -1.0 0.0 0.0
vt 0.328125 0.5
vn -1.0 0.0 0.0
vt 0.34375 0.5
vn -1.0 0.0 0.0
vt 0.359375 0.5
vn -1.0 0.0 0.0
vt 0.375 0.5
vn -1.0 0.0 0.0
vt 0.390625 0.5
vn -1.0 0.0 0.0
vt 0.40625 0.5
vn -1.0 0.0 0.0
vt 0.421875 0.5
vn -1.0 0.0 0.0
vt 0.4375 0.5
vn -1.0 0.0 0.0
vt 0.453125 0.5
vn -1.0 0.0 0.0
vt 0.46875 0.5
vn -1.0 0.0 0.0
vt 0.484375 0.5
vn -1.0 0.0 0.0
vt 0.5 0.5
vn -1.0 0.0 0.0
vt 0.515625 0.5
vn -1.0 0.0 0.0
vt 0.53125 0.5
vn -1.0 0.0 0.0
vt 0.546875 0.5
vn -1.0 0.0 0.0
vt 0.5625 0.5
vn -1.0 0.0 0.0
vt 0.578125 0.5
vn -1.0 0.0 0.0
vt 0.59375 0.5
vn -1.0 0.0 0.0
vt 0.609375 0.5
vn -1.0 0.0 0.0
vt 0.625 0.5
vn -1.0 0.0 0.0
vt 0.640625 0.5
vn -1.0 0.0 0.0
vt 0.65625 0.5
vn -1.0 0.0 0.0
vt 0.671875 0.5
vn -1.0 0.0 0.0
vt 0.6875 0.5
vn -1.0 0.0 0.0
vt 0.703125 0.5
vn -1.0 0.0 0.0
vt 0.71875 0.5
vn -1.0 0.0 0.0
vt 0.734375 0.5
vn -1.0 0.0 0.0
vt 0.75 0.5
vn -1.0 0.0 0.0
vt 0.765625 0.5
vn -1.0 0.0 0.0
vt 0.78125 0.5
vn -1.0 0.0 0.0
vt 0.796875 0.5
vn -1.0 0.0 0.0
vt 0.8125 0.5
vn -1.0 0.0 0.0
vt 0.828125 0.5
vn -1.0 0.0 0.0
vt 0.84375 0.5
vn -1.0 0.0 0.0
vt 0.859375 0.5
vn -1.0 0.0 0.0
vt 0.875 0.5
vn -1.0 0.0 0.0
vt 0.890625 0.5
vn -1.0 0.0 0.0
vt 0.90625 0.5
vn -1.0 0.0 0.0
vt 0.921875 0.5
vn -1.0 0.0 0.0
vt 0.9375 0.5
vn -1.0 0.0 0.0
vt 0.953125 0.5
vn -1.0 0.0 0.0
vt 0.96875 0.5
vn -1.0 0.0 0.0
vt 0.984375 0.5
vn -1.0 0.0 0.0
vt 1.0 0.5
vn -1.0 0.0 0.0
vt 0.0 0.4375
vn -1.0 0.0 0.0
vt 0.015625 0.4375
vn -1.0 0.0 0.0
vt 0.03125 0.4375
vn -1.0 0.0 0.0
vt 0.046875 0.4375
vn -1.0 0.0 0.0
vt 0.0625 0.4375
vn -1.0 0.0 0.0
vt 0.078125 0.4375
vn -1.0 0.0 0.0
vt 0.09375 0.4375
vn -1.0 0.0 0.0
vt 0.109375 0.4375
vn -1.0 0.0 0.0
vt 0.125 0.4375
vn -1.0 0.0 0.0
vt 0.140625 0.4375
vn -1.0 0.0 0.0
vt 0.15625 0.4375
vn -1.0 0.0 0.0
vt 0.171875 0.4375
vn -1.0 0.0 0.0
vt 0.1875 0.4375
vn -1.0 0.0 0.0
vt 0.203125 0.4375
vn -1.0 0.0 0.0
vt 0.21875 0.4375
vn -1.0 0.0 0.0
vt 0.234375 0.4375
vn -1.0 0.0 0.0
vt 0.25 0.4375
vn -1.0 0.0 0.0
vt 0.265625 0.4375
vn -1.0 0.0 0.0
vt 0.28125 0.4375
vn -1.0 0.0 0.0
vt 0.296875 0.4375
vn -1.0 0.0 0.0
vt 0.3125 0.4375
vn -1.0 0.0 0.0
vt 0.328125 0.4375
vn -1.0 0.0 0.0
vt 0.34375 0.4375
vn -1.0 0.0 0.0
vt 0.359375 0.4375
vn -1.0 0.0 0.0
vt 0.375 0.4375
vn -1.0 0.0 0.0
vt 0.390625 0.4375
vn -1.0 0.0 0.0
vt 0.40625 0.4375
vn -1.0 0.0 0.0
vt 0.421875 0.4375
vn -1.0 0.0 0.0
vt 0.4375 0.4375
vn -1.0 0.0 0.0
vt 0.453125 0.4375
vn -1.0 0.0 0.0
vt 0.46875 0.4375
vn -1.0 0.0 0.0
vt 0.484375 0.4375
vn -1.0 0.0 0.0
vt 0.5 0.4375
vn -1.0 0.0 0.0
vt 0.515625 0.4375
vn -1.0 0.0 0.0
vt 0.53125 0.4375
vn -1.0 0.0 0.0
vt 0.546875 0.4375
vn -1.0 0.0 0.0
vt 0.5625 0.4375
vn -1.0 0.0 0.0
vt 0.578125 0.4375
vn -1.0 0.0 0.0
vt 0.59375 0.4375
vn -1.0 0.0 0.0
vt 0.609375 0.4375
vn -1.0 0.0 0.0
vt 0.625 0.4375
vn -1.0 0.0 0.0
vt 0.640625 0.4375
vn -1.0 0.0 0.0
vt 0.65625 0.4375
vn -1.0 0.0 0.0
vt 0.671875 0.4375
vn -1.0 0.0 0.0
vt 0.6875 0.4375
vn -1.0 0.0 0.0
vt 0.703125 0.4375
vn -1.0 0.0 0.0
vt 0.71875 0.4375
vn -1.0 0.0 0.0
vt 0.734375 0.4375
vn -1.0 0.0 0.0
vt 0.75 0.4375
vn -1.0 0.0 0.0
vt 0.765625 0.4375
vn -1.0 0.0 0.0
vt 0.78125 0.4375
vn -1.0 0.0 0.0
vt 0.796875 0.4375
vn -1.0 0.0 0.0
vt 0.8125 0.4375
vn -1.0 0.0 0.0
vt 0.828125 0.4375
vn -1.0 0.0 0.0
vt 0.84375 0.4375
vn -1.0 0.0 0.0
vt 0.859375 0.4375
vn -1.0 0.0 0.0
vt 0.875 0.4375
vn -1.0 0.0 0.0
vt 0.890625 0.4375
vn -1.0 0.0 0.0
vt 0.90625 0.4375
vn -1.0 0.0 0.0
vt 0.921875 0.4375
vn -1.0 0.0 0.0
vt 0.9375 0.4375
vn -1.0 0.0 0.0
vt 0.953125 0.4375
vn -1.0 0.0 0.0
vt 0.96875 0.4375
vn -1.0 0.0 0.0
vt 0.984375 0.4375
vn -1.0 0.0 0.0
vt 1.0 0.4375
vn -1.0 0.0 0.0
vt 0.0 0.375
vn -1.0 0.0 0.0
vt 0.015625 0.375
vn -1.0 0.0 0.0
vt 0.03125 0.375
vn -1.0 0.0 0.0
vt 0.046875 0.375
vn -1.0 0.0 0.0
vt 0.0625 0.375
vn -1.0 0.0 0.0
vt 0.078125 0.375
vn -1.0 0.0 0.0
vt 0.09375 0.375
vn -1.0 0.0 0.0
vt 0.109375 0.375
vn -1.0 0.0 0.0
vt 0.125 0.375
vn -1.0 0.0 0.0
vt 0.140625 0.375
vn -1.0 0.0 0.0
vt 0.15625 0.375
vn -1.0 0.0 0.0
vt 0.171875 0.375
vn -1.0 0.0 0.0
vt 0.1875 0.375
vn -1.0 0.0 0.0
vt 0.203125 0.375
vn -1.0 0.0 0.0
vt 0.21875 0.375
vn -1.0 0.0 0.0
vt 0.234375 0.375
vn -1.0 0.0 0.0
vt 0.25 0.375
vn -1.0 0.0 0.0
vt 0.265625 0.375
vn -1.0 0.0 0.0
vt 0.28125 0.375
vn -1.0 0.0 0.0
vt 0.296875 0.375
vn -1.0 0.0 0.0
vt 0.3125 0.375
vn -1.0 0.0 0.0
vt 0.328125 0.375
vn -1.0 0.0 0.0
vt 0.34375 0.375
vn -1.0 0.0 0.0
vt 0.359375 0.375
vn -1.0 0.0 0.0
vt 0.375 0.375
vn -1.0 0.0 0.0
vt 0.390625 0.375
vn -1.0 0.0 0.0
vt 0.40625 0.375
vn -1.0 0.0 0.0
vt 0.421875 0.375
vn -1.0 0.0 0.0
vt 0.4375 0.375
vn -1.0 0.0 0.0
vt 0.453125 0.375
vn -1.0 0.0 0.0
vt 0.46875 0.375
vn -1.0 0.0 0.0
vt 0.484375 0.375
vn -1.0 0.0 0.0
vt 0.5 0.375
vn -1.0 0.0 0.0
vt 0.515625 0.375
vn -1.0 0.0 0.0
vt 0.53125 0.375
vn -1.0 0.0 0.0
vt 0.546875 0.375
vn -1.0 0.0 0.0
vt 0.5625 0.375
vn -1.0 0.0 0.0
vt 0.578125 0.375
vn -1.0 0.0 0.0
vt 0.59375 0.375
vn -1.0 0.0 0.0
vt 0.609375 0.375
vn -1.0 0.0 0.0
vt 0.625 0.375
vn -1.0 0.0 0.0
vt 0.640625 0.375
vn -1.0 0.0 0.0
vt 0.65625 0.375
vn -1.0 0.0 0.0
vt 0.671875 0.375
vn -1.0 0.0 0.0
vt 0.6875 0.375
vn -1.0 0.0 0.0
vt 0.703125 0.375
vn -1.0 0.0 0.0
vt 0.71875 0.375
vn -1.0 0.0 0.0
vt 0.734375 0.375
vn -1.0 0.0 0.0
vt 0.75 0.375
vn -1.0 0.0 0.0
vt 0.765625 0.375
vn -1.0 0.0 0.0
vt 0.78125 0.375
vn -1.0 0.0 0.0
vt 0.796875 0.375
vn -1.0 0.0 0.0
vt 0.8125 0.375
vn -1.0 0.0 0.0
vt 0.828125 0.375
vn -1.0 0.0 0.0
vt 0.84375 0.375
vn -1.0 0.0 0.0
vt 0.859375 0.375
vn -1.0 0.0 0.0
vt 0.875 0.375
vn -1.0 0.0 0.0
vt 0.890625 0.375
vn -1.0 0.0 0.0
vt 0.90625 0.375
vn -1.0 0.0 0.0
vt 0.921875 0.375
vn -1.0 0.0 0.0
vt 0.9375 0.375
vn -1.0 0.0 0.0
vt 0.953125 0.375
vn -1.0 0.0 0.0
vt 0.96875 0.375
vn -1.0 0.0 0.0
vt 0.984375 0.375
vn -1.0 0.0 0.0
vt 1.0 0.375
vn -1.0 0.0 0.0
vt 0.0 0.3125
vn -1.0 0.0 0.0
vt 0.015625 0.3125
vn -1.0 0.0 0.0
vt 0.03125 0.3125
vn -1.0 0.0 0.0
vt 0.046875 0.3125
vn -1.0 0.0 0.0
vt 0.0625 0.3125
vn -1.0 0.0 0.0
vt 0.078125 0.3125
vn -1.0 0.0 0.0
vt 0.09375 0.3125
vn -1.0 0.0 0.0
vt 0.109375 0.3125
vn -1.0 0.0 0.0
vt 0.125 0.3125
vn -1.0 0.0 0.0
vt 0.140625 0.3125
vn -1.0 0.0 0.0
vt 0.15625 0.3125
vn -1.0 0.0 0.0
vt 0.171875 0.3125
vn -1.0 0.0 0.0
vt 0.1875 0.3125
vn -1.0 0.0 0.0
vt 0.203125 0.3125
vn -1.0 0.0 0.0
vt 0.21875 0.3125
vn -1.0 0.0 0.0
vt 0.234375 0.3125
vn -1.0 0.0 0.0
vt 0.25 0.3125
vn -1.0 0.0 0.0
vt 0.265625 0.3125
vn -1.0 0.0 0.0
vt 0.28125 0.3125
vn -1.0 0.0 0.0
vt 0.296875 0.3125
vn -1.0 0.0 0.0
vt 0.3125 0.3125
vn -1.0 0.0 0.0
vt 0.328125 0.3125
vn -1.0 0.0 0.0
vt 0.34375 0.3125
vn -1.0 0.0 0.0
vt 0.359375 0.3125
vn -1.0 0.0 0.0
vt 0.375 0.3125
vn -1.0 0.0 0.0
vt 0.390625 0.3125
vn -1.0 0.0 0.0
vt 0.40625 0.3125
vn -1.0 0.0 0.0
vt 0.421875 0.3125
vn -1.0 0.0 0.0
vt 0.4375 0.3125
vn -1.0 0.0 0.0
vt 0.453125 0.3125
vn -1.0 0.0 0.0
vt 0.46875 0.3125
vn -1.0 0.0 0.0
vt 0.484375 0.3125
vn -1.0 0.0 0.0
vt 0.5 0.3125
vn -1.0 0.0 0.0
vt 0.515625 0.3125
vn -1.0 0.0 0.0
vt 0.53125 0.3125
vn -1.0 0.0 0.0
vt 0.546875 0.3125
vn -1.0 0.0 0.0
vt 0.5625 0.3125
vn -1.0 0.0 0.0
vt 0.578125 0.3125
vn -1.0 0.0 0.0
vt 0.59375 0.3125
vn -1.0 0.0 0.0
vt 0.609375 0.3125
vn -1.0 0.0 0.0
vt 0.625 0.3125
vn -1.0 0.0 0.0
vt 0.640625 0.3125
vn -1.0 0.0 0.0
vt 0.65625 0.3125
vn -1.0 0.0 0.0
vt 0.671875 0.3125
vn -1.0 0.0 0.0
vt 0.6875 0.3125
vn -1.0 0.0 0.0
vt 0.703125 0.3125
vn -1.0 0.0 0.0
vt 0.71875 0.3125
vn -1.0 0.0 0.0
vt 0.734375 0.3125
vn -1.0 0.0 0.0
vt 0.75 0.3125
vn -1.0 0.0 0.0
vt 0.765625 0.3125
vn -1.0 0.0 0.0
vt 0.78125 0.3125
vn -1.0 0.0 0.0
vt 0.796875 0.3125
vn -1.0 0.0 0.0
vt 0.8125 0.3125
vn -1.0 0.0 0.0
vt 0.828125 0.3125
vn -1.0 0.0 0.0
vt 0.84375 0.3125
vn -1.0 0.0 0.0
vt 0.859375 0.3125
vn -1.0 0.0 0.0
vt 0.875 0.3125
vn -1.0 0.0 0.0
vt 0.890625 0.3125
vn -1.0 0.0 0.0
vt 0.90625 0.3125
vn -1.0 0.0 0.0
vt 0.921875 0.3125
vn -1.0 0.0 0.0
vt 0.9375 0.3125
vn -1.0 0.0 0.0
vt 0.953125 0.3125
vn -1.0 0.0 0.0
vt 0.96875 0.3125
vn -1.0 0.0 0.0
vt 0.984375 0.3125
vn -1.0 0.0 0.0
vt 1.0 0.3125
vn -1.0 0.0 0.0
vt 0.0 0.25
vn -1.0 0.0 0.0
vt 0.015625 0.25
vn -1.0 0.0 0.0
vt 0.03125 0.25
vn -1.0 0.0 0.0
vt 0.046875 0.25
vn -1.0 0.0 0.0
vt 0.0625 0.25
vn -1.0 0.0 0.0
vt 0.078125 0.25
vn -1.0 0.0 0.0
vt 0.09375 0.25
vn -1.0 0.0 0.0
vt 0.109375 0.25
vn -1.0 0.0 0.0
vt 0.125 0.25
vn -1.0 0.0 0.0
vt 0.140625 0.25
vn -1.0 0.0 0.0
vt 0.15625 0.25
vn -1.0 0.0 0.0
vt 0.171875 0.25
vn -1.0 0.0 0.0
vt 0.1875 0.25
vn -1.0 0.0 0.0
vt 0.203125 0.25
vn -1.0 0.0 0.0
vt 0.21875 0.25
vn -1.0 0.0 0.0
vt 0.234375 0.25
vn -1.0 0.0 0.0
vt 0.25 0.25
vn -1.0 0.0 0.0
vt 0.265625 0.25
vn -1.0 0.0 0.0
vt 0.28125 0.25
vn -1.0 0.0 0.0
vt 0.296875 0.25
vn -1.0 0.0 0.0
vt 0.3125 0.25
vn -1.0 0.0 0.0
vt 0.328125 0.25
vn -1.0 0.0 0.0
vt 0.34375 0.25
vn -1.0 0.0 0.0
vt 0.359375 0.25
vn -1.0 0.0 0.0
vt 0.375 0.25
vn -1.0 0.0 0.0
vt 0.390625 0.25
vn -1.0 0.0 0.0
vt 0.40625 0.25
vn -1.0 0.0 0.0
vt 0.421875 0.25
vn -1.0 0.0 0.0
vt 0.4375 0.25
vn -1.0 0.0 0.0
vt 0.453125 0.25
vn -1.0 0.0 0.0
vt 0.46875 0.25
vn -1.0 0.0 0.0
vt 0.484375 0.25
vn -1.0 0.0 0.0
vt 0.5 0.25
vn -1.0 0.0 0.0
vt 0.515625 0.25
vn -1.0 0.0 0.0
vt 0.53125 0.25
vn -1.0 0.0 0.0
vt 0.546875 0.25
vn -1.0 0.0 0.0
vt 0.5625 0.25
vn -1.0 0.0 0.0
vt 0.578125 0.25
vn -1.0 0.0 0.0
vt 0.59375 0.25
vn -1.0 0.0 0.0
vt 0.609375 0.25
vn -1.0 0.0 0.0
vt 0.625 0.25
vn -1.0 0.0 0.0
vt 0.640625 0.25
vn -1.0 0.0 0.0
vt 0.65625 0.25
vn -1.0 0.0 0.0
vt 0.671875 0.25
vn -1.0 0.0 0.0
vt 0.6875 0.25
vn -1.0 0.0 0.0
vt 0.703125 0.25
vn -1.0 0.0 0.0
vt 0.71875 0.25
vn -1.0 0.0 0.0
vt 0.734375 0.25
vn -1.0 0.0 0.0
vt 0.75 0.25
vn -1.0 0.0 0.0
vt 0.765625 0.25
vn -1.0 0.0 0.0
vt 0.78125 0.25
vn -1.0 0.0 0.0
vt 0.796875 0.25
vn -1.0 0.0 0.0
vt 0.8125 0.25
vn -1.0 0.0 0.0
vt 0.828125 0.25
vn -1.0 0.0 0.0
vt 0.84375 0.25
vn -1.0 0.0 0.0
vt 0.859375 0.25
vn -1.0 0.0 0.0
vt 0.875 0.25
vn -1.0 0.0 0.0
vt 0.890625 0.25
vn -1.0 0.0 0.0
vt 0.90625 0.25
vn -1.0 0.0 0.0
vt 0.921875 0.25
vn -1.0 0.0 0.0
vt 0.9375 0.25
vn -1.0 0.0 0.0
vt 0.953125 0.25
vn -1.0 0.0 0.0
vt 0.96875 0.25
vn -1.0 0.0 0.0
vt 0.984375 0.25
vn -1.0 0.0 0.0
vt 1.0 0.25
vn -1.0 0.0 0.0
vt 0.0 0.1875
vn -1.0 0.0 0.0
vt 0.015625 0.1875
vn -1.0 0.0 0.0
vt 0.03125 0.1875
vn -1.0 0.0 0.0
vt 0.046875 0.1875
vn -1.0 0.0 0.0
vt 0.0625 0.1875
vn -1.0 0.0 0.0
vt 0.078125 0.1875
vn -1.0 0.0 0.0
vt 0.09375 0.1875
vn -1.0 0.0 0.0
vt 0.109375 0.1875
vn -1.0 0.0 0.0
vt 0.125 0.1875
vn -1.0 0.0 0.0
vt 0.140625 0.1875
vn -1.0 0.0 0.0
vt 0.15625 0.1875
vn -1.0 0.0 0.0
vt 0.171875 0.1875
vn -1.0 0.0 0.0
vt 0.1875 0.1875
vn -1.0 0.0 0.0
vt 0.203125 0.1875
vn -1.0 0.0 0.0
vt 0.21875 0.1875
vn -1.0 0.0 0.0
vt 0.234375 0.1875
vn -1.0 0.0 0.0
vt 0.25 0.1875
vn -1.0 0.0 0.0
vt 0.265625 0.1875
vn -1.0 0.0 0.0
vt 0.28125 0.1875
vn -1.0 0.0 0.0
vt 0.296875 0.1875
vn -1.0 0.0 0.0
vt 0.3125 0.1875
vn -1.0 0.0 0.0
vt 0.328125 0.1875
vn -1.0 0.0 0.0
vt 0.34375 0.1875
vn -1.0 0.0 0.0
vt 0.359375 0.1875
vn -1.0 0.0 0.0
vt 0.375 0.1875
vn -1.0 0.0 0.0
vt 0.390625 0.1875
vn -1.0 0.0 0.0
vt 0.40625 0.1875
vn -1.0 0.0 0.0
vt 0.421875 0.1875
vn -1.0 0.0 0.0
vt 0.4375 0.1875
vn -1.0 0.0 0.0
vt 0.453125 0.1875
vn -1.0 0.0 0.0
vt 0.46875 0.1875
vn -1.0 0.0 0.0
vt 0.484375 0.1875
vn -1.0 0.0 0.0
vt 0.5 0.1875
vn -1.0 0.0 0.0
vt 0.515625 0.1875
vn -1.0 0.0 0.0
vt 0.53125 0.1875
vn -1.0 0.0 0.0
vt 0.546875 0.1875
vn -1.0 0.0 0.0
vt 0.5625 0.1875
vn -1.0 0.0 0.0
vt 0.578125 0.1875
vn -1.0 0.0 0.0
vt 0.59375 0.1875
vn -1.0 0.0 0.0
vt 0.609375 0.1875
vn -1.0 0.0 0.0
vt 0.625 0.1875
vn -1.0 0.0 0.0
vt 0.640625 0.1875
vn -1.0 0.0 0.0
vt 0.65625 0.1875
vn -1.0 0.0 0.0
vt 0.671875 0.1875
vn -1.0 0.0 0.0
vt 0.6875 0.1875
vn -1.0 0.0 0.0
vt 0.703125 0.1875
vn -1.0 0.0 0.0
vt 0.71875 0.1875
vn -1.0 0.0 0.0
vt 0.734375 0.1875
vn -1.0 0.0 0.0
vt 0.75 0.1875
vn -1.0 0.0 0.0
vt 0.765625 0.1875
vn -1.0 0.0 0.0
vt 0.78125 0.1875
vn -1.0 0.0 0.0
vt 0.796875 0.1875
vn -1.0 0.0 0.0
vt 0.8125 0.1875
vn -1.0 0.0 0.0
vt 0.828125 0.1875
vn -1.0 0.0 0.0
vt 0.84375 0.1875
vn -1.0 0.0 0.0
vt 0.859375 0.1875
vn -1.0 0.0 0.0
vt 0.875 0.1875
vn -1.0 0.0 0.0
vt 0.890625 0.1875
vn -1.0 0.0 0.0
vt 0.90625 0.1875
vn -1.0 0.0 0.0
vt 0.921875 0.1875
vn -1.0 0.0 0.0
vt 0.9375 0.1875
vn -1.0 0.0 0.0
vt 0.953125 0.1875
vn -1.0 0.0 0.0
vt 0.96875 0.1875
vn -1.0 0.0 0.0
vt 0.984375 0.1875
vn -1.0 0.0 0.0
vt 1.0 0.1875
vn -1.0 0.0 0.0
vt 0.0 0.125
vn -1.0 0.0 0.0
vt 0.015625 0.125
vn -1.0 0.0 0.0
vt 0.03125 0.125
vn -1.0 0.0 0.0
vt 0.046875 0.125
vn -1.0 0.0 0.0
vt 0.0625 0.125
vn -1.0 0.0 0.0
vt 0.078125 0.125
vn -1.0 0.0 0.0
vt 0.09375 0.125
vn -1.0 0.0 0.0
vt 0.109375 0.125
vn -1.0 0.0 0.0
vt 0.125 0.125
vn -1.0 0.0 0.0
vt 0.140625 0.125
vn -1.0 0.0 0.0
vt 0.15625 0.125
vn -1.0 0.0 0.0
vt 0.171875 0.125
vn -1.0 0.0 0.0
vt 0.1875 0.125
vn -1.0 0.0 0.0
vt 0.203125 0.125
vn -1.0 0.0 0.0
vt 0.21875 0.125
vn -1.0 0.0 0.0
vt 0.234375 0.125
vn -1.0 0.0 0.0
vt 0.25 0.125
vn -1.0 0.0 0.0
vt 0.265625 0.125
vn -1.0 0.0 0.0
vt 0.28125 0.125
vn -1.0 0.0 0.0
vt 0.296875 0.125
vn -1.0 0.0 0.0
vt 0.3125 0.125
vn -1.0 0.0 0.0
vt 0.328125 0.125
vn -1.0 0.0 0.0
vt 0.34375 0.125
vn -1.0 0.0 0.0
vt 0.359375 0.125
vn -1.0 0.0 0.0
vt 0.375 0.125
vn -1.0 0.0 0.0
vt 0.390625 0.125
vn -1.0 0.0 0.0
vt 0.40625 0.125
vn -1.0 0.0 0.0
vt 0.421875 0.125
vn -1.0 0.0 0.0
vt 0.4375 0.125
vn -1.0 0.0 0.0
vt 0.453125 0.125
vn -1.0 0.0 0.0
vt 0.46875 0.125
vn -1.0 0.0 0.0
vt 0.484375 0.125
vn -1.0 0.0 0.0
vt 0.5 0.125
vn -1.0 0.0 0.0
vt 0.515625 0.125
vn -1.0 0.0 0.0
vt 0.53125 0.125
vn -1.0 0.0 0.0
vt 0.546875 0.125
vn -1.0 0.0 0.0
vt 0.5625 0.125
vn -1.0 0.0 0.0
vt 0.578125 0.125
vn -1.0 0.0 0.0
vt 0.59375 0.125
vn -1.0 0.0 0.0
vt 0.609375 0.125
vn -1.0 0.0 0.0
vt 0.625 0.125
vn -1.0 0.0 0.0
vt 0.640625 0.125
vn -1.0 0.0 0.0
vt 0.65625 0.125
vn -1.0 0.0 0.0
vt 0.671875 0.125
vn -1.0 0.0 0.0
vt 0.6875 0.125
vn -1.0 0.0 0.0
vt 0.703125 0.125
vn -1.0 0.0 0.0
vt 0.71875 0.125
vn -1.0 0.0 0.0
vt 0.734375 0.125
vn -1.0 0.0 0.0
vt 0.75 0.125
vn -1.0 0.0 0.0
vt 0.765625 0.125
vn -1.0 0.0 0.0
vt 0.78125 0.125
vn -1.0 0.0 0.0
vt 0.796875 0.125
vn -1.0 0.0 0.0
vt 0.8125 0.125
vn -1.0 0.0 0.0
vt 0.828125 0.125
vn -1.0 0.0 0.0
vt 0.84375 0.125
vn -1.0 0.0 0.0
vt 0.859375 0.125
vn -1.0 0.0 0.0
vt 0.875 0.125
vn -1.0 0.0 0.0
vt 0.890625 0.125
vn -1.0 0.0 0.0
vt 0.90625 0.125
vn -1.0 0.0 0.0
vt 0.921875 0.125
vn -1.0 0.0 0.0
vt 0.9375 0.125
vn -1.0 0.0 0.0
vt 0.953125 0.125
vn -1.0 0.0 0.0
vt 0.96875 0.125
vn -1.0 0.0 0.0
vt 0.984375 0.125
vn -1.0 0.0 0.0
vt 1.0 0.125
vn -1.0 0.0 0.0
vt 0.0 0.0625
vn -1.0 0.0 0.0
vt 0.015625 0.0625
vn -1.0 0.0 0.0
vt 0.03125 0.0625
vn -1.0 0.0 0.0
vt 0.046875 0.0625
vn -1.0 0.0 0.0
vt 0.0625 0.0625
vn -1.0 0.0 0.0
vt 0.078125 0.0625
vn -1.0 0.0 0.0
vt 0.09375 0.0625
vn -1.0 0.0 0.0
vt 0.109375 0.0625
vn -1.0 0.0 0.0
vt 0.125 0.0625
vn -1.0 0.0 0.0
vt 0.140625 0.0625
vn -1.0 0.0 0.0
vt 0.15625 0.0625
vn -1.0 0.0 0.0
vt 0.171875 0.0625
vn -1.0 0.0 0.0
vt 0.1875 0.0625
vn -1.0 0.0 0.0
vt 0.203125 0.0625
vn -1.0 0.0 0.0
vt 0.21875 0.0625
vn -1.0 0.0 0.0
vt 0.234375 0.0625
vn -1.0 0.0 0.0
vt 0.25 0.0625
vn -1.0 0.0 0.0
vt 0.265625 0.0625
vn -1.0 0.0 0.0
vt 0.28125 0.0625
vn -1.0 0.0 0.0
vt 0.296875 0.0625
vn -1.0 0.0 0.0
vt 0.3125 0.0625
vn -1.0 0.0 0.0
vt 0.328125 0.0625
vn -1.0 0.0 0.0
vt 0.34375 0.0625
vn -1.0 0.0 0.0
vt 0.359375 0.0625
vn -1.0 0.0 0.0
vt 0.375 0.0625
vn -1.0 0.0 0.0
vt 0.390625 0.0625
vn -1.0 0.0 0.0
vt 0.40625 0.0625
vn -1.0 0.0 0.0
vt 0.421875 0.0625
vn -1.0 0.0 0.0
vt 0.4375 0.0625
vn -1.0 0.0 0.0
vt 0.453125 0.0625
vn -1.0 0.0 0.0
vt 0.46875 0.0625
vn -1.0 0.0 0.0
vt 0.484375 0.0625
vn -1.0 0.0 0.0
vt 0.5 0.0625
vn -1.0 0.0 0.0
vt 0.515625 0.0625
vn -1.0 0.0 0.0
vt 0.53125 0.0625
vn -1.0 0.0 0.0
vt 0.546875 0.0625
vn -1.0 0.0 0.0
vt 0.5625 0.0625
vn -1.0 0.0 0.0
vt 0.578125 0.0625
vn -1.0 0.0 0.0
vt 0.59375 0.0625
vn -1.0 0.0 0.0
vt 0.609375 0.0625
vn -1.0 0.0 0.0
vt 0.625 0.0625
vn -1.0 0.0 0.0
vt 0.640625 0.0625
vn -1.0 0.0 0.0
vt 0.65625 0.0625
vn -1.0 0.0 0.0
vt 0.671875 0.0625
vn -1.0 0.0 0.0
vt 0.6875 0.0625
vn -1.0 0.0 0.0
vt 0.703125 0.0625
vn -1.0 0.0 0.0
vt 0.71875 0.0625
vn -1.0 0.0 0.0
vt 0.734375 0.0625
vn -1.0 0.0 0.0
vt 0.75 0.0625
vn -1.0 0.0 0.0
vt 0.765625 0.0625
vn -1.0 0.0 0.0
vt 0.78125 0.0625
vn -1.0 0.0 0.0
vt 0.796875 0.0625
vn -1.0 0.0 0.0
vt 0.8125 0.0625
vn -1.0 0.0 0.0
vt 0.828125 0.0625
vn -1.0 0.0 0.0
vt 0.84375 0.0625
vn -1.0 0.0 0.0
vt 0.859375 0.0625
vn -1.0 0.0 0.0
vt 0.875 0.0625
vn -1.0 0.0 0.0
vt 0.890625 0.0625
vn -1.0 0.0 0.0
vt 0.90625 0.0625
vn -1.0 0.0 0.0
vt 0.921875 0.0625
vn -1.0 0.0 0.0
vt 0.9375 0.0625
vn -1.0 0.0 0.0
vt 0.953125 0.0625
vn -1.0 0.0 0.0
vt 0.96875 0.0625
vn -1.0 0.0 0.0
vt 0.984375 0.0625
vn -1.0 0.0 0.0
vt 1.0 0.0625
vn -1.0 0.0 0.0
vt 0.0 0.0
vn -1.0 0.0 0.0
vt 0.015625 0.0
vn -1.0 0.0 0.0
vt 0.03125 0.0
vn -1.0 0.0 0.0
vt 0.046875 0.0
vn -1.0 0.0 0.0
vt 0.0625 0.0
vn -1.0 0.0 0.0
vt 0.078125 0.0
vn -1.0 0.0 0.0
vt 0.09375 0.0
vn -1.0 0.0 0.0
vt 0.109375 0.0
vn -1.0 0.0 0.0
vt 0.125 0.0
vn -1.0 0.0 0.0
vt 0.140625 0.0
vn -1.0 0.0 0.0
vt 0.15625 0.0
vn -1.0 0.0 0.0
vt 0.171875 0.0
vn -1.0 0.0 0.0
vt 0.1875 0.0
vn -1.0 0.0 0.0
vt 0.203125 0.0
vn -1.0 0.0 0.0
vt 0.21875 0.0
vn -1.0 0.0 0.0
vt 0.234375 0.0
vn -1.0 0.0 0.0
vt 0.25 0.0
vn -1.0 0.0 0.0
vt 0.265625 0.0
vn -1.0 0.0 0.0
vt 0.28125 0.0
vn -1.0 0.0 0.0
vt 0.296875 0.0
vn -1.0 0.0 0.0
vt 0.3125 0.0
vn -1.0 0.0 0.0
vt 0.328125 0.0
vn -1.0 0.0 0.0
vt 0.34375 0.0
vn -1.0 0.0 0.0
vt 0.359375 0.0
vn -1.0 0.0 0.0
vt 0.375 0.0
vn -1.0 0.0 0.0
vt 0.390625 0.0
vn -1.0 0.0 0.0
vt 0.40625 0.0
vn -1.0 0.0 0.0
vt 0.421875 0.0
vn -1.0 0.0 0.0
vt 0.4375 0.0
vn -1.0 0.0 0.0
vt 0.453125 0.0
vn -1.0 0.0 0.0
vt 0.46875 0.0
vn -1.0 0.0 0.0
vt 0.484375 0.0
vn -1.0 0.0 0.0
vt 0.5 0.0
vn -1.0 0.0 0.0
vt 0.515625 0.0
vn -1.0 0.0 0.0
vt 0.53125 0.0
vn -1.0 0.0 0.0
vt 0.546875 0.0
vn -1.0 0.0 0.0
vt 0.5625 0.0
vn -1.0 0.0 0.0
vt 0.578125 0.0
vn -1.0 0.0 0.0
vt 0.59375 0.0
vn -1.0 0.0 0.0
vt 0.609375 0.0
vn -1.0 0.0 0.0
vt 0.625 0.0
vn -1.0 0.0 0.0
vt 0.640625 0.0
vn -1.0 0.0 0.0
vt 0.65625 0.0
vn -1.0 0.0 0.0
vt 0.671875 0.0
vn -1.0 0.0 0.0
vt 0.6875 0.0
vn -1.0 0.0 0.0
vt 0.703125 0.0
vn -1.0 0.0 0.0
vt 0.71875 0.0
vn -1.0 0.0 0.0
vt 0.734375 0.0
vn -1.0 0.0 0.0
vt 0.75 0.0
vn -1.0 0.0 0.0
vt 0.765625 0.0
vn -1.0 0.0 0.0
vt 0.78125 0.0
vn -1.0 0.0 0.0
vt 0.796875 0.0
vn -1.0 0.0 0.0
vt 0.8125 0.0
vn -1.0 0.0 0.0
vt 0.828125 0.0
vn -1.0 0.0 0.0
vt 0.84375 0.0
vn -1.0 0.0 0.0
vt 0.859375 0.0
vn -1.0 0.0 0.0
vt 0.875 0.0
vn -1.0 0.0 0.0
vt 0.890625 0.0
vn -1.0 0.0 0.0
vt 0.90625 0.0
vn -1.0 0.0 0.0
vt 0.921875 0.0
vn -1.0 0.0 0.0
vt 0.9375 0.0
vn -1.0 0.0 0.0
vt 0.953125 0.0
vn -1.0 0.0 0.0
vt 0.96875 0.0
vn -1.0 0.0 0.0
vt 0.984375 0.0
vn -1.0 0.0 0.0
vt 1.0 0.0
vn -1.0 0.0 0.0
f 1/1/1 67/67/67 2/2/2
f 1/1/1 66/66/66 67/67/67
f 2/2/2 68/68/68 3/3/3
f 2/2/2 67/67/67 68/68/68
f 3/3/3 69/69/69 4/4/4
f 3/3/3 68/68/68 69/69/69
f 4/4/4 70/70/70 5/5/5
f 4/4/4 69/69/69 70/70/70
f 5/5/5 71/71/71 6/6/6
f 5/5/5 70/70/70 71/71/71
f 6/6/6 72/72/72 7/7/7
f 6/6/6 71/71/71 72/72/72
f 7/7/7 73/73/73 8/8/8
f 7/7/7 72/72/72 73/73/73
f 8/8/8 74/74/74 9/9/9
f 8/8/8 73/73/73 74/74/74
f 9/9/9 75/75/75 10/10/10
f 9/9/9 74/74/74 75/75/75
f 10/10/10 76/76/76 11/11/11
f 10/10/10 75/75/75 76/76/76
f 11/11/11 77/77/77 12/12/12
f 11/11/11 76/76/76 77/77/77
f 12/12/12 78/78/78 13/13/13
f 12/12/12 77/77/77 78/78/78
f 13/13/13 79/79/79 14/14/14
f 13/13/13 78/78/78 79/79/79
f 14/14/14 80/80/80 15/15/15
f 14/14/14 79/79/79 80/80/80
f 15/15/15 81/81/81 16/16/16
f 15/15/15 80/80/80 81/81/81
f 16/16/16 82/82/82 17/17/17
f 16/16/16 81/81/81 82/82/82
f 17/17/17 83/83/83 18/18/18
f 17/17/17 82/82/82 83/83/83
f 18/18/18 84/84/84 19/19/19
f 18/18/18 83/83/83 84/84/84
f 19/19/19 85/85/85 20/20/20
f 19/19/19 84/84/84 85/85/85
f 20/20/20 86/86/86 21/21/21
f 20/20/20 85/85/85 86/86/86
f 21/21/21 87/87/87 22/22/22
f 21/21/21 86/86/86 87/87/87
f 22/22/22 88/88/88 23/23/23
f 22/22/22 87/87/87 88/88/88
f 23/23/23 89/89/89 24/24/24
f 23/23/23 88/88/88 89/89/89
f 24/24/24 90/90/90 25/25/25
f 24/24/24 89/89/89 90/90/90
f 25/25/25 91/91/91 26/26/26
f 25/25/25 90/90/90 91/91/91
f 26/26/26 92/92/92 27/27/27
f 26/26/26 91/91/91 92/92/92
f 27/27/27 93/93/93 28/28/28
f 27/27/27 92/92/92 93/93/93
f 28/28/28 94/94/94 29/29/29
f 28/28/28 93/93/93 94/94/94
f 29/29/29 95/95/95 30/30/30
f 29/29/29 94/94/94 95/95/95
f 30/30/30 96/96/96 31/31/31
f 30/30/30 95/95/95 96/96/96
f 31/31/31 97/97/97 32/32/32
f 31/31/31 96/96/96 97/97/97
f 32/32/32 98/98/98 33/33/33
f 32/32/32 97/97/97 98/98/98
f 33/33/33 99/99/99 34/34/34
f 33/33/33 98/98/98 99/99/99
f 34/34/34 100/100/100 35/35/35
f 34/34/34 99/99/99 100/100/100
f 35/35/35 101/101/101 36/36/36
f 35/35/35 100/100/100 101/101/101
f 36/36/36 102/102/102 37/37/37
f 36/36/36 101/101/101 102/102/102
f 37/37/37 103/103/103 38/38/38
f 37/37/37 102/102/102 103/103/103
f 38/38/38 104/104/104 39/39/39
f 38/38/38 103/103/103 104/104/104
f 39/39/39 105/105/105 40/40/40
f 39/39/39 104/104/104 105/105/105
f 40/40/40 106/106/106 41/41/41
f 40/40/40 105/105/105 106/106/106
f 41/41/41 107/107/107 42/42/42
f 41/41/41 106/106/106 107/107/107
f 42/42/42 108/108/108 43/43/43
f 42/42/42 107/107/107 108/108/108
f 43/43/43 109/109/109 44/44/44
f 43/43/43 108/108/108 109/109/109
f 44/44/44 110/110/110 45/45/45
f 44/44/44 109/109/109 110/110/110
f 45/45/45 111/111/111 46/46/46
f 45/45/45 110/110/110 111/111/111
f 46/46/46 112/112/112 47/47/47
f 46/46/46 111/111/111 112/112/112
f 47/47/47 113/113/113 48/48/48
f 47/47/47 112/112/112 113/113/113
f 48/48/48 114/114/114 49/49/49
f 48/48/48 113/113/113 114/114/114
f 49/49/49 115/115/115 50/50/50
f 49/49/49 114/114/114 115/115/115
f 50/50/50 116/116/116 51/51/51
f 50/50/50 115/115/115 116/116/116
f 51/51/51 117/117/117 52/52/52
f 51/51/51 116/116/116 117/117/117
f 52/52/52 118/118/118 53/53/53
f 52/52/52 117/117/117 118/118/118
f 53/53/53 119/119/119 54/54/54
f 53/53/53 118/118/118 119/119/119
f 54/54/54 120/120/120 55/55/55
f 54/54/54 119/119/119 120/120/120
f 55/55/55 121/121/121 56/56/56
f 55/55/55 120/120/120 121/121/121
f 56/56/56 122/122/122 57/57/57
f 56/56/56 121/121/121 122/122/122
f 57/57/57 123/123/123 58/58/58
f 57/57/57 122/122/122 123/123/123
f 58/58/58 124/124/124 59/59/59
f 58/58/58 123/123/123 124/124/124
f 59/59/59 125/125/125 60/60/60
f 59/59/59 124/124/124 125/125/125
f 60/60/60 126/126/126 61/61/61
f 60/60/60 125/125/125 126/126/126
f 61/61/61 127/127/127 62/62/62
f 61/61/61 126/126/126 127/127/127
f 62/62/62 128/128/128 63/63/63
f 62/62/62 127/127/127 128/128/128
f 63/63/63 129/129/129 64/64/64
f 63/63/63 128/128/128 129/129/129
f 64/64/64 130/130/130 65/65/65
f 64/64/64 129/129/129 130/130/130
f 66/66/66 132/132/132 67/67/67
f 66/66/66 131/131/131 132/132/132
f 67/67/67 133/133/133 68/68/68
f 67/67/67 132/132/132 133/133/133
f 68/68/68 134/134/134 69/69/69
f 68/68/68 133/133/133 134/134/134
f 69/69/69 135/135/135 70/70/70
f 69/69/69 134/134/134 135/135/135
f 70/70/70 136/136/136 71/71/71
f 70/70/70 135/135/135 136/136/136
f 71/71/71 137/137/137 72/72/72
f 71/71/71 136/136/136 137/137/137
f 72/72/72 138/138/138 73/73/73
f 72/72/72 137/137/137 138/138/138
f 73/73/73 139/139/139 74/74/74
f 73/73/73 138/138/138 139/139/139
f 74/74/74 140/140/140 75/75/75
f 74/74/74 139/139/139 140/140/140
f 75/75/75 141/141/141 76/76/76
f 75/75/75 140/140/140 141/141/141
f 76/76/76 142/142/142 77/77/77
f 76/76/76 141/141/141 142/142/142
f 77/77/77 143/143/143 78/78/78
f 77/77/77 142/142/142 143/143/143
f 78/78/78 144/144/144 79/79/79
f 78/78/78 143/143/143 144/144/144
f 79/79/79 145/145/145 80/80/80
f 79/79/79 144/144/144 145/145/145
f 80/80/80 146/146/146 81/81/81
f 80/80/80 145/145/145 146/146/146
f 81/81/81 147/147/147 82/82/82
f 81/81/81 146/146/146 147/147/147
f 82/82/82 148/148/148 83/83/83
f 82/82/82 147/147/147 148/148/148
f 83/83/83 149/149/149 84/84/84
f 83/83/83 148/148/148 149/149/149
f 84/84/84 150/150/150 85/85/85
f 84/84/84 149/149/149 150/150/150
f 85/85/85 151/151/151 86/86/86
f 85/85/85 150/150/150 151/151/151
f 86/86/86 152/152/152 87/87/87
f 86/86/86 151/151/151 152/152/152
f 87/87/87 153/153/153 88/88/88
f 87/87/87 152/152/152 153/153/153
f 88/88/88 154/154/154 89/89/89
f 88/88/88 153/153/153 154/154/154
f 89/89/89 155/155/155 90/90/90
f 89/89/89 154/154/154 155/155/155
f 90/90/90 156/156/156 91/91/91
f 90/90/90 155/155/155 156/156/156
f 91/91/91 157/157/157 92/92/92
f 91/91/91 156/156/156 157/157/157
f 92/92/92 158/158/158 93/93/93
f 92/92/92 157/157/157 158/158/158
f 93/93/93 159/159/159 94/94/94
f 93/93/93 158/158/158 159/159/159
f 94/94/94 160/160/160 95/95/95
f 94/94/94 159/159/159 160/160/160
f 95/95/95 161/161/161 96/96/96
f 95/95/95 160/160/160 161/161/161
f 96/96/96 162/162/162 97/97/97
f 96/96/96 161/161/161 162/162/162
f 97/97/97 163/163/163 98/98/98
f 97/97/97 162/162/162 163/163/163
f 98/98/98 164/164/164 99/99/99
f 98/98/98 163/163/163 164/164/164
f 99/99/99 165/165/165 100/100/100
f 99/99/99 164/164/164 165/165/165
f 100/100/100 166/166/166 101/101/101
f 100/100/100 165/165/165 166/166/166
f 101/101/101 167/167/167 102/102/102
f 101/101/101 166/166/166 167/167/167
f 102/102/102 168/168/168 103/103/103
f 102/102/102 167/167/167 168/168/168
f 103/103/103 169/169/169 104/104/104
f 103/103/103 168/168/168 169/169/169
f 104/104/104 170/170/170 105/105/105
f 104/104/104 169/169/169 170/170/170
f 105/105/105 171/171/171 106/106/106
f 105/105/105 170/170/170 171/171/171
f 106/106/106 172/172/172 107/107/107
f 106/106/106 171/171/171 172/172/172
f 107/107/107 173/173/173 108/108/108
f 107/107/107 172/172/172 173/173/173
f 108/108/108 174/174/174 109/109/109
f 108/108/108 173/173/173 174/174/174
f 109/109/109 175/175/175 110/110/110
f 109/109/109 174/174/174 175/175/175
f 110/110/110 176/176/176 111/111/111
f 110/110/110 175/175/175 176/176/176
f 111/111/111 177/177/177 112/112/112
f 111/111/111 176/176/176 177/177/177
f 112/112/112 178/178/178 113/113/113
f 112/112/112 177/177/177 178/178/178
f 113/113/113 179/179/179 114/114/114
f 113/113/113 178/178/178 179/179/179
f 114/114/114 180/180/180 115/115/115
f 114/114/114 179/179/179 180/180/180
f 115/115/115 181/181/181 116/116/116
f 115/115/115 180/180/180 181/181/181
f 116/116/116 182/182/182 117/117/117
f 116/116/116 181/181/181 182/182/182
f 117/117/117 183/183/183 118/118/118
f 117/117/117 182/182/182 183/183/183
f 118/118/118 184/184/184 119/119/119
f 118/118/118 183/183/183 184/184/184
f 119/119/119 185/185/185 120/120/120
f 119/119/119 184/184/184 185/185/185
f 120/120/120 186/186/186 121/121/121
f 120/120/120 185/185/185 186/186/186
f 121/121/121 187/187/187 122/122/122
f 121/121/121 186/186/186 187/187/187
f 122/122/122 188/188/188 123/123/123
f 122/122/122 187/187/187 188/188/188
f 123/123/123 189/189/189 124/124/124
f 123/123/123 188/188/188 189/189/189
f 124/124/124 190/190/190 125/125/125
f 124/124/124 189/189/189 190/190/190
f 125/125/125 191/191/191 126/126/126
f 125/125/125 190/190/190 191/191/191
f 126/126/126 192/192/192 127/127/127
f 126/126/126 191/191/191 192/192/192
f 127/127/127 193/193/193 128/128/128
f 127/127/127 192/192/192 193/193/193
f 128/128/128 194/194/194 129/129/129
f 128/128/128 193/193/193 194/194/194
f 129/129/129 195/195/195 130/130/130
f 129/129/129 194/194/194 195/195/195
f 131/131/131 197/197/197 132/132/132
f 131/131/131 196/196/196 197/197/197
f 132/132/132 198/198/198 133/133/133
f 132/132/132 197/197/197 198/198/198
f 133/133/133 199/199/199 134/134/134
f 133/133/133 198/198/198 199/199/199
f 134/134/134 200/200/200 135/135/135
f 134/134/134 199/199/199 200/200/200
f 135/135/135 201/201/201 136/136/136
f 135/135/135 200/200/200 201/201/201
f 136/136/136 202/202/202 137/137/137
f 136/136/136 201/201/201 202/202/202
f 137/137/137 203/203/203 138/138/138
f 137/137/137 202/202/202 203/203/203
f 138/138/138 204/204/204 139/139/139
f 138/138/138 203/203/203 204/204/204
f 139/139/139 205/205/205 140/140/140
f 139/139/139 204/204/204 205/205/205
f 140/140/140 206/206/206 141/141/141
f 140/140/140 205/205/205 206/206/206
f 141/141/141 207/207/207 142/142/142
f 141/141/141 206/206/206 207/207/207
f 142/142/142 208/208/208 143/143/143
f 142/142/142 207/207/207 208/208/208
f 143/143/143 209/209/209 144/144/144
f 143/143/143 208/208/208 209/209/209
f 144/144/144 210/210/210 145/145/145
f 144/144/144 209/209/209 210/210/210
f 145/145/145 211/211/211 146/146/146
f 145/145/145 210/210/210 211/211/211
f 146/146/146 212/212/212 147/147/147
f 146/146/146 211/211/211 212/212/212
f 147/147/147 213/213/213 148/148/148
f 147/147/147 212/212/212 213/213/213
f 148/148/148 214/214/214 149/149/149
f 148/148/148 213/213/213 214/214/214
f 149/149/149 215/215/215 150/150/150
f 149/149/149 214/214/214 215/215/215
f 150/150/150 216/216/216 151/151/151
f 150/150/150 215/215/215 216/216/216
f 151/151/151 217/217/217 152/152/152
f 151/151/151 216/216/216 217/217/217
f 152/152/152 218/218/218 153/153/153
f 152/152/152 217/217/217 218/218/218
f 153/153/153 219/219/219 154/154/154
f 153/153/153 218/218/218 219/219/219
f 154/154/154 220/220/220 155/155/155
f 154/154/154 219/219/219 220/220/220
f 155/155/155 221/221/221 156/156/156
f 155/155/155 220/220/220 221/221/221
f 156/156/156 222/222/222 157/157/157
f 156/156/156 221/221/221 222/222/222
f 157/157/157 223/223/223 158/158/158
f 157/157/157 222/222/222 223/223/223
f 158/158/158 224/224/224 159/159/159
f 158/158/158 223/223/223 224/224/224
f 159/159/159 225/225/225 160/160/160
f 159/159/159 224/224/224 225/225/225
f 160/160/160 226/226/226 161/161/161
f 160/160/160 225/225/225 226/226/226
f 161/161/161 227/227/227 162/162/162
f 161/161/161 226/226/226 227/227/227
f 162/162/162 228/228/228 163/163/163
f 162/162/162 227/227/227 228/228/228
f 163/163/163 229/229/229 164/164/164
f 163/163/163 228/228/228 229/229/229
f 164/164/164 230/230/230 165/165/165
f 164/164/164 229/229/229 230/230/230
f 165/165/165 231/231/231 166/166/166
f 165/165/165 230/230/230 231/231/231
f 166/166/166 232/232/232 167/167/167
f 166/166/166 231/231/231 232/232/232
f 167/167/167 233/233/233 168/168/168
f 167/167/167 232/232/232 233/233/233
f 168/168/168 234/234/234 169/169/169
f 168/168/168 233/233/233 234/234/234
f 169/169/169 235/235/235 170/170/170
f 169/169/169 234/234/234 235/235/235
f 170/170/170 236/236/236 171/171/171
f 170/170/170 235/235/235 236/236/236
f 171/171/171 237/237/237 172/172/172
f 171/171/171 236/236/236 237/237/237
f 172/172/172 238/238/238 173/173/173
f 172/172/172 237/237/237 238/238/238
f 173/173/173 239/239/239 174/174/174
f 173/173/173 238/238/238 239/239/239
f 174/174/174 240/240/240 175/175/175
f 174/174/174 239/239/239 240/240/240
f 175/175/175 241/241/241 176/176/176
f 175/175/175 240/240/240 241/241/241
f 176/176/176 242/242/242 177/177/177
f 176/176/176 241/241/241 242/242/242
f 177/177/177 243/243/243 178/178/178
f 177/177/177 242/242/242 243/243/243
f 178/178/178 244/244/244 179/179/179
f 178/178/178 243/243/243 244/244/244
f 179/179/179 245/245/245 180/180/180
f 179/179/179 244/244/244 245/245/245
f 180/180/180 246/246/246 181/181/181
f 180/180/180 245/245/245 246/246/246
f 181/181/181 247/247/247 182/182/182
f 181/181/181 246/246/246 247/247/247
f 182/182/182 248/248/248 183/183/183
f 182/182/182 247/247/247 248/248/248
f 183/183/183 249/249/249 184/184/184
f 183/183/183 248/248/248 249/249/249
f 184/184/184 250/250/250 185/185/185
f 184/184/184 249/249/249 250/250/250
f 185/185/185 251/251/251 186/186/186
f 185/185/185 250/250/250 251/251/251
f 186/186/186 252/252/252 187/187/187
f 186/186/186 251/251/251 252/252/252
f 187/187/187 253/253/253 188/188/188
f 187/187/187 252/252/252 253/253/253
f 188/188/188 254/254/254 189/189/189
f 188/188/188 253/253/253 254/254/254
f 189/189/189 255/255/255 190/190/190
f 189/189/189 254/254/254 255/255/255
f 190/190/190 256/256/256 191/191/191
f 190/190/190 255/255/255 256/256/256
f 191/191/191 257/257/257 192/192/192
f 191/191/191 256/256/256 257/257/257
f 192/192/192 258/258/258 193/193/193
f 192/192/192 257/257/257 258/258/258
f 193/193/193 259/259/259 194/194/194
f 193/193/193 258/258/258 259/259/259
f 194/194/194 260/260/260 195/195/195
f 194/194/194 259/259/259 260/260/260
f 196/196/196 262/262/262 197/197/197
f 196/196/196 261/261/261 262/262/262
f 197/197/197 263/263/263 198/198/198
f 197/197/197 262/262/262 263/263/263
f 198/198/198 264/264/264 199/199/199
f 198/198/198 263/263/263 264/264/264
f 199/199/199 265/265/265 200/200/200
f 199/199/199 264/264/264 265/265/265
f 200/200/200 266/266/266 201/201/201
f 200/200/200 265/265/265 266/266/266
f 201/201/201 267/267/267 202/202/202
f 201/201/201 266/266/266 267/267/267
f 202/202/202 268/268/268 203/203/203
f 202/202/202 267/267/267 268/268/268
f 203/203/203 269/269/269 204/204/204
f 203/203/203 268/268/268 269/269/269
f 204/204/204 270/270/270 205/205/205
f 204/204/204 269/269/269 270/270/270
f 205/205/205 271/271/271 206/206/206
f 205/205/205 270/270/270 271/271/271
f 206/206/206 272/272/272 207/207/207
f 206/206/206 271/271/271 272/272/272
f 207/207/207 273/273/273 208/208/208
f 207/207/207 272/272/272 273/273/273
f 208/208/208 274/274/274 209/209/209
f 208/208/208 273/273/273 274/274/274
f 209/209/209 275/275/275 210/210/210
f 209/209/209 274/274/274 275/275/275
f 210/210/210 276/276/276 211/211/211
f 210/210/210 275/275/275 276/276/276
f 211/211/211 277/277/277 212/212/212
f 211/211/211 276/276/276 277/277/277
f 212/212/212 278/278/278 213/213/213
f 212/212/212 277/277/277 278/278/278
f 213/213/213 279/279/279 214/214/214
f 213/213/213 278/278/278 279/279/279
f 214/214/214 280/280/280 215/215/215
f 214/214/214 279/279/279 280/280/280
f 215/215/215 281/281/281 216/216/216
f 215/215/215 280/280/280 281/281/281
f 216/216/216 282/282/282 217/217/217
f 216/216/216 281/281/281 282/282/282
f 217/217/217 283/283/283 218/218/218
f 217/217/217 282/282/282 283/283/283
f 218/218/218 284/284/284 219/219/219
f 218/218/218 283/283/283 284/284/284
f 219/219/219 285/285/285 220/220/220
f 219/219/219 284/284/284 285/285/285
f 220/220/220 286/286/286 221/221/221
f 220/220/220 285/285/285 286/286/286
f 221/221/221 287/287/287 222/222/222
f 221/221/221 286/286/286 287/287/287
f 222/222/222 288/288/288 223/223/223
f 222/222/222 287/287/287 288/288/288
f 223/223/223 289/289/289 224/224/224
f 223/223/223 288/288/288 289/289/289
f 224/224/224 290/290/290 225/225/225
f 224/224/224 289/289/289 290/290/290
f 225/225/225 291/291/291 226/226/226
f 225/225/225 290/290/290 291/291/291
f 226/226/226 292/292/292 227/227/227
f 226/226/226 291/291/291 292/292/292
f 227/227/227 293/293/293 228/228/228
f 227/227/227 292/292/292 293/293/293
f 228/228/228 294/294/294 229/229/229
f 228/228/228 293/293/293 294/294/294
f 229/229/229 295/295/295 230/230/230
f 229/229/229 294/294/294 295/295/295
f 230/230/230 296/296/296 231/231/231
f 230/230/230 295/295/295 296/296/296
f 231/231/231 297/297/297 232/232/232
f 231/231/231 296/296/296 297/297/297
f 232/232/232 298/298/298 233/233/233
f 232/232/232 297/297/297 298/298/298
f 233/233/233 299/299/299 234/234/234
f 233/233/233 298/298/298 299/299/299
f 234/234/234 300/300/300 235/235/235
f 234/234/234 299/299/299 300/300/300
f 235/235/235 301/301/301 236/236/236
f 235/235/235 300/300/300 301/301/301
f 236/236/236 302/302/302 237/237/237
f 236/236/236 301/301/301 302/302/302
f 237/237/237 303/303/303 238/238/238
f 237/237/237 302/302/302 303/303/303
f 238/238/238 304/304/304 239/239/239
f 238/238/238 303/303/303 304/304/304
f 239/239/239 305/305/305 240/240/240
f 239/239/239 304/304/304 305/305/305
f 240/240/240 306/306/306 241/241/241
f 240/240/240 305/305/305 306/306/306
f 241/241/241 307/307/307 242/242/242
f 241/241/241 306/306/306 307/307/307
f 242/242/242 308/308/308 243/243/243
f 242/242/242 307/307/307 308/308/308
f 243/243/243 309/309/309 244/244/244
f 243/243/243 308/308/308 309/309/309
f 244/244/244 310/310/310 245/245/245
f 244/244/244 309/309/309 310/310/310
f 245/245/245 311/311/311 246/246/246
f 245/245/245 310/310/310 311/311/311
f 246/246/246 312/312/312 247/247/247
f 246/246/246 311/311/311 312/312/312
f 247/247/247 313/313/313 248/248/248
f 247/247/247 312/312/312 313/313/313
f 248/248/248 314/314/314 249/249/249
f 248/248/248 313/313/313 314/314/314
f 249/249/249 315/315/315 250/250/250
f 249/249/249 314/314/314 315/315/315
f 250/250/250 316/316/316 251/251/251
f 250/250/250 315/315/315 316/316/316
f 251/251/251 317/317/317 252/252/252
f 251/251/251 316/316/316 317/317/317
f 252/252/252 318/318/318 253/253/253
f 252/252/252 317/317/317 318/318/318
f 253/253/253 319/319/319 254/254/254
f 253/253/253 318/318/318 319/319/319
f 254/254/254 320/320/320 255/255/255
f 254/254/254 319/319/319 320/320/320
f 255/255/255 321/321/321 256/256/256
f 255/255/255 320/320/320 321/321/321
f 256/256/256 322/322/322 257/257/257
f 256/256/256 321/321/321 322/322/322
f 257/257/257 323/323/323 258/258/258
f 257/257/257 322/322/322 323/323/323
f 258/258/258 324/324/324 259/259/259
f 258/258/258 323/323/323 324/324/324
f 259/259/259 325/325/325 260/260/260
f 259/259/259 324/324/324 325/325/325
f 261/261/261 327/327/327 262/262/262
f 261/261/261 326/326/326 327/327/327
f 262/262/262 328/328/328 263/263/263
f 262/262/262 327/327/327 328/328/328
f 263/263/263 329/329/329 264/264/264
f 263/263/263 328/328/328 329/329/329
f 264/264/264 330/330/330 265/265/265
f 264/264/264 329/329/329 330/330/330
f 265/265/265 331/331/331 266/266/266
f 265/265/265 330/330/330 331/331/331
f 266/266/266 332/332/332 267/267/267
f 266/266/266 331/331/331 332/332/332
f 267/267/267 333/333/333 268/268/268
f 267/267/267 332/332/332 333/333/333
f 268/268/268 334/334/334 269/269/269
f 268/268/268 333/333/333 334/334/334
f 269/269/269 335/335/335 270/270/270
f 269/269/269 334/334/334 335/335/335
f 270/270/270 336/336/336 271/271/271
f 270/270/270 335/335/335 336/336/336
f 271/271/271 337/337/337 272/272/272
f 271/271/271 336/336/336 337/337/337
f 272/272/272 338/338/338 273/273/273
f 272/272/272 337/337/337 338/338/338
f 273/273/273 339/339/339 274/274/274
f 273/273/273 338/338/338 339/339/339
f 274/274/274 340/340/340 275/275/275
f 274/274/274 339/339/339 340/340/340
f 275/275/275 341/341/341 276/276/276
f 275/275/275 340/340/340 341/341/341
f 276/276/276 342/342/342 277/277/277
f 276/276/276 341/341/341 342/342/342
f 277/277/277 343/343/343 278/278/278
f 277/277/277 342/342/342 343/343/343
f 278/278/278 344/344/344 279/279/279
f 278/278/278 343/343/343 344/344/344
f 279/279/279 345/345/345 280/280/280
f 279/279/279 344/344/344 345/345/345
f 280/280/280 346/346/346 281/281/281
f 280/280/280 345/345/345 346/346/346
f 281/281/281 347/347/347 282/282/282
f 281/281/281 346/346/346 347/347/347
f 282/282/282 348/348/348 283/283/283
f 282/282/282 347/347/347 348/348/348
f 283/283/283 349/349/349 284/284/284
f 283/283/283 348/348/348 349/349/349
f 284/284/284 350/350/350 285/285/285
f 284/284/284 349/349/349 350/350/350
f 285/285/285 351/351/351 286/286/286
f 285/285/285 350/350/350 351/351/351
f 286/286/286 352/352/352 287/287/287
f 286/286/286 351/351/351 352/352/352
f 287/287/287 353/353/353 288/288/288
f 287/287/287 352/352/352 353/353/353
f 288/288/288 354/354/354 289/289/289
f 288/288/288 353/353/353 354/354/354
f 289/289/289 355/355/355 290/290/290
f 289/289/289 354/354/354 355/355/355
f 290/290/290 356/356/356 291/291/291
f 290/290/290 355/355/355 356/356/356
f 291/291/291 357/357/357 292/292/292
f 291/291/291 356/356/356 357/357/357
f 292/292/292 358/358/358 293/293/293
f 292/292/292 357/357/357 358/358/358
f 293/293/293 359/359/359 294/294/294
f 293/293/293 358/358/358 359/359/359
f 294/294/294 360/360/360 295/295/295
f 294/294/294 359/359/359 360/360/360
f 295/295/295 361/361/361 296/296/296
f 295/295/295 360/360/360 361/361/361
f 296/296/296 362/362/362 297/297/297
f 296/296/296 361/361/361 362/362/362
f 297/297/297 363/363/363 298/298/298
f 297/297/297 362/362/362 363/363/363
f 298/298/298 364/364/364 299/299/299
f 298/298/298 363/363/363 364/364/364
f 299/299/299 365/365/365 300/300/300
f 299/299/299 364/364/364 365/365/365
f 300/300/300 366/366/366 301/301/301
f 300/300/300 365/365/365 366/366/366
f 301/301/301 367/367/367 302/302/302
f 301/301/301 366/366/366 367/367/367
f 302/302/302 368/368/368 303/303/303
f 302/302/302 367/367/367 368/368/368
f 303/303/303 369/369/369 304/304/304
f 303/303/303 368/368/368 369/369/369
f 304/304/304 370/370/370 305/305/305
f 304/304/304 369/369/369 370/370/370
f 305/305/305 371/371/371 306/306/306
f 305/305/305 370/370/370 371/371/371
f 306/306/306 372/372/372 307/307/307
f 306/306/306 371/371/371 372/372/372
f 307/307/307 373/373/373 308/308/308
f 307/307/307 372/372/372 373/373/373
f 308/308/308 374/374/374 309/309/309
f 308/308/308 373/373/373 374/374/374
f 309/309/309 375/375/375 310/310/310
f 309/309/309 374/374/374 375/375/375
f 310/310/310 376/376/376 311/311/311
f 310/310/310 375/375/375 376/376/376
f 311/311/311 377/377/377 312/312/312
f 311/311/311 376/376/376 377/377/377
f 312/312/312 378/378/378 313/313/313
f 312/312/312 377/377/377 378/378/378
f 313/313/313 379/379/379 314/314/314
f 313/313/313 378/378/378 379/379/379
f 314/314/314 380/380/380 315/315/315
f 314/314/314 379/379/379 380/380/380
f 315/315/315 381/381/381 316/316/316
f 315/315/315 380/380/380 381/381/381
f 316/316/316 382/382/382 317/317/317
f 316/316/316 381/381/381 382/382/382
f 317/317/317 383/383/383 318/318/318
f 317/317/317 382/382/382 383/383/383
f 318/318/318 384/384/384 319/319/319
f 318/318/318 383/383/383 384/384/384
f 319/319/319 385/385/385 320/320/320
f 319/319/319 384/384/384 385/385/385
f 320/320/320 386/386/386 321/321/321
f 320/320/320 385/385/385 386/386/386
f 321/321/321 387/387/387 322/322/322
f 321/321/321 386/386/386 387/387/387
f 322/322/322 388/388/388 323/323/323
f 322/322/322 387/387/387 388/388/388
f 323/323/323 389/389/389 324/324/324
f 323/323/323 388/388/388 389/389/389
f 324/324/324 390/390/390 325/325/325
f 324/324/324 389/389/389 390/390/390
f 326/326/326 392/392/392 327/327/327
f 326/326/326 391/391/391 392/392/392
f 327/327/327 393/393/393 328/328/328
f 327/327/327 392/392/392 393/393/393
f 328/328/328 394/394/394 329/329/329
f 328/328/328 393/393/393 394/394/394
f 329/329/329 395/395/395 330/330/330
f 329/329/329 394/394/394 395/395/395
f 330/330/330 396/396/396 331/331/331
f 330/330/330 395/395/395 396/396/396
f 331/331/331 397/397/397 332/332/332
f 331/331/331 396/396/396 397/397/397
f 332/332/332 398/398/398 333/333/333
f 332/332/332 397/397/397 398/398/398
f 333/333/333 399/399/399 334/334/334
f 333/333/333 398/398/398 399/399/399
f 334/334/334 400/400/400 335/335/335
f 334/334/334 399/399/399 400/400/400
f 335/335/335 401/401/401 336/336/336
f 335/335/335 400/400/400 401/401/401
f 336/336/336 402/402/402 337/337/337
f 336/336/336 401/401/401 402/402/402
f 337/337/337 403/403/403 338/338/338
f 337/337/337 402/402/402 403/403/403
f 338/338/338 404/404/404 339/339/339
f 338/338/338 403/403/403 404/404/404
f 339/339/339 405/405/405 340/340/340
f 339/339/339 404/404/404 405/405/405
f 340/340/340 406/406/406 341/341/341
f 340/340/340 405/405/405 406/406/406
f 341/341/341 407/407/407 342/342/342
f 341/341/341 406/406/406 407/407/407
f 342/342/342 408/408/408 343/343/343
f 342/342/342 407/407/407 408/408/408
f 343/343/343 409/409/409 344/344/344
f 343/343/343 408/408/408 409/409/409
f 344/344/344 410/410/410 345/345/345
f 344/344/344 409/409/409 410/410/410
f 345/345/345 411/411/411 346/346/346
f 345/345/345 410/410/410 411/411/411
f 346/346/346 412/412/412 347/347/347
f 346/346/346 411/411/411 412/412/412
f 347/347/347 413/413/413 348/348/348
f 347/347/347 412/412/412 413/413/413
f 348/348/348 414/414/414 349/349/349
f 348/348/348 413/413/413 414/414/414
f 349/349/349 415/415/415 350/350/350
f 349/349/349 414/414/414 415/415/415
f 350/350/350 416/416/416 351/351/351
f 350/350/350 415/415/415 416/416/416
f 351/351/351 417/417/417 352/352/352
f 351/351/351 416/416/416 417/417/417
f 352/352/352 418/418/418 353/353/353
f 352/352/352 417/417/417 418/418/418
f 353/353/353 419/419/419 354/354/354
f 353/353/353 418/418/418 419/419/419
f 354/354/354 420/420/420 355/355/355
f 354/354/354 419/419/419 420/420/420
f 355/355/355 421/421/421 356/356/356
f 355/355/355 420/420/420 421/421/421
f 356/356/356 422/422/422 357/357/357
f 356/356/356 421/421/421 422/422/422
f 357/357/357 423/423/423 358/358/358
f 357/357/357 422/422/422 423/423/423
f 358/358/358 424/424/424 359/359/359
f 358/358/358 423/423/423 424/424/424
f 359/359/359 425/425/425 360/360/360
f 359/359/359 424/424/424 425/425/425
f 360/360/360 426/426/426 361/361/361
f 360/360/360 425/425/425 426/426/426
f 361/361/361 427/427/427 362/362/362
f 361/361/361 426/426/426 427/427/427
f 362/362/362 428/428/428 363/363/363
f 362/362/362 427/427/427 428/428/428
f 363/363/363 429/429/429 364/364/364
f 363/363/363 428/428/428 429/429/429
f 364/364/364 430/430/430 365/365/365
f 364/364/364 429/429/429 430/430/430
f 365/365/365 431/431/431 366/366/366
f 365/365/365 430/430/430 431/431/431
f 366/366/366 432/432/432 367/367/367
f 366/366/366 431/431/431 432/432/432
f 367/367/367 433/433/433 368/368/368
f 367/367/367 432/432/432 433/433/433
f 368/368/368 434/434/434 369/369/369
f 368/368/368 433/433/433 434/434/434
f 369/369/369 435/435/435 370/370/370
f 369/369/369 434/434/434 435/435/435
f 370/370/370 436/436/436 371/371/371
f 370/370/370 435/435/435 436/436/436
f 371/371/371 437/437/437 372/372/372
f 371/371/371 436/436/436 437/437/437
f 372/372/372 438/438/438 373/373/373
f 372/372/372 437/437/437 438/438/438
f 373/373/373 439/439/439 374/374/374
f 373/373/373 438/438/438 439/439/439
f 374/374/374 440/440/440 375/375/375
f 374/374/374 439/439/439 440/440/440
f 375/375/375 441/441/441 376/376/376
f 375/375/375 440/440/440 441/441/441
f 376/376/376 442/442/442 377/377/377
f 376/376/376 441/441/441 442/442/442
f 377/377/377 443/443/443 378/378/378
f 377/377/377 442/442/442 443/443/443
f 378/378/378 444/444/444 379/379/379
f 378/378/378 443/443/443 444/444/444
f 379/379/379 445/445/445 380/380/380
f 379/379/379 444/444/444 445/445/445
f 380/380/380 446/446/446 381/381/381
f 380/380/380 445/445/445 446/446/446
f 381/381/381 447/447/447 382/382/382
f 381/381/381 446/446/446 447/447/447
f 382/382/382 448/448/448 383/383/383
f 382/382/382 447/447/447 448/448/448
f 383/383/383 449/449/449 384/384/384
f 383/383/383 448/448/448 449/449/449
f 384/384/384 450/450/450 385/385/385
f 384/384/384 449/449/449 450/450/450
f 385/385/385 451/451/451 386/386/386
f 385/385/385 450/450/450 451/451/451
f 386/386/386 452/452/452 387/387/387
f 386/386/386 451/451/451 452/452/452
f 387/387/387 453/453/453 388/388/388
f 387/387/387 452/452/452 453/453/453
f 388/388/388 454/454/454 389/389/389
f 388/388/388 453/453/453 454/454/454
f 389/389/389 455/455/455 390/390/390
f 389/389/389 454/454/454 455/455/455
f 391/391/391 457/457/457 392/392/392
f 391/391/391 456/456/456 457/457/457
f 392/392/392 458/458/458 393/393/393
f 392/392/392 457/457/457 458/458/458
f 393/393/393 459/459/459 394/394/394
f 393/393/393 458/458/458 459/459/459
f 394/394/394 460/460/460 395/395/395
f 394/394/394 459/459/459 460/460/460
f 395/395/395 461/461/461 396/396/396
f 395/395/395 460/460/460 461/461/461
f 396/396/396 462/462/462 397/397/397
f 396/396/396 461/461/461 462/462/462
f 397/397/397 463/463/463 398/398/398
f 397/397/397 462/462/462 463/463/463
f 398/398/398 464/464/464 399/399/399
f 398/398/398 463/463/463 464/464/464
f 399/399/399 465/465/465 400/400/400
f 399/399/399 464/464/464 465/465/465
f 400/400/400 466/466/466 401/401/401
f 400/400/400 465/465/465 466/466/466
f 401/401/401 467/467/467 402/402/402
f 401/401/401 466/466/466 467/467/467
f 402/402/402 468/468/468 403/403/403
f 402/402/402 467/467/467 468/468/468
f 403/403/403 469/469/469 404/404/404
f 403/403/403 468/468/468 469/469/469
f 404/404/404 470/470/470 405/405/405
f 404/404/404 469/469/469 470/470/470
f 405/405/405 471/471/471 406/406/406
f 405/405/405 470/470/470 471/471/471
f 406/406/406 472/472/472 407/407/407
f 406/406/406 471/471/471 472/472/472
f 407/407/407 473/473/473 408/408/408
f 407/407/407 472/472/472 473/473/473
f 408/408/408 474/474/474 409/409/409
f 408/408/408 473/473/473 474/474/474
f 409/409/409 475/475/475 410/410/410
f 409/409/409 474/474/474 475/475/475
f 410/410/410 476/476/476 411/411/411
f 410/410/410 475/475/475 476/476/476
f 411/411/411 477/477/477 412/412/412
f 411/411/411 476/476/476 477/477/477
f 412/412/412 478/478/478 413/413/413
f 412/412/412 477/477/477 478/478/478
f 413/413/413 479/479/479 414/414/414
f 413/413/413 478/478/478 479/479/479
f 414/414/414 480/480/480 415/415/415
f 414/414/414 479/479/479 480/480/480
f 415/415/415 481/481/481 416/416/416
f 415/415/415 480/480/480 481/481/481
f 416/416/416 482/482/482 417/417/417
f 416/416/416 481/481/481 482/482/482
f 417/417/417 483/483/483 418/418/418
f 417/417/417 482/482/482 483/483/483
f 418/418/418 484/484/484 419/419/419
f 418/418/418 483/483/483 484/484/484
f 419/419/419 485/485/485 420/420/420
f 419/419/419 484/484/484 485/485/485
f 420/420/420 486/486/486 421/421/421
f 420/420/420 485/485/485 486/486/486
f 421/421/421 487/487/487 422/422/422
f 421/421/421 486/486/486 487/487/487
f 422/422/422 488/488/488 423/423/423
f 422/422/422 487/487/487 488/488/488
f 423/423/423 489/489/489 424/424/424
f 423/423/423 488/488/488 489/489/489
f 424/424/424 490/490/490 425/425/425
f 424/424/424 489/489/489 490/490/490
f 425/425/425 491/491/491 426/426/426
f 425/425/425 490/490/490 491/491/491
f 426/426/426 492/492/492 427/427/427
f 426/426/426 491/491/491 492/492/492
f 427/427/427 493/493/493 428/428/428
f 427/427/427 492/492/492 493/493/493
f 428/428/428 494/494/494 429/429/429
f 428/428/428 493/493/493 494/494/494
f 429/429/429 495/495/495 430/430/430
f 429/429/429 494/494/494 495/495/495
f 430/430/430 496/496/496 431/431/431
f 430/430/430 495/495/495 496/496/496
f 431/431/431 497/497/497 432/432/432
f 431/431/431 496/496/496 497/497/497
f 432/432/432 498/498/498 433/433/433
f 432/432/432 497/497/497 498/498/498
f 433/433/433 499/499/499 434/434/434
f 433/433/433 498/498/498 499/499/499
f 434/434/434 500/500/500 435/435/435
f 434/434/434 499/499/499 500/500/500
f 435/435/435 501/501/501 436/436/436
f 435/435/435 500/500/500 501/501/501
f 436/436/436 502/502/502 437/437/437
f 436/436/436 501/501/501 502/502/502
f 437/437/437 503/503/503 438/438/438
f 437/437/437 502/502/502 503/503/503
f 438/438/438 504/504/504 439/439/439
f 438/438/438 503/503/503 504/504/504
f 439/439/439 505/505/505 440/440/440
f 439/439/439 504/504/504 505/505/505
f 440/440/440 506/506/506 441/441/441
f 440/440/440 505/505/505 506/506/506
f 441/441/441 507/507/507 442/442/442
f 441/441/441 506/506/506 507/507/507
f 442/442/442 508/508/508 443/443/443
f 442/442/442 507/507/507 508/508/508
f 443/443/443 509/509/509 444/444/444
f 443/443/443 508/508/508 509/509/509
f 444/444/444 510/510/510 445/445/445
f 444/444/444 509/509/509 510/510/510
f 445/445/445 511/511/511 446/446/446
f 445/445/445 510/510/510 511/511/511
f 446/446/446 512/512/512 447/447/447
f 446/446/446 511/511/511 512/512/512
f 447/447/447 513/513/513 448/448/448
f 447/447/447 512/512/512 513/513/513
f 448/448/448 514/514/514 449/449/449
f 448/448/448 513/513/513 514/514/514
f 449/449/449 515/515/515 450/450/450
f 449/449/449 514/514/514 515/515/515
f 450/450/450 516/516/516 451/451/451
f 450/450/450 515/515/515 516/516/516
f 451/451/451 517/517/517 452/452/452
f 451/451/451 516/516/516 517/517/517
f 452/452/452 518/518/518 453/453/453
f 452/452/452 517/517/517 518/518/518
f 453/453/453 519/519/519 454/454/454
f 453/453/453 518/518/518 519/519/519
f 454/454/454 520/520/520 455/455/455
f 454/454/454 519/519/519 520/520/520
f 456/456/456 522/522/522 457/457/457
f 456/456/456 521/521/521 522/522/522
f 457/457/457 523/523/523 458/458/458
f 457/457/457 522/522/522 523/523/523
f 458/458/458 524/524/524 459/459/459
f 458/458/458 523/523/523 524/524/524
f 459/459/459 525/525/525 460/460/460
f 459/459/459 524/524/524 525/525/525
f 460/460/460 526/526/526 461/461/461
f 460/460/460 525/525/525 526/526/526
f 461/461/461 527/527/527 462/462/462
f 461/461/461 526/526/526 527/527/527
f 462/462/462 528/528/528 463/463/463
f 462/462/462 527/527/527 528/528/528
f 463/463/463 529/529/529 464/464/464
f 463/463/463 528/528/528 529/529/529
f 464/464/464 530/530/530 465/465/465
f 464/464/464 529/529/529 530/530/530
f 465/465/465 531/531/531 466/466/466
f 465/465/465 530/530/530 531/531/531
f 466/466/466 532/532/532 467/467/467
f 466/466/466 531/531/531 532/532/532
f 467/467/467 533/533/533 468/468/468
f 467/467/467 532/532/532 533/533/533
f 468/468/468 534/534/534 469/469/469
f 468/468/468 533/533/533 534/534/534
f 469/469/469 535/535/535 470/470/470
f 469/469/469 534/534/534 535/535/535
f 470/470/470 536/536/536 471/471/471
f 470/470/470 535/535/535 536/536/536
f 471/471/471 537/537/537 472/472/472
f 471/471/471 536/536/536 537/537/537
f 472/472/472 538/538/538 473/473/473
f 472/472/472 537/537/537 538/538/538
f 473/473/473 539/539/539 474/474/474
f 473/473/473 538/538/538 539/539/539
f 474/474/474 540/540/540 475/475/475
f 474/474/474 539/539/539 540/540/540
f 475/475/475 541/541/541 476/476/476
f 475/475/475 540/540/540 541/541/541
f 476/476/476 542/542/542 477/477/477
f 476/476/476 541/541/541 542/542/542
f 477/477/477 543/543/543 478/478/478
f 477/477/477 542/542/542 543/543/543
f 478/478/478 544/544/544 479/479/479
f 478/478/478 543/543/543 544/544/544
f 479/479/479 545/545/545 480/480/480
f 479/479/479 544/544/544 545/545/545
f 480/480/480 546/546/546 481/481/481
f 480/480/480 545/545/545 546/546/546
f 481/481/481 547/547/547 482/482/482
f 481/481/481 546/546/546 547/547/547
f 482/482/482 548/548/548 483/483/483
f 482/482/482 547/547/547 548/548/548
f 483/483/483 549/549/549 484/484/484
f 483/483/483 548/548/548 549/549/549
f 484/484/484 550/550/550 485/485/485
f 484/484/484 549/549/549 550/550/550
f 485/485/485 551/551/551 486/486/486
f 485/485/485 550/550/550 551/551/551
f 486/486/486 552/552/552 487/487/487
f 486/486/486 551/551/551 552/552/552
f 487/487/487 553/553/553 488/488/488
f 487/487/487 552/552/552 553/553/553
f 488/488/488 554/554/554 489/489/489
f 488/488/488 553/553/553 554/554/554
f 489/489/489 555/555/555 490/490/490
f 489/489/489 554/554/554 555/555/555
f 490/490/490 556/556/556 491/491/491
f 490/490/490 555/555/555 556/556/556
f 491/491/491 557/557/557 492/492/492
f 491/491/491 556/556/556 557/557/557
f 492/492/492 558/558/558 493/493/493
f 492/492/492 557/557/557 558/558/558
f 493/493/493 559/559/559 494/494/494
f 493/493/493 558/558/558 559/559/559
f 494/494/494 560/560/560 495/495/495
f 494/494/494 559/559/559 560/560/560
f 495/495/495 561/561/561 496/496/496
f 495/495/495 560/560/560 561/561/561
f 496/496/496 562/562/562 497/497/497
f 496/496/496 561/561/561 562/562/562
f 497/497/497 563/563/563 498/498/498
f 497/497/497 562/562/562 563/563/563
f 498/498/498 564/564/564 499/499/499
f 498/498/498 563/563/563 564/564/564
f 499/499/499 565/565/565 500/500/500
f 499/499/499 564/564/564 565/565/565
f 500/500/500 566/566/566 501/501/501
f 500/500/500 565/565/565 566/566/566
f 501/501/501 567/567/567 502/502/502
f 501/501/501 566/566/566 567/567/567
f 502/502/502 568/568/568 503/503/503
f 502/502/502 567/567/567 568/568/568
f 503/503/503 569/569/569 504/504/504
f 503/503/503 568/568/568 569/569/569
f 504/504/504 570/570/570 505/505/505
f 504/504/504 569/569/569 570/570/570
f 505/505/505 571/571/571 506/506/506
f 505/505/505 570/570/570 571/571/571
f 506/506/506 572/572/572 507/507/507
f 506/506/506 571/571/571 572/572/572
f 507/507/507 573/573/573 508/508/508
f 507/507/507 572/572/572 573/573/573
f 508/508/508 574/574/574 509/509/509
f 508/508/508 573/573/573 574/574/574
f 509/509/509 575/575/575 510/510/510
f 509/509/509 574/574/574 575/575/575
f 510/510/510 576/576/576 511/511/511
f 510/510/510 575/575/575 576/576/576
f 511/511/511 577/577/577 512/512/512
f 511/511/511 576/576/576 577/577/577
f 512/512/512 578/578/578 513/513/513
f 512/512/512 577/577/577 578/578/578
f 513/513/513 579/579/579 514/514/514
f 513/513/513 578/578/578 579/579/579
f 514/514/514 580/580/580 515/515/515
f 514/514/514 579/579/579 580/580/580
f 515/515/515 581/581/581 516/516/516
f 515/515/515 580/580/580 581/581/581
f 516/516/516 582/582/582 517/517/517
f 516/516/516 581/581/581 582/582/582
f 517/517/517 583/583/583 518/518/518
f 517/517/517 582/582/582 583/583/583
f 518/518/518 584/584/584 519/519/519
f 518/518/518 583/583/583 584/584/584
f 519/519/519 585/585/585 520/520/520
f 519/519/519 584/584/584 585/585/585
f 521/521/521 587/587/587 522/522/522
f 521/521/521 586/586/586 587/587/587
f 522/522/522 588/588/588 523/523/523
f 522/522/522 587/587/587 588/588/588
f 523/523/523 589/589/589 524/524/524
f 523/523/523 588/588/588 589/589/589
f 524/524/524 590/590/590 525/525/525
f 524/524/524 589/589/589 590/590/590
f 525/525/525 591/591/591 526/526/526
f 525/525/525 590/590/590 591/591/591
f 526/526/526 592/592/592 527/527/527
f 526/526/526 591/591/591 592/592/592
f 527/527/527 593/593/593 528/528/528
f 527/527/527 592/592/592 593/593/593
f 528/528/528 594/594/594 529/529/529
f 528/528/528 593/593/593 594/594/594
f 529/529/529 595/595/595 530/530/530
f 529/529/529 594/594/594 595/595/595
f 530/530/530 596/596/596 531/531/531
f 530/530/530 595/595/595 596/596/596
f 531/531/531 597/597/597 532/532/532
f 531/531/531 596/596/596 597/597/597
f 532/532/532 598/598/598 533/533/533
f 532/532/532 597/597/597 598/598/598
f 533/533/533 599/599/599 534/534/534
f 533/533/533 598/598/598 599/599/599
f 534/534/534 600/600/600 535/535/535
f 534/534/534 599/599/599 600/600/600
f 535/535/535 601/601/601 536/536/536
f 535/535/535 600/600/600 601/601/601
f 536/536/536 602/602/602 537/537/537
f 536/536/536 601/601/601 602/602/602
f 537/537/537 603/603/603 538/538/538
f 537/537/537 602/602/602 603/603/603
f 538/538/538 604/604/604 539/539/539
f 538/538/538 603/603/603 604/604/604
f 539/539/539 605/605/605 540/540/540
f 539/539/539 604/604/604 605/605/605
f 540/540/540 606/606/606 541/541/541
f 540/540/540 605/605/605 606/606/606
f 541/541/541 607/607/607 542/542/542
f 541/541/541 606/606/606 607/607/607
f 542/542/542 608/608/608 543/543/543
f 542/542/542 607/607/607 608/608/608
f 543/543/543 609/609/609 544/544/544
f 543/543/543 608/608/608 609/609/609
f 544/544/544 610/610/610 545/545/545
f 544/544/544 609/609/609 610/610/610
f 545/545/545 611/611/611 546/546/546
f 545/545/545 610/610/610 611/611/611
f 546/546/546 612/612/612 547/547/547
f 546/546/546 611/611/611 612/612/612
f 547/547/547 613/613/613 548/548/548
f 547/547/547 612/612/612 613/613/613
f 548/548/548 614/614/614 549/549/549
f 548/548/548 613/613/613 614/614/614
f 549/549/549 615/615/615 550/550/550
f 549/549/549 614/614/614 615/615/615
f 550/550/550 616/616/616 551/551/551
f 550/550/550 615/615/615 616/616/616
f 551/551/551 617/617/617 552/552/552
f 551/551/551 616/616/616 617/617/617
f 552/552/552 618/618/618 553/553/553
f 552/552/552 617/617/617 618/618/618
f 553/553/553 619/619/619 554/554/554
f 553/553/553 618/618/618 619/619/619
f 554/554/554 620/620/620 555/555/555
f 554/554/554 619/619/619 620/620/620
f 555/555/555 621/621/621 556/556/556
f 555/555/555 620/620/620 621/621/621
f 556/556/556 622/622/622 557/557/557
f 556/556/556 621/621/621 622/622/622
f 557/557/557 623/623/623 558/558/558
f 557/557/557 622/622/622 623/623/623
f 558/558/558 624/624/624 559/559/559
f 558/558/558 623/623/623 624/624/624
f 559/559/559 625/625/625 560/560/560
f 559/559/559 624/624/624 625/625/625
f 560/560/560 626/626/626 561/561/561
f 560/560/560 625/625/625 626/626/626
f 561/561/561 627/627/627 562/562/562
f 561/561/561 626/626/626 627/627/627
f 562/562/562 628/628/628 563/563/563
f 562/562/562 627/627/627 628/628/628
f 563/563/563 629/629/629 564/564/564
f 563/563/563 628/628/628 629/629/629
f 564/564/564 630/630/630 565/565/565
f 564/564/564 629/629/629 630/630/630
f 565/565/565 631/631/631 566/566/566
f 565/565/565 630/630/630 631/631/631
f 566/566/566 632/632/632 567/567/567
f 566/566/566 631/631/631 632/632/632
f 567/567/567 633/633/633 568/568/568
f 567/567/567 632/632/632 633/633/633
f 568/568/568 634/634/634 569/569/569
f 568/568/568 633/633/633 634/634/634
f 569/569/569 635/635/635 570/570/570
f 569/569/569 634/634/634 635/635/635
f 570/570/570 636/636/636 571/571/571
f 570/570/570 635/635/635 636/636/636
f 571/571/571 637/637/637 572/572/572
f 571/571/571 636/636/636 637/637/637
f 572/572/572 638/638/638 573/573/573
f 572/572/572 637/637/637 638/638/638
f 573/573/573 639/639/639 574/574/574
f 573/573/573 638/638/638 639/639/639
f 574/574/574 640/640/640 575/575/575
f 574/574/574 639/639/639 640/640/640
f 575/575/575 641/641/641 576/576/576
f 575/575/575 640/640/640 641/641/641
f 576/576/576 642/642/642 577/577/577
f 576/576/576 641/641/641 642/642/642
f 577/577/577 643/643/643 578/578/578
f 577/577/577 642/642/642 643/643/643
f 578/578/578 644/644/644 579/579/579
f 578/578/578 643/643/643 644/644/644
f 579/579/579 645/645/645 580/580/580
f 579/579/579 644/644/644 645/645/645
f 580/580/580 646/646/646 581/581/581
f 580/580/580 645/645/645 646/646/646
f 581/581/581 647/647/647 582/582/582
f 581/581/581 646/646/646 647/647/647
f 582/582/582 648/648/648 583/583/583
f 582/582/582 647/647/647 648/648/648
f 583/583/583 649/649/649 584/584/584
f 583/583/583 648/648/648 649/649/649
f 584/584/584 650/650/650 585/585/585
f 584/584/584 649/649/649 650/650/650
f 586/586/586 652/652/652 587/587/587
f 586/586/586 651/651/651 652/652/652
f 587/587/587 653/653/653 588/588/588
f 587/587/587 652/652/652 653/653/653
f 588/588/588 654/654/654 589/589/589
f 588/588/588 653/653/653 654/654/654
f 589/589/589 655/655/655 590/590/590
f 589/589/589 654/654/654 655/655/655
f 590/590/590 656/656/656 591/591/591
f 590/590/590 655/655/655 656/656/656
f 591/591/591 657/657/657 592/592/592
f 591/591/591 656/656/656 657/657/657
f 592/592/592 658/658/658 593/593/593
f 592/592/592 657/657/657 658/658/658
f 593/593/593 659/659/659 594/594/594
f 593/593/593 658/658/658 659/659/659
f 594/594/594 660/660/660 595/595/595
f 594/594/594 659/659/659 660/660/660
f 595/595/595 661/661/661 596/596/596
f 595/595/595 660/660/660 661/661/661
f 596/596/596 662/662/662 597/597/597
f 596/596/596 661/661/661 662/662/662
f 597/597/597 663/663/663 598/598/598
f 597/597/597 662/662/662 663/663/663
f 598/598/598 664/664/664 599/599/599
f 598/598/598 663/663/663 664/664/664
f 599/599/599 665/665/665 600/600/600
f 599/599/599 664/664/664 665/665/665
f 600/600/600 666/666/666 601/601/601
f 600/600/600 665/665/665 666/666/666
f 601/601/601 667/667/667 602/602/602
f 601/601/601 666/666/666 667/667/667
f 602/602/602 668/668/668 603/603/603
f 602/602/602 667/667/667 668/668/668
f 603/603/603 669/669/669 604/604/604
f 603/603/603 668/668/668 669/669/669
f 604/604/604 670/670/670 605/605/605
f 604/604/604 669/669/669 670/670/670
f 605/605/605 671/671/671 606/606/606
f 605/605/605 670/670/670 671/671/671
f 606/606/606 672/672/672 607/607/607
f 606/606/606 671/671/671 672/672/672
f 607/607/607 673/673/673 608/608/608
f 607/607/607 672/672/672 673/673/673
f 608/608/608 674/674/674 609/609/609
f 608/608/608 673/673/673 674/674/674
f 609/609/609 675/675/675 610/610/610
f 609/609/609 674/674/674 675/675/675
f 610/610/610 676/676/676 611/611/611
f 610/610/610 675/675/675 676/676/676
f 611/611/611 677/677/677 612/612/612
f 611/611/611 676/676/676 677/677/677
f 612/612/612 678/678/678 613/613/613
f 612/612/612 677/677/677 678/678/678
f 613/613/613 679/679/679 614/614/614
f 613/613/613 678/678/678 679/679/679
f 614/614/614 680/680/680 615/615/615
f 614/614/614 679/679/679 680/680/680
f 615/615/615 681/681/681 616/616/616
f 615/615/615 680/680/680 681/681/681
f 616/616/616 682/682/682 617/617/617
f 616/616/616 681/681/681 682/682/682
f 617/617/617 683/683/683 618/618/618
f 617/617/617 682/682/682 683/683/683
f 618/618/618 684/684/684 619/619/619
f 618/618/618 683/683/683 684/684/684
f 619/619/619 685/685/685 620/620/620
f 619/619/619 684/684/684 685/685/685
f 620/620/620 686/686/686 621/621/621
f 620/620/620 685/685/685 686/686/686
f 621/621/621 687/687/687 622/622/622
f 621/621/621 686/686/686 687/687/687
f 622/622/622 688/688/688 623/623/623
f 622/622/622 687/687/687 688/688/688
f 623/623/623 689/689/689 624/624/624
f 623/623/623 688/688/688 689/689/689
f 624/624/624 690/690/690 625/625/625
f 624/624/624 689/689/689 690/690/690
f 625/625/625 691/691/691 626/626/626
f 625/625/625 690/690/690 691/691/691
f 626/626/626 692/692/692 627/627/627
f 626/626/626 691/691/691 692/692/692
f 627/627/627 693/693/693 628/628/628
f 627/627/627 692/692/692 693/693/693
f 628/628/628 694/694/694 629/629/629
f 628/628/628 693/693/693 694/694/694
f 629/629/629 695/695/695 630/630/630
f 629/629/629 694/694/694 695/695/695
f 630/630/630 696/696/696 631/631/631
f 630/630/630 695/695/695 696/696/696
f 631/631/631 697/697/697 632/632/632
f 631/631/631 696/696/696 697/697/697
f 632/632/632 698/698/698 633/633/633
f 632/632/632 697/697/697 698/698/698
f 633/633/633 699/699/699 634/634/634
f 633/633/633 698/698/698 699/699/699
f 634/634/634 700/700/700 635/635/635
f 634/634/634 699/699/699 700/700/700
f 635/635/635 701/701/701 636/636/636
f 635/635/635 700/700/700 701/701/701
f 636/636/636 702/702/702 637/637/637
f 636/636/636 701/701/701 702/702/702
f 637/637/637 703/703/703 638/638/638
f 637/637/637 702/702/702 703/703/703
f 638/638/638 704/704/704 639/639/639
f 638/638/638 703/703/703 704/704/704
f 639/639/639 705/705/705 640/640/640
f 639/639/639 704/704/704 705/705/705
f 640/640/640 706/706/706 641/641/641
f 640/640/640 705/705/705 706/706/706
f 641/641/641 707/707/707 642/642/642
f 641/641/641 706/706/706 707/707/707
f 642/642/642 708/708/708 643/643/643
f 642/642/642 707/707/707 708/708/708
f 643/643/643 709/709/709 644/644/644
f 643/643/643 708/708/708 709/709/709
f 644/644/644 710/710/710 645/645/645
f 644/644/644 709/709/709 710/710/710
f 645/645/645 711/711/711 646/646/646
f 645/645/645 710/710/710 711/711/711
f 646/646/646 712/712/712 647/647/647
f 646/646/646 711/711/711 712/712/712
f 647/647/647 713/713/713 648/648/648
f 647/647/647 712/712/712 713/713/713
f 648/648/648 714/714/714 649/649/649
f 648/648/648 713/713/713 714/714/714
f 649/649/649 715/715/715 650/650/650
f 649/649/649 714/714/714 715/715/715
f 651/651/651 717/717/717 652/652/652
f 651/651/651 716/716/716 717/717/717
f 652/652/652 718/718/718 653/653/653
f 652/652/652 717/717/717 718/718/718
f 653/653/653 719/719/719 654/654/654
f 653/653/653 718/718/718 719/719/719
f 654/654/654 720/720/720 655/655/655
f 654/654/654 719/719/719 720/720/720
f 655/655/655 721/721/721 656/656/656
f 655/655/655 720/720/720 721/721/721
f 656/656/656 722/722/722 657/657/657
f 656/656/656 721/721/721 722/722/722
f 657/657/657 723/723/723 658/658/658
f 657/657/657 722/722/722 723/723/723
f 658/658/658 724/724/724 659/659/659
f 658/658/658 723/723/723 724/724/724
f 659/659/659 725/725/725 660/660/660
f 659/659/659 724/724/724 725/725/725
f 660/660/660 726/726/726 661/661/661
f 660/660/660 725/725/725 726/726/726
f 661/661/661 727/727/727 662/662/662
f 661/661/661 726/726/726 727/727/727
f 662/662/662 728/728/728 663/663/663
f 662/662/662 727/727/727 728/728/728
f 663/663/663 729/729/729 664/664/664
f 663/663/663 728/728/728 729/729/729
f 664/664/664 730/730/730 665/665/665
f 664/664/664 729/729/729 730/730/730
f 665/665/665 731/731/731 666/666/666
f 665/665/665 730/730/730 731/731/731
f 666/666/666 732/732/732 667/667/667
f 666/666/666 731/731/731 732/732/732
f 667/667/667 733/733/733 668/668/668
f 667/667/667 732/732/732 733/733/733
f 668/668/668 734/734/734 669/669/669
f 668/668/668 733/733/733 734/734/734
f 669/669/669 735/735/735 670/670/670
f 669/669/669 734/734/734 735/735/735
f 670/670/670 736/736/736 671/671/671
f 670/670/670 735/735/735 736/736/736
f 671/671/671 737/737/737 672/672/672
f 671/671/671 736/736/736 737/737/737
f 672/672/672 738/738/738 673/673/673
f 672/672/672 737/737/737 738/738/738
f 673/673/673 739/739/739 674/674/674
f 673/673/673 738/738/738 739/739/739
f 674/674/674 740/740/740 675/675/675
f 674/674/674 739/739/739 740/740/740
f 675/675/675 741/741/741 676/676/676
f 675/675/675 740/740/740 741/741/741
f 676/676/676 742/742/742 677/677/677
f 676/676/676 741/741/741 742/742/742
f 677/677/677 743/743/743 678/678/678
f 677/677/677 742/742/742 743/743/743
f 678/678/678 744/744/744 679/679/679
f 678/678/678 743/743/743 744/744/744
f 679/679/679 745/745/745 680/680/680
f 679/679/679 744/744/744 745/745/745
f 680/680/680 746/746/746 681/681/681
f 680/680/680 745/745/745 746/746/746
f 681/681/681 747/747/747 682/682/682
f 681/681/681 746/746/746 747/747/747
f 682/682/682 748/748/748 683/683/683
f 682/682/682 747/747/747 748/748/748
f 683/683/683 749/749/749 684/684/684
f 683/683/683 748/748/748 749/749/749
f 684/684/684 750/750/750 685/685/685
f 684/684/684 749/749/749 750/750/750
f 685/685/685 751/751/751 686/686/686
f 685/685/685 750/750/750 751/751/751
f 686/686/686 752/752/752 687/687/687
f 686/686/686 751/751/751 752/752/752
f 687/687/687 753/753/753 688/688/688
f 687/687/687 752/752/752 753/753/753
f 688/688/688 754/754/754 689/689/689
f 688/688/688 753/753/753 754/754/754
f 689/689/689 755/755/755 690/690/690
f 689/689/689 754/754/754 755/755/755
f 690/690/690 756/756/756 691/691/691
f 690/690/690 755/755/755 756/756/756
f 691/691/691 757/757/757 692/692/692
f 691/691/691 756/756/756 757/757/757
f 692/692/692 758/758/758 693/693/693
f 692/692/692 757/757/757 758/758/758
f 693/693/693 759/759/759 694/694/694
f 693/693/693 758/758/758 759/759/759
f 694/694/694 760/760/760 695/695/695
f 694/694/694 759/759/759 760/760/760
f 695/695/695 761/761/761 696/696/696
f 695/695/695 760/760/760 761/761/761
f 696/696/696 762/762/762 697/697/697
f 696/696/696 761/761/761 762/762/762
f 697/697/697 763/763/763 698/698/698
f 697/697/697 762/762/762 763/763/763
f 698/698/698 764/764/764 699/699/699
f 698/698/698 763/763/763 764/764/764
f 699/699/699 765/765/765 700/700/700
f 699/699/699 764/764/764 765/765/765
f 700/700/700 766/766/766 701/701/701
f 700/700/700 765/765/765 766/766/766
f 701/701/701 767/767/767 702/702/702
f 701/701/701 766/766/766 767/767/767
f 702/702/702 768/768/768 703/703/703
f 702/702/702 767/767/767 768/768/768
f 703/703/703 769/769/769 704/704/704
f 703/703/703 768/768/768 769/769/769
f 704/704/704 770/770/770 705/705/705
f 704/704/704 769/769/769 770/770/770
f 705/705/705 771/771/771 706/706/706
f 705/705/705 770/770/770 771/771/771
f 706/706/706 772/772/772 707/707/707
f 706/706/706 771/771/771 772/772/772
f 707/707/707 773/773/773 708/708/708
f 707/707/707 772/772/772 773/773/773
f 708/708/708 774/774/774 709/709/709
f 708/708/708 773/773/773 774/774/774
f 709/709/709 775/775/775 710/710/710
f 709/709/709 774/774/774 775/775/775
f 710/710/710 776/776/776 711/711/711
f 710/710/710 775/775/775 776/776/776
f 711/711/711 777/777/777 712/712/712
f 711/711/711 776/776/776 777/777/777
f 712/712/712 778/778/778 713/713/713
f 712/712/712 777/777/777 778/778/778
f 713/713/713 779/779/779 714/714/714
f 713/713/713 778/778/778 779/779/779
f 714/714/714 780/780/780 715/715/715
f 714/714/714 779/779/779 780/780/780
f 716/716/716 782/782/782 717/717/717
f 716/716/716 781/781/781 782/782/782
f 717/717/717 783/783/783 718/718/718
f 717/717/717 782/782/782 783/783/783
f 718/718/718 784/784/784 719/719/719
f 718/718/718 783/783/783 784/784/784
f 719/719/719 785/785/785 720/720/720
f 719/719/719 784/784/784 785/785/785
f 720/720/720 786/786/786 721/721/721
f 720/720/720 785/785/785 786/786/786
f 721/721/721 787/787/787 722/722/722
f 721/721/721 786/786/786 787/787/787
f 722/722/722 788/788/788 723/723/723
f 722/722/722 787/787/787 788/788/788
f 723/723/723 789/789/789 724/724/724
f 723/723/723 788/788/788 789/789/789
f 724/724/724 790/790/790 725/725/725
f 724/724/724 789/789/789 790/790/790
f 725/725/725 791/791/791 726/726/726
f 725/725/725 790/790/790 791/791/791
f 726/726/726 792/792/792 727/727/727
f 726/726/726 791/791/791 792/792/792
f 727/727/727 793/793/793 728/728/728
f 727/727/727 792/792/792 793/793/793
f 728/728/728 794/794/794 729/729/729
f 728/728/728 793/793/793 794/794/794
f 729/729/729 795/795/795 730/730/730
f 729/729/729 794/794/794 795/795/795
f 730/730/730 796/796/796 731/731/731
f 730/730/730 795/795/795 796/796/796
f 731/731/731 797/797/797 732/732/732
f 731/731/731 796/796/796 797/797/797
f 732/732/732 798/798/798 733/733/733
f 732/732/732 797/797/797 798/798/798
f 733/733/733 799/799/799 734/734/734
f 733/733/733 798/798/798 799/799/799
f 734/734/734 800/800/800 735/735/735
f 734/734/734 799/799/799 800/800/800
f 735/735/735 801/801/801 736/736/736
f 735/735/735 800/800/800 801/801/801
f 736/736/736 802/802/802 737/737/737
f 736/736/736 801/801/801 802/802/802
f 737/737/737 803/803/803 738/738/738
f 737/737/737 802/802/802 803/803/803
f 738/738/738 804/804/804 739/739/739
f 738/738/738 803/803/803 804/804/804
f 739/739/739 805/805/805 740/740/740
f 739/739/739 804/804/804 805/805/805
f 740/740/740 806/806/806 741/741/741
f 740/740/740 805/805/805 806/806/806
f 741/741/741 807/807/807 742/742/742
f 741/741/741 806/806/806 807/807/807
f 742/742/742 808/808/808 743/743/743
f 742/742/742 807/807/807 808/808/808
f 743/743/743 809/809/809 744/744/744
f 743/743/743 808/808/808 809/809/809
f 744/744/744 810/810/810 745/745/745
f 744/744/744 809/809/809 810/810/810
f 745/745/745 811/811/811 746/746/746
f 745/745/745 810/810/810 811/811/811
f 746/746/746 812/812/812 747/747/747
f 746/746/746 811/811/811 812/812/812
f 747/747/747 813/813/813 748/748/748
f 747/747/747 812/812/812 813/813/813
f 748/748/748 814/814/814 749/749/749
f 748/748/748 813/813/813 814/814/814
f 749/749/749 815/815/815 750/750/750
f 749/749/749 814/814/814 815/815/815
f 750/750/750 816/816/816 751/751/751
f 750/750/750 815/815/815 816/816/816
f 751/751/751 817/817/817 752/752/752
f 751/751/751 816/816/816 817/817/817
f 752/752/752 818/818/818 753/753/753
f 752/752/752 817/817/817 818/818/818
f 753/753/753 819/819/819 754/754/754
f 753/753/753 818/818/818 819/819/819
f 754/754/754 820/820/820 755/755/755
f 754/754/754 819/819/819 820/820/820
f 755/755/755 821/821/821 756/756/756
f 755/755/755 820/820/820 821/821/821
f 756/756/756 822/822/822 757/757/757
f 756/756/756 821/821/821 822/822/822
f 757/757/757 823/823/823 758/758/758
f 757/757/757 822/822/822 823/823/823
f 758/758/758 824/824/824 759/759/759
f 758/758/758 823/823/823 824/824/824
f 759/759/759 825/825/825 760/760/760
f 759/759/759 824/824/824 825/825/825
f 760/760/760 826/826/826 761/761/761
f 760/760/760 825/825/825 826/826/826
f 761/761/761 827/827/827 762/762/762
f 761/761/761 826/826/826 827/827/827
f 762/762/762 828/828/828 763/763/763
f 762/762/762 827/827/827 828/828/828
f 763/763/763 829/829/829 764/764/764
f 763/763/763 828/828/828 829/829/829
f 764/764/764 830/830/830 765/765/765
f 764/764/764 829/829/829 830/830/830
f 765/765/765 831/831/831 766/766/766
f 765/765/765 830/830/830 831/831/831
f 766/766/766 832/832/832 767/767/767
f 766/766/766 831/831/831 832/832/832
f 767/767/767 833/833/833 768/768/768
f 767/767/767 832/832/832 833/833/833
f 768/768/768 834/834/834 769/769/769
f 768/768/768 833/833/833 834/834/834
f 769/769/769 835/835/835 770/770/770
f 769/769/769 834/834/834 835/835/835
f 770/770/770 836/836/836 771/771/771
f 770/770/770 835/835/835 836/836/836
f 771/771/771 837/837/837 772/772/772
f 771/771/771 836/836/836 837/837/837
f 772/772/772 838/838/838 773/773/773
f 772/772/772 837/837/837 838/838/838
f 773/773/773 839/839/839 774/774/774
f 773/773/773 838/838/838 839/839/839
f 774/774/774 840/840/840 775/775/775
f 774/774/774 839/839/839 840/840/840
f 775/775/775 841/841/841 776/776/776
f 775/775/775 840/840/840 841/841/841
f 776/776/776 842/842/842 777/777/777
f 776/776/776 841/841/841 842/842/842
f 777/777/777 843/843/843 778/778/778
f 777/777/777 842/842/842 843/843/843
f 778/778/778 844/844/844 779/779/779
f 778/778/778 843/843/843 844/844/844
f 779/779/779 845/845/845 780/780/780
f 779/779/779 844/844/844 845/845/845
f 781/781/781 847/847/847 782/782/782
f 781/781/781 846/846/846 847/847/847
f 782/782/782 848/848/848 783/783/783
f 782/782/782 847/847/847 848/848/848
f 783/783/783 849/849/849 784/784/784
f 783/783/783 848/848/848 849/849/849
f 784/784/784 850/850/850 785/785/785
f 784/784/784 849/849/849 850/850/850
f 785/785/785 851/851/851 786/786/786
f 785/785/785 850/850/850 851/851/851
f 786/786/786 852/852/852 787/787/787
f 786/786/786 851/851/851 852/852/852
f 787/787/787 853/853/853 788/788/788
f 787/787/787 852/852/852 853/853/853
f 788/788/788 854/854/854 789/789/789
f 788/788/788 853/853/853 854/854/854
f 789/789/789 855/855/855 790/790/790
f 789/789/789 854/854/854 855/855/855
f 790/790/790 856/856/856 791/791/791
f 790/790/790 855/855/855 856/856/856
f 791/791/791 857/857/857 792/792/792
f 791/791/791 856/856/856 857/857/857
f 792/792/792 858/858/858 793/793/793
f 792/792/792 857/857/857 858/858/858
f 793/793/793 859/859/859 794/794/794
f 793/793/793 858/858/858 859/859/859
f 794/794/794 860/860/860 795/795/795
f 794/794/794 859/859/859 860/860/860
f 795/795/795 861/861/861 796/796/796
f 795/795/795 860/860/860 861/861/861
f 796/796/796 862/862/862 797/797/797
f 796/796/796 861/861/861 862/862/862
f 797/797/797 863/863/863 798/798/798
f 797/797/797 862/862/862 863/863/863
f 798/798/798 864/864/864 799/799/799
f 798/798/798 863/863/863 864/864/864
f 799/799/799 865/865/865 800/800/800
f 799/799/799 864/864/864 865/865/865
f 800/800/800 866/866/866 801/801/801
f 800/800/800 865/865/865 866/866/866
f 801/801/801 867/867/867 802/802/802
f 801/801/801 866/866/866 867/867/867
f 802/802/802 868/868/868 803/803/803
f 802/802/802 867/867/867 868/868/868
f 803/803/803 869/869/869 804/804/804
f 803/803/803 868/868/868 869/869/869
f 804/804/804 870/870/870 805/805/805
f 804/804/804 869/869/869 870/870/870
f 805/805/805 871/871/871 806/806/806
f 805/805/805 870/870/870 871/871/871
f 806/806/806 872/872/872 807/807/807
f 806/806/806 871/871/871 872/872/872
f 807/807/807 873/873/873 808/808/808
f 807/807/807 872/872/872 873/873/873
f 808/808/808 874/874/874 809/809/809
f 808/808/808 873/873/873 874/874/874
f 809/809/809 875/875/875 810/810/810
f 809/809/809 874/874/874 875/875/875
f 810/810/810 876/876/876 811/811/811
f 810/810/810 875/875/875 876/876/876
f 811/811/811 877/877/877 812/812/812
f 811/811/811 876/876/876 877/877/877
f 812/812/812 878/878/878 813/813/813
f 812/812/812 877/877/877 878/878/878
f 813/813/813 879/879/879 814/814/814
f 813/813/813 878/878/878 879/879/879
f 814/814/814 880/880/880 815/815/815
f 814/814/814 879/879/879 880/880/880
f 815/815/815 881/881/881 816/816/816
f 815/815/815 880/880/880 881/881/881
f 816/816/816 882/882/882 817/817/817
f 816/816/816 881/881/881 882/882/882
f 817/817/817 883/883/883 818/818/818
f 817/817/817 882/882/882 883/883/883
f 818/818/818 884/884/884 819/819/819
f 818/818/818 883/883/883 884/884/884
f 819/819/819 885/885/885 820/820/820
f 819/819/819 884/884/884 885/885/885
f 820/820/820 886/886/886 821/821/821
f 820/820/820 885/885/885 886/886/886
f 821/821/821 887/887/887 822/822/822
f 821/821/821 886/886/886 887/887/887
f 822/822/822 888/888/888 823/823/823
f 822/822/822 887/887/887 888/888/888
f 823/823/823 889/889/889 824/824/824
f 823/823/823 888/888/888 889/889/889
f 824/824/824 890/890/890 825/825/825
f 824/824/824 889/889/889 890/890/890
f 825/825/825 891/891/891 826/826/826
f 825/825/825 890/890/890 891/891/891
f 826/826/826 892/892/892 827/827/827
f 826/826/826 891/891/891 892/892/892
f 827/827/827 893/893/893 828/828/828
f 827/827/827 892/892/892 893/893/893
f 828/828/828 894/894/894 829/829/829
f 828/828/828 893/893/893 894/894/894
f 829/829/829 895/895/895 830/830/830
f 829/829/829 894/894/894 895/895/895
f 830/830/830 896/896/896 831/831/831
f 830/830/830 895/895/895 896/896/896
f 831/831/831 897/897/897 832/832/832
f 831/831/831 896/896/896 897/897/897
f 832/832/832 898/898/898 833/833/833
f 832/832/832 897/897/897 898/898/898
f 833/833/833 899/899/899 834/834/834
f 833/833/833 898/898/898 899/899/899
f 834/834/834 900/900/900 835/835/835
f 834/834/834 899/899/899 900/900/900
f 835/835/835 901/901/901 836/836/836
f 835/835/835 900/900/900 901/901/901
f 836/836/836 902/902/902 837/837/837
f 836/836/836 901/901/901 902/902/902
f 837/837/837 903/903/903 838/838/838
f 837/837/837 902/902/902 903/903/903
f 838/838/838 904/904/904 839/839/839
f 838/838/838 903/903/903 904/904/904
f 839/839/839 905/905/905 840/840/840
f 839/839/839 904/904/904 905/905/905
f 840/840/840 906/906/906 841/841/841
f 840/840/840 905/905/905 906/906/906
f 841/841/841 907/907/907 842/842/842
f 841/841/841 906/906/906 907/907/907
f 842/842/842 908/908/908 843/843/843
f 842/842/842 907/907/907 908/908/908
f 843/843/843 909/909/909 844/844/844
f 843/843/843 908/908/908 909/909/909
f 844/844/844 910/910/910 845/845/845
f 844/844/844 909/909/909 910/910/910
f 846/846/846 912/912/912 847/847/847
f 846/846/846 911/911/911 912/912/912
f 847/847/847 913/913/913 848/848/848
f 847/847/847 912/912/912 913/913/913
f 848/848/848 914/914/914 849/849/849
f 848/848/848 913/913/913 914/914/914
f 849/849/849 915/915/915 850/850/850
f 849/849/849 914/914/914 915/915/915
f 850/850/850 916/916/916 851/851/851
f 850/850/850 915/915/915 916/916/916
f 851/851/851 917/917/917 852/852/852
f 851/851/851 916/916/916 917/917/917
f 852/852/852 918/918/918 853/853/853
f 852/852/852 917/917/917 918/918/918
f 853/853/853 919/919/919 854/854/854
f 853/853/853 918/918/918 919/919/919
f 854/854/854 920/920/920 855/855/855
f 854/854/854 919/919/919 920/920/920
f 855/855/855 921/921/921 856/856/856
f 855/855/855 920/920/920 921/921/921
f 856/856/856 922/922/922 857/857/857
f 856/856/856 921/921/921 922/922/922
f 857/857/857 923/923/923 858/858/858
f 857/857/857 922/922/922 923/923/923
f 858/858/858 924/924/924 859/859/859
f 858/858/858 923/923/923 924/924/924
f 859/859/859 925/925/925 860/860/860
f 859/859/859 924/924/924 925/925/925
f 860/860/860 926/926/926 861/861/861
f 860/860/860 925/925/925 926/926/926
f 861/861/861 927/927/927 862/862/862
f 861/861/861 926/926/926 927/927/927
f 862/862/862 928/928/928 863/863/863
f 862/862/862 927/927/927 928/928/928
f 863/863/863 929/929/929 864/864/864
f 863/863/863 928/928/928 929/929/929
f 864/864/864 930/930/930 865/865/865
f 864/864/864 929/929/929 930/930/930
f 865/865/865 931/931/931 866/866/866
f 865/865/865 930/930/930 931/931/931
f 866/866/866 932/932/932 867/867/867
f 866/866/866 931/931/931 932/932/932
f 867/867/867 933/933/933 868/868/868
f 867/867/867 932/932/932 933/933/933
f 868/868/868 934/934/934 869/869/869
f 868/868/868 933/933/933 934/934/934
f 869/869/869 935/935/935 870/870/870
f 869/869/869 934/934/934 935/935/935
f 870/870/870 936/936/936 871/871/871
f 870/870/870 935/935/935 936/936/936
f 871/871/871 937/937/937 872/872/872
f 871/871/871 936/936/936 937/937/937
f 872/872/872 938/938/938 873/873/873
f 872/872/872 937/937/937 938/938/938
f 873/873/873 939/939/939 874/874/874
f 873/873/873 938/938/938 939/939/939
f 874/874/874 940/940/940 875/875/875
f 874/874/874 939/939/939 940/940/940
f 875/875/875 941/941/941 876/876/876
f 875/875/875 940/940/940 941/941/941
f 876/876/876 942/942/942 877/877/877
f 876/876/876 941/941/941 942/942/942
f 877/877/877 943/943/943 878/878/878
f 877/877/877 942/942/942 943/943/943
f 878/878/878 944/944/944 879/879/879
f 878/878/878 943/943/943 944/944/944
f 879/879/879 945/945/945 880/880/880
f 879/879/879 944/944/944 945/945/945
f 880/880/880 946/946/946 881/881/881
f 880/880/880 945/945/945 946/946/946
f 881/881/881 947/947/947 882/882/882
f 881/881/881 946/946/946 947/947/947
f 882/882/882 948/948/948 883/883/883
f 882/882/882 947/947/947 948/948/948
f 883/883/883 949/949/949 884/884/884
f 883/883/883 948/948/948 949/949/949
f 884/884/884 950/950/950 885/885/885
f 884/884/884 949/949/949 950/950/950
f 885/885/885 951/951/951 886/886/886
f 885/885/885 950/950/950 951/951/951
f 886/886/886 952/952/952 887/887/887
f 886/886/886 951/951/951 952/952/952
f 887/887/887 953/953/953 888/888/888
f 887/887/887 952/952/952 953/953/953
f 888/888/888 954/954/954 889/889/889
f 888/888/888 953/953/953 954/954/954
f 889/889/889 955/955/955 890/890/890
f 889/889/889 954/954/954 955/955/955
f 890/890/890 956/956/956 891/891/891
f 890/890/890 955/955/955 956/956/956
f 891/891/891 957/957/957 892/892/892
f 891/891/891 956/956/956 957/957/957
f 892/892/892 958/958/958 893/893/893
f 892/892/892 957/957/957 958/958/958
f 893/893/893 959/959/959 894/894/894
f 893/893/893 958/958/958 959/959/959
f 894/894/894 960/960/960 895/895/895
f 894/894/894 959/959/959 960/960/960
f 895/895/895 961/961/961 896/896/896
f 895/895/895 960/960/960 961/961/961
f 896/896/896 962/962/962 897/897/897
f 896/896/896 961/961/961 962/962/962
f 897/897/897 963/963/963 898/898/898
f 897/897/897 962/962/962 963/963/963
f 898/898/898 964/964/964 899/899/899
f 898/898/898 963/963/963 964/964/964
f 899/899/899 965/965/965 900/900/900
f 899/899/899 964/964/964 965/965/965
f 900/900/900 966/966/966 901/901/901
f 900/900/900 965/965/965 966/966/966
f 901/901/901 967/967/967 902/902/902
f 901/901/901 966/966/966 967/967/967
f 902/902/902 968/968/968 903/903/903
f 902/902/902 967/967/967 968/968/968
f 903/903/903 969/969/969 904/904/904
f 903/903/903 968/968/968 969/969/969
f 904/904/904 970/970/970 905/905/905
f 904/904/904 969/969/969 970/970/970
f 905/905/905 971/971/971 906/906/906
f 905/905/905 970/970/970 971/971/971
f 906/906/906 972/972/972 907/907/907
f 906/906/906 971/971/971 972/972/972
f 907/907/907 973/973/973 908/908/908
f 907/907/907 972/972/972 973/973/973
f 908/908/908 974/974/974 909/909/909
f 908/908/908 973/973/973 974/974/974
f 909/909/909 975/975/975 910/910/910
f 909/909/909 974/974/974 975/975/975
f 911/911/911 977/977/977 912/912/912
f 911/911/911 976/976/976 977/977/977
f 912/912/912 978/978/978 913/913/913
f 912/912/912 977/977/977 978/978/978
f 913/913/913 979/979/979 914/914/914
f 913/913/913 978/978/978 979/979/979
f 914/914/914 980/980/980 915/915/915
f 914/914/914 979/979/979 980/980/980
f 915/915/915 981/981/981 916/916/916
f 915/915/915 980/980/980 981/981/981
f 916/916/916 982/982/982 917/917/917
f 916/916/916 981/981/981 982/982/982
f 917/917/917 983/983/983 918/918/918
f 917/917/917 982/982/982 983/983/983
f 918/918/918 984/984/984 919/919/919
f 918/918/918 983/983/983 984/984/984
f 919/919/919 985/985/985 920/920/920
f 919/919/919 984/984/984 985/985/985
f 920/920/920 986/986/986 921/921/921
f 920/920/920 985/985/985 986/986/986
f 921/921/921 987/987/987 922/922/922
f 921/921/921 986/986/986 987/987/987
f 922/922/922 988/988/988 923/923/923
f 922/922/922 987/987/987 988/988/988
f 923/923/923 989/989/989 924/924/924
f 923/923/923 988/988/988 989/989/989
f 924/924/924 990/990/990 925/925/925
f 924/924/924 989/989/989 990/990/990
f 925/925/925 991/991/991 926/926/926
f 925/925/925 990/990/990 991/991/991
f 926/926/926 992/992/992 927/927/927
f 926/926/926 991/991/991 992/992/992
f 927/927/927 993/993/993 928/928/928
f 927/927/927 992/992/992 993/993/993
f 928/928/928 994/994/994 929/929/929
f 928/928/928 993/993/993 994/994/994
f 929/929/929 995/995/995 930/930/930
f 929/929/929 994/994/994 995/995/995
f 930/930/930 996/996/996 931/931/931
f 930/930/930 995/995/995 996/996/996
f 931/931/931 997/997/997 932/932/932
f 931/931/931 996/996/996 997/997/997
f 932/932/932 998/998/998 933/933/933
f 932/932/932 997/997/997 998/998/998
f 933/933/933 999/999/999 934/934/934
f 933/933/933 998/998/998 999/999/999
f 934/934/934 1000/1000/1000 935/935/935
f 934/934/934 999/999/999 1000/1000/1000
f 935/935/935 1001/1001/1001 936/936/936
f 935/935/935 1000/1000/1000 1001/1001/1001
f 936/936/936 1002/1002/1002 937/937/937
f 936/936/936 1001/1001/1001 1002/1002/1002
f 937/937/937 1003/1003/1003 938/938/938
f 937/937/937 1002/1002/1002 1003/1003/1003
f 938/938/938 1004/1004/1004 939/939/939
f 938/938/938 1003/1003/1003 1004/1004/1004
f 939/939/939 1005/1005/1005 940/940/940
f 939/939/939 1004/1004/1004 1005/1005/1005
f 940/940/940 1006/1006/1006 941/941/941
f 940/940/940 1005/1005/1005 1006/1006/1006
f 941/941/941 1007/1007/1007 942/942/942
f 941/941/941 1006/1006/1006 1007/1007/1007
f 942/942/942 1008/1008/1008 943/943/943
f 942/942/942 1007/1007/1007 1008/1008/1008
f 943/943/943 1009/1009/1009 944/944/944
f 943/943/943 1008/1008/1008 1009/1009/1009
f 944/944/944 1010/1010/1010 945/945/945
f 944/944/944 1009/1009/1009 1010/1010/1010
f 945/945/945 1011/1011/1011 946/946/946
f 945/945/945 1010/1010/1010 1011/1011/1011
f 946/946/946 1012/1012/1012 947/947/947
f 946/946/946 1011/1011/1011 1012/1012/1012
f 947/947/947 1013/1013/1013 948/948/948
f 947/947/947 1012/1012/1012 1013/1013/1013
f 948/948/948 1014/1014/1014 949/949/949
f 948/948/948 1013/1013/1013 1014/1014/1014
f 949/949/949 1015/1015/1015 950/950/950
f 949/949/949 1014/1014/1014 1015/1015/1015
f 950/950/950 1016/1016/1016 951/951/951
f 950/950/950 1015/1015/1015 1016/1016/1016
f 951/951/951 1017/1017/1017 952/952/952
f 951/951/951 1016/1016/1016 1017/1017/1017
f 952/952/952 1018/1018/1018 953/953/953
f 952/952/952 1017/1017/1017 1018/1018/1018
f 953/953/953 1019/1019/1019 954/954/954
f 953/953/953 1018/1018/1018 1019/1019/1019
f 954/954/954 1020/1020/1020 955/955/955
f 954/954/954 1019/1019/1019 1020/1020/1020
f 955/955/955 1021/1021/1021 956/956/956
f 955/955/955 1020/1020/1020 1021/1021/1021
f 956/956/956 1022/1022/1022 957/957/957
f 956/956/956 1021/1021/1021 1022/1022/1022
f 957/957/957 1023/1023/1023 958/958/958
f 957/957/957 1022/1022/1022 1023/1023/1023
f 958/958/958 1024/1024/1024 959/959/959
f 958/958/958 1023/1023/1023 1024/1024/1024
f 959/959/959 1025/1025/1025 960/960/960
f 959/959/959 1024/1024/1024 1025/1025/1025
f 960/960/960 1026/1026/1026 961/961/961
f 960/960/960 1025/1025/1025 1026/1026/1026
f 961/961/961 1027/1027/1027 962/962/962
f 961/961/961 1026/1026/1026 1027/1027/1027
f 962/962/962 1028/1028/1028 963/963/963
f 962/962/962 1027/1027/1027 1028/1028/1028
f 963/963/963 1029/1029/1029 964/964/964
f 963/963/963 1028/1028/1028 1029/1029/1029
f 964/964/964 1030/1030/1030 965/965/965
f 964/964/964 1029/1029/1029 1030/1030/1030
f 965/965/965 1031/1031/1031 966/966/966
f 965/965/965 1030/1030/1030 1031/1031/1031
f 966/966/966 1032/1032/1032 967/967/967
f 966/966/966 1031/1031/1031 1032/1032/1032
f 967/967/967 1033/1033/1033 968/968/968
f 967/967/967 1032/1032/1032 1033/1033/1033
f 968/968/968 1034/1034/1034 969/969/969
f 968/968/968 1033/1033/1033 1034/1034/1034
f 969/969/969 1035/1035/1035 970/970/970
f 969/969/969 1034/1034/1034 1035/1035/1035
f 970/970/970 1036/1036/1036 971/971/971
f 970/970/970 1035/1035/1035 1036/1036/1036
f 971/971/971 1037/1037/1037 972/972/972
f 971/971/971 1036/1036/1036 1037/1037/1037
f 972/972/972 1038/1038/1038 973/973/973
f 972/972/972 1037/1037/1037 1038/1038/1038
f 973/973/973 1039/1039/1039 974/974/974
f 973/973/973 1038/1038/1038 1039/1039/1039
f 974/974/974 1040/1040/1040 975/975/975
f 974/974/974 1039/1039/1039 1040/1040/1040
f 976/976/976 1042/1042/1042 977/977/977
f 976/976/976 1041/1041/1041 1042/1042/1042
f 977/977/977 1043/1043/1043 978/978/978
f 977/977/977 1042/1042/1042 1043/1043/1043
f 978/978/978 1044/1044/1044 979/979/979
f 978/978/978 1043/1043/1043 1044/1044/1044
f 979/979/979 1045/1045/1045 980/980/980
f 979/979/979 1044/1044/1044 1045/1045/1045
f 980/980/980 1046/1046/1046 981/981/981
f 980/980/980 1045/1045/1045 1046/1046/1046
f 981/981/981 1047/1047/1047 982/982/982
f 981/981/981 1046/1046/1046 1047/1047/1047
f 982/982/982 1048/1048/1048 983/983/983
f 982/982/982 1047/1047/1047 1048/1048/1048
f 983/983/983 1049/1049/1049 984/984/984
f 983/983/983 1048/1048/1048 1049/1049/1049
f 984/984/984 1050/1050/1050 985/985/985
f 984/984/984 1049/1049/1049 1050/1050/1050
f 985/985/985 1051/1051/1051 986/986/986
f 985/985/985 1050/1050/1050 1051/1051/1051
f 986/986/986 1052/1052/1052 987/987/987
f 986/986/986 1051/1051/1051 1052/1052/1052
f 987/987/987 1053/1053/1053 988/988/988
f 987/987/987 1052/1052/1052 1053/1053/1053
f 988/988/988 1054/1054/1054 989/989/989
f 988/988/988 1053/1053/1053 1054/1054/1054
f 989/989/989 1055/1055/1055 990/990/990
f 989/989/989 1054/1054/1054 1055/1055/1055
f 990/990/990 1056/1056/1056 991/991/991
f 990/990/990 1055/1055/1055 1056/1056/1056
f 991/991/991 1057/1057/1057 992/992/992
f 991/991/991 1056/1056/1056 1057/1057/1057
f 992/992/992 1058/1058/1058 993/993/993
f 992/992/992 1057/1057/1057 1058/1058/1058
f 993/993/993 1059/1059/1059 994/994/994
f 993/993/993 1058/1058/1058 1059/1059/1059
f 994/994/994 1060/1060/1060 995/995/995
f 994/994/994 1059/1059/1059 1060/1060/1060
f 995/995/995 1061/1061/1061 996/996/996
f 995/995/995 1060/1060/1060 1061/1061/1061
f 996/996/996 1062/1062/1062 997/997/997
f 996/996/996 1061/1061/1061 1062/1062/1062
f 997/997/997 1063/1063/1063 998/998/998
f 997/997/997 1062/1062/1062 1063/1063/1063
f 998/998/998 1064/1064/1064 999/999/999
f 998/998/998 1063/1063/1063 1064/1064/1064
f 999/999/999 1065/1065/1065 1000/1000/1000
f 999/999/999 1064/1064/1064 1065/1065/1065
f 1000/1000/1000 1066/1066/1066 1001/1001/1001
f 1000/1000/1000 1065/1065/1065 1066/1066/1066
f 1001/1001/1001 1067/1067/1067 1002/1002/1002
f 1001/1001/1001 1066/1066/1066 1067/1067/1067
f 1002/1002/1002 1068/1068/1068 1003/1003/1003
f 1002/1002/1002 1067/1067/1067 1068/1068/1068
f 1003/1003/1003 1069/1069/1069 1004/1004/1004
f 1003/1003/1003 1068/1068/1068 1069/1069/1069
f 1004/1004/1004 1070/1070/1070 1005/1005/1005
f 1004/1004/1004 1069/1069/1069 1070/1070/1070
f 1005/1005/1005 1071/1071/1071 1006/1006/1006
f 1005/1005/1005 1070/1070/1070 1071/1071/1071
f 1006/1006/1006 1072/1072/1072 1007/1007/1007
f 1006/1006/1006 1071/1071/1071 1072/1072/1072
f 1007/1007/1007 1073/1073/1073 1008/1008/1008
f 1007/1007/1007 1072/1072/1072 1073/1073/1073
f 1008/1008/1008 1074/1074/1074 1009/1009/1009
f 1008/1008/1008 1073/1073/1073 1074/1074/1074
f 1009/1009/1009 1075/1075/1075 1010/1010/1010
f 1009/1009/1009 1074/1074/1074 1075/1075/1075
f 1010/1010/1010 1076/1076/1076 1011/1011/1011
f 1010/1010/1010 1075/1075/1075 1076/1076/1076
f 1011/1011/1011 1077/1077/1077 1012/1012/1012
f 1011/1011/1011 1076/1076/1076 1077/1077/1077
f 1012/1012/1012 1078/1078/1078 1013/1013/1013
f 1012/1012/1012 1077/1077/1077 1078/1078/1078
f 1013/1013/1013 1079/1079/1079 1014/1014/1014
f 1013/1013/1013 1078/1078/1078 1079/1079/1079
f 1014/1014/1014 1080/1080/1080 1015/1015/1015
f 1014/1014/1014 1079/1079/1079 1080/1080/1080
f 1015/1015/1015 1081/1081/1081 1016/1016/1016
f 1015/1015/1015 1080/1080/1080 1081/1081/1081
f 1016/1016/1016 1082/1082/1082 1017/1017/1017
f 1016/1016/1016 1081/1081/1081 1082/1082/1082
f 1017/1017/1017 1083/1083/1083 1018/1018/1018
f 1017/1017/1017 1082/1082/1082 1083/1083/1083
f 1018/1018/1018 1084/1084/1084 1019/1019/1019
f 1018/1018/1018 1083/1083/1083 1084/1084/1084
f 1019/1019/1019 1085/1085/1085 1020/1020/1020
f 1019/1019/1019 1084/1084/1084 1085/1085/1085
f 1020/1020/1020 1086/1086/1086 1021/1021/1021
f 1020/1020/1020 1085/1085/1085 1086/1086/1086
f 1021/1021/1021 1087/1087/1087 1022/1022/1022
f 1021/1021/1021 1086/1086/1086 1087/1087/1087
f 1022/1022/1022 1088/1088/1088 1023/1023/1023
f 1022/1022/1022 1087/1087/1087 1088/1088/1088
f 1023/1023/1023 1089/1089/1089 1024/1024/1024
f 1023/1023/1023 1088/1088/1088 1089/1089/1089
f 1024/1024/1024 1090/1090/1090 1025/1025/1025
f 1024/1024/1024 1089/1089/1089 1090/1090/1090
f 1025/1025/1025 1091/1091/1091 1026/1026/1026
f 1025/1025/1025 1090/1090/1090 1091/1091/1091
f 1026/1026/1026 1092/1092/1092 1027/1027/1027
f 1026/1026/1026 1091/1091/1091 1092/1092/1092
f 1027/1027/1027 1093/1093/1093 1028/1028/1028
f 1027/1027/1027 1092/1092/1092 1093/1093/1093
f 1028/1028/1028 1094/1094/1094 1029/1029/1029
f 1028/1028/1028 1093/1093/1093 1094/1094/1094
f 1029/1029/1029 1095/1095/1095 1030/1030/1030
f 1029/1029/1029 1094/1094/1094 1095/1095/1095
f 1030/1030/1030 1096/1096/1096 1031/1031/1031
f 1030/1030/1030 1095/1095/1095 1096/1096/1096
f 1031/1031/1031 1097/1097/1097 1032/1032/1032
f 1031/1031/1031 1096/1096/1096 1097/1097/1097
f 1032/1032/1032 1098/1098/1098 1033/1033/1033
f 1032/1032/1032 1097/1097/1097 1098/1098/1098
f 1033/1033/1033 1099/1099/1099 1034/1034/1034
f 1033/1033/1033 1098/1098/1098 1099/1099/1099
f 1034/1034/1034 1100/1100/1100 1035/1035/1035
f 1034/1034/1034 1099/1099/1099 1100/1100/1100
f 1035/1035/1035 1101/1101/1101 1036/1036/1036
f 1035/1035/1035 1100/1100/1100 1101/1101/1101
f 1036/1036/1036 1102/1102/1102 1037/1037/1037
f 1036/1036/1036 1101/1101/1101 1102/1102/1102
f 1037/1037/1037 1103/1103/1103 1038/1038/1038
f 1037/1037/1037 1102/1102/1102 1103/1103/1103
f 1038/1038/1038 1104/1104/1104 1039/1039/1039
f 1038/1038/1038 1103/1103/1103 1104/1104/1104
f 1039/1039/1039 1105/1105/1105 1040/1040/1040
f 1039/1039/1039 1104/1104/1104 1105/1105/1105
