# Sancta editable mesh extracted from the approved reference, cm, Z up
v 0.0 0.0 100.0
v 0.0 0.0 100.0
v 0.0 0.0 100.0
v 0.0 0.0 100.0
v 0.0 0.0 100.0
v 0.0 0.0 100.0
v 0.0 0.0 100.0
v 0.0 0.0 100.0
v 0.0 0.0 100.0
v 0.0 0.0 100.0
v 0.0 0.0 100.0
v 0.0 0.0 100.0
v 0.0 0.0 100.0
v 0.0 0.0 100.0
v 0.0 0.0 100.0
v 0.0 0.0 100.0
v 0.0 0.0 100.0
v 0.0 0.0 100.0
v 0.0 0.0 100.0
v 0.0 0.0 100.0
v 0.0 0.0 100.0
v 0.0 0.0 100.0
v 0.0 0.0 100.0
v 0.0 0.0 100.0
v 0.0 0.0 100.0
v 0.0 0.0 100.0
v 0.0 0.0 100.0
v 0.0 0.0 100.0
v 0.0 0.0 100.0
v 0.0 0.0 100.0
v 0.0 0.0 100.0
v 0.0 0.0 100.0
v 0.0 0.0 100.0
v 0.0 0.0 100.0
v 0.0 0.0 100.0
v 0.0 0.0 100.0
v 0.0 0.0 100.0
v 0.0 0.0 100.0
v 0.0 0.0 100.0
v 0.0 0.0 100.0
v 0.0 0.0 100.0
v 0.0 0.0 100.0
v 0.0 0.0 100.0
v 0.0 0.0 100.0
v 0.0 0.0 100.0
v 0.0 0.0 100.0
v 0.0 0.0 100.0
v 0.0 0.0 100.0
v 0.0 0.0 100.0
v 0.0 0.0 100.0
v 0.0 0.0 100.0
v 0.0 0.0 100.0
v 0.0 0.0 100.0
v 0.0 0.0 100.0
v 0.0 0.0 100.0
v 0.0 0.0 100.0
v 0.0 0.0 100.0
v 0.0 0.0 100.0
v 0.0 0.0 100.0
v 0.0 0.0 100.0
v 0.0 0.0 100.0
v 0.0 0.0 100.0
v 0.0 0.0 100.0
v 0.0 0.0 100.0
v 0.0 0.0 100.0
v 0.0 0.0 100.0
v 0.0 0.0 100.0
v 0.0 0.0 100.0
v 0.0 0.0 100.0
v 0.0 0.0 100.0
v 0.0 0.0 100.0
v 0.0 0.0 100.0
v 0.0 0.0 100.0
v 0.0 -6.54031262 99.7858942
v -0.570025854 -6.5154247 99.7858942
v -1.13571342 -6.44095093 99.7858942
v -1.69275757 -6.31745681 99.7858942
v -2.23691873 -6.14588372 99.7858942
v -2.76405569 -5.92753664 99.7858942
v -3.27015631 -5.66407703 99.7858942
v -3.75136919 -5.3575106 99.7858942
v -4.2040322 -5.01017049 99.7858942
v -4.6246998 -4.6246998 99.7858942
v -5.01017049 -4.2040322 99.7858942
v -5.3575106 -3.75136919 99.7858942
v -5.66407703 -3.27015631 99.7858942
v -5.92753664 -2.76405569 99.7858942
v -6.14588372 -2.23691873 99.7858942
v -6.31745681 -1.69275757 99.7858942
v -6.44095093 -1.13571342 99.7858942
v -6.5154247 -0.570025854 99.7858942
v -6.54031262 -4.00478666e-16 99.7858942
v -6.5154247 0.570025854 99.7858942
v -6.44095093 1.13571342 99.7858942
v -6.31745681 1.69275757 99.7858942
v -6.14588372 2.23691873 99.7858942
v -5.92753664 2.76405569 99.7858942
v -5.66407703 3.27015631 99.7858942
v -5.3575106 3.75136919 99.7858942
v -5.01017049 4.2040322 99.7858942
v -4.6246998 4.6246998 99.7858942
v -4.2040322 5.01017049 99.7858942
v -3.75136919 5.3575106 99.7858942
v -3.27015631 5.66407703 99.7858942
v -2.76405569 5.92753664 99.7858942
v -2.23691873 6.14588372 99.7858942
v -1.69275757 6.31745681 99.7858942
v -1.13571342 6.44095093 99.7858942
v -0.570025854 6.5154247 99.7858942
v -8.00957333e-16 6.54031262 99.7858942
v 0.570025854 6.5154247 99.7858942
v 1.13571342 6.44095093 99.7858942
v 1.69275757 6.31745681 99.7858942
v 2.23691873 6.14588372 99.7858942
v 2.76405569 5.92753664 99.7858942
v 3.27015631 5.66407703 99.7858942
v 3.75136919 5.3575106 99.7858942
v 4.2040322 5.01017049 99.7858942
v 4.6246998 4.6246998 99.7858942
v 5.01017049 4.2040322 99.7858942
v 5.3575106 3.75136919 99.7858942
v 5.66407703 3.27015631 99.7858942
v 5.92753664 2.76405569 99.7858942
v 6.14588372 2.23691873 99.7858942
v 6.31745681 1.69275757 99.7858942
v 6.44095093 1.13571342 99.7858942
v 6.5154247 0.570025854 99.7858942
v 6.54031262 1.201436e-15 99.7858942
v 6.5154247 -0.570025854 99.7858942
v 6.44095093 -1.13571342 99.7858942
v 6.31745681 -1.69275757 99.7858942
v 6.14588372 -2.23691873 99.7858942
v 5.92753664 -2.76405569 99.7858942
v 5.66407703 -3.27015631 99.7858942
v 5.3575106 -3.75136919 99.7858942
v 5.01017049 -4.2040322 99.7858942
v 4.6246998 -4.6246998 99.7858942
v 4.2040322 -5.01017049 99.7858942
v 3.75136919 -5.3575106 99.7858942
v 3.27015631 -5.66407703 99.7858942
v 2.76405569 -5.92753664 99.7858942
v 2.23691873 -6.14588372 99.7858942
v 1.69275757 -6.31745681 99.7858942
v 1.13571342 -6.44095093 99.7858942
v 0.570025854 -6.5154247 99.7858942
v 1.60191467e-15 -6.54031262 99.7858942
v 0.0 -13.0526185 99.1444886
v -1.13761071 -13.00295 99.1444886
v -2.26656348 -12.8543213 99.1444886
v -3.37826647 -12.6078621 99.1444886
v -4.46425863 -12.2654498 99.1444886
v -5.51627539 -11.8296906 99.1444886
v -6.52630925 -11.3039002 99.1444886
v -7.48667493 -10.6920794 99.1444886
v -8.39006156 -9.99888629 99.1444886
v -9.22959521 -9.22959521 99.1444886
v -9.99888629 -8.39006156 99.1444886
v -10.6920794 -7.48667493 99.1444886
v -11.3039002 -6.52630925 99.1444886
v -11.8296906 -5.51627539 99.1444886
v -12.2654498 -4.46425863 99.1444886
v -12.6078621 -3.37826647 99.1444886
v -12.8543213 -2.26656348 99.1444886
v -13.00295 -1.13761071 99.1444886
v -13.0526185 -7.99242422e-16 99.1444886
v -13.00295 1.13761071 99.1444886
v -12.8543213 2.26656348 99.1444886
v -12.6078621 3.37826647 99.1444886
v -12.2654498 4.46425863 99.1444886
v -11.8296906 5.51627539 99.1444886
v -11.3039002 6.52630925 99.1444886
v -10.6920794 7.48667493 99.1444886
v -9.99888629 8.39006156 99.1444886
v -9.22959521 9.22959521 99.1444886
v -8.39006156 9.99888629 99.1444886
v -7.48667493 10.6920794 99.1444886
v -6.52630925 11.3039002 99.1444886
v -5.51627539 11.8296906 99.1444886
v -4.46425863 12.2654498 99.1444886
v -3.37826647 12.6078621 99.1444886
v -2.26656348 12.8543213 99.1444886
v -1.13761071 13.00295 99.1444886
v -1.59848484e-15 13.0526185 99.1444886
v 1.13761071 13.00295 99.1444886
v 2.26656348 12.8543213 99.1444886
v 3.37826647 12.6078621 99.1444886
v 4.46425863 12.2654498 99.1444886
v 5.51627539 11.8296906 99.1444886
v 6.52630925 11.3039002 99.1444886
v 7.48667493 10.6920794 99.1444886
v 8.39006156 9.99888629 99.1444886
v 9.22959521 9.22959521 99.1444886
v 9.99888629 8.39006156 99.1444886
v 10.6920794 7.48667493 99.1444886
v 11.3039002 6.52630925 99.1444886
v 11.8296906 5.51627539 99.1444886
v 12.2654498 4.46425863 99.1444886
v 12.6078621 3.37826647 99.1444886
v 12.8543213 2.26656348 99.1444886
v 13.00295 1.13761071 99.1444886
v 13.0526185 2.39772727e-15 99.1444886
v 13.00295 -1.13761071 99.1444886
v 12.8543213 -2.26656348 99.1444886
v 12.6078621 -3.37826647 99.1444886
v 12.2654498 -4.46425863 99.1444886
v 11.8296906 -5.51627539 99.1444886
v 11.3039002 -6.52630925 99.1444886
v 10.6920794 -7.48667493 99.1444886
v 9.99888629 -8.39006156 99.1444886
v 9.22959521 -9.22959521 99.1444886
v 8.39006156 -9.99888629 99.1444886
v 7.48667493 -10.6920794 99.1444886
v 6.52630925 -11.3039002 99.1444886
v 5.51627539 -11.8296906 99.1444886
v 4.46425863 -12.2654498 99.1444886
v 3.37826647 -12.6078621 99.1444886
v 2.26656348 -12.8543213 99.1444886
v 1.13761071 -13.00295 99.1444886
v 3.19696969e-15 -13.0526185 99.1444886
v 0.0 -19.5090324 98.0785251
v -1.70032419 -19.4347948 98.0785251
v -3.38770784 -19.2126468 98.0785251
v -5.04930913 -18.8442782 98.0785251
v -6.67248219 -18.3324933 98.0785251
v -8.24487358 -17.6811874 98.0785251
v -9.75451618 -16.895318 98.0785251
v -11.1899212 -15.9808636 98.0785251
v -12.5401646 -14.9447858 98.0785251
v -13.794969 -13.794969 98.0785251
v -14.9447858 -12.5401646 98.0785251
v -15.9808636 -11.1899212 98.0785251
v -16.895318 -9.75451618 98.0785251
v -17.6811874 -8.24487358 98.0785251
v -18.3324933 -6.67248219 98.0785251
v -18.8442782 -5.04930913 98.0785251
v -19.2126468 -3.38770784 98.0785251
v -19.4347948 -1.70032419 98.0785251
v -19.5090324 -1.19458372e-15 98.0785251
v -19.4347948 1.70032419 98.0785251
v -19.2126468 3.38770784 98.0785251
v -18.8442782 5.04930913 98.0785251
v -18.3324933 6.67248219 98.0785251
v -17.6811874 8.24487358 98.0785251
v -16.895318 9.75451618 98.0785251
v -15.9808636 11.1899212 98.0785251
v -14.9447858 12.5401646 98.0785251
v -13.794969 13.794969 98.0785251
v -12.5401646 14.9447858 98.0785251
v -11.1899212 15.9808636 98.0785251
v -9.75451618 16.895318 98.0785251
v -8.24487358 17.6811874 98.0785251
v -6.67248219 18.3324933 98.0785251
v -5.04930913 18.8442782 98.0785251
v -3.38770784 19.2126468 98.0785251
v -1.70032419 19.4347948 98.0785251
v -2.38916744e-15 19.5090324 98.0785251
v 1.70032419 19.4347948 98.0785251
v 3.38770784 19.2126468 98.0785251
v 5.04930913 18.8442782 98.0785251
v 6.67248219 18.3324933 98.0785251
v 8.24487358 17.6811874 98.0785251
v 9.75451618 16.895318 98.0785251
v 11.1899212 15.9808636 98.0785251
v 12.5401646 14.9447858 98.0785251
v 13.794969 13.794969 98.0785251
v 14.9447858 12.5401646 98.0785251
v 15.9808636 11.1899212 98.0785251
v 16.895318 9.75451618 98.0785251
v 17.6811874 8.24487358 98.0785251
v 18.3324933 6.67248219 98.0785251
v 18.8442782 5.04930913 98.0785251
v 19.2126468 3.38770784 98.0785251
v 19.4347948 1.70032419 98.0785251
v 19.5090324 3.58375107e-15 98.0785251
v 19.4347948 -1.70032419 98.0785251
v 19.2126468 -3.38770784 98.0785251
v 18.8442782 -5.04930913 98.0785251
v 18.3324933 -6.67248219 98.0785251
v 17.6811874 -8.24487358 98.0785251
v 16.895318 -9.75451618 98.0785251
v 15.9808636 -11.1899212 98.0785251
v 14.9447858 -12.5401646 98.0785251
v 13.794969 -13.794969 98.0785251
v 12.5401646 -14.9447858 98.0785251
v 11.1899212 -15.9808636 98.0785251
v 9.75451618 -16.895318 98.0785251
v 8.24487358 -17.6811874 98.0785251
v 6.67248219 -18.3324933 98.0785251
v 5.04930913 -18.8442782 98.0785251
v 3.38770784 -19.2126468 98.0785251
v 1.70032419 -19.4347948 98.0785251
v 4.77833487e-15 -19.5090324 98.0785251
v 0.0 -25.8819044 96.5925813
v -2.25575659 -25.7834166 96.5925813
v -4.49434556 -25.4887015 96.5925813
v -6.69872984 -25.0 96.5925813
v -8.85213241 -24.3210346 96.5925813
v -10.9381653 -23.4569713 96.5925813
v -12.9409522 -22.4143863 96.5925813
v -14.8452505 -21.2012157 96.5925813
v -16.6365668 -19.8266894 96.5925813
v -18.3012709 -18.3012709 96.5925813
v -19.8266894 -16.6365668 96.5925813
v -21.2012157 -14.8452505 96.5925813
v -22.4143863 -12.9409522 96.5925813
v -23.4569713 -10.9381653 96.5925813
v -24.3210346 -8.85213241 96.5925813
v -25.0 -6.69872984 96.5925813
v -25.4887015 -4.49434556 96.5925813
v -25.7834166 -2.25575659 96.5925813
v -25.8819044 -1.58480956e-15 96.5925813
v -25.7834166 2.25575659 96.5925813
v -25.4887015 4.49434556 96.5925813
v -25.0 6.69872984 96.5925813
v -24.3210346 8.85213241 96.5925813
v -23.4569713 10.9381653 96.5925813
v -22.4143863 12.9409522 96.5925813
v -21.2012157 14.8452505 96.5925813
v -19.8266894 16.6365668 96.5925813
v -18.3012709 18.3012709 96.5925813
v -16.6365668 19.8266894 96.5925813
v -14.8452505 21.2012157 96.5925813
v -12.9409522 22.4143863 96.5925813
v -10.9381653 23.4569713 96.5925813
v -8.85213241 24.3210346 96.5925813
v -6.69872984 25.0 96.5925813
v -4.49434556 25.4887015 96.5925813
v -2.25575659 25.7834166 96.5925813
v -3.16961913e-15 25.8819044 96.5925813
v 2.25575659 25.7834166 96.5925813
v 4.49434556 25.4887015 96.5925813
v 6.69872984 25.0 96.5925813
v 8.85213241 24.3210346 96.5925813
v 10.9381653 23.4569713 96.5925813
v 12.9409522 22.4143863 96.5925813
v 14.8452505 21.2012157 96.5925813
v 16.6365668 19.8266894 96.5925813
v 18.3012709 18.3012709 96.5925813
v 19.8266894 16.6365668 96.5925813
v 21.2012157 14.8452505 96.5925813
v 22.4143863 12.9409522 96.5925813
v 23.4569713 10.9381653 96.5925813
v 24.3210346 8.85213241 96.5925813
v 25.0 6.69872984 96.5925813
v 25.4887015 4.49434556 96.5925813
v 25.7834166 2.25575659 96.5925813
v 25.8819044 4.75442869e-15 96.5925813
v 25.7834166 -2.25575659 96.5925813
v 25.4887015 -4.49434556 96.5925813
v 25.0 -6.69872984 96.5925813
v 24.3210346 -8.85213241 96.5925813
v 23.4569713 -10.9381653 96.5925813
v 22.4143863 -12.9409522 96.5925813
v 21.2012157 -14.8452505 96.5925813
v 19.8266894 -16.6365668 96.5925813
v 18.3012709 -18.3012709 96.5925813
v 16.6365668 -19.8266894 96.5925813
v 14.8452505 -21.2012157 96.5925813
v 12.9409522 -22.4143863 96.5925813
v 10.9381653 -23.4569713 96.5925813
v 8.85213241 -24.3210346 96.5925813
v 6.69872984 -25.0 96.5925813
v 4.49434556 -25.4887015 96.5925813
v 2.25575659 -25.7834166 96.5925813
v 6.33923825e-15 -25.8819044 96.5925813
v 0.0 -32.1439475 94.693011
v -2.8015295 -32.0216298 94.693011
v -5.58173768 -31.6556066 94.693011
v -8.31946582 -31.0486674 94.693011
v -10.9938771 -30.2054286 94.693011
v -13.5846183 -29.1323096 94.693011
v -16.0719737 -27.8374732 94.693011
v -18.43701 -26.330781 94.693011
v -20.6617311 -24.623692 94.693011
v -22.7292031 -22.7292031 94.693011
v -24.623692 -20.6617311 94.693011
v -26.330781 -18.43701 94.693011
v -27.8374732 -16.0719737 94.693011
v -29.1323096 -13.5846183 94.693011
v -30.2054286 -10.9938771 94.693011
v -31.0486674 -8.31946582 94.693011
v -31.6556066 -5.58173768 94.693011
v -32.0216298 -2.8015295 94.693011
v -32.1439475 -1.96824914e-15 94.693011
v -32.0216298 2.8015295 94.693011
v -31.6556066 5.58173768 94.693011
v -31.0486674 8.31946582 94.693011
v -30.2054286 10.9938771 94.693011
v -29.1323096 13.5846183 94.693011
v -27.8374732 16.0719737 94.693011
v -26.330781 18.43701 94.693011
v -24.623692 20.6617311 94.693011
v -22.7292031 22.7292031 94.693011
v -20.6617311 24.623692 94.693011
v -18.43701 26.330781 94.693011
v -16.0719737 27.8374732 94.693011
v -13.5846183 29.1323096 94.693011
v -10.9938771 30.2054286 94.693011
v -8.31946582 31.0486674 94.693011
v -5.58173768 31.6556066 94.693011
v -2.8015295 32.0216298 94.693011
v -3.93649827e-15 32.1439475 94.693011
v 2.8015295 32.0216298 94.693011
v 5.58173768 31.6556066 94.693011
v 8.31946582 31.0486674 94.693011
v 10.9938771 30.2054286 94.693011
v 13.5846183 29.1323096 94.693011
v 16.0719737 27.8374732 94.693011
v 18.43701 26.330781 94.693011
v 20.6617311 24.623692 94.693011
v 22.7292031 22.7292031 94.693011
v 24.623692 20.6617311 94.693011
v 26.330781 18.43701 94.693011
v 27.8374732 16.0719737 94.693011
v 29.1323096 13.5846183 94.693011
v 30.2054286 10.9938771 94.693011
v 31.0486674 8.31946582 94.693011
v 31.6556066 5.58173768 94.693011
v 32.0216298 2.8015295 94.693011
v 32.1439475 5.90474741e-15 94.693011
v 32.0216298 -2.8015295 94.693011
v 31.6556066 -5.58173768 94.693011
v 31.0486674 -8.31946582 94.693011
v 30.2054286 -10.9938771 94.693011
v 29.1323096 -13.5846183 94.693011
v 27.8374732 -16.0719737 94.693011
v 26.330781 -18.43701 94.693011
v 24.623692 -20.6617311 94.693011
v 22.7292031 -22.7292031 94.693011
v 20.6617311 -24.623692 94.693011
v 18.43701 -26.330781 94.693011
v 16.0719737 -27.8374732 94.693011
v 13.5846183 -29.1323096 94.693011
v 10.9938771 -30.2054286 94.693011
v 8.31946582 -31.0486674 94.693011
v 5.58173768 -31.6556066 94.693011
v 2.8015295 -32.0216298 94.693011
v 7.87299654e-15 -32.1439475 94.693011
v 0.0 -38.2683426 92.3879504
v -3.33530605 -38.1227195 92.3879504
v -6.64522797 -37.6869619 92.3879504
v -9.90457609 -36.9643807 92.3879504
v -13.0885437 -35.9604806 92.3879504
v -16.1729008 -34.6828967 92.3879504
v -19.1341713 -33.1413567 92.3879504
v -21.9498202 -31.3475907 92.3879504
v -24.5984167 -29.3152511 92.3879504
v -27.0598054 -27.0598054 92.3879504
v -29.3152511 -24.5984167 92.3879504
v -31.3475907 -21.9498202 92.3879504
v -33.1413567 -19.1341713 92.3879504
v -34.6828967 -16.1729008 92.3879504
v -35.9604806 -13.0885437 92.3879504
v -36.9643807 -9.90457609 92.3879504
v -37.6869619 -6.64522797 92.3879504
v -38.1227195 -3.33530605 92.3879504
v -38.2683426 -2.34326023e-15 92.3879504
v -38.1227195 3.33530605 92.3879504
v -37.6869619 6.64522797 92.3879504
v -36.9643807 9.90457609 92.3879504
v -35.9604806 13.0885437 92.3879504
v -34.6828967 16.1729008 92.3879504
v -33.1413567 19.1341713 92.3879504
v -31.3475907 21.9498202 92.3879504
v -29.3152511 24.5984167 92.3879504
v -27.0598054 27.0598054 92.3879504
v -24.5984167 29.3152511 92.3879504
v -21.9498202 31.3475907 92.3879504
v -19.1341713 33.1413567 92.3879504
v -16.1729008 34.6828967 92.3879504
v -13.0885437 35.9604806 92.3879504
v -9.90457609 36.9643807 92.3879504
v -6.64522797 37.6869619 92.3879504
v -3.33530605 38.1227195 92.3879504
v -4.68652047e-15 38.2683426 92.3879504
v 3.33530605 38.1227195 92.3879504
v 6.64522797 37.6869619 92.3879504
v 9.90457609 36.9643807 92.3879504
v 13.0885437 35.9604806 92.3879504
v 16.1729008 34.6828967 92.3879504
v 19.1341713 33.1413567 92.3879504
v 21.9498202 31.3475907 92.3879504
v 24.5984167 29.3152511 92.3879504
v 27.0598054 27.0598054 92.3879504
v 29.3152511 24.5984167 92.3879504
v 31.3475907 21.9498202 92.3879504
v 33.1413567 19.1341713 92.3879504
v 34.6828967 16.1729008 92.3879504
v 35.9604806 13.0885437 92.3879504
v 36.9643807 9.90457609 92.3879504
v 37.6869619 6.64522797 92.3879504
v 38.1227195 3.33530605 92.3879504
v 38.2683426 7.02978054e-15 92.3879504
v 38.1227195 -3.33530605 92.3879504
v 37.6869619 -6.64522797 92.3879504
v 36.9643807 -9.90457609 92.3879504
v 35.9604806 -13.0885437 92.3879504
v 34.6828967 -16.1729008 92.3879504
v 33.1413567 -19.1341713 92.3879504
v 31.3475907 -21.9498202 92.3879504
v 29.3152511 -24.5984167 92.3879504
v 27.0598054 -27.0598054 92.3879504
v 24.5984167 -29.3152511 92.3879504
v 21.9498202 -31.3475907 92.3879504
v 19.1341713 -33.1413567 92.3879504
v 16.1729008 -34.6828967 92.3879504
v 13.0885437 -35.9604806 92.3879504
v 9.90457609 -36.9643807 92.3879504
v 6.64522797 -37.6869619 92.3879504
v 3.33530605 -38.1227195 92.3879504
v 9.37304094e-15 -38.2683426 92.3879504
v 0.0 -44.2288697 89.6872759
v -3.85480002 -44.060564 89.6872759
v -7.68026263 -43.5569346 89.6872759
v -11.4472739 -42.721808 89.6872759
v -15.1271641 -41.561541 89.6872759
v -18.6919272 -40.084967 89.6872759
v -22.1144348 -38.3033246 89.6872759
v -25.3686368 -36.2301677 89.6872759
v -28.4297705 -33.8812798 89.6872759
v -31.2745333 -31.2745333 89.6872759
v -33.8812798 -28.4297705 89.6872759
v -36.2301677 -25.3686368 89.6872759
v -38.3033246 -22.1144348 89.6872759
v -40.084967 -18.6919272 89.6872759
v -41.561541 -15.1271641 89.6872759
v -42.721808 -11.4472739 89.6872759
v -43.5569346 -7.68026263 89.6872759
v -44.060564 -3.85480002 89.6872759
v -44.2288697 -2.70823714e-15 89.6872759
v -44.060564 3.85480002 89.6872759
v -43.5569346 7.68026263 89.6872759
v -42.721808 11.4472739 89.6872759
v -41.561541 15.1271641 89.6872759
v -40.084967 18.6919272 89.6872759
v -38.3033246 22.1144348 89.6872759
v -36.2301677 25.3686368 89.6872759
v -33.8812798 28.4297705 89.6872759
v -31.2745333 31.2745333 89.6872759
v -28.4297705 33.8812798 89.6872759
v -25.3686368 36.2301677 89.6872759
v -22.1144348 38.3033246 89.6872759
v -18.6919272 40.084967 89.6872759
v -15.1271641 41.561541 89.6872759
v -11.4472739 42.721808 89.6872759
v -7.68026263 43.5569346 89.6872759
v -3.85480002 44.060564 89.6872759
v -5.41647427e-15 44.2288697 89.6872759
v 3.85480002 44.060564 89.6872759
v 7.68026263 43.5569346 89.6872759
v 11.4472739 42.721808 89.6872759
v 15.1271641 41.561541 89.6872759
v 18.6919272 40.084967 89.6872759
v 22.1144348 38.3033246 89.6872759
v 25.3686368 36.2301677 89.6872759
v 28.4297705 33.8812798 89.6872759
v 31.2745333 31.2745333 89.6872759
v 33.8812798 28.4297705 89.6872759
v 36.2301677 25.3686368 89.6872759
v 38.3033246 22.1144348 89.6872759
v 40.084967 18.6919272 89.6872759
v 41.561541 15.1271641 89.6872759
v 42.721808 11.4472739 89.6872759
v 43.5569346 7.68026263 89.6872759
v 44.060564 3.85480002 89.6872759
v 44.2288697 8.12471158e-15 89.6872759
v 44.060564 -3.85480002 89.6872759
v 43.5569346 -7.68026263 89.6872759
v 42.721808 -11.4472739 89.6872759
v 41.561541 -15.1271641 89.6872759
v 40.084967 -18.6919272 89.6872759
v 38.3033246 -22.1144348 89.6872759
v 36.2301677 -25.3686368 89.6872759
v 33.8812798 -28.4297705 89.6872759
v 31.2745333 -31.2745333 89.6872759
v 28.4297705 -33.8812798 89.6872759
v 25.3686368 -36.2301677 89.6872759
v 22.1144348 -38.3033246 89.6872759
v 18.6919272 -40.084967 89.6872759
v 15.1271641 -41.561541 89.6872759
v 11.4472739 -42.721808 89.6872759
v 7.68026263 -43.5569346 89.6872759
v 3.85480002 -44.060564 89.6872759
v 1.08329485e-14 -44.2288697 89.6872759
v 0.0 -50.0 86.6025388
v -4.35778722 -49.809736 86.6025388
v -8.68240893 -49.2403865 86.6025388
v -12.9409522 -48.2962906 86.6025388
v -17.1010077 -46.9846308 86.6025388
v -21.1309135 -45.3153908 86.6025388
v -25.0 -43.3012694 86.6025388
v -28.6788225 -40.9576029 86.6025388
v -32.1393818 -38.3022219 86.6025388
v -35.3553385 -35.3553385 86.6025388
v -38.3022219 -32.1393818 86.6025388
v -40.9576029 -28.6788225 86.6025388
v -43.3012694 -25.0 86.6025388
v -45.3153908 -21.1309135 86.6025388
v -46.9846308 -17.1010077 86.6025388
v -48.2962906 -12.9409522 86.6025388
v -49.2403865 -8.68240893 86.6025388
v -49.809736 -4.35778722 86.6025388
v -50.0 -3.06161713e-15 86.6025388
v -49.809736 4.35778722 86.6025388
v -49.2403865 8.68240893 86.6025388
v -48.2962906 12.9409522 86.6025388
v -46.9846308 17.1010077 86.6025388
v -45.3153908 21.1309135 86.6025388
v -43.3012694 25.0 86.6025388
v -40.9576029 28.6788225 86.6025388
v -38.3022219 32.1393818 86.6025388
v -35.3553385 35.3553385 86.6025388
v -32.1393818 38.3022219 86.6025388
v -28.6788225 40.9576029 86.6025388
v -25.0 43.3012694 86.6025388
v -21.1309135 45.3153908 86.6025388
v -17.1010077 46.9846308 86.6025388
v -12.9409522 48.2962906 86.6025388
v -8.68240893 49.2403865 86.6025388
v -4.35778722 49.809736 86.6025388
v -6.12323426e-15 50.0 86.6025388
v 4.35778722 49.809736 86.6025388
v 8.68240893 49.2403865 86.6025388
v 12.9409522 48.2962906 86.6025388
v 17.1010077 46.9846308 86.6025388
v 21.1309135 45.3153908 86.6025388
v 25.0 43.3012694 86.6025388
v 28.6788225 40.9576029 86.6025388
v 32.1393818 38.3022219 86.6025388
v 35.3553385 35.3553385 86.6025388
v 38.3022219 32.1393818 86.6025388
v 40.9576029 28.6788225 86.6025388
v 43.3012694 25.0 86.6025388
v 45.3153908 21.1309135 86.6025388
v 46.9846308 17.1010077 86.6025388
v 48.2962906 12.9409522 86.6025388
v 49.2403865 8.68240893 86.6025388
v 49.809736 4.35778722 86.6025388
v 50.0 9.18485073e-15 86.6025388
v 49.809736 -4.35778722 86.6025388
v 49.2403865 -8.68240893 86.6025388
v 48.2962906 -12.9409522 86.6025388
v 46.9846308 -17.1010077 86.6025388
v 45.3153908 -21.1309135 86.6025388
v 43.3012694 -25.0 86.6025388
v 40.9576029 -28.6788225 86.6025388
v 38.3022219 -32.1393818 86.6025388
v 35.3553385 -35.3553385 86.6025388
v 32.1393818 -38.3022219 86.6025388
v 28.6788225 -40.9576029 86.6025388
v 25.0 -43.3012694 86.6025388
v 21.1309135 -45.3153908 86.6025388
v 17.1010077 -46.9846308 86.6025388
v 12.9409522 -48.2962906 86.6025388
v 8.68240893 -49.2403865 86.6025388
v 4.35778722 -49.809736 86.6025388
v 1.22464685e-14 -50.0 86.6025388
v 0.0 -55.5570245 83.1469595
v -4.8421137 -55.3456128 83.1469595
v -9.64737609 -54.7129869 83.1469595
v -14.3792152 -53.6639631 83.1469595
v -19.001621 -52.2065222 83.1469595
v -23.4794125 -50.3517628 83.1469595
v -27.7785122 -48.1137931 83.1469595
v -31.8661988 -45.5096483 83.1469595
v -35.7113659 -42.5591499 83.1469595
v -39.2847478 -39.2847478 83.1469595
v -42.5591499 -35.7113659 83.1469595
v -45.5096483 -31.8661988 83.1469595
v -48.1137931 -27.7785122 83.1469595
v -50.3517628 -23.4794125 83.1469595
v -52.2065222 -19.001621 83.1469595
v -53.6639631 -14.3792152 83.1469595
v -54.7129869 -9.64737609 83.1469595
v -55.3456128 -4.8421137 83.1469595
v -55.5570245 -3.40188648e-15 83.1469595
v -55.3456128 4.8421137 83.1469595
v -54.7129869 9.64737609 83.1469595
v -53.6639631 14.3792152 83.1469595
v -52.2065222 19.001621 83.1469595
v -50.3517628 23.4794125 83.1469595
v -48.1137931 27.7785122 83.1469595
v -45.5096483 31.8661988 83.1469595
v -42.5591499 35.7113659 83.1469595
v -39.2847478 39.2847478 83.1469595
v -35.7113659 42.5591499 83.1469595
v -31.8661988 45.5096483 83.1469595
v -27.7785122 48.1137931 83.1469595
v -23.4794125 50.3517628 83.1469595
v -19.001621 52.2065222 83.1469595
v -14.3792152 53.6639631 83.1469595
v -9.64737609 54.7129869 83.1469595
v -4.8421137 55.3456128 83.1469595
v -6.80377296e-15 55.5570245 83.1469595
v 4.8421137 55.3456128 83.1469595
v 9.64737609 54.7129869 83.1469595
v 14.3792152 53.6639631 83.1469595
v 19.001621 52.2065222 83.1469595
v 23.4794125 50.3517628 83.1469595
v 27.7785122 48.1137931 83.1469595
v 31.8661988 45.5096483 83.1469595
v 35.7113659 42.5591499 83.1469595
v 39.2847478 39.2847478 83.1469595
v 42.5591499 35.7113659 83.1469595
v 45.5096483 31.8661988 83.1469595
v 48.1137931 27.7785122 83.1469595
v 50.3517628 23.4794125 83.1469595
v 52.2065222 19.001621 83.1469595
v 53.6639631 14.3792152 83.1469595
v 54.7129869 9.64737609 83.1469595
v 55.3456128 4.8421137 83.1469595
v 55.5570245 1.02056598e-14 83.1469595
v 55.3456128 -4.8421137 83.1469595
v 54.7129869 -9.64737609 83.1469595
v 53.6639631 -14.3792152 83.1469595
v 52.2065222 -19.001621 83.1469595
v 50.3517628 -23.4794125 83.1469595
v 48.1137931 -27.7785122 83.1469595
v 45.5096483 -31.8661988 83.1469595
v 42.5591499 -35.7113659 83.1469595
v 39.2847478 -39.2847478 83.1469595
v 35.7113659 -42.5591499 83.1469595
v 31.8661988 -45.5096483 83.1469595
v 27.7785122 -48.1137931 83.1469595
v 23.4794125 -50.3517628 83.1469595
v 19.001621 -52.2065222 83.1469595
v 14.3792152 -53.6639631 83.1469595
v 9.64737609 -54.7129869 83.1469595
v 4.8421137 -55.3456128 83.1469595
v 1.36075459e-14 -55.5570245 83.1469595
v 0.0 -60.876143 79.3353319
v -5.30570559 -60.6444895 79.3353319
v -10.5710313 -59.9512994 79.3353319
v -15.7559052 -58.8018358 79.3353319
v -20.8208665 -57.2048604 79.3353319
v -25.7273704 -55.1725209 79.3353319
v -30.4380715 -52.7202845 79.3353319
v -34.9171221 -49.8668164 79.3353319
v -39.1304314 -46.6338307 79.3353319
v -43.0459321 -43.0459321 79.3353319
v -46.6338307 -39.1304314 79.3353319
v -49.8668164 -34.9171221 79.3353319
v -52.7202845 -30.4380715 79.3353319
v -55.1725209 -25.7273704 79.3353319
v -57.2048604 -20.8208665 79.3353319
v -58.8018358 -15.7559052 79.3353319
v -59.9512994 -10.5710313 79.3353319
v -60.6444895 -5.30570559 79.3353319
v -60.876143 -3.72758851e-15 79.3353319
v -60.6444895 5.30570559 79.3353319
v -59.9512994 10.5710313 79.3353319
v -58.8018358 15.7559052 79.3353319
v -57.2048604 20.8208665 79.3353319
v -55.1725209 25.7273704 79.3353319
v -52.7202845 30.4380715 79.3353319
v -49.8668164 34.9171221 79.3353319
v -46.6338307 39.1304314 79.3353319
v -43.0459321 43.0459321 79.3353319
v -39.1304314 46.6338307 79.3353319
v -34.9171221 49.8668164 79.3353319
v -30.4380715 52.7202845 79.3353319
v -25.7273704 55.1725209 79.3353319
v -20.8208665 57.2048604 79.3353319
v -15.7559052 58.8018358 79.3353319
v -10.5710313 59.9512994 79.3353319
v -5.30570559 60.6444895 79.3353319
v -7.45517703e-15 60.876143 79.3353319
v 5.30570559 60.6444895 79.3353319
v 10.5710313 59.9512994 79.3353319
v 15.7559052 58.8018358 79.3353319
v 20.8208665 57.2048604 79.3353319
v 25.7273704 55.1725209 79.3353319
v 30.4380715 52.7202845 79.3353319
v 34.9171221 49.8668164 79.3353319
v 39.1304314 46.6338307 79.3353319
v 43.0459321 43.0459321 79.3353319
v 46.6338307 39.1304314 79.3353319
v 49.8668164 34.9171221 79.3353319
v 52.7202845 30.4380715 79.3353319
v 55.1725209 25.7273704 79.3353319
v 57.2048604 20.8208665 79.3353319
v 58.8018358 15.7559052 79.3353319
v 59.9512994 10.5710313 79.3353319
v 60.6444895 5.30570559 79.3353319
v 60.876143 1.11827659e-14 79.3353319
v 60.6444895 -5.30570559 79.3353319
v 59.9512994 -10.5710313 79.3353319
v 58.8018358 -15.7559052 79.3353319
v 57.2048604 -20.8208665 79.3353319
v 55.1725209 -25.7273704 79.3353319
v 52.7202845 -30.4380715 79.3353319
v 49.8668164 -34.9171221 79.3353319
v 46.6338307 -39.1304314 79.3353319
v 43.0459321 -43.0459321 79.3353319
v 39.1304314 -46.6338307 79.3353319
v 34.9171221 -49.8668164 79.3353319
v 30.4380715 -52.7202845 79.3353319
v 25.7273704 -55.1725209 79.3353319
v 20.8208665 -57.2048604 79.3353319
v 15.7559052 -58.8018358 79.3353319
v 10.5710313 -59.9512994 79.3353319
v 5.30570559 -60.6444895 79.3353319
v 1.49103541e-14 -60.876143 79.3353319
v 0.0 -65.9345806 75.1839817
v -5.74657731 -65.6836808 75.1839817
v -11.4494197 -64.9328887 75.1839817
v -17.0651257 -63.6879146 75.1839817
v -22.5509554 -61.9582415 75.1839817
v -27.8651595 -59.757024 75.1839817
v -32.9672903 -57.1010232 75.1839817
v -37.8185213 -54.0104449 75.1839817
v -42.3819333 -50.508821 75.1839817
v -46.6227889 -46.6227889 75.1839817
v -50.508821 -42.3819333 75.1839817
v -54.0104449 -37.8185213 75.1839817
v -57.1010232 -32.9672903 75.1839817
v -59.757024 -27.8651595 75.1839817
v -61.9582415 -22.5509554 75.1839817
v -63.6879146 -17.0651257 75.1839817
v -64.9328887 -11.4494197 75.1839817
v -65.6836808 -5.74657731 75.1839817
v -65.9345806 -4.03732861e-15 75.1839817
v -65.6836808 5.74657731 75.1839817
v -64.9328887 11.4494197 75.1839817
v -63.6879146 17.0651257 75.1839817
v -61.9582415 22.5509554 75.1839817
v -59.757024 27.8651595 75.1839817
v -57.1010232 32.9672903 75.1839817
v -54.0104449 37.8185213 75.1839817
v -50.508821 42.3819333 75.1839817
v -46.6227889 46.6227889 75.1839817
v -42.3819333 50.508821 75.1839817
v -37.8185213 54.0104449 75.1839817
v -32.9672903 57.1010232 75.1839817
v -27.8651595 59.757024 75.1839817
v -22.5509554 61.9582415 75.1839817
v -17.0651257 63.6879146 75.1839817
v -11.4494197 64.9328887 75.1839817
v -5.74657731 65.6836808 75.1839817
v -8.07465722e-15 65.9345806 75.1839817
v 5.74657731 65.6836808 75.1839817
v 11.4494197 64.9328887 75.1839817
v 17.0651257 63.6879146 75.1839817
v 22.5509554 61.9582415 75.1839817
v 27.8651595 59.757024 75.1839817
v 32.9672903 57.1010232 75.1839817
v 37.8185213 54.0104449 75.1839817
v 42.3819333 50.508821 75.1839817
v 46.6227889 46.6227889 75.1839817
v 50.508821 42.3819333 75.1839817
v 54.0104449 37.8185213 75.1839817
v 57.1010232 32.9672903 75.1839817
v 59.757024 27.8651595 75.1839817
v 61.9582415 22.5509554 75.1839817
v 63.6879146 17.0651257 75.1839817
v 64.9328887 11.4494197 75.1839817
v 65.6836808 5.74657731 75.1839817
v 65.9345806 1.21119862e-14 75.1839817
v 65.6836808 -5.74657731 75.1839817
v 64.9328887 -11.4494197 75.1839817
v 63.6879146 -17.0651257 75.1839817
v 61.9582415 -22.5509554 75.1839817
v 59.757024 -27.8651595 75.1839817
v 57.1010232 -32.9672903 75.1839817
v 54.0104449 -37.8185213 75.1839817
v 50.508821 -42.3819333 75.1839817
v 46.6227889 -46.6227889 75.1839817
v 42.3819333 -50.508821 75.1839817
v 37.8185213 -54.0104449 75.1839817
v 32.9672903 -57.1010232 75.1839817
v 27.8651595 -59.757024 75.1839817
v 22.5509554 -61.9582415 75.1839817
v 17.0651257 -63.6879146 75.1839817
v 11.4494197 -64.9328887 75.1839817
v 5.74657731 -65.6836808 75.1839817
v 1.61493144e-14 -65.9345806 75.1839817
v 0.0 -70.7106769 70.7106769
v -6.16284162 -70.4416037 70.7106769
v -12.2787803 -69.6364224 70.7106769
v -18.3012709 -68.3012724 70.7106769
v -24.1844758 -66.4463043 70.7106769
v -29.8836231 -64.0856385 70.7106769
v -35.3553385 -61.2372458 70.7106769
v -40.5579776 -57.9227984 70.7106769
v -45.451948 -54.167521 70.7106769
v -50.0 -50.0 70.7106769
v -54.167521 -45.451948 70.7106769
v -57.9227984 -40.5579776 70.7106769
v -61.2372458 -35.3553385 70.7106769
v -64.0856385 -29.8836231 70.7106769
v -66.4463043 -24.1844758 70.7106769
v -68.3012724 -18.3012709 70.7106769
v -69.6364224 -12.2787803 70.7106769
v -70.4416037 -6.16284162 70.7106769
v -70.7106769 -4.3297803e-15 70.7106769
v -70.4416037 6.16284162 70.7106769
v -69.6364224 12.2787803 70.7106769
v -68.3012724 18.3012709 70.7106769
v -66.4463043 24.1844758 70.7106769
v -64.0856385 29.8836231 70.7106769
v -61.2372458 35.3553385 70.7106769
v -57.9227984 40.5579776 70.7106769
v -54.167521 45.451948 70.7106769
v -50.0 50.0 70.7106769
v -45.451948 54.167521 70.7106769
v -40.5579776 57.9227984 70.7106769
v -35.3553385 61.2372458 70.7106769
v -29.8836231 64.0856385 70.7106769
v -24.1844758 66.4463043 70.7106769
v -18.3012709 68.3012724 70.7106769
v -12.2787803 69.6364224 70.7106769
v -6.16284162 70.4416037 70.7106769
v -8.6595606e-15 70.7106769 70.7106769
v 6.16284162 70.4416037 70.7106769
v 12.2787803 69.6364224 70.7106769
v 18.3012709 68.3012724 70.7106769
v 24.1844758 66.4463043 70.7106769
v 29.8836231 64.0856385 70.7106769
v 35.3553385 61.2372458 70.7106769
v 40.5579776 57.9227984 70.7106769
v 45.451948 54.167521 70.7106769
v 50.0 50.0 70.7106769
v 54.167521 45.451948 70.7106769
v 57.9227984 40.5579776 70.7106769
v 61.2372458 35.3553385 70.7106769
v 64.0856385 29.8836231 70.7106769
v 66.4463043 24.1844758 70.7106769
v 68.3012724 18.3012709 70.7106769
v 69.6364224 12.2787803 70.7106769
v 70.4416037 6.16284162 70.7106769
v 70.7106769 1.29893402e-14 70.7106769
v 70.4416037 -6.16284162 70.7106769
v 69.6364224 -12.2787803 70.7106769
v 68.3012724 -18.3012709 70.7106769
v 66.4463043 -24.1844758 70.7106769
v 64.0856385 -29.8836231 70.7106769
v 61.2372458 -35.3553385 70.7106769
v 57.9227984 -40.5579776 70.7106769
v 54.167521 -45.451948 70.7106769
v 50.0 -50.0 70.7106769
v 45.451948 -54.167521 70.7106769
v 40.5579776 -57.9227984 70.7106769
v 35.3553385 -61.2372458 70.7106769
v 29.8836231 -64.0856385 70.7106769
v 24.1844758 -66.4463043 70.7106769
v 18.3012709 -68.3012724 70.7106769
v 12.2787803 -69.6364224 70.7106769
v 6.16284162 -70.4416037 70.7106769
v 1.73191212e-14 -70.7106769 70.7106769
v 0.0 -75.1839817 65.9345806
v -6.5527156 -74.8978853 65.9345806
v -13.0555615 -74.0417659 65.9345806
v -19.4590464 -72.6221502 65.9345806
v -25.7144362 -70.6498325 65.9345806
v -31.7741245 -68.1398273 65.9345806
v -37.5919908 -65.1112378 65.9345806
v -43.1237608 -61.5871131 65.9345806
v -48.3273327 -57.5942695 65.9345806
v -53.1631052 -53.1631052 65.9345806
v -57.5942695 -48.3273327 65.9345806
v -61.5871131 -43.1237608 65.9345806
v -65.1112378 -37.5919908 65.9345806
v -68.1398273 -31.7741245 65.9345806
v -70.6498325 -25.7144362 65.9345806
v -72.6221502 -19.4590464 65.9345806
v -74.0417659 -13.0555615 65.9345806
v -74.8978853 -6.5527156 65.9345806
v -75.1839817 -4.6036909e-15 65.9345806
v -74.8978853 6.5527156 65.9345806
v -74.0417659 13.0555615 65.9345806
v -72.6221502 19.4590464 65.9345806
v -70.6498325 25.7144362 65.9345806
v -68.1398273 31.7741245 65.9345806
v -65.1112378 37.5919908 65.9345806
v -61.5871131 43.1237608 65.9345806
v -57.5942695 48.3273327 65.9345806
v -53.1631052 53.1631052 65.9345806
v -48.3273327 57.5942695 65.9345806
v -43.1237608 61.5871131 65.9345806
v -37.5919908 65.1112378 65.9345806
v -31.7741245 68.1398273 65.9345806
v -25.7144362 70.6498325 65.9345806
v -19.4590464 72.6221502 65.9345806
v -13.0555615 74.0417659 65.9345806
v -6.5527156 74.8978853 65.9345806
v -9.20738181e-15 75.1839817 65.9345806
v 6.5527156 74.8978853 65.9345806
v 13.0555615 74.0417659 65.9345806
v 19.4590464 72.6221502 65.9345806
v 25.7144362 70.6498325 65.9345806
v 31.7741245 68.1398273 65.9345806
v 37.5919908 65.1112378 65.9345806
v 43.1237608 61.5871131 65.9345806
v 48.3273327 57.5942695 65.9345806
v 53.1631052 53.1631052 65.9345806
v 57.5942695 48.3273327 65.9345806
v 61.5871131 43.1237608 65.9345806
v 65.1112378 37.5919908 65.9345806
v 68.1398273 31.7741245 65.9345806
v 70.6498325 25.7144362 65.9345806
v 72.6221502 19.4590464 65.9345806
v 74.0417659 13.0555615 65.9345806
v 74.8978853 6.5527156 65.9345806
v 75.1839817 1.38110734e-14 65.9345806
v 74.8978853 -6.5527156 65.9345806
v 74.0417659 -13.0555615 65.9345806
v 72.6221502 -19.4590464 65.9345806
v 70.6498325 -25.7144362 65.9345806
v 68.1398273 -31.7741245 65.9345806
v 65.1112378 -37.5919908 65.9345806
v 61.5871131 -43.1237608 65.9345806
v 57.5942695 -48.3273327 65.9345806
v 53.1631052 -53.1631052 65.9345806
v 48.3273327 -57.5942695 65.9345806
v 43.1237608 -61.5871131 65.9345806
v 37.5919908 -65.1112378 65.9345806
v 31.7741245 -68.1398273 65.9345806
v 25.7144362 -70.6498325 65.9345806
v 19.4590464 -72.6221502 65.9345806
v 13.0555615 -74.0417659 65.9345806
v 6.5527156 -74.8978853 65.9345806
v 1.84147636e-14 -75.1839817 65.9345806
v 0.0 -79.3353319 60.876143
v -6.91452995 -79.0334404 60.876143
v -13.7764364 -78.1300545 60.876143
v -20.5334947 -76.6320467 60.876143
v -27.1342814 -74.5508254 60.876143
v -33.5285604 -71.9022334 60.876143
v -39.667666 -68.7064171 60.876143
v -45.504877 -64.9877012 60.876143
v -50.9957671 -60.7743919 60.876143
v -56.0985506 -56.0985506 60.876143
v -60.7743919 -50.9957671 60.876143
v -64.9877012 -45.504877 60.876143
v -68.7064171 -39.667666 60.876143
v -71.9022334 -33.5285604 60.876143
v -74.5508254 -27.1342814 60.876143
v -76.6320467 -20.5334947 60.876143
v -78.1300545 -13.7764364 60.876143
v -79.0334404 -6.91452995 60.876143
v -79.3353319 -4.85788814e-15 60.876143
v -79.0334404 6.91452995 60.876143
v -78.1300545 13.7764364 60.876143
v -76.6320467 20.5334947 60.876143
v -74.5508254 27.1342814 60.876143
v -71.9022334 33.5285604 60.876143
v -68.7064171 39.667666 60.876143
v -64.9877012 45.504877 60.876143
v -60.7743919 50.9957671 60.876143
v -56.0985506 56.0985506 60.876143
v -50.9957671 60.7743919 60.876143
v -45.504877 64.9877012 60.876143
v -39.667666 68.7064171 60.876143
v -33.5285604 71.9022334 60.876143
v -27.1342814 74.5508254 60.876143
v -20.5334947 76.6320467 60.876143
v -13.7764364 78.1300545 60.876143
v -6.91452995 79.0334404 60.876143
v -9.71577628e-15 79.3353319 60.876143
v 6.91452995 79.0334404 60.876143
v 13.7764364 78.1300545 60.876143
v 20.5334947 76.6320467 60.876143
v 27.1342814 74.5508254 60.876143
v 33.5285604 71.9022334 60.876143
v 39.667666 68.7064171 60.876143
v 45.504877 64.9877012 60.876143
v 50.9957671 60.7743919 60.876143
v 56.0985506 56.0985506 60.876143
v 60.7743919 50.9957671 60.876143
v 64.9877012 45.504877 60.876143
v 68.7064171 39.667666 60.876143
v 71.9022334 33.5285604 60.876143
v 74.5508254 27.1342814 60.876143
v 76.6320467 20.5334947 60.876143
v 78.1300545 13.7764364 60.876143
v 79.0334404 6.91452995 60.876143
v 79.3353319 1.45736651e-14 60.876143
v 79.0334404 -6.91452995 60.876143
v 78.1300545 -13.7764364 60.876143
v 76.6320467 -20.5334947 60.876143
v 74.5508254 -27.1342814 60.876143
v 71.9022334 -33.5285604 60.876143
v 68.7064171 -39.667666 60.876143
v 64.9877012 -45.504877 60.876143
v 60.7743919 -50.9957671 60.876143
v 56.0985506 -56.0985506 60.876143
v 50.9957671 -60.7743919 60.876143
v 45.504877 -64.9877012 60.876143
v 39.667666 -68.7064171 60.876143
v 33.5285604 -71.9022334 60.876143
v 27.1342814 -74.5508254 60.876143
v 20.5334947 -76.6320467 60.876143
v 13.7764364 -78.1300545 60.876143
v 6.91452995 -79.0334404 60.876143
v 1.94315526e-14 -79.3353319 60.876143
v 0.0 -83.1469595 55.5570245
v -7.24673495 -82.8305602 55.5570245
v -14.4383177 -81.8837702 55.5570245
v -21.5200171 -80.3137958 55.5570245
v -28.4379363 -78.1325877 55.5570245
v -35.1394236 -75.3567398 55.5570245
v -41.5734798 -72.0073819 55.5570245
v -47.6911366 -68.1100011 55.5570245
v -53.4458339 -63.6942685 55.5570245
v -58.7937772 -58.7937772 55.5570245
v -63.6942685 -53.4458339 55.5570245
v -68.1100011 -47.6911366 55.5570245
v -72.0073819 -41.5734798 55.5570245
v -75.3567398 -35.1394236 55.5570245
v -78.1325877 -28.4379363 55.5570245
v -80.3137958 -21.5200171 55.5570245
v -81.8837702 -14.4383177 55.5570245
v -82.8305602 -7.24673495 55.5570245
v -83.1469595 -5.0912831e-15 55.5570245
v -82.8305602 7.24673495 55.5570245
v -81.8837702 14.4383177 55.5570245
v -80.3137958 21.5200171 55.5570245
v -78.1325877 28.4379363 55.5570245
v -75.3567398 35.1394236 55.5570245
v -72.0073819 41.5734798 55.5570245
v -68.1100011 47.6911366 55.5570245
v -63.6942685 53.4458339 55.5570245
v -58.7937772 58.7937772 55.5570245
v -53.4458339 63.6942685 55.5570245
v -47.6911366 68.1100011 55.5570245
v -41.5734798 72.0073819 55.5570245
v -35.1394236 75.3567398 55.5570245
v -28.4379363 78.1325877 55.5570245
v -21.5200171 80.3137958 55.5570245
v -14.4383177 81.8837702 55.5570245
v -7.24673495 82.8305602 55.5570245
v -1.01825662e-14 83.1469595 55.5570245
v 7.24673495 82.8305602 55.5570245
v 14.4383177 81.8837702 55.5570245
v 21.5200171 80.3137958 55.5570245
v 28.4379363 78.1325877 55.5570245
v 35.1394236 75.3567398 55.5570245
v 41.5734798 72.0073819 55.5570245
v 47.6911366 68.1100011 55.5570245
v 53.4458339 63.6942685 55.5570245
v 58.7937772 58.7937772 55.5570245
v 63.6942685 53.4458339 55.5570245
v 68.1100011 47.6911366 55.5570245
v 72.0073819 41.5734798 55.5570245
v 75.3567398 35.1394236 55.5570245
v 78.1325877 28.4379363 55.5570245
v 80.3137958 21.5200171 55.5570245
v 81.8837702 14.4383177 55.5570245
v 82.8305602 7.24673495 55.5570245
v 83.1469595 1.5273849e-14 55.5570245
v 82.8305602 -7.24673495 55.5570245
v 81.8837702 -14.4383177 55.5570245
v 80.3137958 -21.5200171 55.5570245
v 78.1325877 -28.4379363 55.5570245
v 75.3567398 -35.1394236 55.5570245
v 72.0073819 -41.5734798 55.5570245
v 68.1100011 -47.6911366 55.5570245
v 63.6942685 -53.4458339 55.5570245
v 58.7937772 -58.7937772 55.5570245
v 53.4458339 -63.6942685 55.5570245
v 47.6911366 -68.1100011 55.5570245
v 41.5734798 -72.0073819 55.5570245
v 35.1394236 -75.3567398 55.5570245
v 28.4379363 -78.1325877 55.5570245
v 21.5200171 -80.3137958 55.5570245
v 14.4383177 -81.8837702 55.5570245
v 7.24673495 -82.8305602 55.5570245
v 2.03651324e-14 -83.1469595 55.5570245
v 0.0 -86.6025388 50.0
v -7.54790902 -86.2729907 50.0
v -15.0383726 -85.2868557 50.0
v -22.4143863 -83.6516321 50.0
v -29.619813 -81.3797653 50.0
v -36.5998149 -78.4885585 50.0
v -43.3012694 -75.0 50.0
v -49.6731758 -70.9406495 50.0
v -55.6670427 -66.3413942 50.0
v -61.2372458 -61.2372458 50.0
v -66.3413942 -55.6670427 50.0
v -70.9406495 -49.6731758 50.0
v -75.0 -43.3012694 50.0
v -78.4885585 -36.5998149 50.0
v -81.3797653 -29.619813 50.0
v -83.6516321 -22.4143863 50.0
v -85.2868557 -15.0383726 50.0
v -86.2729907 -7.54790902 50.0
v -86.6025388 -5.30287624e-15 50.0
v -86.2729907 7.54790902 50.0
v -85.2868557 15.0383726 50.0
v -83.6516321 22.4143863 50.0
v -81.3797653 29.619813 50.0
v -78.4885585 36.5998149 50.0
v -75.0 43.3012694 50.0
v -70.9406495 49.6731758 50.0
v -66.3413942 55.6670427 50.0
v -61.2372458 61.2372458 50.0
v -55.6670427 66.3413942 50.0
v -49.6731758 70.9406495 50.0
v -43.3012694 75.0 50.0
v -36.5998149 78.4885585 50.0
v -29.619813 81.3797653 50.0
v -22.4143863 83.6516321 50.0
v -15.0383726 85.2868557 50.0
v -7.54790902 86.2729907 50.0
v -1.06057525e-14 86.6025388 50.0
v 7.54790902 86.2729907 50.0
v 15.0383726 85.2868557 50.0
v 22.4143863 83.6516321 50.0
v 29.619813 81.3797653 50.0
v 36.5998149 78.4885585 50.0
v 43.3012694 75.0 50.0
v 49.6731758 70.9406495 50.0
v 55.6670427 66.3413942 50.0
v 61.2372458 61.2372458 50.0
v 66.3413942 55.6670427 50.0
v 70.9406495 49.6731758 50.0
v 75.0 43.3012694 50.0
v 78.4885585 36.5998149 50.0
v 81.3797653 29.619813 50.0
v 83.6516321 22.4143863 50.0
v 85.2868557 15.0383726 50.0
v 86.2729907 7.54790902 50.0
v 86.6025388 1.59086287e-14 50.0
v 86.2729907 -7.54790902 50.0
v 85.2868557 -15.0383726 50.0
v 83.6516321 -22.4143863 50.0
v 81.3797653 -29.619813 50.0
v 78.4885585 -36.5998149 50.0
v 75.0 -43.3012694 50.0
v 70.9406495 -49.6731758 50.0
v 66.3413942 -55.6670427 50.0
v 61.2372458 -61.2372458 50.0
v 55.6670427 -66.3413942 50.0
v 49.6731758 -70.9406495 50.0
v 43.3012694 -75.0 50.0
v 36.5998149 -78.4885585 50.0
v 29.619813 -81.3797653 50.0
v 22.4143863 -83.6516321 50.0
v 15.0383726 -85.2868557 50.0
v 7.54790902 -86.2729907 50.0
v 2.12115049e-14 -86.6025388 50.0
v 0.0 -89.6872759 44.2288697
v -7.81676099 -89.3459857 44.2288697
v -15.5740321 -88.3247256 44.2288697
v -23.2127741 -86.6312563 44.2288697
v -30.6748539 -84.2784703 44.2288697
v -37.9034787 -81.2842727 44.2288697
v -44.8436379 -77.6714563 44.2288697
v -51.4425099 -73.4675169 44.2288697
v -57.6498687 -68.7044382 44.2288697
v -63.4184778 -63.4184778 44.2288697
v -68.7044382 -57.6498687 44.2288697
v -73.4675169 -51.4425099 44.2288697
v -77.6714563 -44.8436379 44.2288697
v -81.2842727 -37.9034787 44.2288697
v -84.2784703 -30.6748539 44.2288697
v -86.6312563 -23.2127741 44.2288697
v -88.3247256 -15.5740321 44.2288697
v -89.3459857 -7.81676099 44.2288697
v -89.6872759 -5.49176161e-15 44.2288697
v -89.3459857 7.81676099 44.2288697
v -88.3247256 15.5740321 44.2288697
v -86.6312563 23.2127741 44.2288697
v -84.2784703 30.6748539 44.2288697
v -81.2842727 37.9034787 44.2288697
v -77.6714563 44.8436379 44.2288697
v -73.4675169 51.4425099 44.2288697
v -68.7044382 57.6498687 44.2288697
v -63.4184778 63.4184778 44.2288697
v -57.6498687 68.7044382 44.2288697
v -51.4425099 73.4675169 44.2288697
v -44.8436379 77.6714563 44.2288697
v -37.9034787 81.2842727 44.2288697
v -30.6748539 84.2784703 44.2288697
v -23.2127741 86.6312563 44.2288697
v -15.5740321 88.3247256 44.2288697
v -7.81676099 89.3459857 44.2288697
v -1.09835232e-14 89.6872759 44.2288697
v 7.81676099 89.3459857 44.2288697
v 15.5740321 88.3247256 44.2288697
v 23.2127741 86.6312563 44.2288697
v 30.6748539 84.2784703 44.2288697
v 37.9034787 81.2842727 44.2288697
v 44.8436379 77.6714563 44.2288697
v 51.4425099 73.4675169 44.2288697
v 57.6498687 68.7044382 44.2288697
v 63.4184778 63.4184778 44.2288697
v 68.7044382 57.6498687 44.2288697
v 73.4675169 51.4425099 44.2288697
v 77.6714563 44.8436379 44.2288697
v 81.2842727 37.9034787 44.2288697
v 84.2784703 30.6748539 44.2288697
v 86.6312563 23.2127741 44.2288697
v 88.3247256 15.5740321 44.2288697
v 89.3459857 7.81676099 44.2288697
v 89.6872759 1.64752845e-14 44.2288697
v 89.3459857 -7.81676099 44.2288697
v 88.3247256 -15.5740321 44.2288697
v 86.6312563 -23.2127741 44.2288697
v 84.2784703 -30.6748539 44.2288697
v 81.2842727 -37.9034787 44.2288697
v 77.6714563 -44.8436379 44.2288697
v 73.4675169 -51.4425099 44.2288697
v 68.7044382 -57.6498687 44.2288697
v 63.4184778 -63.4184778 44.2288697
v 57.6498687 -68.7044382 44.2288697
v 51.4425099 -73.4675169 44.2288697
v 44.8436379 -77.6714563 44.2288697
v 37.9034787 -81.2842727 44.2288697
v 30.6748539 -84.2784703 44.2288697
v 23.2127741 -86.6312563 44.2288697
v 15.5740321 -88.3247256 44.2288697
v 7.81676099 -89.3459857 44.2288697
v 2.19670464e-14 -89.6872759 44.2288697
v 0.0 -92.3879504 38.2683426
v -8.05214047 -92.0363903 38.2683426
v -16.0429999 -90.9843743 38.2683426
v -23.9117622 -89.2399073 38.2683426
v -31.5985411 -86.8162751 38.2683426
v -39.0448362 -83.7319195 38.2683426
v -46.1939752 -80.0103128 38.2683426
v -52.9915512 -75.6797791 38.2683426
v -59.3858302 -70.7732797 38.2683426
v -65.328151 -65.328151 38.2683426
v -70.7732797 -59.3858302 38.2683426
v -75.6797791 -52.9915512 38.2683426
v -80.0103128 -46.1939752 38.2683426
v -83.7319195 -39.0448362 38.2683426
v -86.8162751 -31.5985411 38.2683426
v -89.2399073 -23.9117622 38.2683426
v -90.9843743 -16.0429999 38.2683426
v -92.0363903 -8.05214047 38.2683426
v -92.3879504 -5.65713056e-15 38.2683426
v -92.0363903 8.05214047 38.2683426
v -90.9843743 16.0429999 38.2683426
v -89.2399073 23.9117622 38.2683426
v -86.8162751 31.5985411 38.2683426
v -83.7319195 39.0448362 38.2683426
v -80.0103128 46.1939752 38.2683426
v -75.6797791 52.9915512 38.2683426
v -70.7732797 59.3858302 38.2683426
v -65.328151 65.328151 38.2683426
v -59.3858302 70.7732797 38.2683426
v -52.9915512 75.6797791 38.2683426
v -46.1939752 80.0103128 38.2683426
v -39.0448362 83.7319195 38.2683426
v -31.5985411 86.8162751 38.2683426
v -23.9117622 89.2399073 38.2683426
v -16.0429999 90.9843743 38.2683426
v -8.05214047 92.0363903 38.2683426
v -1.13142611e-14 92.3879504 38.2683426
v 8.05214047 92.0363903 38.2683426
v 16.0429999 90.9843743 38.2683426
v 23.9117622 89.2399073 38.2683426
v 31.5985411 86.8162751 38.2683426
v 39.0448362 83.7319195 38.2683426
v 46.1939752 80.0103128 38.2683426
v 52.9915512 75.6797791 38.2683426
v 59.3858302 70.7732797 38.2683426
v 65.328151 65.328151 38.2683426
v 70.7732797 59.3858302 38.2683426
v 75.6797791 52.9915512 38.2683426
v 80.0103128 46.1939752 38.2683426
v 83.7319195 39.0448362 38.2683426
v 86.8162751 31.5985411 38.2683426
v 89.2399073 23.9117622 38.2683426
v 90.9843743 16.0429999 38.2683426
v 92.0363903 8.05214047 38.2683426
v 92.3879504 1.69713917e-14 38.2683426
v 92.0363903 -8.05214047 38.2683426
v 90.9843743 -16.0429999 38.2683426
v 89.2399073 -23.9117622 38.2683426
v 86.8162751 -31.5985411 38.2683426
v 83.7319195 -39.0448362 38.2683426
v 80.0103128 -46.1939752 38.2683426
v 75.6797791 -52.9915512 38.2683426
v 70.7732797 -59.3858302 38.2683426
v 65.328151 -65.328151 38.2683426
v 59.3858302 -70.7732797 38.2683426
v 52.9915512 -75.6797791 38.2683426
v 46.1939752 -80.0103128 38.2683426
v 39.0448362 -83.7319195 38.2683426
v 31.5985411 -86.8162751 38.2683426
v 23.9117622 -89.2399073 38.2683426
v 16.0429999 -90.9843743 38.2683426
v 8.05214047 -92.0363903 38.2683426
v 2.26285222e-14 -92.3879504 38.2683426
v 0.0 -94.693011 32.1439475
v -8.25304016 -94.3326771 32.1439475
v -16.443269 -93.2544112 32.1439475
v -24.5083556 -91.4664268 32.1439475
v -32.3869169 -88.9823258 32.1439475
v -40.0189966 -85.8210146 32.1439475
v -47.3465055 -82.0065558 32.1439475
v -54.3136835 -77.5679767 32.1439475
v -60.8674943 -72.5390553 32.1439475
v -66.9580698 -66.9580698 32.1439475
v -72.5390553 -60.8674943 32.1439475
v -77.5679767 -54.3136835 32.1439475
v -82.0065558 -47.3465055 32.1439475
v -85.8210146 -40.0189966 32.1439475
v -88.9823258 -32.3869169 32.1439475
v -91.4664268 -24.5083556 32.1439475
v -93.2544112 -16.443269 32.1439475
v -94.3326771 -8.25304016 32.1439475
v -94.693011 -5.7982747e-15 32.1439475
v -94.3326771 8.25304016 32.1439475
v -93.2544112 16.443269 32.1439475
v -91.4664268 24.5083556 32.1439475
v -88.9823258 32.3869169 32.1439475
v -85.8210146 40.0189966 32.1439475
v -82.0065558 47.3465055 32.1439475
v -77.5679767 54.3136835 32.1439475
v -72.5390553 60.8674943 32.1439475
v -66.9580698 66.9580698 32.1439475
v -60.8674943 72.5390553 32.1439475
v -54.3136835 77.5679767 32.1439475
v -47.3465055 82.0065558 32.1439475
v -40.0189966 85.8210146 32.1439475
v -32.3869169 88.9823258 32.1439475
v -24.5083556 91.4664268 32.1439475
v -16.443269 93.2544112 32.1439475
v -8.25304016 94.3326771 32.1439475
v -1.15965494e-14 94.693011 32.1439475
v 8.25304016 94.3326771 32.1439475
v 16.443269 93.2544112 32.1439475
v 24.5083556 91.4664268 32.1439475
v 32.3869169 88.9823258 32.1439475
v 40.0189966 85.8210146 32.1439475
v 47.3465055 82.0065558 32.1439475
v 54.3136835 77.5679767 32.1439475
v 60.8674943 72.5390553 32.1439475
v 66.9580698 66.9580698 32.1439475
v 72.5390553 60.8674943 32.1439475
v 77.5679767 54.3136835 32.1439475
v 82.0065558 47.3465055 32.1439475
v 85.8210146 40.0189966 32.1439475
v 88.9823258 32.3869169 32.1439475
v 91.4664268 24.5083556 32.1439475
v 93.2544112 16.443269 32.1439475
v 94.3326771 8.25304016 32.1439475
v 94.693011 1.73948248e-14 32.1439475
v 94.3326771 -8.25304016 32.1439475
v 93.2544112 -16.443269 32.1439475
v 91.4664268 -24.5083556 32.1439475
v 88.9823258 -32.3869169 32.1439475
v 85.8210146 -40.0189966 32.1439475
v 82.0065558 -47.3465055 32.1439475
v 77.5679767 -54.3136835 32.1439475
v 72.5390553 -60.8674943 32.1439475
v 66.9580698 -66.9580698 32.1439475
v 60.8674943 -72.5390553 32.1439475
v 54.3136835 -77.5679767 32.1439475
v 47.3465055 -82.0065558 32.1439475
v 40.0189966 -85.8210146 32.1439475
v 32.3869169 -88.9823258 32.1439475
v 24.5083556 -91.4664268 32.1439475
v 16.443269 -93.2544112 32.1439475
v 8.25304016 -94.3326771 32.1439475
v 2.31930988e-14 -94.693011 32.1439475
v 0.0 -96.5925813 25.8819044
v -8.41859803 -96.2250173 25.8819044
v -16.7731255 -95.1251268 25.8819044
v -25.0 -93.3012724 25.8819044
v -33.0366075 -90.7673359 25.8819044
v -40.8217907 -87.5426114 25.8819044
v -48.2962906 -83.6516321 25.8819044
v -55.4032266 -79.1240096 25.8819044
v -62.0885134 -73.9942133 25.8819044
v -68.3012724 -68.3012724 25.8819044
v -73.9942133 -62.0885134 25.8819044
v -79.1240096 -55.4032266 25.8819044
v -83.6516321 -48.2962906 25.8819044
v -87.5426114 -40.8217907 25.8819044
v -90.7673359 -33.0366075 25.8819044
v -93.3012724 -25.0 25.8819044
v -95.1251268 -16.7731255 25.8819044
v -96.2250173 -8.41859803 25.8819044
v -96.5925813 -5.91458953e-15 25.8819044
v -96.2250173 8.41859803 25.8819044
v -95.1251268 16.7731255 25.8819044
v -93.3012724 25.0 25.8819044
v -90.7673359 33.0366075 25.8819044
v -87.5426114 40.8217907 25.8819044
v -83.6516321 48.2962906 25.8819044
v -79.1240096 55.4032266 25.8819044
v -73.9942133 62.0885134 25.8819044
v -68.3012724 68.3012724 25.8819044
v -62.0885134 73.9942133 25.8819044
v -55.4032266 79.1240096 25.8819044
v -48.2962906 83.6516321 25.8819044
v -40.8217907 87.5426114 25.8819044
v -33.0366075 90.7673359 25.8819044
v -25.0 93.3012724 25.8819044
v -16.7731255 95.1251268 25.8819044
v -8.41859803 96.2250173 25.8819044
v -1.18291791e-14 96.5925813 25.8819044
v 8.41859803 96.2250173 25.8819044
v 16.7731255 95.1251268 25.8819044
v 25.0 93.3012724 25.8819044
v 33.0366075 90.7673359 25.8819044
v 40.8217907 87.5426114 25.8819044
v 48.2962906 83.6516321 25.8819044
v 55.4032266 79.1240096 25.8819044
v 62.0885134 73.9942133 25.8819044
v 68.3012724 68.3012724 25.8819044
v 73.9942133 62.0885134 25.8819044
v 79.1240096 55.4032266 25.8819044
v 83.6516321 48.2962906 25.8819044
v 87.5426114 40.8217907 25.8819044
v 90.7673359 33.0366075 25.8819044
v 93.3012724 25.0 25.8819044
v 95.1251268 16.7731255 25.8819044
v 96.2250173 8.41859803 25.8819044
v 96.5925813 1.77437693e-14 25.8819044
v 96.2250173 -8.41859803 25.8819044
v 95.1251268 -16.7731255 25.8819044
v 93.3012724 -25.0 25.8819044
v 90.7673359 -33.0366075 25.8819044
v 87.5426114 -40.8217907 25.8819044
v 83.6516321 -48.2962906 25.8819044
v 79.1240096 -55.4032266 25.8819044
v 73.9942133 -62.0885134 25.8819044
v 68.3012724 -68.3012724 25.8819044
v 62.0885134 -73.9942133 25.8819044
v 55.4032266 -79.1240096 25.8819044
v 48.2962906 -83.6516321 25.8819044
v 40.8217907 -87.5426114 25.8819044
v 33.0366075 -90.7673359 25.8819044
v 25.0 -93.3012724 25.8819044
v 16.7731255 -95.1251268 25.8819044
v 8.41859803 -96.2250173 25.8819044
v 2.36583581e-14 -96.5925813 25.8819044
v 0.0 -98.0785251 19.5090324
v -8.548107 -97.7053106 19.5090324
v -17.031157 -96.5884924 19.5090324
v -25.38459 -94.736582 19.5090324
v -33.5448325 -92.1636701 19.5090324
v -41.4497763 -88.8893366 19.5090324
v -49.0392625 -84.9384964 19.5090324
v -56.2555313 -80.3412259 19.5090324
v -63.0436599 -75.132513 19.5090324
v -69.351995 -69.351995 19.5090324
v -75.132513 -63.0436599 19.5090324
v -80.3412259 -56.2555313 19.5090324
v -84.9384964 -49.0392625 19.5090324
v -88.8893366 -41.4497763 19.5090324
v -92.1636701 -33.5448325 19.5090324
v -94.736582 -25.38459 19.5090324
v -96.5884924 -17.031157 19.5090324
v -97.7053106 -8.548107 19.5090324
v -98.0785251 -6.00557808e-15 19.5090324
v -97.7053106 8.548107 19.5090324
v -96.5884924 17.031157 19.5090324
v -94.736582 25.38459 19.5090324
v -92.1636701 33.5448325 19.5090324
v -88.8893366 41.4497763 19.5090324
v -84.9384964 49.0392625 19.5090324
v -80.3412259 56.2555313 19.5090324
v -75.132513 63.0436599 19.5090324
v -69.351995 69.351995 19.5090324
v -63.0436599 75.132513 19.5090324
v -56.2555313 80.3412259 19.5090324
v -49.0392625 84.9384964 19.5090324
v -41.4497763 88.8893366 19.5090324
v -33.5448325 92.1636701 19.5090324
v -25.38459 94.736582 19.5090324
v -17.031157 96.5884924 19.5090324
v -8.548107 97.7053106 19.5090324
v -1.20111562e-14 98.0785251 19.5090324
v 8.548107 97.7053106 19.5090324
v 17.031157 96.5884924 19.5090324
v 25.38459 94.736582 19.5090324
v 33.5448325 92.1636701 19.5090324
v 41.4497763 88.8893366 19.5090324
v 49.0392625 84.9384964 19.5090324
v 56.2555313 80.3412259 19.5090324
v 63.0436599 75.132513 19.5090324
v 69.351995 69.351995 19.5090324
v 75.132513 63.0436599 19.5090324
v 80.3412259 56.2555313 19.5090324
v 84.9384964 49.0392625 19.5090324
v 88.8893366 41.4497763 19.5090324
v 92.1636701 33.5448325 19.5090324
v 94.736582 25.38459 19.5090324
v 96.5884924 17.031157 19.5090324
v 97.7053106 8.548107 19.5090324
v 98.0785251 1.80167336e-14 19.5090324
v 97.7053106 -8.548107 19.5090324
v 96.5884924 -17.031157 19.5090324
v 94.736582 -25.38459 19.5090324
v 92.1636701 -33.5448325 19.5090324
v 88.8893366 -41.4497763 19.5090324
v 84.9384964 -49.0392625 19.5090324
v 80.3412259 -56.2555313 19.5090324
v 75.132513 -63.0436599 19.5090324
v 69.351995 -69.351995 19.5090324
v 63.0436599 -75.132513 19.5090324
v 56.2555313 -80.3412259 19.5090324
v 49.0392625 -84.9384964 19.5090324
v 41.4497763 -88.8893366 19.5090324
v 33.5448325 -92.1636701 19.5090324
v 25.38459 -94.736582 19.5090324
v 17.031157 -96.5884924 19.5090324
v 8.548107 -97.7053106 19.5090324
v 2.40223123e-14 -98.0785251 19.5090324
v 0.0 -99.1444886 13.0526185
v -8.64101127 -98.7672091 13.0526185
v -17.2162592 -97.6382613 13.0526185
v -25.660482 -95.7662225 13.0526185
v -33.9094102 -93.165344 13.0526185
v -41.9002712 -89.8554206 13.0526185
v -49.5722443 -85.8616412 13.0526185
v -56.8669438 -81.2144101 13.0526185
v -63.7288451 -75.9490848 13.0526185
v -70.1057374 -70.1057374 13.0526185
v -75.9490848 -63.7288451 13.0526185
v -81.2144101 -56.8669438 13.0526185
v -85.8616412 -49.5722443 13.0526185
v -89.8554206 -41.9002712 13.0526185
v -93.165344 -33.9094102 13.0526185
v -95.7662225 -25.660482 13.0526185
v -97.6382613 -17.2162592 13.0526185
v -98.7672091 -8.64101127 13.0526185
v -99.1444886 -6.07084858e-15 13.0526185
v -98.7672091 8.64101127 13.0526185
v -97.6382613 17.2162592 13.0526185
v -95.7662225 25.660482 13.0526185
v -93.165344 33.9094102 13.0526185
v -89.8554206 41.9002712 13.0526185
v -85.8616412 49.5722443 13.0526185
v -81.2144101 56.8669438 13.0526185
v -75.9490848 63.7288451 13.0526185
v -70.1057374 70.1057374 13.0526185
v -63.7288451 75.9490848 13.0526185
v -56.8669438 81.2144101 13.0526185
v -49.5722443 85.8616412 13.0526185
v -41.9002712 89.8554206 13.0526185
v -33.9094102 93.165344 13.0526185
v -25.660482 95.7662225 13.0526185
v -17.2162592 97.6382613 13.0526185
v -8.64101127 98.7672091 13.0526185
v -1.21416972e-14 99.1444886 13.0526185
v 8.64101127 98.7672091 13.0526185
v 17.2162592 97.6382613 13.0526185
v 25.660482 95.7662225 13.0526185
v 33.9094102 93.165344 13.0526185
v 41.9002712 89.8554206 13.0526185
v 49.5722443 85.8616412 13.0526185
v 56.8669438 81.2144101 13.0526185
v 63.7288451 75.9490848 13.0526185
v 70.1057374 70.1057374 13.0526185
v 75.9490848 63.7288451 13.0526185
v 81.2144101 56.8669438 13.0526185
v 85.8616412 49.5722443 13.0526185
v 89.8554206 41.9002712 13.0526185
v 93.165344 33.9094102 13.0526185
v 95.7662225 25.660482 13.0526185
v 97.6382613 17.2162592 13.0526185
v 98.7672091 8.64101127 13.0526185
v 99.1444886 1.82125464e-14 13.0526185
v 98.7672091 -8.64101127 13.0526185
v 97.6382613 -17.2162592 13.0526185
v 95.7662225 -25.660482 13.0526185
v 93.165344 -33.9094102 13.0526185
v 89.8554206 -41.9002712 13.0526185
v 85.8616412 -49.5722443 13.0526185
v 81.2144101 -56.8669438 13.0526185
v 75.9490848 -63.7288451 13.0526185
v 70.1057374 -70.1057374 13.0526185
v 63.7288451 -75.9490848 13.0526185
v 56.8669438 -81.2144101 13.0526185
v 49.5722443 -85.8616412 13.0526185
v 41.9002712 -89.8554206 13.0526185
v 33.9094102 -93.165344 13.0526185
v 25.660482 -95.7662225 13.0526185
v 17.2162592 -97.6382613 13.0526185
v 8.64101127 -98.7672091 13.0526185
v 2.42833943e-14 -99.1444886 13.0526185
v 0.0 -99.7858942 6.54031262
v -8.69691372 -99.4061768 6.54031262
v -17.327638 -98.2699215 6.54031262
v -25.8264899 -96.385771 6.54031262
v -34.1287851 -93.7680662 6.54031262
v -42.1713412 -90.4367328 6.54031262
v -49.8929471 -86.4171147 6.54031262
v -57.2348356 -81.739819 6.54031262
v -64.1411364 -76.4404297 6.54031262
v -70.5592811 -70.5592811 6.54031262
v -76.4404297 -64.1411364 6.54031262
v -81.739819 -57.2348356 6.54031262
v -86.4171147 -49.8929471 6.54031262
v -90.4367328 -42.1713412 6.54031262
v -93.7680662 -34.1287851 6.54031262
v -96.385771 -25.8264899 6.54031262
v -98.2699215 -17.327638 6.54031262
v -99.4061768 -8.69691372 6.54031262
v -99.7858942 -6.11012378e-15 6.54031262
v -99.4061768 8.69691372 6.54031262
v -98.2699215 17.327638 6.54031262
v -96.385771 25.8264899 6.54031262
v -93.7680662 34.1287851 6.54031262
v -90.4367328 42.1713412 6.54031262
v -86.4171147 49.8929471 6.54031262
v -81.739819 57.2348356 6.54031262
v -76.4404297 64.1411364 6.54031262
v -70.5592811 70.5592811 6.54031262
v -64.1411364 76.4404297 6.54031262
v -57.2348356 81.739819 6.54031262
v -49.8929471 86.4171147 6.54031262
v -42.1713412 90.4367328 6.54031262
v -34.1287851 93.7680662 6.54031262
v -25.8264899 96.385771 6.54031262
v -17.327638 98.2699215 6.54031262
v -8.69691372 99.4061768 6.54031262
v -1.22202476e-14 99.7858942 6.54031262
v 8.69691372 99.4061768 6.54031262
v 17.327638 98.2699215 6.54031262
v 25.8264899 96.385771 6.54031262
v 34.1287851 93.7680662 6.54031262
v 42.1713412 90.4367328 6.54031262
v 49.8929471 86.4171147 6.54031262
v 57.2348356 81.739819 6.54031262
v 64.1411364 76.4404297 6.54031262
v 70.5592811 70.5592811 6.54031262
v 76.4404297 64.1411364 6.54031262
v 81.739819 57.2348356 6.54031262
v 86.4171147 49.8929471 6.54031262
v 90.4367328 42.1713412 6.54031262
v 93.7680662 34.1287851 6.54031262
v 96.385771 25.8264899 6.54031262
v 98.2699215 17.327638 6.54031262
v 99.4061768 8.69691372 6.54031262
v 99.7858942 1.83303713e-14 6.54031262
v 99.4061768 -8.69691372 6.54031262
v 98.2699215 -17.327638 6.54031262
v 96.385771 -25.8264899 6.54031262
v 93.7680662 -34.1287851 6.54031262
v 90.4367328 -42.1713412 6.54031262
v 86.4171147 -49.8929471 6.54031262
v 81.739819 -57.2348356 6.54031262
v 76.4404297 -64.1411364 6.54031262
v 70.5592811 -70.5592811 6.54031262
v 64.1411364 -76.4404297 6.54031262
v 57.2348356 -81.739819 6.54031262
v 49.8929471 -86.4171147 6.54031262
v 42.1713412 -90.4367328 6.54031262
v 34.1287851 -93.7680662 6.54031262
v 25.8264899 -96.385771 6.54031262
v 17.327638 -98.2699215 6.54031262
v 8.69691372 -99.4061768 6.54031262
v 2.44404951e-14 -99.7858942 6.54031262
v 0.0 -100.0 6.12323426e-15
v -8.71557444 -99.619472 6.12323426e-15
v -17.3648179 -98.480773 6.12323426e-15
v -25.8819044 -96.5925813 6.12323426e-15
v -34.2020154 -93.9692616 6.12323426e-15
v -42.261827 -90.6307817 6.12323426e-15
v -50.0 -86.6025388 6.12323426e-15
v -57.357645 -81.9152057 6.12323426e-15
v -64.2787635 -76.6044438 6.12323426e-15
v -70.7106769 -70.7106769 6.12323426e-15
v -76.6044438 -64.2787635 6.12323426e-15
v -81.9152057 -57.357645 6.12323426e-15
v -86.6025388 -50.0 6.12323426e-15
v -90.6307817 -42.261827 6.12323426e-15
v -93.9692616 -34.2020154 6.12323426e-15
v -96.5925813 -25.8819044 6.12323426e-15
v -98.480773 -17.3648179 6.12323426e-15
v -99.619472 -8.71557444 6.12323426e-15
v -100.0 -6.12323426e-15 6.12323426e-15
v -99.619472 8.71557444 6.12323426e-15
v -98.480773 17.3648179 6.12323426e-15
v -96.5925813 25.8819044 6.12323426e-15
v -93.9692616 34.2020154 6.12323426e-15
v -90.6307817 42.261827 6.12323426e-15
v -86.6025388 50.0 6.12323426e-15
v -81.9152057 57.357645 6.12323426e-15
v -76.6044438 64.2787635 6.12323426e-15
v -70.7106769 70.7106769 6.12323426e-15
v -64.2787635 76.6044438 6.12323426e-15
v -57.357645 81.9152057 6.12323426e-15
v -50.0 86.6025388 6.12323426e-15
v -42.261827 90.6307817 6.12323426e-15
v -34.2020154 93.9692616 6.12323426e-15
v -25.8819044 96.5925813 6.12323426e-15
v -17.3648179 98.480773 6.12323426e-15
v -8.71557444 99.619472 6.12323426e-15
v -1.22464685e-14 100.0 6.12323426e-15
v 8.71557444 99.619472 6.12323426e-15
v 17.3648179 98.480773 6.12323426e-15
v 25.8819044 96.5925813 6.12323426e-15
v 34.2020154 93.9692616 6.12323426e-15
v 42.261827 90.6307817 6.12323426e-15
v 50.0 86.6025388 6.12323426e-15
v 57.357645 81.9152057 6.12323426e-15
v 64.2787635 76.6044438 6.12323426e-15
v 70.7106769 70.7106769 6.12323426e-15
v 76.6044438 64.2787635 6.12323426e-15
v 81.9152057 57.357645 6.12323426e-15
v 86.6025388 50.0 6.12323426e-15
v 90.6307817 42.261827 6.12323426e-15
v 93.9692616 34.2020154 6.12323426e-15
v 96.5925813 25.8819044 6.12323426e-15
v 98.480773 17.3648179 6.12323426e-15
v 99.619472 8.71557444 6.12323426e-15
v 100.0 1.83697015e-14 6.12323426e-15
v 99.619472 -8.71557444 6.12323426e-15
v 98.480773 -17.3648179 6.12323426e-15
v 96.5925813 -25.8819044 6.12323426e-15
v 93.9692616 -34.2020154 6.12323426e-15
v 90.6307817 -42.261827 6.12323426e-15
v 86.6025388 -50.0 6.12323426e-15
v 81.9152057 -57.357645 6.12323426e-15
v 76.6044438 -64.2787635 6.12323426e-15
v 70.7106769 -70.7106769 6.12323426e-15
v 64.2787635 -76.6044438 6.12323426e-15
v 57.357645 -81.9152057 6.12323426e-15
v 50.0 -86.6025388 6.12323426e-15
v 42.261827 -90.6307817 6.12323426e-15
v 34.2020154 -93.9692616 6.12323426e-15
v 25.8819044 -96.5925813 6.12323426e-15
v 17.3648179 -98.480773 6.12323426e-15
v 8.71557444 -99.619472 6.12323426e-15
v 2.44929371e-14 -100.0 6.12323426e-15
vt 0.0069444445 0.0
vn 0.0 0.0 1.0
vt 0.020833334 0.0
vn 0.0 0.0 1.0
vt 0.0347222239 0.0
vn 0.0 0.0 1.0
vt 0.0486111119 0.0
vn 0.0 0.0 1.0
vt 0.0625 0.0
vn 0.0 0.0 1.0
vt 0.0763888881 0.0
vn 0.0 0.0 1.0
vt 0.0902777761 0.0
vn 0.0 0.0 1.0
vt 0.104166664 0.0
vn 0.0 0.0 1.0
vt 0.118055552 0.0
vn 0.0 0.0 1.0
vt 0.131944448 0.0
vn 0.0 0.0 1.0
vt 0.145833328 0.0
vn 0.0 0.0 1.0
vt 0.159722224 0.0
vn 0.0 0.0 1.0
vt 0.173611104 0.0
vn 0.0 0.0 1.0
vt 0.1875 0.0
vn 0.0 0.0 1.0
vt 0.201388896 0.0
vn 0.0 0.0 1.0
vt 0.215277776 0.0
vn 0.0 0.0 1.0
vt 0.229166672 0.0
vn 0.0 0.0 1.0
vt 0.243055552 0.0
vn 0.0 0.0 1.0
vt 0.256944448 0.0
vn 0.0 0.0 1.0
vt 0.270833343 0.0
vn 0.0 0.0 1.0
vt 0.284722209 0.0
vn 0.0 0.0 1.0
vt 0.298611104 0.0
vn 0.0 0.0 1.0
vt 0.3125 0.0
vn 0.0 0.0 1.0
vt 0.326388896 0.0
vn 0.0 0.0 1.0
vt 0.340277791 0.0
vn 0.0 0.0 1.0
vt 0.354166657 0.0
vn 0.0 0.0 1.0
vt 0.368055552 0.0
vn 0.0 0.0 1.0
vt 0.381944448 0.0
vn 0.0 0.0 1.0
vt 0.395833343 0.0
vn 0.0 0.0 1.0
vt 0.409722209 0.0
vn 0.0 0.0 1.0
vt 0.423611104 0.0
vn 0.0 0.0 1.0
vt 0.4375 0.0
vn 0.0 0.0 1.0
vt 0.451388896 0.0
vn 0.0 0.0 1.0
vt 0.465277791 0.0
vn 0.0 0.0 1.0
vt 0.479166657 0.0
vn 0.0 0.0 1.0
vt 0.493055552 0.0
vn 0.0 0.0 1.0
vt 0.506944418 0.0
vn 0.0 0.0 1.0
vt 0.520833313 0.0
vn 0.0 0.0 1.0
vt 0.534722209 0.0
vn 0.0 0.0 1.0
vt 0.548611104 0.0
vn 0.0 0.0 1.0
vt 0.5625 0.0
vn 0.0 0.0 1.0
vt 0.576388896 0.0
vn 0.0 0.0 1.0
vt 0.590277791 0.0
vn 0.0 0.0 1.0
vt 0.604166687 0.0
vn 0.0 0.0 1.0
vt 0.618055582 0.0
vn 0.0 0.0 1.0
vt 0.631944418 0.0
vn 0.0 0.0 1.0
vt 0.645833313 0.0
vn 0.0 0.0 1.0
vt 0.659722209 0.0
vn 0.0 0.0 1.0
vt 0.673611104 0.0
vn 0.0 0.0 1.0
vt 0.6875 0.0
vn 0.0 0.0 1.0
vt 0.701388896 0.0
vn 0.0 0.0 1.0
vt 0.715277791 0.0
vn 0.0 0.0 1.0
vt 0.729166687 0.0
vn 0.0 0.0 1.0
vt 0.743055582 0.0
vn 0.0 0.0 1.0
vt 0.756944418 0.0
vn 0.0 0.0 1.0
vt 0.770833313 0.0
vn 0.0 0.0 1.0
vt 0.784722209 0.0
vn 0.0 0.0 1.0
vt 0.798611104 0.0
vn 0.0 0.0 1.0
vt 0.8125 0.0
vn 0.0 0.0 1.0
vt 0.826388896 0.0
vn 0.0 0.0 1.0
vt 0.840277791 0.0
vn 0.0 0.0 1.0
vt 0.854166687 0.0
vn 0.0 0.0 1.0
vt 0.868055582 0.0
vn 0.0 0.0 1.0
vt 0.881944418 0.0
vn 0.0 0.0 1.0
vt 0.895833313 0.0
vn 0.0 0.0 1.0
vt 0.909722209 0.0
vn 0.0 0.0 1.0
vt 0.923611104 0.0
vn 0.0 0.0 1.0
vt 0.9375 0.0
vn 0.0 0.0 1.0
vt 0.951388896 0.0
vn 0.0 0.0 1.0
vt 0.965277791 0.0
vn 0.0 0.0 1.0
vt 0.979166687 0.0
vn 0.0 0.0 1.0
vt 0.993055582 0.0
vn 0.0 0.0 1.0
vt 1.00694442 0.0
vn 0.0 0.0 1.0
vt 0.0 0.0416666865
vn 0.0 -0.0654031262 0.997858942
vt 0.013888889 0.0416666865
vn -0.00570025854 -0.065154247 0.997858942
vt 0.027777778 0.0416666865
vn -0.0113571342 -0.0644095093 0.997858942
vt 0.0416666679 0.0416666865
vn -0.0169275757 -0.0631745681 0.997858942
vt 0.055555556 0.0416666865
vn -0.0223691873 -0.0614588372 0.997858942
vt 0.0694444478 0.0416666865
vn -0.0276405569 -0.0592753664 0.997858942
vt 0.0833333358 0.0416666865
vn -0.0327015631 -0.0566407703 0.997858942
vt 0.0972222239 0.0416666865
vn -0.0375136919 -0.053575106 0.997858942
vt 0.111111112 0.0416666865
vn -0.042040322 -0.0501017049 0.997858942
vt 0.125 0.0416666865
vn -0.046246998 -0.046246998 0.997858942
vt 0.138888896 0.0416666865
vn -0.0501017049 -0.042040322 0.997858942
vt 0.152777776 0.0416666865
vn -0.053575106 -0.0375136919 0.997858942
vt 0.166666672 0.0416666865
vn -0.0566407703 -0.0327015631 0.997858942
vt 0.180555552 0.0416666865
vn -0.0592753664 -0.0276405569 0.997858942
vt 0.194444448 0.0416666865
vn -0.0614588372 -0.0223691873 0.997858942
vt 0.208333328 0.0416666865
vn -0.0631745681 -0.0169275757 0.997858942
vt 0.222222224 0.0416666865
vn -0.0644095093 -0.0113571342 0.997858942
vt 0.236111104 0.0416666865
vn -0.065154247 -0.00570025854 0.997858942
vt 0.25 0.0416666865
vn -0.0654031262 -4.00478666e-18 0.997858942
vt 0.263888896 0.0416666865
vn -0.065154247 0.00570025854 0.997858942
vt 0.277777791 0.0416666865
vn -0.0644095093 0.0113571342 0.997858942
vt 0.291666657 0.0416666865
vn -0.0631745681 0.0169275757 0.997858942
vt 0.305555552 0.0416666865
vn -0.0614588372 0.0223691873 0.997858942
vt 0.319444448 0.0416666865
vn -0.0592753664 0.0276405569 0.997858942
vt 0.333333343 0.0416666865
vn -0.0566407703 0.0327015631 0.997858942
vt 0.347222209 0.0416666865
vn -0.053575106 0.0375136919 0.997858942
vt 0.361111104 0.0416666865
vn -0.0501017049 0.042040322 0.997858942
vt 0.375 0.0416666865
vn -0.046246998 0.046246998 0.997858942
vt 0.388888896 0.0416666865
vn -0.042040322 0.0501017049 0.997858942
vt 0.402777791 0.0416666865
vn -0.0375136919 0.053575106 0.997858942
vt 0.416666657 0.0416666865
vn -0.0327015631 0.0566407703 0.997858942
vt 0.430555552 0.0416666865
vn -0.0276405569 0.0592753664 0.997858942
vt 0.444444448 0.0416666865
vn -0.0223691873 0.0614588372 0.997858942
vt 0.458333343 0.0416666865
vn -0.0169275757 0.0631745681 0.997858942
vt 0.472222209 0.0416666865
vn -0.0113571342 0.0644095093 0.997858942
vt 0.486111104 0.0416666865
vn -0.00570025854 0.065154247 0.997858942
vt 0.5 0.0416666865
vn -8.00957333e-18 0.0654031262 0.997858942
vt 0.513888896 0.0416666865
vn 0.00570025854 0.065154247 0.997858942
vt 0.527777791 0.0416666865
vn 0.0113571342 0.0644095093 0.997858942
vt 0.541666687 0.0416666865
vn 0.0169275757 0.0631745681 0.997858942
vt 0.555555582 0.0416666865
vn 0.0223691873 0.0614588372 0.997858942
vt 0.569444418 0.0416666865
vn 0.0276405569 0.0592753664 0.997858942
vt 0.583333313 0.0416666865
vn 0.0327015631 0.0566407703 0.997858942
vt 0.597222209 0.0416666865
vn 0.0375136919 0.053575106 0.997858942
vt 0.611111104 0.0416666865
vn 0.042040322 0.0501017049 0.997858942
vt 0.625 0.0416666865
vn 0.046246998 0.046246998 0.997858942
vt 0.638888896 0.0416666865
vn 0.0501017049 0.042040322 0.997858942
vt 0.652777791 0.0416666865
vn 0.053575106 0.0375136919 0.997858942
vt 0.666666687 0.0416666865
vn 0.0566407703 0.0327015631 0.997858942
vt 0.680555582 0.0416666865
vn 0.0592753664 0.0276405569 0.997858942
vt 0.694444418 0.0416666865
vn 0.0614588372 0.0223691873 0.997858942
vt 0.708333313 0.0416666865
vn 0.0631745681 0.0169275757 0.997858942
vt 0.722222209 0.0416666865
vn 0.0644095093 0.0113571342 0.997858942
vt 0.736111104 0.0416666865
vn 0.065154247 0.00570025854 0.997858942
vt 0.75 0.0416666865
vn 0.0654031262 1.201436e-17 0.997858942
vt 0.763888896 0.0416666865
vn 0.065154247 -0.00570025854 0.997858942
vt 0.777777791 0.0416666865
vn 0.0644095093 -0.0113571342 0.997858942
vt 0.791666687 0.0416666865
vn 0.0631745681 -0.0169275757 0.997858942
vt 0.805555582 0.0416666865
vn 0.0614588372 -0.0223691873 0.997858942
vt 0.819444418 0.0416666865
vn 0.0592753664 -0.0276405569 0.997858942
vt 0.833333313 0.0416666865
vn 0.0566407703 -0.0327015631 0.997858942
vt 0.847222209 0.0416666865
vn 0.053575106 -0.0375136919 0.997858942
vt 0.861111104 0.0416666865
vn 0.0501017049 -0.042040322 0.997858942
vt 0.875 0.0416666865
vn 0.046246998 -0.046246998 0.997858942
vt 0.888888896 0.0416666865
vn 0.042040322 -0.0501017049 0.997858942
vt 0.902777791 0.0416666865
vn 0.0375136919 -0.053575106 0.997858942
vt 0.916666687 0.0416666865
vn 0.0327015631 -0.0566407703 0.997858942
vt 0.930555582 0.0416666865
vn 0.0276405569 -0.0592753664 0.997858942
vt 0.944444418 0.0416666865
vn 0.0223691873 -0.0614588372 0.997858942
vt 0.958333313 0.0416666865
vn 0.0169275757 -0.0631745681 0.997858942
vt 0.972222209 0.0416666865
vn 0.0113571342 -0.0644095093 0.997858942
vt 0.986111104 0.0416666865
vn 0.00570025854 -0.065154247 0.997858942
vt 1.0 0.0416666865
vn 1.60191467e-17 -0.0654031262 0.997858942
vt 0.0 0.0833333135
vn 0.0 -0.130526185 0.991444886
vt 0.013888889 0.0833333135
vn -0.0113761071 -0.1300295 0.991444886
vt 0.027777778 0.0833333135
vn -0.0226656348 -0.128543213 0.991444886
vt 0.0416666679 0.0833333135
vn -0.0337826647 -0.126078621 0.991444886
vt 0.055555556 0.0833333135
vn -0.0446425863 -0.122654498 0.991444886
vt 0.0694444478 0.0833333135
vn -0.0551627539 -0.118296906 0.991444886
vt 0.0833333358 0.0833333135
vn -0.0652630925 -0.113039002 0.991444886
vt 0.0972222239 0.0833333135
vn -0.0748667493 -0.106920794 0.991444886
vt 0.111111112 0.0833333135
vn -0.0839006156 -0.0999888629 0.991444886
vt 0.125 0.0833333135
vn -0.0922959521 -0.0922959521 0.991444886
vt 0.138888896 0.0833333135
vn -0.0999888629 -0.0839006156 0.991444886
vt 0.152777776 0.0833333135
vn -0.106920794 -0.0748667493 0.991444886
vt 0.166666672 0.0833333135
vn -0.113039002 -0.0652630925 0.991444886
vt 0.180555552 0.0833333135
vn -0.118296906 -0.0551627539 0.991444886
vt 0.194444448 0.0833333135
vn -0.122654498 -0.0446425863 0.991444886
vt 0.208333328 0.0833333135
vn -0.126078621 -0.0337826647 0.991444886
vt 0.222222224 0.0833333135
vn -0.128543213 -0.0226656348 0.991444886
vt 0.236111104 0.0833333135
vn -0.1300295 -0.0113761071 0.991444886
vt 0.25 0.0833333135
vn -0.130526185 -7.99242422e-18 0.991444886
vt 0.263888896 0.0833333135
vn -0.1300295 0.0113761071 0.991444886
vt 0.277777791 0.0833333135
vn -0.128543213 0.0226656348 0.991444886
vt 0.291666657 0.0833333135
vn -0.126078621 0.0337826647 0.991444886
vt 0.305555552 0.0833333135
vn -0.122654498 0.0446425863 0.991444886
vt 0.319444448 0.0833333135
vn -0.118296906 0.0551627539 0.991444886
vt 0.333333343 0.0833333135
vn -0.113039002 0.0652630925 0.991444886
vt 0.347222209 0.0833333135
vn -0.106920794 0.0748667493 0.991444886
vt 0.361111104 0.0833333135
vn -0.0999888629 0.0839006156 0.991444886
vt 0.375 0.0833333135
vn -0.0922959521 0.0922959521 0.991444886
vt 0.388888896 0.0833333135
vn -0.0839006156 0.0999888629 0.991444886
vt 0.402777791 0.0833333135
vn -0.0748667493 0.106920794 0.991444886
vt 0.416666657 0.0833333135
vn -0.0652630925 0.113039002 0.991444886
vt 0.430555552 0.0833333135
vn -0.0551627539 0.118296906 0.991444886
vt 0.444444448 0.0833333135
vn -0.0446425863 0.122654498 0.991444886
vt 0.458333343 0.0833333135
vn -0.0337826647 0.126078621 0.991444886
vt 0.472222209 0.0833333135
vn -0.0226656348 0.128543213 0.991444886
vt 0.486111104 0.0833333135
vn -0.0113761071 0.1300295 0.991444886
vt 0.5 0.0833333135
vn -1.59848484e-17 0.130526185 0.991444886
vt 0.513888896 0.0833333135
vn 0.0113761071 0.1300295 0.991444886
vt 0.527777791 0.0833333135
vn 0.0226656348 0.128543213 0.991444886
vt 0.541666687 0.0833333135
vn 0.0337826647 0.126078621 0.991444886
vt 0.555555582 0.0833333135
vn 0.0446425863 0.122654498 0.991444886
vt 0.569444418 0.0833333135
vn 0.0551627539 0.118296906 0.991444886
vt 0.583333313 0.0833333135
vn 0.0652630925 0.113039002 0.991444886
vt 0.597222209 0.0833333135
vn 0.0748667493 0.106920794 0.991444886
vt 0.611111104 0.0833333135
vn 0.0839006156 0.0999888629 0.991444886
vt 0.625 0.0833333135
vn 0.0922959521 0.0922959521 0.991444886
vt 0.638888896 0.0833333135
vn 0.0999888629 0.0839006156 0.991444886
vt 0.652777791 0.0833333135
vn 0.106920794 0.0748667493 0.991444886
vt 0.666666687 0.0833333135
vn 0.113039002 0.0652630925 0.991444886
vt 0.680555582 0.0833333135
vn 0.118296906 0.0551627539 0.991444886
vt 0.694444418 0.0833333135
vn 0.122654498 0.0446425863 0.991444886
vt 0.708333313 0.0833333135
vn 0.126078621 0.0337826647 0.991444886
vt 0.722222209 0.0833333135
vn 0.128543213 0.0226656348 0.991444886
vt 0.736111104 0.0833333135
vn 0.1300295 0.0113761071 0.991444886
vt 0.75 0.0833333135
vn 0.130526185 2.39772727e-17 0.991444886
vt 0.763888896 0.0833333135
vn 0.1300295 -0.0113761071 0.991444886
vt 0.777777791 0.0833333135
vn 0.128543213 -0.0226656348 0.991444886
vt 0.791666687 0.0833333135
vn 0.126078621 -0.0337826647 0.991444886
vt 0.805555582 0.0833333135
vn 0.122654498 -0.0446425863 0.991444886
vt 0.819444418 0.0833333135
vn 0.118296906 -0.0551627539 0.991444886
vt 0.833333313 0.0833333135
vn 0.113039002 -0.0652630925 0.991444886
vt 0.847222209 0.0833333135
vn 0.106920794 -0.0748667493 0.991444886
vt 0.861111104 0.0833333135
vn 0.0999888629 -0.0839006156 0.991444886
vt 0.875 0.0833333135
vn 0.0922959521 -0.0922959521 0.991444886
vt 0.888888896 0.0833333135
vn 0.0839006156 -0.0999888629 0.991444886
vt 0.902777791 0.0833333135
vn 0.0748667493 -0.106920794 0.991444886
vt 0.916666687 0.0833333135
vn 0.0652630925 -0.113039002 0.991444886
vt 0.930555582 0.0833333135
vn 0.0551627539 -0.118296906 0.991444886
vt 0.944444418 0.0833333135
vn 0.0446425863 -0.122654498 0.991444886
vt 0.958333313 0.0833333135
vn 0.0337826647 -0.126078621 0.991444886
vt 0.972222209 0.0833333135
vn 0.0226656348 -0.128543213 0.991444886
vt 0.986111104 0.0833333135
vn 0.0113761071 -0.1300295 0.991444886
vt 1.0 0.0833333135
vn 3.19696969e-17 -0.130526185 0.991444886
vt 0.0 0.125
vn 0.0 -0.195090324 0.980785251
vt 0.013888889 0.125
vn -0.0170032419 -0.194347948 0.980785251
vt 0.027777778 0.125
vn -0.0338770784 -0.192126468 0.980785251
vt 0.0416666679 0.125
vn -0.0504930913 -0.188442782 0.980785251
vt 0.055555556 0.125
vn -0.0667248219 -0.183324933 0.980785251
vt 0.0694444478 0.125
vn -0.0824487358 -0.176811874 0.980785251
vt 0.0833333358 0.125
vn -0.0975451618 -0.16895318 0.980785251
vt 0.0972222239 0.125
vn -0.111899212 -0.159808636 0.980785251
vt 0.111111112 0.125
vn -0.125401646 -0.149447858 0.980785251
vt 0.125 0.125
vn -0.13794969 -0.13794969 0.980785251
vt 0.138888896 0.125
vn -0.149447858 -0.125401646 0.980785251
vt 0.152777776 0.125
vn -0.159808636 -0.111899212 0.980785251
vt 0.166666672 0.125
vn -0.16895318 -0.0975451618 0.980785251
vt 0.180555552 0.125
vn -0.176811874 -0.0824487358 0.980785251
vt 0.194444448 0.125
vn -0.183324933 -0.0667248219 0.980785251
vt 0.208333328 0.125
vn -0.188442782 -0.0504930913 0.980785251
vt 0.222222224 0.125
vn -0.192126468 -0.0338770784 0.980785251
vt 0.236111104 0.125
vn -0.194347948 -0.0170032419 0.980785251
vt 0.25 0.125
vn -0.195090324 -1.19458372e-17 0.980785251
vt 0.263888896 0.125
vn -0.194347948 0.0170032419 0.980785251
vt 0.277777791 0.125
vn -0.192126468 0.0338770784 0.980785251
vt 0.291666657 0.125
vn -0.188442782 0.0504930913 0.980785251
vt 0.305555552 0.125
vn -0.183324933 0.0667248219 0.980785251
vt 0.319444448 0.125
vn -0.176811874 0.0824487358 0.980785251
vt 0.333333343 0.125
vn -0.16895318 0.0975451618 0.980785251
vt 0.347222209 0.125
vn -0.159808636 0.111899212 0.980785251
vt 0.361111104 0.125
vn -0.149447858 0.125401646 0.980785251
vt 0.375 0.125
vn -0.13794969 0.13794969 0.980785251
vt 0.388888896 0.125
vn -0.125401646 0.149447858 0.980785251
vt 0.402777791 0.125
vn -0.111899212 0.159808636 0.980785251
vt 0.416666657 0.125
vn -0.0975451618 0.16895318 0.980785251
vt 0.430555552 0.125
vn -0.0824487358 0.176811874 0.980785251
vt 0.444444448 0.125
vn -0.0667248219 0.183324933 0.980785251
vt 0.458333343 0.125
vn -0.0504930913 0.188442782 0.980785251
vt 0.472222209 0.125
vn -0.0338770784 0.192126468 0.980785251
vt 0.486111104 0.125
vn -0.0170032419 0.194347948 0.980785251
vt 0.5 0.125
vn -2.38916744e-17 0.195090324 0.980785251
vt 0.513888896 0.125
vn 0.0170032419 0.194347948 0.980785251
vt 0.527777791 0.125
vn 0.0338770784 0.192126468 0.980785251
vt 0.541666687 0.125
vn 0.0504930913 0.188442782 0.980785251
vt 0.555555582 0.125
vn 0.0667248219 0.183324933 0.980785251
vt 0.569444418 0.125
vn 0.0824487358 0.176811874 0.980785251
vt 0.583333313 0.125
vn 0.0975451618 0.16895318 0.980785251
vt 0.597222209 0.125
vn 0.111899212 0.159808636 0.980785251
vt 0.611111104 0.125
vn 0.125401646 0.149447858 0.980785251
vt 0.625 0.125
vn 0.13794969 0.13794969 0.980785251
vt 0.638888896 0.125
vn 0.149447858 0.125401646 0.980785251
vt 0.652777791 0.125
vn 0.159808636 0.111899212 0.980785251
vt 0.666666687 0.125
vn 0.16895318 0.0975451618 0.980785251
vt 0.680555582 0.125
vn 0.176811874 0.0824487358 0.980785251
vt 0.694444418 0.125
vn 0.183324933 0.0667248219 0.980785251
vt 0.708333313 0.125
vn 0.188442782 0.0504930913 0.980785251
vt 0.722222209 0.125
vn 0.192126468 0.0338770784 0.980785251
vt 0.736111104 0.125
vn 0.194347948 0.0170032419 0.980785251
vt 0.75 0.125
vn 0.195090324 3.58375107e-17 0.980785251
vt 0.763888896 0.125
vn 0.194347948 -0.0170032419 0.980785251
vt 0.777777791 0.125
vn 0.192126468 -0.0338770784 0.980785251
vt 0.791666687 0.125
vn 0.188442782 -0.0504930913 0.980785251
vt 0.805555582 0.125
vn 0.183324933 -0.0667248219 0.980785251
vt 0.819444418 0.125
vn 0.176811874 -0.0824487358 0.980785251
vt 0.833333313 0.125
vn 0.16895318 -0.0975451618 0.980785251
vt 0.847222209 0.125
vn 0.159808636 -0.111899212 0.980785251
vt 0.861111104 0.125
vn 0.149447858 -0.125401646 0.980785251
vt 0.875 0.125
vn 0.13794969 -0.13794969 0.980785251
vt 0.888888896 0.125
vn 0.125401646 -0.149447858 0.980785251
vt 0.902777791 0.125
vn 0.111899212 -0.159808636 0.980785251
vt 0.916666687 0.125
vn 0.0975451618 -0.16895318 0.980785251
vt 0.930555582 0.125
vn 0.0824487358 -0.176811874 0.980785251
vt 0.944444418 0.125
vn 0.0667248219 -0.183324933 0.980785251
vt 0.958333313 0.125
vn 0.0504930913 -0.188442782 0.980785251
vt 0.972222209 0.125
vn 0.0338770784 -0.192126468 0.980785251
vt 0.986111104 0.125
vn 0.0170032419 -0.194347948 0.980785251
vt 1.0 0.125
vn 4.77833487e-17 -0.195090324 0.980785251
vt 0.0 0.166666687
vn 0.0 -0.258819044 0.965925813
vt 0.013888889 0.166666687
vn -0.0225575659 -0.257834166 0.965925813
vt 0.027777778 0.166666687
vn -0.0449434556 -0.254887015 0.965925813
vt 0.0416666679 0.166666687
vn -0.0669872984 -0.25 0.965925813
vt 0.055555556 0.166666687
vn -0.0885213241 -0.243210346 0.965925813
vt 0.0694444478 0.166666687
vn -0.109381653 -0.234569713 0.965925813
vt 0.0833333358 0.166666687
vn -0.129409522 -0.224143863 0.965925813
vt 0.0972222239 0.166666687
vn -0.148452505 -0.212012157 0.965925813
vt 0.111111112 0.166666687
vn -0.166365668 -0.198266894 0.965925813
vt 0.125 0.166666687
vn -0.183012709 -0.183012709 0.965925813
vt 0.138888896 0.166666687
vn -0.198266894 -0.166365668 0.965925813
vt 0.152777776 0.166666687
vn -0.212012157 -0.148452505 0.965925813
vt 0.166666672 0.166666687
vn -0.224143863 -0.129409522 0.965925813
vt 0.180555552 0.166666687
vn -0.234569713 -0.109381653 0.965925813
vt 0.194444448 0.166666687
vn -0.243210346 -0.0885213241 0.965925813
vt 0.208333328 0.166666687
vn -0.25 -0.0669872984 0.965925813
vt 0.222222224 0.166666687
vn -0.254887015 -0.0449434556 0.965925813
vt 0.236111104 0.166666687
vn -0.257834166 -0.0225575659 0.965925813
vt 0.25 0.166666687
vn -0.258819044 -1.58480956e-17 0.965925813
vt 0.263888896 0.166666687
vn -0.257834166 0.0225575659 0.965925813
vt 0.277777791 0.166666687
vn -0.254887015 0.0449434556 0.965925813
vt 0.291666657 0.166666687
vn -0.25 0.0669872984 0.965925813
vt 0.305555552 0.166666687
vn -0.243210346 0.0885213241 0.965925813
vt 0.319444448 0.166666687
vn -0.234569713 0.109381653 0.965925813
vt 0.333333343 0.166666687
vn -0.224143863 0.129409522 0.965925813
vt 0.347222209 0.166666687
vn -0.212012157 0.148452505 0.965925813
vt 0.361111104 0.166666687
vn -0.198266894 0.166365668 0.965925813
vt 0.375 0.166666687
vn -0.183012709 0.183012709 0.965925813
vt 0.388888896 0.166666687
vn -0.166365668 0.198266894 0.965925813
vt 0.402777791 0.166666687
vn -0.148452505 0.212012157 0.965925813
vt 0.416666657 0.166666687
vn -0.129409522 0.224143863 0.965925813
vt 0.430555552 0.166666687
vn -0.109381653 0.234569713 0.965925813
vt 0.444444448 0.166666687
vn -0.0885213241 0.243210346 0.965925813
vt 0.458333343 0.166666687
vn -0.0669872984 0.25 0.965925813
vt 0.472222209 0.166666687
vn -0.0449434556 0.254887015 0.965925813
vt 0.486111104 0.166666687
vn -0.0225575659 0.257834166 0.965925813
vt 0.5 0.166666687
vn -3.16961913e-17 0.258819044 0.965925813
vt 0.513888896 0.166666687
vn 0.0225575659 0.257834166 0.965925813
vt 0.527777791 0.166666687
vn 0.0449434556 0.254887015 0.965925813
vt 0.541666687 0.166666687
vn 0.0669872984 0.25 0.965925813
vt 0.555555582 0.166666687
vn 0.0885213241 0.243210346 0.965925813
vt 0.569444418 0.166666687
vn 0.109381653 0.234569713 0.965925813
vt 0.583333313 0.166666687
vn 0.129409522 0.224143863 0.965925813
vt 0.597222209 0.166666687
vn 0.148452505 0.212012157 0.965925813
vt 0.611111104 0.166666687
vn 0.166365668 0.198266894 0.965925813
vt 0.625 0.166666687
vn 0.183012709 0.183012709 0.965925813
vt 0.638888896 0.166666687
vn 0.198266894 0.166365668 0.965925813
vt 0.652777791 0.166666687
vn 0.212012157 0.148452505 0.965925813
vt 0.666666687 0.166666687
vn 0.224143863 0.129409522 0.965925813
vt 0.680555582 0.166666687
vn 0.234569713 0.109381653 0.965925813
vt 0.694444418 0.166666687
vn 0.243210346 0.0885213241 0.965925813
vt 0.708333313 0.166666687
vn 0.25 0.0669872984 0.965925813
vt 0.722222209 0.166666687
vn 0.254887015 0.0449434556 0.965925813
vt 0.736111104 0.166666687
vn 0.257834166 0.0225575659 0.965925813
vt 0.75 0.166666687
vn 0.258819044 4.75442869e-17 0.965925813
vt 0.763888896 0.166666687
vn 0.257834166 -0.0225575659 0.965925813
vt 0.777777791 0.166666687
vn 0.254887015 -0.0449434556 0.965925813
vt 0.791666687 0.166666687
vn 0.25 -0.0669872984 0.965925813
vt 0.805555582 0.166666687
vn 0.243210346 -0.0885213241 0.965925813
vt 0.819444418 0.166666687
vn 0.234569713 -0.109381653 0.965925813
vt 0.833333313 0.166666687
vn 0.224143863 -0.129409522 0.965925813
vt 0.847222209 0.166666687
vn 0.212012157 -0.148452505 0.965925813
vt 0.861111104 0.166666687
vn 0.198266894 -0.166365668 0.965925813
vt 0.875 0.166666687
vn 0.183012709 -0.183012709 0.965925813
vt 0.888888896 0.166666687
vn 0.166365668 -0.198266894 0.965925813
vt 0.902777791 0.166666687
vn 0.148452505 -0.212012157 0.965925813
vt 0.916666687 0.166666687
vn 0.129409522 -0.224143863 0.965925813
vt 0.930555582 0.166666687
vn 0.109381653 -0.234569713 0.965925813
vt 0.944444418 0.166666687
vn 0.0885213241 -0.243210346 0.965925813
vt 0.958333313 0.166666687
vn 0.0669872984 -0.25 0.965925813
vt 0.972222209 0.166666687
vn 0.0449434556 -0.254887015 0.965925813
vt 0.986111104 0.166666687
vn 0.0225575659 -0.257834166 0.965925813
vt 1.0 0.166666687
vn 6.33923825e-17 -0.258819044 0.965925813
vt 0.0 0.208333313
vn 0.0 -0.321439475 0.94693011
vt 0.013888889 0.208333313
vn -0.028015295 -0.320216298 0.94693011
vt 0.027777778 0.208333313
vn -0.0558173768 -0.316556066 0.94693011
vt 0.0416666679 0.208333313
vn -0.0831946582 -0.310486674 0.94693011
vt 0.055555556 0.208333313
vn -0.109938771 -0.302054286 0.94693011
vt 0.0694444478 0.208333313
vn -0.135846183 -0.291323096 0.94693011
vt 0.0833333358 0.208333313
vn -0.160719737 -0.278374732 0.94693011
vt 0.0972222239 0.208333313
vn -0.1843701 -0.26330781 0.94693011
vt 0.111111112 0.208333313
vn -0.206617311 -0.24623692 0.94693011
vt 0.125 0.208333313
vn -0.227292031 -0.227292031 0.94693011
vt 0.138888896 0.208333313
vn -0.24623692 -0.206617311 0.94693011
vt 0.152777776 0.208333313
vn -0.26330781 -0.1843701 0.94693011
vt 0.166666672 0.208333313
vn -0.278374732 -0.160719737 0.94693011
vt 0.180555552 0.208333313
vn -0.291323096 -0.135846183 0.94693011
vt 0.194444448 0.208333313
vn -0.302054286 -0.109938771 0.94693011
vt 0.208333328 0.208333313
vn -0.310486674 -0.0831946582 0.94693011
vt 0.222222224 0.208333313
vn -0.316556066 -0.0558173768 0.94693011
vt 0.236111104 0.208333313
vn -0.320216298 -0.028015295 0.94693011
vt 0.25 0.208333313
vn -0.321439475 -1.96824914e-17 0.94693011
vt 0.263888896 0.208333313
vn -0.320216298 0.028015295 0.94693011
vt 0.277777791 0.208333313
vn -0.316556066 0.0558173768 0.94693011
vt 0.291666657 0.208333313
vn -0.310486674 0.0831946582 0.94693011
vt 0.305555552 0.208333313
vn -0.302054286 0.109938771 0.94693011
vt 0.319444448 0.208333313
vn -0.291323096 0.135846183 0.94693011
vt 0.333333343 0.208333313
vn -0.278374732 0.160719737 0.94693011
vt 0.347222209 0.208333313
vn -0.26330781 0.1843701 0.94693011
vt 0.361111104 0.208333313
vn -0.24623692 0.206617311 0.94693011
vt 0.375 0.208333313
vn -0.227292031 0.227292031 0.94693011
vt 0.388888896 0.208333313
vn -0.206617311 0.24623692 0.94693011
vt 0.402777791 0.208333313
vn -0.1843701 0.26330781 0.94693011
vt 0.416666657 0.208333313
vn -0.160719737 0.278374732 0.94693011
vt 0.430555552 0.208333313
vn -0.135846183 0.291323096 0.94693011
vt 0.444444448 0.208333313
vn -0.109938771 0.302054286 0.94693011
vt 0.458333343 0.208333313
vn -0.0831946582 0.310486674 0.94693011
vt 0.472222209 0.208333313
vn -0.0558173768 0.316556066 0.94693011
vt 0.486111104 0.208333313
vn -0.028015295 0.320216298 0.94693011
vt 0.5 0.208333313
vn -3.93649827e-17 0.321439475 0.94693011
vt 0.513888896 0.208333313
vn 0.028015295 0.320216298 0.94693011
vt 0.527777791 0.208333313
vn 0.0558173768 0.316556066 0.94693011
vt 0.541666687 0.208333313
vn 0.0831946582 0.310486674 0.94693011
vt 0.555555582 0.208333313
vn 0.109938771 0.302054286 0.94693011
vt 0.569444418 0.208333313
vn 0.135846183 0.291323096 0.94693011
vt 0.583333313 0.208333313
vn 0.160719737 0.278374732 0.94693011
vt 0.597222209 0.208333313
vn 0.1843701 0.26330781 0.94693011
vt 0.611111104 0.208333313
vn 0.206617311 0.24623692 0.94693011
vt 0.625 0.208333313
vn 0.227292031 0.227292031 0.94693011
vt 0.638888896 0.208333313
vn 0.24623692 0.206617311 0.94693011
vt 0.652777791 0.208333313
vn 0.26330781 0.1843701 0.94693011
vt 0.666666687 0.208333313
vn 0.278374732 0.160719737 0.94693011
vt 0.680555582 0.208333313
vn 0.291323096 0.135846183 0.94693011
vt 0.694444418 0.208333313
vn 0.302054286 0.109938771 0.94693011
vt 0.708333313 0.208333313
vn 0.310486674 0.0831946582 0.94693011
vt 0.722222209 0.208333313
vn 0.316556066 0.0558173768 0.94693011
vt 0.736111104 0.208333313
vn 0.320216298 0.028015295 0.94693011
vt 0.75 0.208333313
vn 0.321439475 5.90474741e-17 0.94693011
vt 0.763888896 0.208333313
vn 0.320216298 -0.028015295 0.94693011
vt 0.777777791 0.208333313
vn 0.316556066 -0.0558173768 0.94693011
vt 0.791666687 0.208333313
vn 0.310486674 -0.0831946582 0.94693011
vt 0.805555582 0.208333313
vn 0.302054286 -0.109938771 0.94693011
vt 0.819444418 0.208333313
vn 0.291323096 -0.135846183 0.94693011
vt 0.833333313 0.208333313
vn 0.278374732 -0.160719737 0.94693011
vt 0.847222209 0.208333313
vn 0.26330781 -0.1843701 0.94693011
vt 0.861111104 0.208333313
vn 0.24623692 -0.206617311 0.94693011
vt 0.875 0.208333313
vn 0.227292031 -0.227292031 0.94693011
vt 0.888888896 0.208333313
vn 0.206617311 -0.24623692 0.94693011
vt 0.902777791 0.208333313
vn 0.1843701 -0.26330781 0.94693011
vt 0.916666687 0.208333313
vn 0.160719737 -0.278374732 0.94693011
vt 0.930555582 0.208333313
vn 0.135846183 -0.291323096 0.94693011
vt 0.944444418 0.208333313
vn 0.109938771 -0.302054286 0.94693011
vt 0.958333313 0.208333313
vn 0.0831946582 -0.310486674 0.94693011
vt 0.972222209 0.208333313
vn 0.0558173768 -0.316556066 0.94693011
vt 0.986111104 0.208333313
vn 0.028015295 -0.320216298 0.94693011
vt 1.0 0.208333313
vn 7.87299654e-17 -0.321439475 0.94693011
vt 0.0 0.25
vn 0.0 -0.382683426 0.923879504
vt 0.013888889 0.25
vn -0.0333530605 -0.381227195 0.923879504
vt 0.027777778 0.25
vn -0.0664522797 -0.376869619 0.923879504
vt 0.0416666679 0.25
vn -0.0990457609 -0.369643807 0.923879504
vt 0.055555556 0.25
vn -0.130885437 -0.359604806 0.923879504
vt 0.0694444478 0.25
vn -0.161729008 -0.346828967 0.923879504
vt 0.0833333358 0.25
vn -0.191341713 -0.331413567 0.923879504
vt 0.0972222239 0.25
vn -0.219498202 -0.313475907 0.923879504
vt 0.111111112 0.25
vn -0.245984167 -0.293152511 0.923879504
vt 0.125 0.25
vn -0.270598054 -0.270598054 0.923879504
vt 0.138888896 0.25
vn -0.293152511 -0.245984167 0.923879504
vt 0.152777776 0.25
vn -0.313475907 -0.219498202 0.923879504
vt 0.166666672 0.25
vn -0.331413567 -0.191341713 0.923879504
vt 0.180555552 0.25
vn -0.346828967 -0.161729008 0.923879504
vt 0.194444448 0.25
vn -0.359604806 -0.130885437 0.923879504
vt 0.208333328 0.25
vn -0.369643807 -0.0990457609 0.923879504
vt 0.222222224 0.25
vn -0.376869619 -0.0664522797 0.923879504
vt 0.236111104 0.25
vn -0.381227195 -0.0333530605 0.923879504
vt 0.25 0.25
vn -0.382683426 -2.34326023e-17 0.923879504
vt 0.263888896 0.25
vn -0.381227195 0.0333530605 0.923879504
vt 0.277777791 0.25
vn -0.376869619 0.0664522797 0.923879504
vt 0.291666657 0.25
vn -0.369643807 0.0990457609 0.923879504
vt 0.305555552 0.25
vn -0.359604806 0.130885437 0.923879504
vt 0.319444448 0.25
vn -0.346828967 0.161729008 0.923879504
vt 0.333333343 0.25
vn -0.331413567 0.191341713 0.923879504
vt 0.347222209 0.25
vn -0.313475907 0.219498202 0.923879504
vt 0.361111104 0.25
vn -0.293152511 0.245984167 0.923879504
vt 0.375 0.25
vn -0.270598054 0.270598054 0.923879504
vt 0.388888896 0.25
vn -0.245984167 0.293152511 0.923879504
vt 0.402777791 0.25
vn -0.219498202 0.313475907 0.923879504
vt 0.416666657 0.25
vn -0.191341713 0.331413567 0.923879504
vt 0.430555552 0.25
vn -0.161729008 0.346828967 0.923879504
vt 0.444444448 0.25
vn -0.130885437 0.359604806 0.923879504
vt 0.458333343 0.25
vn -0.0990457609 0.369643807 0.923879504
vt 0.472222209 0.25
vn -0.0664522797 0.376869619 0.923879504
vt 0.486111104 0.25
vn -0.0333530605 0.381227195 0.923879504
vt 0.5 0.25
vn -4.68652047e-17 0.382683426 0.923879504
vt 0.513888896 0.25
vn 0.0333530605 0.381227195 0.923879504
vt 0.527777791 0.25
vn 0.0664522797 0.376869619 0.923879504
vt 0.541666687 0.25
vn 0.0990457609 0.369643807 0.923879504
vt 0.555555582 0.25
vn 0.130885437 0.359604806 0.923879504
vt 0.569444418 0.25
vn 0.161729008 0.346828967 0.923879504
vt 0.583333313 0.25
vn 0.191341713 0.331413567 0.923879504
vt 0.597222209 0.25
vn 0.219498202 0.313475907 0.923879504
vt 0.611111104 0.25
vn 0.245984167 0.293152511 0.923879504
vt 0.625 0.25
vn 0.270598054 0.270598054 0.923879504
vt 0.638888896 0.25
vn 0.293152511 0.245984167 0.923879504
vt 0.652777791 0.25
vn 0.313475907 0.219498202 0.923879504
vt 0.666666687 0.25
vn 0.331413567 0.191341713 0.923879504
vt 0.680555582 0.25
vn 0.346828967 0.161729008 0.923879504
vt 0.694444418 0.25
vn 0.359604806 0.130885437 0.923879504
vt 0.708333313 0.25
vn 0.369643807 0.0990457609 0.923879504
vt 0.722222209 0.25
vn 0.376869619 0.0664522797 0.923879504
vt 0.736111104 0.25
vn 0.381227195 0.0333530605 0.923879504
vt 0.75 0.25
vn 0.382683426 7.02978054e-17 0.923879504
vt 0.763888896 0.25
vn 0.381227195 -0.0333530605 0.923879504
vt 0.777777791 0.25
vn 0.376869619 -0.0664522797 0.923879504
vt 0.791666687 0.25
vn 0.369643807 -0.0990457609 0.923879504
vt 0.805555582 0.25
vn 0.359604806 -0.130885437 0.923879504
vt 0.819444418 0.25
vn 0.346828967 -0.161729008 0.923879504
vt 0.833333313 0.25
vn 0.331413567 -0.191341713 0.923879504
vt 0.847222209 0.25
vn 0.313475907 -0.219498202 0.923879504
vt 0.861111104 0.25
vn 0.293152511 -0.245984167 0.923879504
vt 0.875 0.25
vn 0.270598054 -0.270598054 0.923879504
vt 0.888888896 0.25
vn 0.245984167 -0.293152511 0.923879504
vt 0.902777791 0.25
vn 0.219498202 -0.313475907 0.923879504
vt 0.916666687 0.25
vn 0.191341713 -0.331413567 0.923879504
vt 0.930555582 0.25
vn 0.161729008 -0.346828967 0.923879504
vt 0.944444418 0.25
vn 0.130885437 -0.359604806 0.923879504
vt 0.958333313 0.25
vn 0.0990457609 -0.369643807 0.923879504
vt 0.972222209 0.25
vn 0.0664522797 -0.376869619 0.923879504
vt 0.986111104 0.25
vn 0.0333530605 -0.381227195 0.923879504
vt 1.0 0.25
vn 9.37304094e-17 -0.382683426 0.923879504
vt 0.0 0.291666687
vn 0.0 -0.442288697 0.896872759
vt 0.013888889 0.291666687
vn -0.0385480002 -0.44060564 0.896872759
vt 0.027777778 0.291666687
vn -0.0768026263 -0.435569346 0.896872759
vt 0.0416666679 0.291666687
vn -0.114472739 -0.42721808 0.896872759
vt 0.055555556 0.291666687
vn -0.151271641 -0.41561541 0.896872759
vt 0.0694444478 0.291666687
vn -0.186919272 -0.40084967 0.896872759
vt 0.0833333358 0.291666687
vn -0.221144348 -0.383033246 0.896872759
vt 0.0972222239 0.291666687
vn -0.253686368 -0.362301677 0.896872759
vt 0.111111112 0.291666687
vn -0.284297705 -0.338812798 0.896872759
vt 0.125 0.291666687
vn -0.312745333 -0.312745333 0.896872759
vt 0.138888896 0.291666687
vn -0.338812798 -0.284297705 0.896872759
vt 0.152777776 0.291666687
vn -0.362301677 -0.253686368 0.896872759
vt 0.166666672 0.291666687
vn -0.383033246 -0.221144348 0.896872759
vt 0.180555552 0.291666687
vn -0.40084967 -0.186919272 0.896872759
vt 0.194444448 0.291666687
vn -0.41561541 -0.151271641 0.896872759
vt 0.208333328 0.291666687
vn -0.42721808 -0.114472739 0.896872759
vt 0.222222224 0.291666687
vn -0.435569346 -0.0768026263 0.896872759
vt 0.236111104 0.291666687
vn -0.44060564 -0.0385480002 0.896872759
vt 0.25 0.291666687
vn -0.442288697 -2.70823714e-17 0.896872759
vt 0.263888896 0.291666687
vn -0.44060564 0.0385480002 0.896872759
vt 0.277777791 0.291666687
vn -0.435569346 0.0768026263 0.896872759
vt 0.291666657 0.291666687
vn -0.42721808 0.114472739 0.896872759
vt 0.305555552 0.291666687
vn -0.41561541 0.151271641 0.896872759
vt 0.319444448 0.291666687
vn -0.40084967 0.186919272 0.896872759
vt 0.333333343 0.291666687
vn -0.383033246 0.221144348 0.896872759
vt 0.347222209 0.291666687
vn -0.362301677 0.253686368 0.896872759
vt 0.361111104 0.291666687
vn -0.338812798 0.284297705 0.896872759
vt 0.375 0.291666687
vn -0.312745333 0.312745333 0.896872759
vt 0.388888896 0.291666687
vn -0.284297705 0.338812798 0.896872759
vt 0.402777791 0.291666687
vn -0.253686368 0.362301677 0.896872759
vt 0.416666657 0.291666687
vn -0.221144348 0.383033246 0.896872759
vt 0.430555552 0.291666687
vn -0.186919272 0.40084967 0.896872759
vt 0.444444448 0.291666687
vn -0.151271641 0.41561541 0.896872759
vt 0.458333343 0.291666687
vn -0.114472739 0.42721808 0.896872759
vt 0.472222209 0.291666687
vn -0.0768026263 0.435569346 0.896872759
vt 0.486111104 0.291666687
vn -0.0385480002 0.44060564 0.896872759
vt 0.5 0.291666687
vn -5.41647427e-17 0.442288697 0.896872759
vt 0.513888896 0.291666687
vn 0.0385480002 0.44060564 0.896872759
vt 0.527777791 0.291666687
vn 0.0768026263 0.435569346 0.896872759
vt 0.541666687 0.291666687
vn 0.114472739 0.42721808 0.896872759
vt 0.555555582 0.291666687
vn 0.151271641 0.41561541 0.896872759
vt 0.569444418 0.291666687
vn 0.186919272 0.40084967 0.896872759
vt 0.583333313 0.291666687
vn 0.221144348 0.383033246 0.896872759
vt 0.597222209 0.291666687
vn 0.253686368 0.362301677 0.896872759
vt 0.611111104 0.291666687
vn 0.284297705 0.338812798 0.896872759
vt 0.625 0.291666687
vn 0.312745333 0.312745333 0.896872759
vt 0.638888896 0.291666687
vn 0.338812798 0.284297705 0.896872759
vt 0.652777791 0.291666687
vn 0.362301677 0.253686368 0.896872759
vt 0.666666687 0.291666687
vn 0.383033246 0.221144348 0.896872759
vt 0.680555582 0.291666687
vn 0.40084967 0.186919272 0.896872759
vt 0.694444418 0.291666687
vn 0.41561541 0.151271641 0.896872759
vt 0.708333313 0.291666687
vn 0.42721808 0.114472739 0.896872759
vt 0.722222209 0.291666687
vn 0.435569346 0.0768026263 0.896872759
vt 0.736111104 0.291666687
vn 0.44060564 0.0385480002 0.896872759
vt 0.75 0.291666687
vn 0.442288697 8.12471158e-17 0.896872759
vt 0.763888896 0.291666687
vn 0.44060564 -0.0385480002 0.896872759
vt 0.777777791 0.291666687
vn 0.435569346 -0.0768026263 0.896872759
vt 0.791666687 0.291666687
vn 0.42721808 -0.114472739 0.896872759
vt 0.805555582 0.291666687
vn 0.41561541 -0.151271641 0.896872759
vt 0.819444418 0.291666687
vn 0.40084967 -0.186919272 0.896872759
vt 0.833333313 0.291666687
vn 0.383033246 -0.221144348 0.896872759
vt 0.847222209 0.291666687
vn 0.362301677 -0.253686368 0.896872759
vt 0.861111104 0.291666687
vn 0.338812798 -0.284297705 0.896872759
vt 0.875 0.291666687
vn 0.312745333 -0.312745333 0.896872759
vt 0.888888896 0.291666687
vn 0.284297705 -0.338812798 0.896872759
vt 0.902777791 0.291666687
vn 0.253686368 -0.362301677 0.896872759
vt 0.916666687 0.291666687
vn 0.221144348 -0.383033246 0.896872759
vt 0.930555582 0.291666687
vn 0.186919272 -0.40084967 0.896872759
vt 0.944444418 0.291666687
vn 0.151271641 -0.41561541 0.896872759
vt 0.958333313 0.291666687
vn 0.114472739 -0.42721808 0.896872759
vt 0.972222209 0.291666687
vn 0.0768026263 -0.435569346 0.896872759
vt 0.986111104 0.291666687
vn 0.0385480002 -0.44060564 0.896872759
vt 1.0 0.291666687
vn 1.08329485e-16 -0.442288697 0.896872759
vt 0.0 0.333333313
vn 0.0 -0.5 0.866025388
vt 0.013888889 0.333333313
vn -0.0435778722 -0.49809736 0.866025388
vt 0.027777778 0.333333313
vn -0.0868240893 -0.492403865 0.866025388
vt 0.0416666679 0.333333313
vn -0.129409522 -0.482962906 0.866025388
vt 0.055555556 0.333333313
vn -0.171010077 -0.469846308 0.866025388
vt 0.0694444478 0.333333313
vn -0.211309135 -0.453153908 0.866025388
vt 0.0833333358 0.333333313
vn -0.25 -0.433012694 0.866025388
vt 0.0972222239 0.333333313
vn -0.286788225 -0.409576029 0.866025388
vt 0.111111112 0.333333313
vn -0.321393818 -0.383022219 0.866025388
vt 0.125 0.333333313
vn -0.353553385 -0.353553385 0.866025388
vt 0.138888896 0.333333313
vn -0.383022219 -0.321393818 0.866025388
vt 0.152777776 0.333333313
vn -0.409576029 -0.286788225 0.866025388
vt 0.166666672 0.333333313
vn -0.433012694 -0.25 0.866025388
vt 0.180555552 0.333333313
vn -0.453153908 -0.211309135 0.866025388
vt 0.194444448 0.333333313
vn -0.469846308 -0.171010077 0.866025388
vt 0.208333328 0.333333313
vn -0.482962906 -0.129409522 0.866025388
vt 0.222222224 0.333333313
vn -0.492403865 -0.0868240893 0.866025388
vt 0.236111104 0.333333313
vn -0.49809736 -0.0435778722 0.866025388
vt 0.25 0.333333313
vn -0.5 -3.06161713e-17 0.866025388
vt 0.263888896 0.333333313
vn -0.49809736 0.0435778722 0.866025388
vt 0.277777791 0.333333313
vn -0.492403865 0.0868240893 0.866025388
vt 0.291666657 0.333333313
vn -0.482962906 0.129409522 0.866025388
vt 0.305555552 0.333333313
vn -0.469846308 0.171010077 0.866025388
vt 0.319444448 0.333333313
vn -0.453153908 0.211309135 0.866025388
vt 0.333333343 0.333333313
vn -0.433012694 0.25 0.866025388
vt 0.347222209 0.333333313
vn -0.409576029 0.286788225 0.866025388
vt 0.361111104 0.333333313
vn -0.383022219 0.321393818 0.866025388
vt 0.375 0.333333313
vn -0.353553385 0.353553385 0.866025388
vt 0.388888896 0.333333313
vn -0.321393818 0.383022219 0.866025388
vt 0.402777791 0.333333313
vn -0.286788225 0.409576029 0.866025388
vt 0.416666657 0.333333313
vn -0.25 0.433012694 0.866025388
vt 0.430555552 0.333333313
vn -0.211309135 0.453153908 0.866025388
vt 0.444444448 0.333333313
vn -0.171010077 0.469846308 0.866025388
vt 0.458333343 0.333333313
vn -0.129409522 0.482962906 0.866025388
vt 0.472222209 0.333333313
vn -0.0868240893 0.492403865 0.866025388
vt 0.486111104 0.333333313
vn -0.0435778722 0.49809736 0.866025388
vt 0.5 0.333333313
vn -6.12323426e-17 0.5 0.866025388
vt 0.513888896 0.333333313
vn 0.0435778722 0.49809736 0.866025388
vt 0.527777791 0.333333313
vn 0.0868240893 0.492403865 0.866025388
vt 0.541666687 0.333333313
vn 0.129409522 0.482962906 0.866025388
vt 0.555555582 0.333333313
vn 0.171010077 0.469846308 0.866025388
vt 0.569444418 0.333333313
vn 0.211309135 0.453153908 0.866025388
vt 0.583333313 0.333333313
vn 0.25 0.433012694 0.866025388
vt 0.597222209 0.333333313
vn 0.286788225 0.409576029 0.866025388
vt 0.611111104 0.333333313
vn 0.321393818 0.383022219 0.866025388
vt 0.625 0.333333313
vn 0.353553385 0.353553385 0.866025388
vt 0.638888896 0.333333313
vn 0.383022219 0.321393818 0.866025388
vt 0.652777791 0.333333313
vn 0.409576029 0.286788225 0.866025388
vt 0.666666687 0.333333313
vn 0.433012694 0.25 0.866025388
vt 0.680555582 0.333333313
vn 0.453153908 0.211309135 0.866025388
vt 0.694444418 0.333333313
vn 0.469846308 0.171010077 0.866025388
vt 0.708333313 0.333333313
vn 0.482962906 0.129409522 0.866025388
vt 0.722222209 0.333333313
vn 0.492403865 0.0868240893 0.866025388
vt 0.736111104 0.333333313
vn 0.49809736 0.0435778722 0.866025388
vt 0.75 0.333333313
vn 0.5 9.18485073e-17 0.866025388
vt 0.763888896 0.333333313
vn 0.49809736 -0.0435778722 0.866025388
vt 0.777777791 0.333333313
vn 0.492403865 -0.0868240893 0.866025388
vt 0.791666687 0.333333313
vn 0.482962906 -0.129409522 0.866025388
vt 0.805555582 0.333333313
vn 0.469846308 -0.171010077 0.866025388
vt 0.819444418 0.333333313
vn 0.453153908 -0.211309135 0.866025388
vt 0.833333313 0.333333313
vn 0.433012694 -0.25 0.866025388
vt 0.847222209 0.333333313
vn 0.409576029 -0.286788225 0.866025388
vt 0.861111104 0.333333313
vn 0.383022219 -0.321393818 0.866025388
vt 0.875 0.333333313
vn 0.353553385 -0.353553385 0.866025388
vt 0.888888896 0.333333313
vn 0.321393818 -0.383022219 0.866025388
vt 0.902777791 0.333333313
vn 0.286788225 -0.409576029 0.866025388
vt 0.916666687 0.333333313
vn 0.25 -0.433012694 0.866025388
vt 0.930555582 0.333333313
vn 0.211309135 -0.453153908 0.866025388
vt 0.944444418 0.333333313
vn 0.171010077 -0.469846308 0.866025388
vt 0.958333313 0.333333313
vn 0.129409522 -0.482962906 0.866025388
vt 0.972222209 0.333333313
vn 0.0868240893 -0.492403865 0.866025388
vt 0.986111104 0.333333313
vn 0.0435778722 -0.49809736 0.866025388
vt 1.0 0.333333313
vn 1.22464685e-16 -0.5 0.866025388
vt 0.0 0.375
vn 0.0 -0.555570245 0.831469595
vt 0.013888889 0.375
vn -0.048421137 -0.553456128 0.831469595
vt 0.027777778 0.375
vn -0.0964737609 -0.547129869 0.831469595
vt 0.0416666679 0.375
vn -0.143792152 -0.536639631 0.831469595
vt 0.055555556 0.375
vn -0.19001621 -0.522065222 0.831469595
vt 0.0694444478 0.375
vn -0.234794125 -0.503517628 0.831469595
vt 0.0833333358 0.375
vn -0.277785122 -0.481137931 0.831469595
vt 0.0972222239 0.375
vn -0.318661988 -0.455096483 0.831469595
vt 0.111111112 0.375
vn -0.357113659 -0.425591499 0.831469595
vt 0.125 0.375
vn -0.392847478 -0.392847478 0.831469595
vt 0.138888896 0.375
vn -0.425591499 -0.357113659 0.831469595
vt 0.152777776 0.375
vn -0.455096483 -0.318661988 0.831469595
vt 0.166666672 0.375
vn -0.481137931 -0.277785122 0.831469595
vt 0.180555552 0.375
vn -0.503517628 -0.234794125 0.831469595
vt 0.194444448 0.375
vn -0.522065222 -0.19001621 0.831469595
vt 0.208333328 0.375
vn -0.536639631 -0.143792152 0.831469595
vt 0.222222224 0.375
vn -0.547129869 -0.0964737609 0.831469595
vt 0.236111104 0.375
vn -0.553456128 -0.048421137 0.831469595
vt 0.25 0.375
vn -0.555570245 -3.40188648e-17 0.831469595
vt 0.263888896 0.375
vn -0.553456128 0.048421137 0.831469595
vt 0.277777791 0.375
vn -0.547129869 0.0964737609 0.831469595
vt 0.291666657 0.375
vn -0.536639631 0.143792152 0.831469595
vt 0.305555552 0.375
vn -0.522065222 0.19001621 0.831469595
vt 0.319444448 0.375
vn -0.503517628 0.234794125 0.831469595
vt 0.333333343 0.375
vn -0.481137931 0.277785122 0.831469595
vt 0.347222209 0.375
vn -0.455096483 0.318661988 0.831469595
vt 0.361111104 0.375
vn -0.425591499 0.357113659 0.831469595
vt 0.375 0.375
vn -0.392847478 0.392847478 0.831469595
vt 0.388888896 0.375
vn -0.357113659 0.425591499 0.831469595
vt 0.402777791 0.375
vn -0.318661988 0.455096483 0.831469595
vt 0.416666657 0.375
vn -0.277785122 0.481137931 0.831469595
vt 0.430555552 0.375
vn -0.234794125 0.503517628 0.831469595
vt 0.444444448 0.375
vn -0.19001621 0.522065222 0.831469595
vt 0.458333343 0.375
vn -0.143792152 0.536639631 0.831469595
vt 0.472222209 0.375
vn -0.0964737609 0.547129869 0.831469595
vt 0.486111104 0.375
vn -0.048421137 0.553456128 0.831469595
vt 0.5 0.375
vn -6.80377296e-17 0.555570245 0.831469595
vt 0.513888896 0.375
vn 0.048421137 0.553456128 0.831469595
vt 0.527777791 0.375
vn 0.0964737609 0.547129869 0.831469595
vt 0.541666687 0.375
vn 0.143792152 0.536639631 0.831469595
vt 0.555555582 0.375
vn 0.19001621 0.522065222 0.831469595
vt 0.569444418 0.375
vn 0.234794125 0.503517628 0.831469595
vt 0.583333313 0.375
vn 0.277785122 0.481137931 0.831469595
vt 0.597222209 0.375
vn 0.318661988 0.455096483 0.831469595
vt 0.611111104 0.375
vn 0.357113659 0.425591499 0.831469595
vt 0.625 0.375
vn 0.392847478 0.392847478 0.831469595
vt 0.638888896 0.375
vn 0.425591499 0.357113659 0.831469595
vt 0.652777791 0.375
vn 0.455096483 0.318661988 0.831469595
vt 0.666666687 0.375
vn 0.481137931 0.277785122 0.831469595
vt 0.680555582 0.375
vn 0.503517628 0.234794125 0.831469595
vt 0.694444418 0.375
vn 0.522065222 0.19001621 0.831469595
vt 0.708333313 0.375
vn 0.536639631 0.143792152 0.831469595
vt 0.722222209 0.375
vn 0.547129869 0.0964737609 0.831469595
vt 0.736111104 0.375
vn 0.553456128 0.048421137 0.831469595
vt 0.75 0.375
vn 0.555570245 1.02056598e-16 0.831469595
vt 0.763888896 0.375
vn 0.553456128 -0.048421137 0.831469595
vt 0.777777791 0.375
vn 0.547129869 -0.0964737609 0.831469595
vt 0.791666687 0.375
vn 0.536639631 -0.143792152 0.831469595
vt 0.805555582 0.375
vn 0.522065222 -0.19001621 0.831469595
vt 0.819444418 0.375
vn 0.503517628 -0.234794125 0.831469595
vt 0.833333313 0.375
vn 0.481137931 -0.277785122 0.831469595
vt 0.847222209 0.375
vn 0.455096483 -0.318661988 0.831469595
vt 0.861111104 0.375
vn 0.425591499 -0.357113659 0.831469595
vt 0.875 0.375
vn 0.392847478 -0.392847478 0.831469595
vt 0.888888896 0.375
vn 0.357113659 -0.425591499 0.831469595
vt 0.902777791 0.375
vn 0.318661988 -0.455096483 0.831469595
vt 0.916666687 0.375
vn 0.277785122 -0.481137931 0.831469595
vt 0.930555582 0.375
vn 0.234794125 -0.503517628 0.831469595
vt 0.944444418 0.375
vn 0.19001621 -0.522065222 0.831469595
vt 0.958333313 0.375
vn 0.143792152 -0.536639631 0.831469595
vt 0.972222209 0.375
vn 0.0964737609 -0.547129869 0.831469595
vt 0.986111104 0.375
vn 0.048421137 -0.553456128 0.831469595
vt 1.0 0.375
vn 1.36075459e-16 -0.555570245 0.831469595
vt 0.0 0.416666687
vn 0.0 -0.60876143 0.793353319
vt 0.013888889 0.416666687
vn -0.0530570559 -0.606444895 0.793353319
vt 0.027777778 0.416666687
vn -0.105710313 -0.599512994 0.793353319
vt 0.0416666679 0.416666687
vn -0.157559052 -0.588018358 0.793353319
vt 0.055555556 0.416666687
vn -0.208208665 -0.572048604 0.793353319
vt 0.0694444478 0.416666687
vn -0.257273704 -0.551725209 0.793353319
vt 0.0833333358 0.416666687
vn -0.304380715 -0.527202845 0.793353319
vt 0.0972222239 0.416666687
vn -0.349171221 -0.498668164 0.793353319
vt 0.111111112 0.416666687
vn -0.391304314 -0.466338307 0.793353319
vt 0.125 0.416666687
vn -0.430459321 -0.430459321 0.793353319
vt 0.138888896 0.416666687
vn -0.466338307 -0.391304314 0.793353319
vt 0.152777776 0.416666687
vn -0.498668164 -0.349171221 0.793353319
vt 0.166666672 0.416666687
vn -0.527202845 -0.304380715 0.793353319
vt 0.180555552 0.416666687
vn -0.551725209 -0.257273704 0.793353319
vt 0.194444448 0.416666687
vn -0.572048604 -0.208208665 0.793353319
vt 0.208333328 0.416666687
vn -0.588018358 -0.157559052 0.793353319
vt 0.222222224 0.416666687
vn -0.599512994 -0.105710313 0.793353319
vt 0.236111104 0.416666687
vn -0.606444895 -0.0530570559 0.793353319
vt 0.25 0.416666687
vn -0.60876143 -3.72758851e-17 0.793353319
vt 0.263888896 0.416666687
vn -0.606444895 0.0530570559 0.793353319
vt 0.277777791 0.416666687
vn -0.599512994 0.105710313 0.793353319
vt 0.291666657 0.416666687
vn -0.588018358 0.157559052 0.793353319
vt 0.305555552 0.416666687
vn -0.572048604 0.208208665 0.793353319
vt 0.319444448 0.416666687
vn -0.551725209 0.257273704 0.793353319
vt 0.333333343 0.416666687
vn -0.527202845 0.304380715 0.793353319
vt 0.347222209 0.416666687
vn -0.498668164 0.349171221 0.793353319
vt 0.361111104 0.416666687
vn -0.466338307 0.391304314 0.793353319
vt 0.375 0.416666687
vn -0.430459321 0.430459321 0.793353319
vt 0.388888896 0.416666687
vn -0.391304314 0.466338307 0.793353319
vt 0.402777791 0.416666687
vn -0.349171221 0.498668164 0.793353319
vt 0.416666657 0.416666687
vn -0.304380715 0.527202845 0.793353319
vt 0.430555552 0.416666687
vn -0.257273704 0.551725209 0.793353319
vt 0.444444448 0.416666687
vn -0.208208665 0.572048604 0.793353319
vt 0.458333343 0.416666687
vn -0.157559052 0.588018358 0.793353319
vt 0.472222209 0.416666687
vn -0.105710313 0.599512994 0.793353319
vt 0.486111104 0.416666687
vn -0.0530570559 0.606444895 0.793353319
vt 0.5 0.416666687
vn -7.45517703e-17 0.60876143 0.793353319
vt 0.513888896 0.416666687
vn 0.0530570559 0.606444895 0.793353319
vt 0.527777791 0.416666687
vn 0.105710313 0.599512994 0.793353319
vt 0.541666687 0.416666687
vn 0.157559052 0.588018358 0.793353319
vt 0.555555582 0.416666687
vn 0.208208665 0.572048604 0.793353319
vt 0.569444418 0.416666687
vn 0.257273704 0.551725209 0.793353319
vt 0.583333313 0.416666687
vn 0.304380715 0.527202845 0.793353319
vt 0.597222209 0.416666687
vn 0.349171221 0.498668164 0.793353319
vt 0.611111104 0.416666687
vn 0.391304314 0.466338307 0.793353319
vt 0.625 0.416666687
vn 0.430459321 0.430459321 0.793353319
vt 0.638888896 0.416666687
vn 0.466338307 0.391304314 0.793353319
vt 0.652777791 0.416666687
vn 0.498668164 0.349171221 0.793353319
vt 0.666666687 0.416666687
vn 0.527202845 0.304380715 0.793353319
vt 0.680555582 0.416666687
vn 0.551725209 0.257273704 0.793353319
vt 0.694444418 0.416666687
vn 0.572048604 0.208208665 0.793353319
vt 0.708333313 0.416666687
vn 0.588018358 0.157559052 0.793353319
vt 0.722222209 0.416666687
vn 0.599512994 0.105710313 0.793353319
vt 0.736111104 0.416666687
vn 0.606444895 0.0530570559 0.793353319
vt 0.75 0.416666687
vn 0.60876143 1.11827659e-16 0.793353319
vt 0.763888896 0.416666687
vn 0.606444895 -0.0530570559 0.793353319
vt 0.777777791 0.416666687
vn 0.599512994 -0.105710313 0.793353319
vt 0.791666687 0.416666687
vn 0.588018358 -0.157559052 0.793353319
vt 0.805555582 0.416666687
vn 0.572048604 -0.208208665 0.793353319
vt 0.819444418 0.416666687
vn 0.551725209 -0.257273704 0.793353319
vt 0.833333313 0.416666687
vn 0.527202845 -0.304380715 0.793353319
vt 0.847222209 0.416666687
vn 0.498668164 -0.349171221 0.793353319
vt 0.861111104 0.416666687
vn 0.466338307 -0.391304314 0.793353319
vt 0.875 0.416666687
vn 0.430459321 -0.430459321 0.793353319
vt 0.888888896 0.416666687
vn 0.391304314 -0.466338307 0.793353319
vt 0.902777791 0.416666687
vn 0.349171221 -0.498668164 0.793353319
vt 0.916666687 0.416666687
vn 0.304380715 -0.527202845 0.793353319
vt 0.930555582 0.416666687
vn 0.257273704 -0.551725209 0.793353319
vt 0.944444418 0.416666687
vn 0.208208665 -0.572048604 0.793353319
vt 0.958333313 0.416666687
vn 0.157559052 -0.588018358 0.793353319
vt 0.972222209 0.416666687
vn 0.105710313 -0.599512994 0.793353319
vt 0.986111104 0.416666687
vn 0.0530570559 -0.606444895 0.793353319
vt 1.0 0.416666687
vn 1.49103541e-16 -0.60876143 0.793353319
vt 0.0 0.458333313
vn 0.0 -0.659345806 0.751839817
vt 0.013888889 0.458333313
vn -0.0574657731 -0.656836808 0.751839817
vt 0.027777778 0.458333313
vn -0.114494197 -0.649328887 0.751839817
vt 0.0416666679 0.458333313
vn -0.170651257 -0.636879146 0.751839817
vt 0.055555556 0.458333313
vn -0.225509554 -0.619582415 0.751839817
vt 0.0694444478 0.458333313
vn -0.278651595 -0.59757024 0.751839817
vt 0.0833333358 0.458333313
vn -0.329672903 -0.571010232 0.751839817
vt 0.0972222239 0.458333313
vn -0.378185213 -0.540104449 0.751839817
vt 0.111111112 0.458333313
vn -0.423819333 -0.50508821 0.751839817
vt 0.125 0.458333313
vn -0.466227889 -0.466227889 0.751839817
vt 0.138888896 0.458333313
vn -0.50508821 -0.423819333 0.751839817
vt 0.152777776 0.458333313
vn -0.540104449 -0.378185213 0.751839817
vt 0.166666672 0.458333313
vn -0.571010232 -0.329672903 0.751839817
vt 0.180555552 0.458333313
vn -0.59757024 -0.278651595 0.751839817
vt 0.194444448 0.458333313
vn -0.619582415 -0.225509554 0.751839817
vt 0.208333328 0.458333313
vn -0.636879146 -0.170651257 0.751839817
vt 0.222222224 0.458333313
vn -0.649328887 -0.114494197 0.751839817
vt 0.236111104 0.458333313
vn -0.656836808 -0.0574657731 0.751839817
vt 0.25 0.458333313
vn -0.659345806 -4.03732861e-17 0.751839817
vt 0.263888896 0.458333313
vn -0.656836808 0.0574657731 0.751839817
vt 0.277777791 0.458333313
vn -0.649328887 0.114494197 0.751839817
vt 0.291666657 0.458333313
vn -0.636879146 0.170651257 0.751839817
vt 0.305555552 0.458333313
vn -0.619582415 0.225509554 0.751839817
vt 0.319444448 0.458333313
vn -0.59757024 0.278651595 0.751839817
vt 0.333333343 0.458333313
vn -0.571010232 0.329672903 0.751839817
vt 0.347222209 0.458333313
vn -0.540104449 0.378185213 0.751839817
vt 0.361111104 0.458333313
vn -0.50508821 0.423819333 0.751839817
vt 0.375 0.458333313
vn -0.466227889 0.466227889 0.751839817
vt 0.388888896 0.458333313
vn -0.423819333 0.50508821 0.751839817
vt 0.402777791 0.458333313
vn -0.378185213 0.540104449 0.751839817
vt 0.416666657 0.458333313
vn -0.329672903 0.571010232 0.751839817
vt 0.430555552 0.458333313
vn -0.278651595 0.59757024 0.751839817
vt 0.444444448 0.458333313
vn -0.225509554 0.619582415 0.751839817
vt 0.458333343 0.458333313
vn -0.170651257 0.636879146 0.751839817
vt 0.472222209 0.458333313
vn -0.114494197 0.649328887 0.751839817
vt 0.486111104 0.458333313
vn -0.0574657731 0.656836808 0.751839817
vt 0.5 0.458333313
vn -8.07465722e-17 0.659345806 0.751839817
vt 0.513888896 0.458333313
vn 0.0574657731 0.656836808 0.751839817
vt 0.527777791 0.458333313
vn 0.114494197 0.649328887 0.751839817
vt 0.541666687 0.458333313
vn 0.170651257 0.636879146 0.751839817
vt 0.555555582 0.458333313
vn 0.225509554 0.619582415 0.751839817
vt 0.569444418 0.458333313
vn 0.278651595 0.59757024 0.751839817
vt 0.583333313 0.458333313
vn 0.329672903 0.571010232 0.751839817
vt 0.597222209 0.458333313
vn 0.378185213 0.540104449 0.751839817
vt 0.611111104 0.458333313
vn 0.423819333 0.50508821 0.751839817
vt 0.625 0.458333313
vn 0.466227889 0.466227889 0.751839817
vt 0.638888896 0.458333313
vn 0.50508821 0.423819333 0.751839817
vt 0.652777791 0.458333313
vn 0.540104449 0.378185213 0.751839817
vt 0.666666687 0.458333313
vn 0.571010232 0.329672903 0.751839817
vt 0.680555582 0.458333313
vn 0.59757024 0.278651595 0.751839817
vt 0.694444418 0.458333313
vn 0.619582415 0.225509554 0.751839817
vt 0.708333313 0.458333313
vn 0.636879146 0.170651257 0.751839817
vt 0.722222209 0.458333313
vn 0.649328887 0.114494197 0.751839817
vt 0.736111104 0.458333313
vn 0.656836808 0.0574657731 0.751839817
vt 0.75 0.458333313
vn 0.659345806 1.21119862e-16 0.751839817
vt 0.763888896 0.458333313
vn 0.656836808 -0.0574657731 0.751839817
vt 0.777777791 0.458333313
vn 0.649328887 -0.114494197 0.751839817
vt 0.791666687 0.458333313
vn 0.636879146 -0.170651257 0.751839817
vt 0.805555582 0.458333313
vn 0.619582415 -0.225509554 0.751839817
vt 0.819444418 0.458333313
vn 0.59757024 -0.278651595 0.751839817
vt 0.833333313 0.458333313
vn 0.571010232 -0.329672903 0.751839817
vt 0.847222209 0.458333313
vn 0.540104449 -0.378185213 0.751839817
vt 0.861111104 0.458333313
vn 0.50508821 -0.423819333 0.751839817
vt 0.875 0.458333313
vn 0.466227889 -0.466227889 0.751839817
vt 0.888888896 0.458333313
vn 0.423819333 -0.50508821 0.751839817
vt 0.902777791 0.458333313
vn 0.378185213 -0.540104449 0.751839817
vt 0.916666687 0.458333313
vn 0.329672903 -0.571010232 0.751839817
vt 0.930555582 0.458333313
vn 0.278651595 -0.59757024 0.751839817
vt 0.944444418 0.458333313
vn 0.225509554 -0.619582415 0.751839817
vt 0.958333313 0.458333313
vn 0.170651257 -0.636879146 0.751839817
vt 0.972222209 0.458333313
vn 0.114494197 -0.649328887 0.751839817
vt 0.986111104 0.458333313
vn 0.0574657731 -0.656836808 0.751839817
vt 1.0 0.458333313
vn 1.61493144e-16 -0.659345806 0.751839817
vt 0.0 0.5
vn 0.0 -0.707106769 0.707106769
vt 0.013888889 0.5
vn -0.0616284162 -0.704416037 0.707106769
vt 0.027777778 0.5
vn -0.122787803 -0.696364224 0.707106769
vt 0.0416666679 0.5
vn -0.183012709 -0.683012724 0.707106769
vt 0.055555556 0.5
vn -0.241844758 -0.664463043 0.707106769
vt 0.0694444478 0.5
vn -0.298836231 -0.640856385 0.707106769
vt 0.0833333358 0.5
vn -0.353553385 -0.612372458 0.707106769
vt 0.0972222239 0.5
vn -0.405579776 -0.579227984 0.707106769
vt 0.111111112 0.5
vn -0.45451948 -0.54167521 0.707106769
vt 0.125 0.5
vn -0.5 -0.5 0.707106769
vt 0.138888896 0.5
vn -0.54167521 -0.45451948 0.707106769
vt 0.152777776 0.5
vn -0.579227984 -0.405579776 0.707106769
vt 0.166666672 0.5
vn -0.612372458 -0.353553385 0.707106769
vt 0.180555552 0.5
vn -0.640856385 -0.298836231 0.707106769
vt 0.194444448 0.5
vn -0.664463043 -0.241844758 0.707106769
vt 0.208333328 0.5
vn -0.683012724 -0.183012709 0.707106769
vt 0.222222224 0.5
vn -0.696364224 -0.122787803 0.707106769
vt 0.236111104 0.5
vn -0.704416037 -0.0616284162 0.707106769
vt 0.25 0.5
vn -0.707106769 -4.3297803e-17 0.707106769
vt 0.263888896 0.5
vn -0.704416037 0.0616284162 0.707106769
vt 0.277777791 0.5
vn -0.696364224 0.122787803 0.707106769
vt 0.291666657 0.5
vn -0.683012724 0.183012709 0.707106769
vt 0.305555552 0.5
vn -0.664463043 0.241844758 0.707106769
vt 0.319444448 0.5
vn -0.640856385 0.298836231 0.707106769
vt 0.333333343 0.5
vn -0.612372458 0.353553385 0.707106769
vt 0.347222209 0.5
vn -0.579227984 0.405579776 0.707106769
vt 0.361111104 0.5
vn -0.54167521 0.45451948 0.707106769
vt 0.375 0.5
vn -0.5 0.5 0.707106769
vt 0.388888896 0.5
vn -0.45451948 0.54167521 0.707106769
vt 0.402777791 0.5
vn -0.405579776 0.579227984 0.707106769
vt 0.416666657 0.5
vn -0.353553385 0.612372458 0.707106769
vt 0.430555552 0.5
vn -0.298836231 0.640856385 0.707106769
vt 0.444444448 0.5
vn -0.241844758 0.664463043 0.707106769
vt 0.458333343 0.5
vn -0.183012709 0.683012724 0.707106769
vt 0.472222209 0.5
vn -0.122787803 0.696364224 0.707106769
vt 0.486111104 0.5
vn -0.0616284162 0.704416037 0.707106769
vt 0.5 0.5
vn -8.6595606e-17 0.707106769 0.707106769
vt 0.513888896 0.5
vn 0.0616284162 0.704416037 0.707106769
vt 0.527777791 0.5
vn 0.122787803 0.696364224 0.707106769
vt 0.541666687 0.5
vn 0.183012709 0.683012724 0.707106769
vt 0.555555582 0.5
vn 0.241844758 0.664463043 0.707106769
vt 0.569444418 0.5
vn 0.298836231 0.640856385 0.707106769
vt 0.583333313 0.5
vn 0.353553385 0.612372458 0.707106769
vt 0.597222209 0.5
vn 0.405579776 0.579227984 0.707106769
vt 0.611111104 0.5
vn 0.45451948 0.54167521 0.707106769
vt 0.625 0.5
vn 0.5 0.5 0.707106769
vt 0.638888896 0.5
vn 0.54167521 0.45451948 0.707106769
vt 0.652777791 0.5
vn 0.579227984 0.405579776 0.707106769
vt 0.666666687 0.5
vn 0.612372458 0.353553385 0.707106769
vt 0.680555582 0.5
vn 0.640856385 0.298836231 0.707106769
vt 0.694444418 0.5
vn 0.664463043 0.241844758 0.707106769
vt 0.708333313 0.5
vn 0.683012724 0.183012709 0.707106769
vt 0.722222209 0.5
vn 0.696364224 0.122787803 0.707106769
vt 0.736111104 0.5
vn 0.704416037 0.0616284162 0.707106769
vt 0.75 0.5
vn 0.707106769 1.29893402e-16 0.707106769
vt 0.763888896 0.5
vn 0.704416037 -0.0616284162 0.707106769
vt 0.777777791 0.5
vn 0.696364224 -0.122787803 0.707106769
vt 0.791666687 0.5
vn 0.683012724 -0.183012709 0.707106769
vt 0.805555582 0.5
vn 0.664463043 -0.241844758 0.707106769
vt 0.819444418 0.5
vn 0.640856385 -0.298836231 0.707106769
vt 0.833333313 0.5
vn 0.612372458 -0.353553385 0.707106769
vt 0.847222209 0.5
vn 0.579227984 -0.405579776 0.707106769
vt 0.861111104 0.5
vn 0.54167521 -0.45451948 0.707106769
vt 0.875 0.5
vn 0.5 -0.5 0.707106769
vt 0.888888896 0.5
vn 0.45451948 -0.54167521 0.707106769
vt 0.902777791 0.5
vn 0.405579776 -0.579227984 0.707106769
vt 0.916666687 0.5
vn 0.353553385 -0.612372458 0.707106769
vt 0.930555582 0.5
vn 0.298836231 -0.640856385 0.707106769
vt 0.944444418 0.5
vn 0.241844758 -0.664463043 0.707106769
vt 0.958333313 0.5
vn 0.183012709 -0.683012724 0.707106769
vt 0.972222209 0.5
vn 0.122787803 -0.696364224 0.707106769
vt 0.986111104 0.5
vn 0.0616284162 -0.704416037 0.707106769
vt 1.0 0.5
vn 1.73191212e-16 -0.707106769 0.707106769
vt 0.0 0.541666657
vn 0.0 -0.751839817 0.659345806
vt 0.013888889 0.541666657
vn -0.065527156 -0.748978853 0.659345806
vt 0.027777778 0.541666657
vn -0.130555615 -0.740417659 0.659345806
vt 0.0416666679 0.541666657
vn -0.194590464 -0.726221502 0.659345806
vt 0.055555556 0.541666657
vn -0.257144362 -0.706498325 0.659345806
vt 0.0694444478 0.541666657
vn -0.317741245 -0.681398273 0.659345806
vt 0.0833333358 0.541666657
vn -0.375919908 -0.651112378 0.659345806
vt 0.0972222239 0.541666657
vn -0.431237608 -0.615871131 0.659345806
vt 0.111111112 0.541666657
vn -0.483273327 -0.575942695 0.659345806
vt 0.125 0.541666657
vn -0.531631052 -0.531631052 0.659345806
vt 0.138888896 0.541666657
vn -0.575942695 -0.483273327 0.659345806
vt 0.152777776 0.541666657
vn -0.615871131 -0.431237608 0.659345806
vt 0.166666672 0.541666657
vn -0.651112378 -0.375919908 0.659345806
vt 0.180555552 0.541666657
vn -0.681398273 -0.317741245 0.659345806
vt 0.194444448 0.541666657
vn -0.706498325 -0.257144362 0.659345806
vt 0.208333328 0.541666657
vn -0.726221502 -0.194590464 0.659345806
vt 0.222222224 0.541666657
vn -0.740417659 -0.130555615 0.659345806
vt 0.236111104 0.541666657
vn -0.748978853 -0.065527156 0.659345806
vt 0.25 0.541666657
vn -0.751839817 -4.6036909e-17 0.659345806
vt 0.263888896 0.541666657
vn -0.748978853 0.065527156 0.659345806
vt 0.277777791 0.541666657
vn -0.740417659 0.130555615 0.659345806
vt 0.291666657 0.541666657
vn -0.726221502 0.194590464 0.659345806
vt 0.305555552 0.541666657
vn -0.706498325 0.257144362 0.659345806
vt 0.319444448 0.541666657
vn -0.681398273 0.317741245 0.659345806
vt 0.333333343 0.541666657
vn -0.651112378 0.375919908 0.659345806
vt 0.347222209 0.541666657
vn -0.615871131 0.431237608 0.659345806
vt 0.361111104 0.541666657
vn -0.575942695 0.483273327 0.659345806
vt 0.375 0.541666657
vn -0.531631052 0.531631052 0.659345806
vt 0.388888896 0.541666657
vn -0.483273327 0.575942695 0.659345806
vt 0.402777791 0.541666657
vn -0.431237608 0.615871131 0.659345806
vt 0.416666657 0.541666657
vn -0.375919908 0.651112378 0.659345806
vt 0.430555552 0.541666657
vn -0.317741245 0.681398273 0.659345806
vt 0.444444448 0.541666657
vn -0.257144362 0.706498325 0.659345806
vt 0.458333343 0.541666657
vn -0.194590464 0.726221502 0.659345806
vt 0.472222209 0.541666657
vn -0.130555615 0.740417659 0.659345806
vt 0.486111104 0.541666657
vn -0.065527156 0.748978853 0.659345806
vt 0.5 0.541666657
vn -9.20738181e-17 0.751839817 0.659345806
vt 0.513888896 0.541666657
vn 0.065527156 0.748978853 0.659345806
vt 0.527777791 0.541666657
vn 0.130555615 0.740417659 0.659345806
vt 0.541666687 0.541666657
vn 0.194590464 0.726221502 0.659345806
vt 0.555555582 0.541666657
vn 0.257144362 0.706498325 0.659345806
vt 0.569444418 0.541666657
vn 0.317741245 0.681398273 0.659345806
vt 0.583333313 0.541666657
vn 0.375919908 0.651112378 0.659345806
vt 0.597222209 0.541666657
vn 0.431237608 0.615871131 0.659345806
vt 0.611111104 0.541666657
vn 0.483273327 0.575942695 0.659345806
vt 0.625 0.541666657
vn 0.531631052 0.531631052 0.659345806
vt 0.638888896 0.541666657
vn 0.575942695 0.483273327 0.659345806
vt 0.652777791 0.541666657
vn 0.615871131 0.431237608 0.659345806
vt 0.666666687 0.541666657
vn 0.651112378 0.375919908 0.659345806
vt 0.680555582 0.541666657
vn 0.681398273 0.317741245 0.659345806
vt 0.694444418 0.541666657
vn 0.706498325 0.257144362 0.659345806
vt 0.708333313 0.541666657
vn 0.726221502 0.194590464 0.659345806
vt 0.722222209 0.541666657
vn 0.740417659 0.130555615 0.659345806
vt 0.736111104 0.541666657
vn 0.748978853 0.065527156 0.659345806
vt 0.75 0.541666657
vn 0.751839817 1.38110734e-16 0.659345806
vt 0.763888896 0.541666657
vn 0.748978853 -0.065527156 0.659345806
vt 0.777777791 0.541666657
vn 0.740417659 -0.130555615 0.659345806
vt 0.791666687 0.541666657
vn 0.726221502 -0.194590464 0.659345806
vt 0.805555582 0.541666657
vn 0.706498325 -0.257144362 0.659345806
vt 0.819444418 0.541666657
vn 0.681398273 -0.317741245 0.659345806
vt 0.833333313 0.541666657
vn 0.651112378 -0.375919908 0.659345806
vt 0.847222209 0.541666657
vn 0.615871131 -0.431237608 0.659345806
vt 0.861111104 0.541666657
vn 0.575942695 -0.483273327 0.659345806
vt 0.875 0.541666657
vn 0.531631052 -0.531631052 0.659345806
vt 0.888888896 0.541666657
vn 0.483273327 -0.575942695 0.659345806
vt 0.902777791 0.541666657
vn 0.431237608 -0.615871131 0.659345806
vt 0.916666687 0.541666657
vn 0.375919908 -0.651112378 0.659345806
vt 0.930555582 0.541666657
vn 0.317741245 -0.681398273 0.659345806
vt 0.944444418 0.541666657
vn 0.257144362 -0.706498325 0.659345806
vt 0.958333313 0.541666657
vn 0.194590464 -0.726221502 0.659345806
vt 0.972222209 0.541666657
vn 0.130555615 -0.740417659 0.659345806
vt 0.986111104 0.541666657
vn 0.065527156 -0.748978853 0.659345806
vt 1.0 0.541666657
vn 1.84147636e-16 -0.751839817 0.659345806
vt 0.0 0.583333343
vn 0.0 -0.793353319 0.60876143
vt 0.013888889 0.583333343
vn -0.0691452995 -0.790334404 0.60876143
vt 0.027777778 0.583333343
vn -0.137764364 -0.781300545 0.60876143
vt 0.0416666679 0.583333343
vn -0.205334947 -0.766320467 0.60876143
vt 0.055555556 0.583333343
vn -0.271342814 -0.745508254 0.60876143
vt 0.0694444478 0.583333343
vn -0.335285604 -0.719022334 0.60876143
vt 0.0833333358 0.583333343
vn -0.39667666 -0.687064171 0.60876143
vt 0.0972222239 0.583333343
vn -0.45504877 -0.649877012 0.60876143
vt 0.111111112 0.583333343
vn -0.509957671 -0.607743919 0.60876143
vt 0.125 0.583333343
vn -0.560985506 -0.560985506 0.60876143
vt 0.138888896 0.583333343
vn -0.607743919 -0.509957671 0.60876143
vt 0.152777776 0.583333343
vn -0.649877012 -0.45504877 0.60876143
vt 0.166666672 0.583333343
vn -0.687064171 -0.39667666 0.60876143
vt 0.180555552 0.583333343
vn -0.719022334 -0.335285604 0.60876143
vt 0.194444448 0.583333343
vn -0.745508254 -0.271342814 0.60876143
vt 0.208333328 0.583333343
vn -0.766320467 -0.205334947 0.60876143
vt 0.222222224 0.583333343
vn -0.781300545 -0.137764364 0.60876143
vt 0.236111104 0.583333343
vn -0.790334404 -0.0691452995 0.60876143
vt 0.25 0.583333343
vn -0.793353319 -4.85788814e-17 0.60876143
vt 0.263888896 0.583333343
vn -0.790334404 0.0691452995 0.60876143
vt 0.277777791 0.583333343
vn -0.781300545 0.137764364 0.60876143
vt 0.291666657 0.583333343
vn -0.766320467 0.205334947 0.60876143
vt 0.305555552 0.583333343
vn -0.745508254 0.271342814 0.60876143
vt 0.319444448 0.583333343
vn -0.719022334 0.335285604 0.60876143
vt 0.333333343 0.583333343
vn -0.687064171 0.39667666 0.60876143
vt 0.347222209 0.583333343
vn -0.649877012 0.45504877 0.60876143
vt 0.361111104 0.583333343
vn -0.607743919 0.509957671 0.60876143
vt 0.375 0.583333343
vn -0.560985506 0.560985506 0.60876143
vt 0.388888896 0.583333343
vn -0.509957671 0.607743919 0.60876143
vt 0.402777791 0.583333343
vn -0.45504877 0.649877012 0.60876143
vt 0.416666657 0.583333343
vn -0.39667666 0.687064171 0.60876143
vt 0.430555552 0.583333343
vn -0.335285604 0.719022334 0.60876143
vt 0.444444448 0.583333343
vn -0.271342814 0.745508254 0.60876143
vt 0.458333343 0.583333343
vn -0.205334947 0.766320467 0.60876143
vt 0.472222209 0.583333343
vn -0.137764364 0.781300545 0.60876143
vt 0.486111104 0.583333343
vn -0.0691452995 0.790334404 0.60876143
vt 0.5 0.583333343
vn -9.71577628e-17 0.793353319 0.60876143
vt 0.513888896 0.583333343
vn 0.0691452995 0.790334404 0.60876143
vt 0.527777791 0.583333343
vn 0.137764364 0.781300545 0.60876143
vt 0.541666687 0.583333343
vn 0.205334947 0.766320467 0.60876143
vt 0.555555582 0.583333343
vn 0.271342814 0.745508254 0.60876143
vt 0.569444418 0.583333343
vn 0.335285604 0.719022334 0.60876143
vt 0.583333313 0.583333343
vn 0.39667666 0.687064171 0.60876143
vt 0.597222209 0.583333343
vn 0.45504877 0.649877012 0.60876143
vt 0.611111104 0.583333343
vn 0.509957671 0.607743919 0.60876143
vt 0.625 0.583333343
vn 0.560985506 0.560985506 0.60876143
vt 0.638888896 0.583333343
vn 0.607743919 0.509957671 0.60876143
vt 0.652777791 0.583333343
vn 0.649877012 0.45504877 0.60876143
vt 0.666666687 0.583333343
vn 0.687064171 0.39667666 0.60876143
vt 0.680555582 0.583333343
vn 0.719022334 0.335285604 0.60876143
vt 0.694444418 0.583333343
vn 0.745508254 0.271342814 0.60876143
vt 0.708333313 0.583333343
vn 0.766320467 0.205334947 0.60876143
vt 0.722222209 0.583333343
vn 0.781300545 0.137764364 0.60876143
vt 0.736111104 0.583333343
vn 0.790334404 0.0691452995 0.60876143
vt 0.75 0.583333343
vn 0.793353319 1.45736651e-16 0.60876143
vt 0.763888896 0.583333343
vn 0.790334404 -0.0691452995 0.60876143
vt 0.777777791 0.583333343
vn 0.781300545 -0.137764364 0.60876143
vt 0.791666687 0.583333343
vn 0.766320467 -0.205334947 0.60876143
vt 0.805555582 0.583333343
vn 0.745508254 -0.271342814 0.60876143
vt 0.819444418 0.583333343
vn 0.719022334 -0.335285604 0.60876143
vt 0.833333313 0.583333343
vn 0.687064171 -0.39667666 0.60876143
vt 0.847222209 0.583333343
vn 0.649877012 -0.45504877 0.60876143
vt 0.861111104 0.583333343
vn 0.607743919 -0.509957671 0.60876143
vt 0.875 0.583333343
vn 0.560985506 -0.560985506 0.60876143
vt 0.888888896 0.583333343
vn 0.509957671 -0.607743919 0.60876143
vt 0.902777791 0.583333343
vn 0.45504877 -0.649877012 0.60876143
vt 0.916666687 0.583333343
vn 0.39667666 -0.687064171 0.60876143
vt 0.930555582 0.583333343
vn 0.335285604 -0.719022334 0.60876143
vt 0.944444418 0.583333343
vn 0.271342814 -0.745508254 0.60876143
vt 0.958333313 0.583333343
vn 0.205334947 -0.766320467 0.60876143
vt 0.972222209 0.583333343
vn 0.137764364 -0.781300545 0.60876143
vt 0.986111104 0.583333343
vn 0.0691452995 -0.790334404 0.60876143
vt 1.0 0.583333343
vn 1.94315526e-16 -0.793353319 0.60876143
vt 0.0 0.625
vn 0.0 -0.831469595 0.555570245
vt 0.013888889 0.625
vn -0.0724673495 -0.828305602 0.555570245
vt 0.027777778 0.625
vn -0.144383177 -0.818837702 0.555570245
vt 0.0416666679 0.625
vn -0.215200171 -0.803137958 0.555570245
vt 0.055555556 0.625
vn -0.284379363 -0.781325877 0.555570245
vt 0.0694444478 0.625
vn -0.351394236 -0.753567398 0.555570245
vt 0.0833333358 0.625
vn -0.415734798 -0.720073819 0.555570245
vt 0.0972222239 0.625
vn -0.476911366 -0.681100011 0.555570245
vt 0.111111112 0.625
vn -0.534458339 -0.636942685 0.555570245
vt 0.125 0.625
vn -0.587937772 -0.587937772 0.555570245
vt 0.138888896 0.625
vn -0.636942685 -0.534458339 0.555570245
vt 0.152777776 0.625
vn -0.681100011 -0.476911366 0.555570245
vt 0.166666672 0.625
vn -0.720073819 -0.415734798 0.555570245
vt 0.180555552 0.625
vn -0.753567398 -0.351394236 0.555570245
vt 0.194444448 0.625
vn -0.781325877 -0.284379363 0.555570245
vt 0.208333328 0.625
vn -0.803137958 -0.215200171 0.555570245
vt 0.222222224 0.625
vn -0.818837702 -0.144383177 0.555570245
vt 0.236111104 0.625
vn -0.828305602 -0.0724673495 0.555570245
vt 0.25 0.625
vn -0.831469595 -5.0912831e-17 0.555570245
vt 0.263888896 0.625
vn -0.828305602 0.0724673495 0.555570245
vt 0.277777791 0.625
vn -0.818837702 0.144383177 0.555570245
vt 0.291666657 0.625
vn -0.803137958 0.215200171 0.555570245
vt 0.305555552 0.625
vn -0.781325877 0.284379363 0.555570245
vt 0.319444448 0.625
vn -0.753567398 0.351394236 0.555570245
vt 0.333333343 0.625
vn -0.720073819 0.415734798 0.555570245
vt 0.347222209 0.625
vn -0.681100011 0.476911366 0.555570245
vt 0.361111104 0.625
vn -0.636942685 0.534458339 0.555570245
vt 0.375 0.625
vn -0.587937772 0.587937772 0.555570245
vt 0.388888896 0.625
vn -0.534458339 0.636942685 0.555570245
vt 0.402777791 0.625
vn -0.476911366 0.681100011 0.555570245
vt 0.416666657 0.625
vn -0.415734798 0.720073819 0.555570245
vt 0.430555552 0.625
vn -0.351394236 0.753567398 0.555570245
vt 0.444444448 0.625
vn -0.284379363 0.781325877 0.555570245
vt 0.458333343 0.625
vn -0.215200171 0.803137958 0.555570245
vt 0.472222209 0.625
vn -0.144383177 0.818837702 0.555570245
vt 0.486111104 0.625
vn -0.0724673495 0.828305602 0.555570245
vt 0.5 0.625
vn -1.01825662e-16 0.831469595 0.555570245
vt 0.513888896 0.625
vn 0.0724673495 0.828305602 0.555570245
vt 0.527777791 0.625
vn 0.144383177 0.818837702 0.555570245
vt 0.541666687 0.625
vn 0.215200171 0.803137958 0.555570245
vt 0.555555582 0.625
vn 0.284379363 0.781325877 0.555570245
vt 0.569444418 0.625
vn 0.351394236 0.753567398 0.555570245
vt 0.583333313 0.625
vn 0.415734798 0.720073819 0.555570245
vt 0.597222209 0.625
vn 0.476911366 0.681100011 0.555570245
vt 0.611111104 0.625
vn 0.534458339 0.636942685 0.555570245
vt 0.625 0.625
vn 0.587937772 0.587937772 0.555570245
vt 0.638888896 0.625
vn 0.636942685 0.534458339 0.555570245
vt 0.652777791 0.625
vn 0.681100011 0.476911366 0.555570245
vt 0.666666687 0.625
vn 0.720073819 0.415734798 0.555570245
vt 0.680555582 0.625
vn 0.753567398 0.351394236 0.555570245
vt 0.694444418 0.625
vn 0.781325877 0.284379363 0.555570245
vt 0.708333313 0.625
vn 0.803137958 0.215200171 0.555570245
vt 0.722222209 0.625
vn 0.818837702 0.144383177 0.555570245
vt 0.736111104 0.625
vn 0.828305602 0.0724673495 0.555570245
vt 0.75 0.625
vn 0.831469595 1.5273849e-16 0.555570245
vt 0.763888896 0.625
vn 0.828305602 -0.0724673495 0.555570245
vt 0.777777791 0.625
vn 0.818837702 -0.144383177 0.555570245
vt 0.791666687 0.625
vn 0.803137958 -0.215200171 0.555570245
vt 0.805555582 0.625
vn 0.781325877 -0.284379363 0.555570245
vt 0.819444418 0.625
vn 0.753567398 -0.351394236 0.555570245
vt 0.833333313 0.625
vn 0.720073819 -0.415734798 0.555570245
vt 0.847222209 0.625
vn 0.681100011 -0.476911366 0.555570245
vt 0.861111104 0.625
vn 0.636942685 -0.534458339 0.555570245
vt 0.875 0.625
vn 0.587937772 -0.587937772 0.555570245
vt 0.888888896 0.625
vn 0.534458339 -0.636942685 0.555570245
vt 0.902777791 0.625
vn 0.476911366 -0.681100011 0.555570245
vt 0.916666687 0.625
vn 0.415734798 -0.720073819 0.555570245
vt 0.930555582 0.625
vn 0.351394236 -0.753567398 0.555570245
vt 0.944444418 0.625
vn 0.284379363 -0.781325877 0.555570245
vt 0.958333313 0.625
vn 0.215200171 -0.803137958 0.555570245
vt 0.972222209 0.625
vn 0.144383177 -0.818837702 0.555570245
vt 0.986111104 0.625
vn 0.0724673495 -0.828305602 0.555570245
vt 1.0 0.625
vn 2.03651324e-16 -0.831469595 0.555570245
vt 0.0 0.666666657
vn 0.0 -0.866025388 0.5
vt 0.013888889 0.666666657
vn -0.0754790902 -0.862729907 0.5
vt 0.027777778 0.666666657
vn -0.150383726 -0.852868557 0.5
vt 0.0416666679 0.666666657
vn -0.224143863 -0.836516321 0.5
vt 0.055555556 0.666666657
vn -0.29619813 -0.813797653 0.5
vt 0.0694444478 0.666666657
vn -0.365998149 -0.784885585 0.5
vt 0.0833333358 0.666666657
vn -0.433012694 -0.75 0.5
vt 0.0972222239 0.666666657
vn -0.496731758 -0.709406495 0.5
vt 0.111111112 0.666666657
vn -0.556670427 -0.663413942 0.5
vt 0.125 0.666666657
vn -0.612372458 -0.612372458 0.5
vt 0.138888896 0.666666657
vn -0.663413942 -0.556670427 0.5
vt 0.152777776 0.666666657
vn -0.709406495 -0.496731758 0.5
vt 0.166666672 0.666666657
vn -0.75 -0.433012694 0.5
vt 0.180555552 0.666666657
vn -0.784885585 -0.365998149 0.5
vt 0.194444448 0.666666657
vn -0.813797653 -0.29619813 0.5
vt 0.208333328 0.666666657
vn -0.836516321 -0.224143863 0.5
vt 0.222222224 0.666666657
vn -0.852868557 -0.150383726 0.5
vt 0.236111104 0.666666657
vn -0.862729907 -0.0754790902 0.5
vt 0.25 0.666666657
vn -0.866025388 -5.30287624e-17 0.5
vt 0.263888896 0.666666657
vn -0.862729907 0.0754790902 0.5
vt 0.277777791 0.666666657
vn -0.852868557 0.150383726 0.5
vt 0.291666657 0.666666657
vn -0.836516321 0.224143863 0.5
vt 0.305555552 0.666666657
vn -0.813797653 0.29619813 0.5
vt 0.319444448 0.666666657
vn -0.784885585 0.365998149 0.5
vt 0.333333343 0.666666657
vn -0.75 0.433012694 0.5
vt 0.347222209 0.666666657
vn -0.709406495 0.496731758 0.5
vt 0.361111104 0.666666657
vn -0.663413942 0.556670427 0.5
vt 0.375 0.666666657
vn -0.612372458 0.612372458 0.5
vt 0.388888896 0.666666657
vn -0.556670427 0.663413942 0.5
vt 0.402777791 0.666666657
vn -0.496731758 0.709406495 0.5
vt 0.416666657 0.666666657
vn -0.433012694 0.75 0.5
vt 0.430555552 0.666666657
vn -0.365998149 0.784885585 0.5
vt 0.444444448 0.666666657
vn -0.29619813 0.813797653 0.5
vt 0.458333343 0.666666657
vn -0.224143863 0.836516321 0.5
vt 0.472222209 0.666666657
vn -0.150383726 0.852868557 0.5
vt 0.486111104 0.666666657
vn -0.0754790902 0.862729907 0.5
vt 0.5 0.666666657
vn -1.06057525e-16 0.866025388 0.5
vt 0.513888896 0.666666657
vn 0.0754790902 0.862729907 0.5
vt 0.527777791 0.666666657
vn 0.150383726 0.852868557 0.5
vt 0.541666687 0.666666657
vn 0.224143863 0.836516321 0.5
vt 0.555555582 0.666666657
vn 0.29619813 0.813797653 0.5
vt 0.569444418 0.666666657
vn 0.365998149 0.784885585 0.5
vt 0.583333313 0.666666657
vn 0.433012694 0.75 0.5
vt 0.597222209 0.666666657
vn 0.496731758 0.709406495 0.5
vt 0.611111104 0.666666657
vn 0.556670427 0.663413942 0.5
vt 0.625 0.666666657
vn 0.612372458 0.612372458 0.5
vt 0.638888896 0.666666657
vn 0.663413942 0.556670427 0.5
vt 0.652777791 0.666666657
vn 0.709406495 0.496731758 0.5
vt 0.666666687 0.666666657
vn 0.75 0.433012694 0.5
vt 0.680555582 0.666666657
vn 0.784885585 0.365998149 0.5
vt 0.694444418 0.666666657
vn 0.813797653 0.29619813 0.5
vt 0.708333313 0.666666657
vn 0.836516321 0.224143863 0.5
vt 0.722222209 0.666666657
vn 0.852868557 0.150383726 0.5
vt 0.736111104 0.666666657
vn 0.862729907 0.0754790902 0.5
vt 0.75 0.666666657
vn 0.866025388 1.59086287e-16 0.5
vt 0.763888896 0.666666657
vn 0.862729907 -0.0754790902 0.5
vt 0.777777791 0.666666657
vn 0.852868557 -0.150383726 0.5
vt 0.791666687 0.666666657
vn 0.836516321 -0.224143863 0.5
vt 0.805555582 0.666666657
vn 0.813797653 -0.29619813 0.5
vt 0.819444418 0.666666657
vn 0.784885585 -0.365998149 0.5
vt 0.833333313 0.666666657
vn 0.75 -0.433012694 0.5
vt 0.847222209 0.666666657
vn 0.709406495 -0.496731758 0.5
vt 0.861111104 0.666666657
vn 0.663413942 -0.556670427 0.5
vt 0.875 0.666666657
vn 0.612372458 -0.612372458 0.5
vt 0.888888896 0.666666657
vn 0.556670427 -0.663413942 0.5
vt 0.902777791 0.666666657
vn 0.496731758 -0.709406495 0.5
vt 0.916666687 0.666666657
vn 0.433012694 -0.75 0.5
vt 0.930555582 0.666666657
vn 0.365998149 -0.784885585 0.5
vt 0.944444418 0.666666657
vn 0.29619813 -0.813797653 0.5
vt 0.958333313 0.666666657
vn 0.224143863 -0.836516321 0.5
vt 0.972222209 0.666666657
vn 0.150383726 -0.852868557 0.5
vt 0.986111104 0.666666657
vn 0.0754790902 -0.862729907 0.5
vt 1.0 0.666666657
vn 2.12115049e-16 -0.866025388 0.5
vt 0.0 0.708333343
vn 0.0 -0.896872759 0.442288697
vt 0.013888889 0.708333343
vn -0.0781676099 -0.893459857 0.442288697
vt 0.027777778 0.708333343
vn -0.155740321 -0.883247256 0.442288697
vt 0.0416666679 0.708333343
vn -0.232127741 -0.866312563 0.442288697
vt 0.055555556 0.708333343
vn -0.306748539 -0.842784703 0.442288697
vt 0.0694444478 0.708333343
vn -0.379034787 -0.812842727 0.442288697
vt 0.0833333358 0.708333343
vn -0.448436379 -0.776714563 0.442288697
vt 0.0972222239 0.708333343
vn -0.514425099 -0.734675169 0.442288697
vt 0.111111112 0.708333343
vn -0.576498687 -0.687044382 0.442288697
vt 0.125 0.708333343
vn -0.634184778 -0.634184778 0.442288697
vt 0.138888896 0.708333343
vn -0.687044382 -0.576498687 0.442288697
vt 0.152777776 0.708333343
vn -0.734675169 -0.514425099 0.442288697
vt 0.166666672 0.708333343
vn -0.776714563 -0.448436379 0.442288697
vt 0.180555552 0.708333343
vn -0.812842727 -0.379034787 0.442288697
vt 0.194444448 0.708333343
vn -0.842784703 -0.306748539 0.442288697
vt 0.208333328 0.708333343
vn -0.866312563 -0.232127741 0.442288697
vt 0.222222224 0.708333343
vn -0.883247256 -0.155740321 0.442288697
vt 0.236111104 0.708333343
vn -0.893459857 -0.0781676099 0.442288697
vt 0.25 0.708333343
vn -0.896872759 -5.49176161e-17 0.442288697
vt 0.263888896 0.708333343
vn -0.893459857 0.0781676099 0.442288697
vt 0.277777791 0.708333343
vn -0.883247256 0.155740321 0.442288697
vt 0.291666657 0.708333343
vn -0.866312563 0.232127741 0.442288697
vt 0.305555552 0.708333343
vn -0.842784703 0.306748539 0.442288697
vt 0.319444448 0.708333343
vn -0.812842727 0.379034787 0.442288697
vt 0.333333343 0.708333343
vn -0.776714563 0.448436379 0.442288697
vt 0.347222209 0.708333343
vn -0.734675169 0.514425099 0.442288697
vt 0.361111104 0.708333343
vn -0.687044382 0.576498687 0.442288697
vt 0.375 0.708333343
vn -0.634184778 0.634184778 0.442288697
vt 0.388888896 0.708333343
vn -0.576498687 0.687044382 0.442288697
vt 0.402777791 0.708333343
vn -0.514425099 0.734675169 0.442288697
vt 0.416666657 0.708333343
vn -0.448436379 0.776714563 0.442288697
vt 0.430555552 0.708333343
vn -0.379034787 0.812842727 0.442288697
vt 0.444444448 0.708333343
vn -0.306748539 0.842784703 0.442288697
vt 0.458333343 0.708333343
vn -0.232127741 0.866312563 0.442288697
vt 0.472222209 0.708333343
vn -0.155740321 0.883247256 0.442288697
vt 0.486111104 0.708333343
vn -0.0781676099 0.893459857 0.442288697
vt 0.5 0.708333343
vn -1.09835232e-16 0.896872759 0.442288697
vt 0.513888896 0.708333343
vn 0.0781676099 0.893459857 0.442288697
vt 0.527777791 0.708333343
vn 0.155740321 0.883247256 0.442288697
vt 0.541666687 0.708333343
vn 0.232127741 0.866312563 0.442288697
vt 0.555555582 0.708333343
vn 0.306748539 0.842784703 0.442288697
vt 0.569444418 0.708333343
vn 0.379034787 0.812842727 0.442288697
vt 0.583333313 0.708333343
vn 0.448436379 0.776714563 0.442288697
vt 0.597222209 0.708333343
vn 0.514425099 0.734675169 0.442288697
vt 0.611111104 0.708333343
vn 0.576498687 0.687044382 0.442288697
vt 0.625 0.708333343
vn 0.634184778 0.634184778 0.442288697
vt 0.638888896 0.708333343
vn 0.687044382 0.576498687 0.442288697
vt 0.652777791 0.708333343
vn 0.734675169 0.514425099 0.442288697
vt 0.666666687 0.708333343
vn 0.776714563 0.448436379 0.442288697
vt 0.680555582 0.708333343
vn 0.812842727 0.379034787 0.442288697
vt 0.694444418 0.708333343
vn 0.842784703 0.306748539 0.442288697
vt 0.708333313 0.708333343
vn 0.866312563 0.232127741 0.442288697
vt 0.722222209 0.708333343
vn 0.883247256 0.155740321 0.442288697
vt 0.736111104 0.708333343
vn 0.893459857 0.0781676099 0.442288697
vt 0.75 0.708333343
vn 0.896872759 1.64752845e-16 0.442288697
vt 0.763888896 0.708333343
vn 0.893459857 -0.0781676099 0.442288697
vt 0.777777791 0.708333343
vn 0.883247256 -0.155740321 0.442288697
vt 0.791666687 0.708333343
vn 0.866312563 -0.232127741 0.442288697
vt 0.805555582 0.708333343
vn 0.842784703 -0.306748539 0.442288697
vt 0.819444418 0.708333343
vn 0.812842727 -0.379034787 0.442288697
vt 0.833333313 0.708333343
vn 0.776714563 -0.448436379 0.442288697
vt 0.847222209 0.708333343
vn 0.734675169 -0.514425099 0.442288697
vt 0.861111104 0.708333343
vn 0.687044382 -0.576498687 0.442288697
vt 0.875 0.708333343
vn 0.634184778 -0.634184778 0.442288697
vt 0.888888896 0.708333343
vn 0.576498687 -0.687044382 0.442288697
vt 0.902777791 0.708333343
vn 0.514425099 -0.734675169 0.442288697
vt 0.916666687 0.708333343
vn 0.448436379 -0.776714563 0.442288697
vt 0.930555582 0.708333343
vn 0.379034787 -0.812842727 0.442288697
vt 0.944444418 0.708333343
vn 0.306748539 -0.842784703 0.442288697
vt 0.958333313 0.708333343
vn 0.232127741 -0.866312563 0.442288697
vt 0.972222209 0.708333343
vn 0.155740321 -0.883247256 0.442288697
vt 0.986111104 0.708333343
vn 0.0781676099 -0.893459857 0.442288697
vt 1.0 0.708333343
vn 2.19670464e-16 -0.896872759 0.442288697
vt 0.0 0.75
vn 0.0 -0.923879504 0.382683426
vt 0.013888889 0.75
vn -0.0805214047 -0.920363903 0.382683426
vt 0.027777778 0.75
vn -0.160429999 -0.909843743 0.382683426
vt 0.0416666679 0.75
vn -0.239117622 -0.892399073 0.382683426
vt 0.055555556 0.75
vn -0.315985411 -0.868162751 0.382683426
vt 0.0694444478 0.75
vn -0.390448362 -0.837319195 0.382683426
vt 0.0833333358 0.75
vn -0.461939752 -0.800103128 0.382683426
vt 0.0972222239 0.75
vn -0.529915512 -0.756797791 0.382683426
vt 0.111111112 0.75
vn -0.593858302 -0.707732797 0.382683426
vt 0.125 0.75
vn -0.65328151 -0.65328151 0.382683426
vt 0.138888896 0.75
vn -0.707732797 -0.593858302 0.382683426
vt 0.152777776 0.75
vn -0.756797791 -0.529915512 0.382683426
vt 0.166666672 0.75
vn -0.800103128 -0.461939752 0.382683426
vt 0.180555552 0.75
vn -0.837319195 -0.390448362 0.382683426
vt 0.194444448 0.75
vn -0.868162751 -0.315985411 0.382683426
vt 0.208333328 0.75
vn -0.892399073 -0.239117622 0.382683426
vt 0.222222224 0.75
vn -0.909843743 -0.160429999 0.382683426
vt 0.236111104 0.75
vn -0.920363903 -0.0805214047 0.382683426
vt 0.25 0.75
vn -0.923879504 -5.65713056e-17 0.382683426
vt 0.263888896 0.75
vn -0.920363903 0.0805214047 0.382683426
vt 0.277777791 0.75
vn -0.909843743 0.160429999 0.382683426
vt 0.291666657 0.75
vn -0.892399073 0.239117622 0.382683426
vt 0.305555552 0.75
vn -0.868162751 0.315985411 0.382683426
vt 0.319444448 0.75
vn -0.837319195 0.390448362 0.382683426
vt 0.333333343 0.75
vn -0.800103128 0.461939752 0.382683426
vt 0.347222209 0.75
vn -0.756797791 0.529915512 0.382683426
vt 0.361111104 0.75
vn -0.707732797 0.593858302 0.382683426
vt 0.375 0.75
vn -0.65328151 0.65328151 0.382683426
vt 0.388888896 0.75
vn -0.593858302 0.707732797 0.382683426
vt 0.402777791 0.75
vn -0.529915512 0.756797791 0.382683426
vt 0.416666657 0.75
vn -0.461939752 0.800103128 0.382683426
vt 0.430555552 0.75
vn -0.390448362 0.837319195 0.382683426
vt 0.444444448 0.75
vn -0.315985411 0.868162751 0.382683426
vt 0.458333343 0.75
vn -0.239117622 0.892399073 0.382683426
vt 0.472222209 0.75
vn -0.160429999 0.909843743 0.382683426
vt 0.486111104 0.75
vn -0.0805214047 0.920363903 0.382683426
vt 0.5 0.75
vn -1.13142611e-16 0.923879504 0.382683426
vt 0.513888896 0.75
vn 0.0805214047 0.920363903 0.382683426
vt 0.527777791 0.75
vn 0.160429999 0.909843743 0.382683426
vt 0.541666687 0.75
vn 0.239117622 0.892399073 0.382683426
vt 0.555555582 0.75
vn 0.315985411 0.868162751 0.382683426
vt 0.569444418 0.75
vn 0.390448362 0.837319195 0.382683426
vt 0.583333313 0.75
vn 0.461939752 0.800103128 0.382683426
vt 0.597222209 0.75
vn 0.529915512 0.756797791 0.382683426
vt 0.611111104 0.75
vn 0.593858302 0.707732797 0.382683426
vt 0.625 0.75
vn 0.65328151 0.65328151 0.382683426
vt 0.638888896 0.75
vn 0.707732797 0.593858302 0.382683426
vt 0.652777791 0.75
vn 0.756797791 0.529915512 0.382683426
vt 0.666666687 0.75
vn 0.800103128 0.461939752 0.382683426
vt 0.680555582 0.75
vn 0.837319195 0.390448362 0.382683426
vt 0.694444418 0.75
vn 0.868162751 0.315985411 0.382683426
vt 0.708333313 0.75
vn 0.892399073 0.239117622 0.382683426
vt 0.722222209 0.75
vn 0.909843743 0.160429999 0.382683426
vt 0.736111104 0.75
vn 0.920363903 0.0805214047 0.382683426
vt 0.75 0.75
vn 0.923879504 1.69713917e-16 0.382683426
vt 0.763888896 0.75
vn 0.920363903 -0.0805214047 0.382683426
vt 0.777777791 0.75
vn 0.909843743 -0.160429999 0.382683426
vt 0.791666687 0.75
vn 0.892399073 -0.239117622 0.382683426
vt 0.805555582 0.75
vn 0.868162751 -0.315985411 0.382683426
vt 0.819444418 0.75
vn 0.837319195 -0.390448362 0.382683426
vt 0.833333313 0.75
vn 0.800103128 -0.461939752 0.382683426
vt 0.847222209 0.75
vn 0.756797791 -0.529915512 0.382683426
vt 0.861111104 0.75
vn 0.707732797 -0.593858302 0.382683426
vt 0.875 0.75
vn 0.65328151 -0.65328151 0.382683426
vt 0.888888896 0.75
vn 0.593858302 -0.707732797 0.382683426
vt 0.902777791 0.75
vn 0.529915512 -0.756797791 0.382683426
vt 0.916666687 0.75
vn 0.461939752 -0.800103128 0.382683426
vt 0.930555582 0.75
vn 0.390448362 -0.837319195 0.382683426
vt 0.944444418 0.75
vn 0.315985411 -0.868162751 0.382683426
vt 0.958333313 0.75
vn 0.239117622 -0.892399073 0.382683426
vt 0.972222209 0.75
vn 0.160429999 -0.909843743 0.382683426
vt 0.986111104 0.75
vn 0.0805214047 -0.920363903 0.382683426
vt 1.0 0.75
vn 2.26285222e-16 -0.923879504 0.382683426
vt 0.0 0.791666672
vn 0.0 -0.94693011 0.321439475
vt 0.013888889 0.791666672
vn -0.0825304016 -0.943326771 0.321439475
vt 0.027777778 0.791666672
vn -0.16443269 -0.932544112 0.321439475
vt 0.0416666679 0.791666672
vn -0.245083556 -0.914664268 0.321439475
vt 0.055555556 0.791666672
vn -0.323869169 -0.889823258 0.321439475
vt 0.0694444478 0.791666672
vn -0.400189966 -0.858210146 0.321439475
vt 0.0833333358 0.791666672
vn -0.473465055 -0.820065558 0.321439475
vt 0.0972222239 0.791666672
vn -0.543136835 -0.775679767 0.321439475
vt 0.111111112 0.791666672
vn -0.608674943 -0.725390553 0.321439475
vt 0.125 0.791666672
vn -0.669580698 -0.669580698 0.321439475
vt 0.138888896 0.791666672
vn -0.725390553 -0.608674943 0.321439475
vt 0.152777776 0.791666672
vn -0.775679767 -0.543136835 0.321439475
vt 0.166666672 0.791666672
vn -0.820065558 -0.473465055 0.321439475
vt 0.180555552 0.791666672
vn -0.858210146 -0.400189966 0.321439475
vt 0.194444448 0.791666672
vn -0.889823258 -0.323869169 0.321439475
vt 0.208333328 0.791666672
vn -0.914664268 -0.245083556 0.321439475
vt 0.222222224 0.791666672
vn -0.932544112 -0.16443269 0.321439475
vt 0.236111104 0.791666672
vn -0.943326771 -0.0825304016 0.321439475
vt 0.25 0.791666672
vn -0.94693011 -5.7982747e-17 0.321439475
vt 0.263888896 0.791666672
vn -0.943326771 0.0825304016 0.321439475
vt 0.277777791 0.791666672
vn -0.932544112 0.16443269 0.321439475
vt 0.291666657 0.791666672
vn -0.914664268 0.245083556 0.321439475
vt 0.305555552 0.791666672
vn -0.889823258 0.323869169 0.321439475
vt 0.319444448 0.791666672
vn -0.858210146 0.400189966 0.321439475
vt 0.333333343 0.791666672
vn -0.820065558 0.473465055 0.321439475
vt 0.347222209 0.791666672
vn -0.775679767 0.543136835 0.321439475
vt 0.361111104 0.791666672
vn -0.725390553 0.608674943 0.321439475
vt 0.375 0.791666672
vn -0.669580698 0.669580698 0.321439475
vt 0.388888896 0.791666672
vn -0.608674943 0.725390553 0.321439475
vt 0.402777791 0.791666672
vn -0.543136835 0.775679767 0.321439475
vt 0.416666657 0.791666672
vn -0.473465055 0.820065558 0.321439475
vt 0.430555552 0.791666672
vn -0.400189966 0.858210146 0.321439475
vt 0.444444448 0.791666672
vn -0.323869169 0.889823258 0.321439475
vt 0.458333343 0.791666672
vn -0.245083556 0.914664268 0.321439475
vt 0.472222209 0.791666672
vn -0.16443269 0.932544112 0.321439475
vt 0.486111104 0.791666672
vn -0.0825304016 0.943326771 0.321439475
vt 0.5 0.791666672
vn -1.15965494e-16 0.94693011 0.321439475
vt 0.513888896 0.791666672
vn 0.0825304016 0.943326771 0.321439475
vt 0.527777791 0.791666672
vn 0.16443269 0.932544112 0.321439475
vt 0.541666687 0.791666672
vn 0.245083556 0.914664268 0.321439475
vt 0.555555582 0.791666672
vn 0.323869169 0.889823258 0.321439475
vt 0.569444418 0.791666672
vn 0.400189966 0.858210146 0.321439475
vt 0.583333313 0.791666672
vn 0.473465055 0.820065558 0.321439475
vt 0.597222209 0.791666672
vn 0.543136835 0.775679767 0.321439475
vt 0.611111104 0.791666672
vn 0.608674943 0.725390553 0.321439475
vt 0.625 0.791666672
vn 0.669580698 0.669580698 0.321439475
vt 0.638888896 0.791666672
vn 0.725390553 0.608674943 0.321439475
vt 0.652777791 0.791666672
vn 0.775679767 0.543136835 0.321439475
vt 0.666666687 0.791666672
vn 0.820065558 0.473465055 0.321439475
vt 0.680555582 0.791666672
vn 0.858210146 0.400189966 0.321439475
vt 0.694444418 0.791666672
vn 0.889823258 0.323869169 0.321439475
vt 0.708333313 0.791666672
vn 0.914664268 0.245083556 0.321439475
vt 0.722222209 0.791666672
vn 0.932544112 0.16443269 0.321439475
vt 0.736111104 0.791666672
vn 0.943326771 0.0825304016 0.321439475
vt 0.75 0.791666672
vn 0.94693011 1.73948248e-16 0.321439475
vt 0.763888896 0.791666672
vn 0.943326771 -0.0825304016 0.321439475
vt 0.777777791 0.791666672
vn 0.932544112 -0.16443269 0.321439475
vt 0.791666687 0.791666672
vn 0.914664268 -0.245083556 0.321439475
vt 0.805555582 0.791666672
vn 0.889823258 -0.323869169 0.321439475
vt 0.819444418 0.791666672
vn 0.858210146 -0.400189966 0.321439475
vt 0.833333313 0.791666672
vn 0.820065558 -0.473465055 0.321439475
vt 0.847222209 0.791666672
vn 0.775679767 -0.543136835 0.321439475
vt 0.861111104 0.791666672
vn 0.725390553 -0.608674943 0.321439475
vt 0.875 0.791666672
vn 0.669580698 -0.669580698 0.321439475
vt 0.888888896 0.791666672
vn 0.608674943 -0.725390553 0.321439475
vt 0.902777791 0.791666672
vn 0.543136835 -0.775679767 0.321439475
vt 0.916666687 0.791666672
vn 0.473465055 -0.820065558 0.321439475
vt 0.930555582 0.791666672
vn 0.400189966 -0.858210146 0.321439475
vt 0.944444418 0.791666672
vn 0.323869169 -0.889823258 0.321439475
vt 0.958333313 0.791666672
vn 0.245083556 -0.914664268 0.321439475
vt 0.972222209 0.791666672
vn 0.16443269 -0.932544112 0.321439475
vt 0.986111104 0.791666672
vn 0.0825304016 -0.943326771 0.321439475
vt 1.0 0.791666672
vn 2.31930988e-16 -0.94693011 0.321439475
vt 0.0 0.833333328
vn 0.0 -0.965925813 0.258819044
vt 0.013888889 0.833333328
vn -0.0841859803 -0.962250173 0.258819044
vt 0.027777778 0.833333328
vn -0.167731255 -0.951251268 0.258819044
vt 0.0416666679 0.833333328
vn -0.25 -0.933012724 0.258819044
vt 0.055555556 0.833333328
vn -0.330366075 -0.907673359 0.258819044
vt 0.0694444478 0.833333328
vn -0.408217907 -0.875426114 0.258819044
vt 0.0833333358 0.833333328
vn -0.482962906 -0.836516321 0.258819044
vt 0.0972222239 0.833333328
vn -0.554032266 -0.791240096 0.258819044
vt 0.111111112 0.833333328
vn -0.620885134 -0.739942133 0.258819044
vt 0.125 0.833333328
vn -0.683012724 -0.683012724 0.258819044
vt 0.138888896 0.833333328
vn -0.739942133 -0.620885134 0.258819044
vt 0.152777776 0.833333328
vn -0.791240096 -0.554032266 0.258819044
vt 0.166666672 0.833333328
vn -0.836516321 -0.482962906 0.258819044
vt 0.180555552 0.833333328
vn -0.875426114 -0.408217907 0.258819044
vt 0.194444448 0.833333328
vn -0.907673359 -0.330366075 0.258819044
vt 0.208333328 0.833333328
vn -0.933012724 -0.25 0.258819044
vt 0.222222224 0.833333328
vn -0.951251268 -0.167731255 0.258819044
vt 0.236111104 0.833333328
vn -0.962250173 -0.0841859803 0.258819044
vt 0.25 0.833333328
vn -0.965925813 -5.91458953e-17 0.258819044
vt 0.263888896 0.833333328
vn -0.962250173 0.0841859803 0.258819044
vt 0.277777791 0.833333328
vn -0.951251268 0.167731255 0.258819044
vt 0.291666657 0.833333328
vn -0.933012724 0.25 0.258819044
vt 0.305555552 0.833333328
vn -0.907673359 0.330366075 0.258819044
vt 0.319444448 0.833333328
vn -0.875426114 0.408217907 0.258819044
vt 0.333333343 0.833333328
vn -0.836516321 0.482962906 0.258819044
vt 0.347222209 0.833333328
vn -0.791240096 0.554032266 0.258819044
vt 0.361111104 0.833333328
vn -0.739942133 0.620885134 0.258819044
vt 0.375 0.833333328
vn -0.683012724 0.683012724 0.258819044
vt 0.388888896 0.833333328
vn -0.620885134 0.739942133 0.258819044
vt 0.402777791 0.833333328
vn -0.554032266 0.791240096 0.258819044
vt 0.416666657 0.833333328
vn -0.482962906 0.836516321 0.258819044
vt 0.430555552 0.833333328
vn -0.408217907 0.875426114 0.258819044
vt 0.444444448 0.833333328
vn -0.330366075 0.907673359 0.258819044
vt 0.458333343 0.833333328
vn -0.25 0.933012724 0.258819044
vt 0.472222209 0.833333328
vn -0.167731255 0.951251268 0.258819044
vt 0.486111104 0.833333328
vn -0.0841859803 0.962250173 0.258819044
vt 0.5 0.833333328
vn -1.18291791e-16 0.965925813 0.258819044
vt 0.513888896 0.833333328
vn 0.0841859803 0.962250173 0.258819044
vt 0.527777791 0.833333328
vn 0.167731255 0.951251268 0.258819044
vt 0.541666687 0.833333328
vn 0.25 0.933012724 0.258819044
vt 0.555555582 0.833333328
vn 0.330366075 0.907673359 0.258819044
vt 0.569444418 0.833333328
vn 0.408217907 0.875426114 0.258819044
vt 0.583333313 0.833333328
vn 0.482962906 0.836516321 0.258819044
vt 0.597222209 0.833333328
vn 0.554032266 0.791240096 0.258819044
vt 0.611111104 0.833333328
vn 0.620885134 0.739942133 0.258819044
vt 0.625 0.833333328
vn 0.683012724 0.683012724 0.258819044
vt 0.638888896 0.833333328
vn 0.739942133 0.620885134 0.258819044
vt 0.652777791 0.833333328
vn 0.791240096 0.554032266 0.258819044
vt 0.666666687 0.833333328
vn 0.836516321 0.482962906 0.258819044
vt 0.680555582 0.833333328
vn 0.875426114 0.408217907 0.258819044
vt 0.694444418 0.833333328
vn 0.907673359 0.330366075 0.258819044
vt 0.708333313 0.833333328
vn 0.933012724 0.25 0.258819044
vt 0.722222209 0.833333328
vn 0.951251268 0.167731255 0.258819044
vt 0.736111104 0.833333328
vn 0.962250173 0.0841859803 0.258819044
vt 0.75 0.833333328
vn 0.965925813 1.77437693e-16 0.258819044
vt 0.763888896 0.833333328
vn 0.962250173 -0.0841859803 0.258819044
vt 0.777777791 0.833333328
vn 0.951251268 -0.167731255 0.258819044
vt 0.791666687 0.833333328
vn 0.933012724 -0.25 0.258819044
vt 0.805555582 0.833333328
vn 0.907673359 -0.330366075 0.258819044
vt 0.819444418 0.833333328
vn 0.875426114 -0.408217907 0.258819044
vt 0.833333313 0.833333328
vn 0.836516321 -0.482962906 0.258819044
vt 0.847222209 0.833333328
vn 0.791240096 -0.554032266 0.258819044
vt 0.861111104 0.833333328
vn 0.739942133 -0.620885134 0.258819044
vt 0.875 0.833333328
vn 0.683012724 -0.683012724 0.258819044
vt 0.888888896 0.833333328
vn 0.620885134 -0.739942133 0.258819044
vt 0.902777791 0.833333328
vn 0.554032266 -0.791240096 0.258819044
vt 0.916666687 0.833333328
vn 0.482962906 -0.836516321 0.258819044
vt 0.930555582 0.833333328
vn 0.408217907 -0.875426114 0.258819044
vt 0.944444418 0.833333328
vn 0.330366075 -0.907673359 0.258819044
vt 0.958333313 0.833333328
vn 0.25 -0.933012724 0.258819044
vt 0.972222209 0.833333328
vn 0.167731255 -0.951251268 0.258819044
vt 0.986111104 0.833333328
vn 0.0841859803 -0.962250173 0.258819044
vt 1.0 0.833333328
vn 2.36583581e-16 -0.965925813 0.258819044
vt 0.0 0.875
vn 0.0 -0.980785251 0.195090324
vt 0.013888889 0.875
vn -0.08548107 -0.977053106 0.195090324
vt 0.027777778 0.875
vn -0.17031157 -0.965884924 0.195090324
vt 0.0416666679 0.875
vn -0.2538459 -0.94736582 0.195090324
vt 0.055555556 0.875
vn -0.335448325 -0.921636701 0.195090324
vt 0.0694444478 0.875
vn -0.414497763 -0.888893366 0.195090324
vt 0.0833333358 0.875
vn -0.490392625 -0.849384964 0.195090324
vt 0.0972222239 0.875
vn -0.562555313 -0.803412259 0.195090324
vt 0.111111112 0.875
vn -0.630436599 -0.75132513 0.195090324
vt 0.125 0.875
vn -0.69351995 -0.69351995 0.195090324
vt 0.138888896 0.875
vn -0.75132513 -0.630436599 0.195090324
vt 0.152777776 0.875
vn -0.803412259 -0.562555313 0.195090324
vt 0.166666672 0.875
vn -0.849384964 -0.490392625 0.195090324
vt 0.180555552 0.875
vn -0.888893366 -0.414497763 0.195090324
vt 0.194444448 0.875
vn -0.921636701 -0.335448325 0.195090324
vt 0.208333328 0.875
vn -0.94736582 -0.2538459 0.195090324
vt 0.222222224 0.875
vn -0.965884924 -0.17031157 0.195090324
vt 0.236111104 0.875
vn -0.977053106 -0.08548107 0.195090324
vt 0.25 0.875
vn -0.980785251 -6.00557808e-17 0.195090324
vt 0.263888896 0.875
vn -0.977053106 0.08548107 0.195090324
vt 0.277777791 0.875
vn -0.965884924 0.17031157 0.195090324
vt 0.291666657 0.875
vn -0.94736582 0.2538459 0.195090324
vt 0.305555552 0.875
vn -0.921636701 0.335448325 0.195090324
vt 0.319444448 0.875
vn -0.888893366 0.414497763 0.195090324
vt 0.333333343 0.875
vn -0.849384964 0.490392625 0.195090324
vt 0.347222209 0.875
vn -0.803412259 0.562555313 0.195090324
vt 0.361111104 0.875
vn -0.75132513 0.630436599 0.195090324
vt 0.375 0.875
vn -0.69351995 0.69351995 0.195090324
vt 0.388888896 0.875
vn -0.630436599 0.75132513 0.195090324
vt 0.402777791 0.875
vn -0.562555313 0.803412259 0.195090324
vt 0.416666657 0.875
vn -0.490392625 0.849384964 0.195090324
vt 0.430555552 0.875
vn -0.414497763 0.888893366 0.195090324
vt 0.444444448 0.875
vn -0.335448325 0.921636701 0.195090324
vt 0.458333343 0.875
vn -0.2538459 0.94736582 0.195090324
vt 0.472222209 0.875
vn -0.17031157 0.965884924 0.195090324
vt 0.486111104 0.875
vn -0.08548107 0.977053106 0.195090324
vt 0.5 0.875
vn -1.20111562e-16 0.980785251 0.195090324
vt 0.513888896 0.875
vn 0.08548107 0.977053106 0.195090324
vt 0.527777791 0.875
vn 0.17031157 0.965884924 0.195090324
vt 0.541666687 0.875
vn 0.2538459 0.94736582 0.195090324
vt 0.555555582 0.875
vn 0.335448325 0.921636701 0.195090324
vt 0.569444418 0.875
vn 0.414497763 0.888893366 0.195090324
vt 0.583333313 0.875
vn 0.490392625 0.849384964 0.195090324
vt 0.597222209 0.875
vn 0.562555313 0.803412259 0.195090324
vt 0.611111104 0.875
vn 0.630436599 0.75132513 0.195090324
vt 0.625 0.875
vn 0.69351995 0.69351995 0.195090324
vt 0.638888896 0.875
vn 0.75132513 0.630436599 0.195090324
vt 0.652777791 0.875
vn 0.803412259 0.562555313 0.195090324
vt 0.666666687 0.875
vn 0.849384964 0.490392625 0.195090324
vt 0.680555582 0.875
vn 0.888893366 0.414497763 0.195090324
vt 0.694444418 0.875
vn 0.921636701 0.335448325 0.195090324
vt 0.708333313 0.875
vn 0.94736582 0.2538459 0.195090324
vt 0.722222209 0.875
vn 0.965884924 0.17031157 0.195090324
vt 0.736111104 0.875
vn 0.977053106 0.08548107 0.195090324
vt 0.75 0.875
vn 0.980785251 1.80167336e-16 0.195090324
vt 0.763888896 0.875
vn 0.977053106 -0.08548107 0.195090324
vt 0.777777791 0.875
vn 0.965884924 -0.17031157 0.195090324
vt 0.791666687 0.875
vn 0.94736582 -0.2538459 0.195090324
vt 0.805555582 0.875
vn 0.921636701 -0.335448325 0.195090324
vt 0.819444418 0.875
vn 0.888893366 -0.414497763 0.195090324
vt 0.833333313 0.875
vn 0.849384964 -0.490392625 0.195090324
vt 0.847222209 0.875
vn 0.803412259 -0.562555313 0.195090324
vt 0.861111104 0.875
vn 0.75132513 -0.630436599 0.195090324
vt 0.875 0.875
vn 0.69351995 -0.69351995 0.195090324
vt 0.888888896 0.875
vn 0.630436599 -0.75132513 0.195090324
vt 0.902777791 0.875
vn 0.562555313 -0.803412259 0.195090324
vt 0.916666687 0.875
vn 0.490392625 -0.849384964 0.195090324
vt 0.930555582 0.875
vn 0.414497763 -0.888893366 0.195090324
vt 0.944444418 0.875
vn 0.335448325 -0.921636701 0.195090324
vt 0.958333313 0.875
vn 0.2538459 -0.94736582 0.195090324
vt 0.972222209 0.875
vn 0.17031157 -0.965884924 0.195090324
vt 0.986111104 0.875
vn 0.08548107 -0.977053106 0.195090324
vt 1.0 0.875
vn 2.40223123e-16 -0.980785251 0.195090324
vt 0.0 0.916666664
vn 0.0 -0.991444886 0.130526185
vt 0.013888889 0.916666664
vn -0.0864101127 -0.987672091 0.130526185
vt 0.027777778 0.916666664
vn -0.172162592 -0.976382613 0.130526185
vt 0.0416666679 0.916666664
vn -0.25660482 -0.957662225 0.130526185
vt 0.055555556 0.916666664
vn -0.339094102 -0.93165344 0.130526185
vt 0.0694444478 0.916666664
vn -0.419002712 -0.898554206 0.130526185
vt 0.0833333358 0.916666664
vn -0.495722443 -0.858616412 0.130526185
vt 0.0972222239 0.916666664
vn -0.568669438 -0.812144101 0.130526185
vt 0.111111112 0.916666664
vn -0.637288451 -0.759490848 0.130526185
vt 0.125 0.916666664
vn -0.701057374 -0.701057374 0.130526185
vt 0.138888896 0.916666664
vn -0.759490848 -0.637288451 0.130526185
vt 0.152777776 0.916666664
vn -0.812144101 -0.568669438 0.130526185
vt 0.166666672 0.916666664
vn -0.858616412 -0.495722443 0.130526185
vt 0.180555552 0.916666664
vn -0.898554206 -0.419002712 0.130526185
vt 0.194444448 0.916666664
vn -0.93165344 -0.339094102 0.130526185
vt 0.208333328 0.916666664
vn -0.957662225 -0.25660482 0.130526185
vt 0.222222224 0.916666664
vn -0.976382613 -0.172162592 0.130526185
vt 0.236111104 0.916666664
vn -0.987672091 -0.0864101127 0.130526185
vt 0.25 0.916666664
vn -0.991444886 -6.07084858e-17 0.130526185
vt 0.263888896 0.916666664
vn -0.987672091 0.0864101127 0.130526185
vt 0.277777791 0.916666664
vn -0.976382613 0.172162592 0.130526185
vt 0.291666657 0.916666664
vn -0.957662225 0.25660482 0.130526185
vt 0.305555552 0.916666664
vn -0.93165344 0.339094102 0.130526185
vt 0.319444448 0.916666664
vn -0.898554206 0.419002712 0.130526185
vt 0.333333343 0.916666664
vn -0.858616412 0.495722443 0.130526185
vt 0.347222209 0.916666664
vn -0.812144101 0.568669438 0.130526185
vt 0.361111104 0.916666664
vn -0.759490848 0.637288451 0.130526185
vt 0.375 0.916666664
vn -0.701057374 0.701057374 0.130526185
vt 0.388888896 0.916666664
vn -0.637288451 0.759490848 0.130526185
vt 0.402777791 0.916666664
vn -0.568669438 0.812144101 0.130526185
vt 0.416666657 0.916666664
vn -0.495722443 0.858616412 0.130526185
vt 0.430555552 0.916666664
vn -0.419002712 0.898554206 0.130526185
vt 0.444444448 0.916666664
vn -0.339094102 0.93165344 0.130526185
vt 0.458333343 0.916666664
vn -0.25660482 0.957662225 0.130526185
vt 0.472222209 0.916666664
vn -0.172162592 0.976382613 0.130526185
vt 0.486111104 0.916666664
vn -0.0864101127 0.987672091 0.130526185
vt 0.5 0.916666664
vn -1.21416972e-16 0.991444886 0.130526185
vt 0.513888896 0.916666664
vn 0.0864101127 0.987672091 0.130526185
vt 0.527777791 0.916666664
vn 0.172162592 0.976382613 0.130526185
vt 0.541666687 0.916666664
vn 0.25660482 0.957662225 0.130526185
vt 0.555555582 0.916666664
vn 0.339094102 0.93165344 0.130526185
vt 0.569444418 0.916666664
vn 0.419002712 0.898554206 0.130526185
vt 0.583333313 0.916666664
vn 0.495722443 0.858616412 0.130526185
vt 0.597222209 0.916666664
vn 0.568669438 0.812144101 0.130526185
vt 0.611111104 0.916666664
vn 0.637288451 0.759490848 0.130526185
vt 0.625 0.916666664
vn 0.701057374 0.701057374 0.130526185
vt 0.638888896 0.916666664
vn 0.759490848 0.637288451 0.130526185
vt 0.652777791 0.916666664
vn 0.812144101 0.568669438 0.130526185
vt 0.666666687 0.916666664
vn 0.858616412 0.495722443 0.130526185
vt 0.680555582 0.916666664
vn 0.898554206 0.419002712 0.130526185
vt 0.694444418 0.916666664
vn 0.93165344 0.339094102 0.130526185
vt 0.708333313 0.916666664
vn 0.957662225 0.25660482 0.130526185
vt 0.722222209 0.916666664
vn 0.976382613 0.172162592 0.130526185
vt 0.736111104 0.916666664
vn 0.987672091 0.0864101127 0.130526185
vt 0.75 0.916666664
vn 0.991444886 1.82125464e-16 0.130526185
vt 0.763888896 0.916666664
vn 0.987672091 -0.0864101127 0.130526185
vt 0.777777791 0.916666664
vn 0.976382613 -0.172162592 0.130526185
vt 0.791666687 0.916666664
vn 0.957662225 -0.25660482 0.130526185
vt 0.805555582 0.916666664
vn 0.93165344 -0.339094102 0.130526185
vt 0.819444418 0.916666664
vn 0.898554206 -0.419002712 0.130526185
vt 0.833333313 0.916666664
vn 0.858616412 -0.495722443 0.130526185
vt 0.847222209 0.916666664
vn 0.812144101 -0.568669438 0.130526185
vt 0.861111104 0.916666664
vn 0.759490848 -0.637288451 0.130526185
vt 0.875 0.916666664
vn 0.701057374 -0.701057374 0.130526185
vt 0.888888896 0.916666664
vn 0.637288451 -0.759490848 0.130526185
vt 0.902777791 0.916666664
vn 0.568669438 -0.812144101 0.130526185
vt 0.916666687 0.916666664
vn 0.495722443 -0.858616412 0.130526185
vt 0.930555582 0.916666664
vn 0.419002712 -0.898554206 0.130526185
vt 0.944444418 0.916666664
vn 0.339094102 -0.93165344 0.130526185
vt 0.958333313 0.916666664
vn 0.25660482 -0.957662225 0.130526185
vt 0.972222209 0.916666664
vn 0.172162592 -0.976382613 0.130526185
vt 0.986111104 0.916666664
vn 0.0864101127 -0.987672091 0.130526185
vt 1.0 0.916666664
vn 2.42833943e-16 -0.991444886 0.130526185
vt 0.0 0.958333332
vn 0.0 -0.997858942 0.0654031262
vt 0.013888889 0.958333332
vn -0.0869691372 -0.994061768 0.0654031262
vt 0.027777778 0.958333332
vn -0.17327638 -0.982699215 0.0654031262
vt 0.0416666679 0.958333332
vn -0.258264899 -0.96385771 0.0654031262
vt 0.055555556 0.958333332
vn -0.341287851 -0.937680662 0.0654031262
vt 0.0694444478 0.958333332
vn -0.421713412 -0.904367328 0.0654031262
vt 0.0833333358 0.958333332
vn -0.498929471 -0.864171147 0.0654031262
vt 0.0972222239 0.958333332
vn -0.572348356 -0.81739819 0.0654031262
vt 0.111111112 0.958333332
vn -0.641411364 -0.764404297 0.0654031262
vt 0.125 0.958333332
vn -0.705592811 -0.705592811 0.0654031262
vt 0.138888896 0.958333332
vn -0.764404297 -0.641411364 0.0654031262
vt 0.152777776 0.958333332
vn -0.81739819 -0.572348356 0.0654031262
vt 0.166666672 0.958333332
vn -0.864171147 -0.498929471 0.0654031262
vt 0.180555552 0.958333332
vn -0.904367328 -0.421713412 0.0654031262
vt 0.194444448 0.958333332
vn -0.937680662 -0.341287851 0.0654031262
vt 0.208333328 0.958333332
vn -0.96385771 -0.258264899 0.0654031262
vt 0.222222224 0.958333332
vn -0.982699215 -0.17327638 0.0654031262
vt 0.236111104 0.958333332
vn -0.994061768 -0.0869691372 0.0654031262
vt 0.25 0.958333332
vn -0.997858942 -6.11012378e-17 0.0654031262
vt 0.263888896 0.958333332
vn -0.994061768 0.0869691372 0.0654031262
vt 0.277777791 0.958333332
vn -0.982699215 0.17327638 0.0654031262
vt 0.291666657 0.958333332
vn -0.96385771 0.258264899 0.0654031262
vt 0.305555552 0.958333332
vn -0.937680662 0.341287851 0.0654031262
vt 0.319444448 0.958333332
vn -0.904367328 0.421713412 0.0654031262
vt 0.333333343 0.958333332
vn -0.864171147 0.498929471 0.0654031262
vt 0.347222209 0.958333332
vn -0.81739819 0.572348356 0.0654031262
vt 0.361111104 0.958333332
vn -0.764404297 0.641411364 0.0654031262
vt 0.375 0.958333332
vn -0.705592811 0.705592811 0.0654031262
vt 0.388888896 0.958333332
vn -0.641411364 0.764404297 0.0654031262
vt 0.402777791 0.958333332
vn -0.572348356 0.81739819 0.0654031262
vt 0.416666657 0.958333332
vn -0.498929471 0.864171147 0.0654031262
vt 0.430555552 0.958333332
vn -0.421713412 0.904367328 0.0654031262
vt 0.444444448 0.958333332
vn -0.341287851 0.937680662 0.0654031262
vt 0.458333343 0.958333332
vn -0.258264899 0.96385771 0.0654031262
vt 0.472222209 0.958333332
vn -0.17327638 0.982699215 0.0654031262
vt 0.486111104 0.958333332
vn -0.0869691372 0.994061768 0.0654031262
vt 0.5 0.958333332
vn -1.22202476e-16 0.997858942 0.0654031262
vt 0.513888896 0.958333332
vn 0.0869691372 0.994061768 0.0654031262
vt 0.527777791 0.958333332
vn 0.17327638 0.982699215 0.0654031262
vt 0.541666687 0.958333332
vn 0.258264899 0.96385771 0.0654031262
vt 0.555555582 0.958333332
vn 0.341287851 0.937680662 0.0654031262
vt 0.569444418 0.958333332
vn 0.421713412 0.904367328 0.0654031262
vt 0.583333313 0.958333332
vn 0.498929471 0.864171147 0.0654031262
vt 0.597222209 0.958333332
vn 0.572348356 0.81739819 0.0654031262
vt 0.611111104 0.958333332
vn 0.641411364 0.764404297 0.0654031262
vt 0.625 0.958333332
vn 0.705592811 0.705592811 0.0654031262
vt 0.638888896 0.958333332
vn 0.764404297 0.641411364 0.0654031262
vt 0.652777791 0.958333332
vn 0.81739819 0.572348356 0.0654031262
vt 0.666666687 0.958333332
vn 0.864171147 0.498929471 0.0654031262
vt 0.680555582 0.958333332
vn 0.904367328 0.421713412 0.0654031262
vt 0.694444418 0.958333332
vn 0.937680662 0.341287851 0.0654031262
vt 0.708333313 0.958333332
vn 0.96385771 0.258264899 0.0654031262
vt 0.722222209 0.958333332
vn 0.982699215 0.17327638 0.0654031262
vt 0.736111104 0.958333332
vn 0.994061768 0.0869691372 0.0654031262
vt 0.75 0.958333332
vn 0.997858942 1.83303713e-16 0.0654031262
vt 0.763888896 0.958333332
vn 0.994061768 -0.0869691372 0.0654031262
vt 0.777777791 0.958333332
vn 0.982699215 -0.17327638 0.0654031262
vt 0.791666687 0.958333332
vn 0.96385771 -0.258264899 0.0654031262
vt 0.805555582 0.958333332
vn 0.937680662 -0.341287851 0.0654031262
vt 0.819444418 0.958333332
vn 0.904367328 -0.421713412 0.0654031262
vt 0.833333313 0.958333332
vn 0.864171147 -0.498929471 0.0654031262
vt 0.847222209 0.958333332
vn 0.81739819 -0.572348356 0.0654031262
vt 0.861111104 0.958333332
vn 0.764404297 -0.641411364 0.0654031262
vt 0.875 0.958333332
vn 0.705592811 -0.705592811 0.0654031262
vt 0.888888896 0.958333332
vn 0.641411364 -0.764404297 0.0654031262
vt 0.902777791 0.958333332
vn 0.572348356 -0.81739819 0.0654031262
vt 0.916666687 0.958333332
vn 0.498929471 -0.864171147 0.0654031262
vt 0.930555582 0.958333332
vn 0.421713412 -0.904367328 0.0654031262
vt 0.944444418 0.958333332
vn 0.341287851 -0.937680662 0.0654031262
vt 0.958333313 0.958333332
vn 0.258264899 -0.96385771 0.0654031262
vt 0.972222209 0.958333332
vn 0.17327638 -0.982699215 0.0654031262
vt 0.986111104 0.958333332
vn 0.0869691372 -0.994061768 0.0654031262
vt 1.0 0.958333332
vn 2.44404951e-16 -0.997858942 0.0654031262
vt 0.0 1.0
vn 0.0 -1.0 6.12323426e-17
vt 0.013888889 1.0
vn -0.0871557444 -0.99619472 6.12323426e-17
vt 0.027777778 1.0
vn -0.173648179 -0.98480773 6.12323426e-17
vt 0.0416666679 1.0
vn -0.258819044 -0.965925813 6.12323426e-17
vt 0.055555556 1.0
vn -0.342020154 -0.939692616 6.12323426e-17
vt 0.0694444478 1.0
vn -0.42261827 -0.906307817 6.12323426e-17
vt 0.0833333358 1.0
vn -0.5 -0.866025388 6.12323426e-17
vt 0.0972222239 1.0
vn -0.57357645 -0.819152057 6.12323426e-17
vt 0.111111112 1.0
vn -0.642787635 -0.766044438 6.12323426e-17
vt 0.125 1.0
vn -0.707106769 -0.707106769 6.12323426e-17
vt 0.138888896 1.0
vn -0.766044438 -0.642787635 6.12323426e-17
vt 0.152777776 1.0
vn -0.819152057 -0.57357645 6.12323426e-17
vt 0.166666672 1.0
vn -0.866025388 -0.5 6.12323426e-17
vt 0.180555552 1.0
vn -0.906307817 -0.42261827 6.12323426e-17
vt 0.194444448 1.0
vn -0.939692616 -0.342020154 6.12323426e-17
vt 0.208333328 1.0
vn -0.965925813 -0.258819044 6.12323426e-17
vt 0.222222224 1.0
vn -0.98480773 -0.173648179 6.12323426e-17
vt 0.236111104 1.0
vn -0.99619472 -0.0871557444 6.12323426e-17
vt 0.25 1.0
vn -1.0 -6.12323426e-17 6.12323426e-17
vt 0.263888896 1.0
vn -0.99619472 0.0871557444 6.12323426e-17
vt 0.277777791 1.0
vn -0.98480773 0.173648179 6.12323426e-17
vt 0.291666657 1.0
vn -0.965925813 0.258819044 6.12323426e-17
vt 0.305555552 1.0
vn -0.939692616 0.342020154 6.12323426e-17
vt 0.319444448 1.0
vn -0.906307817 0.42261827 6.12323426e-17
vt 0.333333343 1.0
vn -0.866025388 0.5 6.12323426e-17
vt 0.347222209 1.0
vn -0.819152057 0.57357645 6.12323426e-17
vt 0.361111104 1.0
vn -0.766044438 0.642787635 6.12323426e-17
vt 0.375 1.0
vn -0.707106769 0.707106769 6.12323426e-17
vt 0.388888896 1.0
vn -0.642787635 0.766044438 6.12323426e-17
vt 0.402777791 1.0
vn -0.57357645 0.819152057 6.12323426e-17
vt 0.416666657 1.0
vn -0.5 0.866025388 6.12323426e-17
vt 0.430555552 1.0
vn -0.42261827 0.906307817 6.12323426e-17
vt 0.444444448 1.0
vn -0.342020154 0.939692616 6.12323426e-17
vt 0.458333343 1.0
vn -0.258819044 0.965925813 6.12323426e-17
vt 0.472222209 1.0
vn -0.173648179 0.98480773 6.12323426e-17
vt 0.486111104 1.0
vn -0.0871557444 0.99619472 6.12323426e-17
vt 0.5 1.0
vn -1.22464685e-16 1.0 6.12323426e-17
vt 0.513888896 1.0
vn 0.0871557444 0.99619472 6.12323426e-17
vt 0.527777791 1.0
vn 0.173648179 0.98480773 6.12323426e-17
vt 0.541666687 1.0
vn 0.258819044 0.965925813 6.12323426e-17
vt 0.555555582 1.0
vn 0.342020154 0.939692616 6.12323426e-17
vt 0.569444418 1.0
vn 0.42261827 0.906307817 6.12323426e-17
vt 0.583333313 1.0
vn 0.5 0.866025388 6.12323426e-17
vt 0.597222209 1.0
vn 0.57357645 0.819152057 6.12323426e-17
vt 0.611111104 1.0
vn 0.642787635 0.766044438 6.12323426e-17
vt 0.625 1.0
vn 0.707106769 0.707106769 6.12323426e-17
vt 0.638888896 1.0
vn 0.766044438 0.642787635 6.12323426e-17
vt 0.652777791 1.0
vn 0.819152057 0.57357645 6.12323426e-17
vt 0.666666687 1.0
vn 0.866025388 0.5 6.12323426e-17
vt 0.680555582 1.0
vn 0.906307817 0.42261827 6.12323426e-17
vt 0.694444418 1.0
vn 0.939692616 0.342020154 6.12323426e-17
vt 0.708333313 1.0
vn 0.965925813 0.258819044 6.12323426e-17
vt 0.722222209 1.0
vn 0.98480773 0.173648179 6.12323426e-17
vt 0.736111104 1.0
vn 0.99619472 0.0871557444 6.12323426e-17
vt 0.75 1.0
vn 1.0 1.83697015e-16 6.12323426e-17
vt 0.763888896 1.0
vn 0.99619472 -0.0871557444 6.12323426e-17
vt 0.777777791 1.0
vn 0.98480773 -0.173648179 6.12323426e-17
vt 0.791666687 1.0
vn 0.965925813 -0.258819044 6.12323426e-17
vt 0.805555582 1.0
vn 0.939692616 -0.342020154 6.12323426e-17
vt 0.819444418 1.0
vn 0.906307817 -0.42261827 6.12323426e-17
vt 0.833333313 1.0
vn 0.866025388 -0.5 6.12323426e-17
vt 0.847222209 1.0
vn 0.819152057 -0.57357645 6.12323426e-17
vt 0.861111104 1.0
vn 0.766044438 -0.642787635 6.12323426e-17
vt 0.875 1.0
vn 0.707106769 -0.707106769 6.12323426e-17
vt 0.888888896 1.0
vn 0.642787635 -0.766044438 6.12323426e-17
vt 0.902777791 1.0
vn 0.57357645 -0.819152057 6.12323426e-17
vt 0.916666687 1.0
vn 0.5 -0.866025388 6.12323426e-17
vt 0.930555582 1.0
vn 0.42261827 -0.906307817 6.12323426e-17
vt 0.944444418 1.0
vn 0.342020154 -0.939692616 6.12323426e-17
vt 0.958333313 1.0
vn 0.258819044 -0.965925813 6.12323426e-17
vt 0.972222209 1.0
vn 0.173648179 -0.98480773 6.12323426e-17
vt 0.986111104 1.0
vn 0.0871557444 -0.99619472 6.12323426e-17
vt 1.0 1.0
vn 2.44929371e-16 -1.0 6.12323426e-17
f 1/1/1 75/75/75 74/74/74
f 2/2/2 76/76/76 75/75/75
f 3/3/3 77/77/77 76/76/76
f 4/4/4 78/78/78 77/77/77
f 5/5/5 79/79/79 78/78/78
f 6/6/6 80/80/80 79/79/79
f 7/7/7 81/81/81 80/80/80
f 8/8/8 82/82/82 81/81/81
f 9/9/9 83/83/83 82/82/82
f 10/10/10 84/84/84 83/83/83
f 11/11/11 85/85/85 84/84/84
f 12/12/12 86/86/86 85/85/85
f 13/13/13 87/87/87 86/86/86
f 14/14/14 88/88/88 87/87/87
f 15/15/15 89/89/89 88/88/88
f 16/16/16 90/90/90 89/89/89
f 17/17/17 91/91/91 90/90/90
f 18/18/18 92/92/92 91/91/91
f 19/19/19 93/93/93 92/92/92
f 20/20/20 94/94/94 93/93/93
f 21/21/21 95/95/95 94/94/94
f 22/22/22 96/96/96 95/95/95
f 23/23/23 97/97/97 96/96/96
f 24/24/24 98/98/98 97/97/97
f 25/25/25 99/99/99 98/98/98
f 26/26/26 100/100/100 99/99/99
f 27/27/27 101/101/101 100/100/100
f 28/28/28 102/102/102 101/101/101
f 29/29/29 103/103/103 102/102/102
f 30/30/30 104/104/104 103/103/103
f 31/31/31 105/105/105 104/104/104
f 32/32/32 106/106/106 105/105/105
f 33/33/33 107/107/107 106/106/106
f 34/34/34 108/108/108 107/107/107
f 35/35/35 109/109/109 108/108/108
f 36/36/36 110/110/110 109/109/109
f 37/37/37 111/111/111 110/110/110
f 38/38/38 112/112/112 111/111/111
f 39/39/39 113/113/113 112/112/112
f 40/40/40 114/114/114 113/113/113
f 41/41/41 115/115/115 114/114/114
f 42/42/42 116/116/116 115/115/115
f 43/43/43 117/117/117 116/116/116
f 44/44/44 118/118/118 117/117/117
f 45/45/45 119/119/119 118/118/118
f 46/46/46 120/120/120 119/119/119
f 47/47/47 121/121/121 120/120/120
f 48/48/48 122/122/122 121/121/121
f 49/49/49 123/123/123 122/122/122
f 50/50/50 124/124/124 123/123/123
f 51/51/51 125/125/125 124/124/124
f 52/52/52 126/126/126 125/125/125
f 53/53/53 127/127/127 126/126/126
f 54/54/54 128/128/128 127/127/127
f 55/55/55 129/129/129 128/128/128
f 56/56/56 130/130/130 129/129/129
f 57/57/57 131/131/131 130/130/130
f 58/58/58 132/132/132 131/131/131
f 59/59/59 133/133/133 132/132/132
f 60/60/60 134/134/134 133/133/133
f 61/61/61 135/135/135 134/134/134
f 62/62/62 136/136/136 135/135/135
f 63/63/63 137/137/137 136/136/136
f 64/64/64 138/138/138 137/137/137
f 65/65/65 139/139/139 138/138/138
f 66/66/66 140/140/140 139/139/139
f 67/67/67 141/141/141 140/140/140
f 68/68/68 142/142/142 141/141/141
f 69/69/69 143/143/143 142/142/142
f 70/70/70 144/144/144 143/143/143
f 71/71/71 145/145/145 144/144/144
f 72/72/72 146/146/146 145/145/145
f 75/75/75 148/148/148 74/74/74
f 74/74/74 148/148/148 147/147/147
f 76/76/76 149/149/149 75/75/75
f 75/75/75 149/149/149 148/148/148
f 77/77/77 150/150/150 76/76/76
f 76/76/76 150/150/150 149/149/149
f 78/78/78 151/151/151 77/77/77
f 77/77/77 151/151/151 150/150/150
f 79/79/79 152/152/152 78/78/78
f 78/78/78 152/152/152 151/151/151
f 80/80/80 153/153/153 79/79/79
f 79/79/79 153/153/153 152/152/152
f 81/81/81 154/154/154 80/80/80
f 80/80/80 154/154/154 153/153/153
f 82/82/82 155/155/155 81/81/81
f 81/81/81 155/155/155 154/154/154
f 83/83/83 156/156/156 82/82/82
f 82/82/82 156/156/156 155/155/155
f 84/84/84 157/157/157 83/83/83
f 83/83/83 157/157/157 156/156/156
f 85/85/85 158/158/158 84/84/84
f 84/84/84 158/158/158 157/157/157
f 86/86/86 159/159/159 85/85/85
f 85/85/85 159/159/159 158/158/158
f 87/87/87 160/160/160 86/86/86
f 86/86/86 160/160/160 159/159/159
f 88/88/88 161/161/161 87/87/87
f 87/87/87 161/161/161 160/160/160
f 89/89/89 162/162/162 88/88/88
f 88/88/88 162/162/162 161/161/161
f 90/90/90 163/163/163 89/89/89
f 89/89/89 163/163/163 162/162/162
f 91/91/91 164/164/164 90/90/90
f 90/90/90 164/164/164 163/163/163
f 92/92/92 165/165/165 91/91/91
f 91/91/91 165/165/165 164/164/164
f 93/93/93 166/166/166 92/92/92
f 92/92/92 166/166/166 165/165/165
f 94/94/94 167/167/167 93/93/93
f 93/93/93 167/167/167 166/166/166
f 95/95/95 168/168/168 94/94/94
f 94/94/94 168/168/168 167/167/167
f 96/96/96 169/169/169 95/95/95
f 95/95/95 169/169/169 168/168/168
f 97/97/97 170/170/170 96/96/96
f 96/96/96 170/170/170 169/169/169
f 98/98/98 171/171/171 97/97/97
f 97/97/97 171/171/171 170/170/170
f 99/99/99 172/172/172 98/98/98
f 98/98/98 172/172/172 171/171/171
f 100/100/100 173/173/173 99/99/99
f 99/99/99 173/173/173 172/172/172
f 101/101/101 174/174/174 100/100/100
f 100/100/100 174/174/174 173/173/173
f 102/102/102 175/175/175 101/101/101
f 101/101/101 175/175/175 174/174/174
f 103/103/103 176/176/176 102/102/102
f 102/102/102 176/176/176 175/175/175
f 104/104/104 177/177/177 103/103/103
f 103/103/103 177/177/177 176/176/176
f 105/105/105 178/178/178 104/104/104
f 104/104/104 178/178/178 177/177/177
f 106/106/106 179/179/179 105/105/105
f 105/105/105 179/179/179 178/178/178
f 107/107/107 180/180/180 106/106/106
f 106/106/106 180/180/180 179/179/179
f 108/108/108 181/181/181 107/107/107
f 107/107/107 181/181/181 180/180/180
f 109/109/109 182/182/182 108/108/108
f 108/108/108 182/182/182 181/181/181
f 110/110/110 183/183/183 109/109/109
f 109/109/109 183/183/183 182/182/182
f 111/111/111 184/184/184 110/110/110
f 110/110/110 184/184/184 183/183/183
f 112/112/112 185/185/185 111/111/111
f 111/111/111 185/185/185 184/184/184
f 113/113/113 186/186/186 112/112/112
f 112/112/112 186/186/186 185/185/185
f 114/114/114 187/187/187 113/113/113
f 113/113/113 187/187/187 186/186/186
f 115/115/115 188/188/188 114/114/114
f 114/114/114 188/188/188 187/187/187
f 116/116/116 189/189/189 115/115/115
f 115/115/115 189/189/189 188/188/188
f 117/117/117 190/190/190 116/116/116
f 116/116/116 190/190/190 189/189/189
f 118/118/118 191/191/191 117/117/117
f 117/117/117 191/191/191 190/190/190
f 119/119/119 192/192/192 118/118/118
f 118/118/118 192/192/192 191/191/191
f 120/120/120 193/193/193 119/119/119
f 119/119/119 193/193/193 192/192/192
f 121/121/121 194/194/194 120/120/120
f 120/120/120 194/194/194 193/193/193
f 122/122/122 195/195/195 121/121/121
f 121/121/121 195/195/195 194/194/194
f 123/123/123 196/196/196 122/122/122
f 122/122/122 196/196/196 195/195/195
f 124/124/124 197/197/197 123/123/123
f 123/123/123 197/197/197 196/196/196
f 125/125/125 198/198/198 124/124/124
f 124/124/124 198/198/198 197/197/197
f 126/126/126 199/199/199 125/125/125
f 125/125/125 199/199/199 198/198/198
f 127/127/127 200/200/200 126/126/126
f 126/126/126 200/200/200 199/199/199
f 128/128/128 201/201/201 127/127/127
f 127/127/127 201/201/201 200/200/200
f 129/129/129 202/202/202 128/128/128
f 128/128/128 202/202/202 201/201/201
f 130/130/130 203/203/203 129/129/129
f 129/129/129 203/203/203 202/202/202
f 131/131/131 204/204/204 130/130/130
f 130/130/130 204/204/204 203/203/203
f 132/132/132 205/205/205 131/131/131
f 131/131/131 205/205/205 204/204/204
f 133/133/133 206/206/206 132/132/132
f 132/132/132 206/206/206 205/205/205
f 134/134/134 207/207/207 133/133/133
f 133/133/133 207/207/207 206/206/206
f 135/135/135 208/208/208 134/134/134
f 134/134/134 208/208/208 207/207/207
f 136/136/136 209/209/209 135/135/135
f 135/135/135 209/209/209 208/208/208
f 137/137/137 210/210/210 136/136/136
f 136/136/136 210/210/210 209/209/209
f 138/138/138 211/211/211 137/137/137
f 137/137/137 211/211/211 210/210/210
f 139/139/139 212/212/212 138/138/138
f 138/138/138 212/212/212 211/211/211
f 140/140/140 213/213/213 139/139/139
f 139/139/139 213/213/213 212/212/212
f 141/141/141 214/214/214 140/140/140
f 140/140/140 214/214/214 213/213/213
f 142/142/142 215/215/215 141/141/141
f 141/141/141 215/215/215 214/214/214
f 143/143/143 216/216/216 142/142/142
f 142/142/142 216/216/216 215/215/215
f 144/144/144 217/217/217 143/143/143
f 143/143/143 217/217/217 216/216/216
f 145/145/145 218/218/218 144/144/144
f 144/144/144 218/218/218 217/217/217
f 146/146/146 219/219/219 145/145/145
f 145/145/145 219/219/219 218/218/218
f 148/148/148 221/221/221 147/147/147
f 147/147/147 221/221/221 220/220/220
f 149/149/149 222/222/222 148/148/148
f 148/148/148 222/222/222 221/221/221
f 150/150/150 223/223/223 149/149/149
f 149/149/149 223/223/223 222/222/222
f 151/151/151 224/224/224 150/150/150
f 150/150/150 224/224/224 223/223/223
f 152/152/152 225/225/225 151/151/151
f 151/151/151 225/225/225 224/224/224
f 153/153/153 226/226/226 152/152/152
f 152/152/152 226/226/226 225/225/225
f 154/154/154 227/227/227 153/153/153
f 153/153/153 227/227/227 226/226/226
f 155/155/155 228/228/228 154/154/154
f 154/154/154 228/228/228 227/227/227
f 156/156/156 229/229/229 155/155/155
f 155/155/155 229/229/229 228/228/228
f 157/157/157 230/230/230 156/156/156
f 156/156/156 230/230/230 229/229/229
f 158/158/158 231/231/231 157/157/157
f 157/157/157 231/231/231 230/230/230
f 159/159/159 232/232/232 158/158/158
f 158/158/158 232/232/232 231/231/231
f 160/160/160 233/233/233 159/159/159
f 159/159/159 233/233/233 232/232/232
f 161/161/161 234/234/234 160/160/160
f 160/160/160 234/234/234 233/233/233
f 162/162/162 235/235/235 161/161/161
f 161/161/161 235/235/235 234/234/234
f 163/163/163 236/236/236 162/162/162
f 162/162/162 236/236/236 235/235/235
f 164/164/164 237/237/237 163/163/163
f 163/163/163 237/237/237 236/236/236
f 165/165/165 238/238/238 164/164/164
f 164/164/164 238/238/238 237/237/237
f 166/166/166 239/239/239 165/165/165
f 165/165/165 239/239/239 238/238/238
f 167/167/167 240/240/240 166/166/166
f 166/166/166 240/240/240 239/239/239
f 168/168/168 241/241/241 167/167/167
f 167/167/167 241/241/241 240/240/240
f 169/169/169 242/242/242 168/168/168
f 168/168/168 242/242/242 241/241/241
f 170/170/170 243/243/243 169/169/169
f 169/169/169 243/243/243 242/242/242
f 171/171/171 244/244/244 170/170/170
f 170/170/170 244/244/244 243/243/243
f 172/172/172 245/245/245 171/171/171
f 171/171/171 245/245/245 244/244/244
f 173/173/173 246/246/246 172/172/172
f 172/172/172 246/246/246 245/245/245
f 174/174/174 247/247/247 173/173/173
f 173/173/173 247/247/247 246/246/246
f 175/175/175 248/248/248 174/174/174
f 174/174/174 248/248/248 247/247/247
f 176/176/176 249/249/249 175/175/175
f 175/175/175 249/249/249 248/248/248
f 177/177/177 250/250/250 176/176/176
f 176/176/176 250/250/250 249/249/249
f 178/178/178 251/251/251 177/177/177
f 177/177/177 251/251/251 250/250/250
f 179/179/179 252/252/252 178/178/178
f 178/178/178 252/252/252 251/251/251
f 180/180/180 253/253/253 179/179/179
f 179/179/179 253/253/253 252/252/252
f 181/181/181 254/254/254 180/180/180
f 180/180/180 254/254/254 253/253/253
f 182/182/182 255/255/255 181/181/181
f 181/181/181 255/255/255 254/254/254
f 183/183/183 256/256/256 182/182/182
f 182/182/182 256/256/256 255/255/255
f 184/184/184 257/257/257 183/183/183
f 183/183/183 257/257/257 256/256/256
f 185/185/185 258/258/258 184/184/184
f 184/184/184 258/258/258 257/257/257
f 186/186/186 259/259/259 185/185/185
f 185/185/185 259/259/259 258/258/258
f 187/187/187 260/260/260 186/186/186
f 186/186/186 260/260/260 259/259/259
f 188/188/188 261/261/261 187/187/187
f 187/187/187 261/261/261 260/260/260
f 189/189/189 262/262/262 188/188/188
f 188/188/188 262/262/262 261/261/261
f 190/190/190 263/263/263 189/189/189
f 189/189/189 263/263/263 262/262/262
f 191/191/191 264/264/264 190/190/190
f 190/190/190 264/264/264 263/263/263
f 192/192/192 265/265/265 191/191/191
f 191/191/191 265/265/265 264/264/264
f 193/193/193 266/266/266 192/192/192
f 192/192/192 266/266/266 265/265/265
f 194/194/194 267/267/267 193/193/193
f 193/193/193 267/267/267 266/266/266
f 195/195/195 268/268/268 194/194/194
f 194/194/194 268/268/268 267/267/267
f 196/196/196 269/269/269 195/195/195
f 195/195/195 269/269/269 268/268/268
f 197/197/197 270/270/270 196/196/196
f 196/196/196 270/270/270 269/269/269
f 198/198/198 271/271/271 197/197/197
f 197/197/197 271/271/271 270/270/270
f 199/199/199 272/272/272 198/198/198
f 198/198/198 272/272/272 271/271/271
f 200/200/200 273/273/273 199/199/199
f 199/199/199 273/273/273 272/272/272
f 201/201/201 274/274/274 200/200/200
f 200/200/200 274/274/274 273/273/273
f 202/202/202 275/275/275 201/201/201
f 201/201/201 275/275/275 274/274/274
f 203/203/203 276/276/276 202/202/202
f 202/202/202 276/276/276 275/275/275
f 204/204/204 277/277/277 203/203/203
f 203/203/203 277/277/277 276/276/276
f 205/205/205 278/278/278 204/204/204
f 204/204/204 278/278/278 277/277/277
f 206/206/206 279/279/279 205/205/205
f 205/205/205 279/279/279 278/278/278
f 207/207/207 280/280/280 206/206/206
f 206/206/206 280/280/280 279/279/279
f 208/208/208 281/281/281 207/207/207
f 207/207/207 281/281/281 280/280/280
f 209/209/209 282/282/282 208/208/208
f 208/208/208 282/282/282 281/281/281
f 210/210/210 283/283/283 209/209/209
f 209/209/209 283/283/283 282/282/282
f 211/211/211 284/284/284 210/210/210
f 210/210/210 284/284/284 283/283/283
f 212/212/212 285/285/285 211/211/211
f 211/211/211 285/285/285 284/284/284
f 213/213/213 286/286/286 212/212/212
f 212/212/212 286/286/286 285/285/285
f 214/214/214 287/287/287 213/213/213
f 213/213/213 287/287/287 286/286/286
f 215/215/215 288/288/288 214/214/214
f 214/214/214 288/288/288 287/287/287
f 216/216/216 289/289/289 215/215/215
f 215/215/215 289/289/289 288/288/288
f 217/217/217 290/290/290 216/216/216
f 216/216/216 290/290/290 289/289/289
f 218/218/218 291/291/291 217/217/217
f 217/217/217 291/291/291 290/290/290
f 219/219/219 292/292/292 218/218/218
f 218/218/218 292/292/292 291/291/291
f 221/221/221 294/294/294 220/220/220
f 220/220/220 294/294/294 293/293/293
f 222/222/222 295/295/295 221/221/221
f 221/221/221 295/295/295 294/294/294
f 223/223/223 296/296/296 222/222/222
f 222/222/222 296/296/296 295/295/295
f 224/224/224 297/297/297 223/223/223
f 223/223/223 297/297/297 296/296/296
f 225/225/225 298/298/298 224/224/224
f 224/224/224 298/298/298 297/297/297
f 226/226/226 299/299/299 225/225/225
f 225/225/225 299/299/299 298/298/298
f 227/227/227 300/300/300 226/226/226
f 226/226/226 300/300/300 299/299/299
f 228/228/228 301/301/301 227/227/227
f 227/227/227 301/301/301 300/300/300
f 229/229/229 302/302/302 228/228/228
f 228/228/228 302/302/302 301/301/301
f 230/230/230 303/303/303 229/229/229
f 229/229/229 303/303/303 302/302/302
f 231/231/231 304/304/304 230/230/230
f 230/230/230 304/304/304 303/303/303
f 232/232/232 305/305/305 231/231/231
f 231/231/231 305/305/305 304/304/304
f 233/233/233 306/306/306 232/232/232
f 232/232/232 306/306/306 305/305/305
f 234/234/234 307/307/307 233/233/233
f 233/233/233 307/307/307 306/306/306
f 235/235/235 308/308/308 234/234/234
f 234/234/234 308/308/308 307/307/307
f 236/236/236 309/309/309 235/235/235
f 235/235/235 309/309/309 308/308/308
f 237/237/237 310/310/310 236/236/236
f 236/236/236 310/310/310 309/309/309
f 238/238/238 311/311/311 237/237/237
f 237/237/237 311/311/311 310/310/310
f 239/239/239 312/312/312 238/238/238
f 238/238/238 312/312/312 311/311/311
f 240/240/240 313/313/313 239/239/239
f 239/239/239 313/313/313 312/312/312
f 241/241/241 314/314/314 240/240/240
f 240/240/240 314/314/314 313/313/313
f 242/242/242 315/315/315 241/241/241
f 241/241/241 315/315/315 314/314/314
f 243/243/243 316/316/316 242/242/242
f 242/242/242 316/316/316 315/315/315
f 244/244/244 317/317/317 243/243/243
f 243/243/243 317/317/317 316/316/316
f 245/245/245 318/318/318 244/244/244
f 244/244/244 318/318/318 317/317/317
f 246/246/246 319/319/319 245/245/245
f 245/245/245 319/319/319 318/318/318
f 247/247/247 320/320/320 246/246/246
f 246/246/246 320/320/320 319/319/319
f 248/248/248 321/321/321 247/247/247
f 247/247/247 321/321/321 320/320/320
f 249/249/249 322/322/322 248/248/248
f 248/248/248 322/322/322 321/321/321
f 250/250/250 323/323/323 249/249/249
f 249/249/249 323/323/323 322/322/322
f 251/251/251 324/324/324 250/250/250
f 250/250/250 324/324/324 323/323/323
f 252/252/252 325/325/325 251/251/251
f 251/251/251 325/325/325 324/324/324
f 253/253/253 326/326/326 252/252/252
f 252/252/252 326/326/326 325/325/325
f 254/254/254 327/327/327 253/253/253
f 253/253/253 327/327/327 326/326/326
f 255/255/255 328/328/328 254/254/254
f 254/254/254 328/328/328 327/327/327
f 256/256/256 329/329/329 255/255/255
f 255/255/255 329/329/329 328/328/328
f 257/257/257 330/330/330 256/256/256
f 256/256/256 330/330/330 329/329/329
f 258/258/258 331/331/331 257/257/257
f 257/257/257 331/331/331 330/330/330
f 259/259/259 332/332/332 258/258/258
f 258/258/258 332/332/332 331/331/331
f 260/260/260 333/333/333 259/259/259
f 259/259/259 333/333/333 332/332/332
f 261/261/261 334/334/334 260/260/260
f 260/260/260 334/334/334 333/333/333
f 262/262/262 335/335/335 261/261/261
f 261/261/261 335/335/335 334/334/334
f 263/263/263 336/336/336 262/262/262
f 262/262/262 336/336/336 335/335/335
f 264/264/264 337/337/337 263/263/263
f 263/263/263 337/337/337 336/336/336
f 265/265/265 338/338/338 264/264/264
f 264/264/264 338/338/338 337/337/337
f 266/266/266 339/339/339 265/265/265
f 265/265/265 339/339/339 338/338/338
f 267/267/267 340/340/340 266/266/266
f 266/266/266 340/340/340 339/339/339
f 268/268/268 341/341/341 267/267/267
f 267/267/267 341/341/341 340/340/340
f 269/269/269 342/342/342 268/268/268
f 268/268/268 342/342/342 341/341/341
f 270/270/270 343/343/343 269/269/269
f 269/269/269 343/343/343 342/342/342
f 271/271/271 344/344/344 270/270/270
f 270/270/270 344/344/344 343/343/343
f 272/272/272 345/345/345 271/271/271
f 271/271/271 345/345/345 344/344/344
f 273/273/273 346/346/346 272/272/272
f 272/272/272 346/346/346 345/345/345
f 274/274/274 347/347/347 273/273/273
f 273/273/273 347/347/347 346/346/346
f 275/275/275 348/348/348 274/274/274
f 274/274/274 348/348/348 347/347/347
f 276/276/276 349/349/349 275/275/275
f 275/275/275 349/349/349 348/348/348
f 277/277/277 350/350/350 276/276/276
f 276/276/276 350/350/350 349/349/349
f 278/278/278 351/351/351 277/277/277
f 277/277/277 351/351/351 350/350/350
f 279/279/279 352/352/352 278/278/278
f 278/278/278 352/352/352 351/351/351
f 280/280/280 353/353/353 279/279/279
f 279/279/279 353/353/353 352/352/352
f 281/281/281 354/354/354 280/280/280
f 280/280/280 354/354/354 353/353/353
f 282/282/282 355/355/355 281/281/281
f 281/281/281 355/355/355 354/354/354
f 283/283/283 356/356/356 282/282/282
f 282/282/282 356/356/356 355/355/355
f 284/284/284 357/357/357 283/283/283
f 283/283/283 357/357/357 356/356/356
f 285/285/285 358/358/358 284/284/284
f 284/284/284 358/358/358 357/357/357
f 286/286/286 359/359/359 285/285/285
f 285/285/285 359/359/359 358/358/358
f 287/287/287 360/360/360 286/286/286
f 286/286/286 360/360/360 359/359/359
f 288/288/288 361/361/361 287/287/287
f 287/287/287 361/361/361 360/360/360
f 289/289/289 362/362/362 288/288/288
f 288/288/288 362/362/362 361/361/361
f 290/290/290 363/363/363 289/289/289
f 289/289/289 363/363/363 362/362/362
f 291/291/291 364/364/364 290/290/290
f 290/290/290 364/364/364 363/363/363
f 292/292/292 365/365/365 291/291/291
f 291/291/291 365/365/365 364/364/364
f 294/294/294 367/367/367 293/293/293
f 293/293/293 367/367/367 366/366/366
f 295/295/295 368/368/368 294/294/294
f 294/294/294 368/368/368 367/367/367
f 296/296/296 369/369/369 295/295/295
f 295/295/295 369/369/369 368/368/368
f 297/297/297 370/370/370 296/296/296
f 296/296/296 370/370/370 369/369/369
f 298/298/298 371/371/371 297/297/297
f 297/297/297 371/371/371 370/370/370
f 299/299/299 372/372/372 298/298/298
f 298/298/298 372/372/372 371/371/371
f 300/300/300 373/373/373 299/299/299
f 299/299/299 373/373/373 372/372/372
f 301/301/301 374/374/374 300/300/300
f 300/300/300 374/374/374 373/373/373
f 302/302/302 375/375/375 301/301/301
f 301/301/301 375/375/375 374/374/374
f 303/303/303 376/376/376 302/302/302
f 302/302/302 376/376/376 375/375/375
f 304/304/304 377/377/377 303/303/303
f 303/303/303 377/377/377 376/376/376
f 305/305/305 378/378/378 304/304/304
f 304/304/304 378/378/378 377/377/377
f 306/306/306 379/379/379 305/305/305
f 305/305/305 379/379/379 378/378/378
f 307/307/307 380/380/380 306/306/306
f 306/306/306 380/380/380 379/379/379
f 308/308/308 381/381/381 307/307/307
f 307/307/307 381/381/381 380/380/380
f 309/309/309 382/382/382 308/308/308
f 308/308/308 382/382/382 381/381/381
f 310/310/310 383/383/383 309/309/309
f 309/309/309 383/383/383 382/382/382
f 311/311/311 384/384/384 310/310/310
f 310/310/310 384/384/384 383/383/383
f 312/312/312 385/385/385 311/311/311
f 311/311/311 385/385/385 384/384/384
f 313/313/313 386/386/386 312/312/312
f 312/312/312 386/386/386 385/385/385
f 314/314/314 387/387/387 313/313/313
f 313/313/313 387/387/387 386/386/386
f 315/315/315 388/388/388 314/314/314
f 314/314/314 388/388/388 387/387/387
f 316/316/316 389/389/389 315/315/315
f 315/315/315 389/389/389 388/388/388
f 317/317/317 390/390/390 316/316/316
f 316/316/316 390/390/390 389/389/389
f 318/318/318 391/391/391 317/317/317
f 317/317/317 391/391/391 390/390/390
f 319/319/319 392/392/392 318/318/318
f 318/318/318 392/392/392 391/391/391
f 320/320/320 393/393/393 319/319/319
f 319/319/319 393/393/393 392/392/392
f 321/321/321 394/394/394 320/320/320
f 320/320/320 394/394/394 393/393/393
f 322/322/322 395/395/395 321/321/321
f 321/321/321 395/395/395 394/394/394
f 323/323/323 396/396/396 322/322/322
f 322/322/322 396/396/396 395/395/395
f 324/324/324 397/397/397 323/323/323
f 323/323/323 397/397/397 396/396/396
f 325/325/325 398/398/398 324/324/324
f 324/324/324 398/398/398 397/397/397
f 326/326/326 399/399/399 325/325/325
f 325/325/325 399/399/399 398/398/398
f 327/327/327 400/400/400 326/326/326
f 326/326/326 400/400/400 399/399/399
f 328/328/328 401/401/401 327/327/327
f 327/327/327 401/401/401 400/400/400
f 329/329/329 402/402/402 328/328/328
f 328/328/328 402/402/402 401/401/401
f 330/330/330 403/403/403 329/329/329
f 329/329/329 403/403/403 402/402/402
f 331/331/331 404/404/404 330/330/330
f 330/330/330 404/404/404 403/403/403
f 332/332/332 405/405/405 331/331/331
f 331/331/331 405/405/405 404/404/404
f 333/333/333 406/406/406 332/332/332
f 332/332/332 406/406/406 405/405/405
f 334/334/334 407/407/407 333/333/333
f 333/333/333 407/407/407 406/406/406
f 335/335/335 408/408/408 334/334/334
f 334/334/334 408/408/408 407/407/407
f 336/336/336 409/409/409 335/335/335
f 335/335/335 409/409/409 408/408/408
f 337/337/337 410/410/410 336/336/336
f 336/336/336 410/410/410 409/409/409
f 338/338/338 411/411/411 337/337/337
f 337/337/337 411/411/411 410/410/410
f 339/339/339 412/412/412 338/338/338
f 338/338/338 412/412/412 411/411/411
f 340/340/340 413/413/413 339/339/339
f 339/339/339 413/413/413 412/412/412
f 341/341/341 414/414/414 340/340/340
f 340/340/340 414/414/414 413/413/413
f 342/342/342 415/415/415 341/341/341
f 341/341/341 415/415/415 414/414/414
f 343/343/343 416/416/416 342/342/342
f 342/342/342 416/416/416 415/415/415
f 344/344/344 417/417/417 343/343/343
f 343/343/343 417/417/417 416/416/416
f 345/345/345 418/418/418 344/344/344
f 344/344/344 418/418/418 417/417/417
f 346/346/346 419/419/419 345/345/345
f 345/345/345 419/419/419 418/418/418
f 347/347/347 420/420/420 346/346/346
f 346/346/346 420/420/420 419/419/419
f 348/348/348 421/421/421 347/347/347
f 347/347/347 421/421/421 420/420/420
f 349/349/349 422/422/422 348/348/348
f 348/348/348 422/422/422 421/421/421
f 350/350/350 423/423/423 349/349/349
f 349/349/349 423/423/423 422/422/422
f 351/351/351 424/424/424 350/350/350
f 350/350/350 424/424/424 423/423/423
f 352/352/352 425/425/425 351/351/351
f 351/351/351 425/425/425 424/424/424
f 353/353/353 426/426/426 352/352/352
f 352/352/352 426/426/426 425/425/425
f 354/354/354 427/427/427 353/353/353
f 353/353/353 427/427/427 426/426/426
f 355/355/355 428/428/428 354/354/354
f 354/354/354 428/428/428 427/427/427
f 356/356/356 429/429/429 355/355/355
f 355/355/355 429/429/429 428/428/428
f 357/357/357 430/430/430 356/356/356
f 356/356/356 430/430/430 429/429/429
f 358/358/358 431/431/431 357/357/357
f 357/357/357 431/431/431 430/430/430
f 359/359/359 432/432/432 358/358/358
f 358/358/358 432/432/432 431/431/431
f 360/360/360 433/433/433 359/359/359
f 359/359/359 433/433/433 432/432/432
f 361/361/361 434/434/434 360/360/360
f 360/360/360 434/434/434 433/433/433
f 362/362/362 435/435/435 361/361/361
f 361/361/361 435/435/435 434/434/434
f 363/363/363 436/436/436 362/362/362
f 362/362/362 436/436/436 435/435/435
f 364/364/364 437/437/437 363/363/363
f 363/363/363 437/437/437 436/436/436
f 365/365/365 438/438/438 364/364/364
f 364/364/364 438/438/438 437/437/437
f 367/367/367 440/440/440 366/366/366
f 366/366/366 440/440/440 439/439/439
f 368/368/368 441/441/441 367/367/367
f 367/367/367 441/441/441 440/440/440
f 369/369/369 442/442/442 368/368/368
f 368/368/368 442/442/442 441/441/441
f 370/370/370 443/443/443 369/369/369
f 369/369/369 443/443/443 442/442/442
f 371/371/371 444/444/444 370/370/370
f 370/370/370 444/444/444 443/443/443
f 372/372/372 445/445/445 371/371/371
f 371/371/371 445/445/445 444/444/444
f 373/373/373 446/446/446 372/372/372
f 372/372/372 446/446/446 445/445/445
f 374/374/374 447/447/447 373/373/373
f 373/373/373 447/447/447 446/446/446
f 375/375/375 448/448/448 374/374/374
f 374/374/374 448/448/448 447/447/447
f 376/376/376 449/449/449 375/375/375
f 375/375/375 449/449/449 448/448/448
f 377/377/377 450/450/450 376/376/376
f 376/376/376 450/450/450 449/449/449
f 378/378/378 451/451/451 377/377/377
f 377/377/377 451/451/451 450/450/450
f 379/379/379 452/452/452 378/378/378
f 378/378/378 452/452/452 451/451/451
f 380/380/380 453/453/453 379/379/379
f 379/379/379 453/453/453 452/452/452
f 381/381/381 454/454/454 380/380/380
f 380/380/380 454/454/454 453/453/453
f 382/382/382 455/455/455 381/381/381
f 381/381/381 455/455/455 454/454/454
f 383/383/383 456/456/456 382/382/382
f 382/382/382 456/456/456 455/455/455
f 384/384/384 457/457/457 383/383/383
f 383/383/383 457/457/457 456/456/456
f 385/385/385 458/458/458 384/384/384
f 384/384/384 458/458/458 457/457/457
f 386/386/386 459/459/459 385/385/385
f 385/385/385 459/459/459 458/458/458
f 387/387/387 460/460/460 386/386/386
f 386/386/386 460/460/460 459/459/459
f 388/388/388 461/461/461 387/387/387
f 387/387/387 461/461/461 460/460/460
f 389/389/389 462/462/462 388/388/388
f 388/388/388 462/462/462 461/461/461
f 390/390/390 463/463/463 389/389/389
f 389/389/389 463/463/463 462/462/462
f 391/391/391 464/464/464 390/390/390
f 390/390/390 464/464/464 463/463/463
f 392/392/392 465/465/465 391/391/391
f 391/391/391 465/465/465 464/464/464
f 393/393/393 466/466/466 392/392/392
f 392/392/392 466/466/466 465/465/465
f 394/394/394 467/467/467 393/393/393
f 393/393/393 467/467/467 466/466/466
f 395/395/395 468/468/468 394/394/394
f 394/394/394 468/468/468 467/467/467
f 396/396/396 469/469/469 395/395/395
f 395/395/395 469/469/469 468/468/468
f 397/397/397 470/470/470 396/396/396
f 396/396/396 470/470/470 469/469/469
f 398/398/398 471/471/471 397/397/397
f 397/397/397 471/471/471 470/470/470
f 399/399/399 472/472/472 398/398/398
f 398/398/398 472/472/472 471/471/471
f 400/400/400 473/473/473 399/399/399
f 399/399/399 473/473/473 472/472/472
f 401/401/401 474/474/474 400/400/400
f 400/400/400 474/474/474 473/473/473
f 402/402/402 475/475/475 401/401/401
f 401/401/401 475/475/475 474/474/474
f 403/403/403 476/476/476 402/402/402
f 402/402/402 476/476/476 475/475/475
f 404/404/404 477/477/477 403/403/403
f 403/403/403 477/477/477 476/476/476
f 405/405/405 478/478/478 404/404/404
f 404/404/404 478/478/478 477/477/477
f 406/406/406 479/479/479 405/405/405
f 405/405/405 479/479/479 478/478/478
f 407/407/407 480/480/480 406/406/406
f 406/406/406 480/480/480 479/479/479
f 408/408/408 481/481/481 407/407/407
f 407/407/407 481/481/481 480/480/480
f 409/409/409 482/482/482 408/408/408
f 408/408/408 482/482/482 481/481/481
f 410/410/410 483/483/483 409/409/409
f 409/409/409 483/483/483 482/482/482
f 411/411/411 484/484/484 410/410/410
f 410/410/410 484/484/484 483/483/483
f 412/412/412 485/485/485 411/411/411
f 411/411/411 485/485/485 484/484/484
f 413/413/413 486/486/486 412/412/412
f 412/412/412 486/486/486 485/485/485
f 414/414/414 487/487/487 413/413/413
f 413/413/413 487/487/487 486/486/486
f 415/415/415 488/488/488 414/414/414
f 414/414/414 488/488/488 487/487/487
f 416/416/416 489/489/489 415/415/415
f 415/415/415 489/489/489 488/488/488
f 417/417/417 490/490/490 416/416/416
f 416/416/416 490/490/490 489/489/489
f 418/418/418 491/491/491 417/417/417
f 417/417/417 491/491/491 490/490/490
f 419/419/419 492/492/492 418/418/418
f 418/418/418 492/492/492 491/491/491
f 420/420/420 493/493/493 419/419/419
f 419/419/419 493/493/493 492/492/492
f 421/421/421 494/494/494 420/420/420
f 420/420/420 494/494/494 493/493/493
f 422/422/422 495/495/495 421/421/421
f 421/421/421 495/495/495 494/494/494
f 423/423/423 496/496/496 422/422/422
f 422/422/422 496/496/496 495/495/495
f 424/424/424 497/497/497 423/423/423
f 423/423/423 497/497/497 496/496/496
f 425/425/425 498/498/498 424/424/424
f 424/424/424 498/498/498 497/497/497
f 426/426/426 499/499/499 425/425/425
f 425/425/425 499/499/499 498/498/498
f 427/427/427 500/500/500 426/426/426
f 426/426/426 500/500/500 499/499/499
f 428/428/428 501/501/501 427/427/427
f 427/427/427 501/501/501 500/500/500
f 429/429/429 502/502/502 428/428/428
f 428/428/428 502/502/502 501/501/501
f 430/430/430 503/503/503 429/429/429
f 429/429/429 503/503/503 502/502/502
f 431/431/431 504/504/504 430/430/430
f 430/430/430 504/504/504 503/503/503
f 432/432/432 505/505/505 431/431/431
f 431/431/431 505/505/505 504/504/504
f 433/433/433 506/506/506 432/432/432
f 432/432/432 506/506/506 505/505/505
f 434/434/434 507/507/507 433/433/433
f 433/433/433 507/507/507 506/506/506
f 435/435/435 508/508/508 434/434/434
f 434/434/434 508/508/508 507/507/507
f 436/436/436 509/509/509 435/435/435
f 435/435/435 509/509/509 508/508/508
f 437/437/437 510/510/510 436/436/436
f 436/436/436 510/510/510 509/509/509
f 438/438/438 511/511/511 437/437/437
f 437/437/437 511/511/511 510/510/510
f 440/440/440 513/513/513 439/439/439
f 439/439/439 513/513/513 512/512/512
f 441/441/441 514/514/514 440/440/440
f 440/440/440 514/514/514 513/513/513
f 442/442/442 515/515/515 441/441/441
f 441/441/441 515/515/515 514/514/514
f 443/443/443 516/516/516 442/442/442
f 442/442/442 516/516/516 515/515/515
f 444/444/444 517/517/517 443/443/443
f 443/443/443 517/517/517 516/516/516
f 445/445/445 518/518/518 444/444/444
f 444/444/444 518/518/518 517/517/517
f 446/446/446 519/519/519 445/445/445
f 445/445/445 519/519/519 518/518/518
f 447/447/447 520/520/520 446/446/446
f 446/446/446 520/520/520 519/519/519
f 448/448/448 521/521/521 447/447/447
f 447/447/447 521/521/521 520/520/520
f 449/449/449 522/522/522 448/448/448
f 448/448/448 522/522/522 521/521/521
f 450/450/450 523/523/523 449/449/449
f 449/449/449 523/523/523 522/522/522
f 451/451/451 524/524/524 450/450/450
f 450/450/450 524/524/524 523/523/523
f 452/452/452 525/525/525 451/451/451
f 451/451/451 525/525/525 524/524/524
f 453/453/453 526/526/526 452/452/452
f 452/452/452 526/526/526 525/525/525
f 454/454/454 527/527/527 453/453/453
f 453/453/453 527/527/527 526/526/526
f 455/455/455 528/528/528 454/454/454
f 454/454/454 528/528/528 527/527/527
f 456/456/456 529/529/529 455/455/455
f 455/455/455 529/529/529 528/528/528
f 457/457/457 530/530/530 456/456/456
f 456/456/456 530/530/530 529/529/529
f 458/458/458 531/531/531 457/457/457
f 457/457/457 531/531/531 530/530/530
f 459/459/459 532/532/532 458/458/458
f 458/458/458 532/532/532 531/531/531
f 460/460/460 533/533/533 459/459/459
f 459/459/459 533/533/533 532/532/532
f 461/461/461 534/534/534 460/460/460
f 460/460/460 534/534/534 533/533/533
f 462/462/462 535/535/535 461/461/461
f 461/461/461 535/535/535 534/534/534
f 463/463/463 536/536/536 462/462/462
f 462/462/462 536/536/536 535/535/535
f 464/464/464 537/537/537 463/463/463
f 463/463/463 537/537/537 536/536/536
f 465/465/465 538/538/538 464/464/464
f 464/464/464 538/538/538 537/537/537
f 466/466/466 539/539/539 465/465/465
f 465/465/465 539/539/539 538/538/538
f 467/467/467 540/540/540 466/466/466
f 466/466/466 540/540/540 539/539/539
f 468/468/468 541/541/541 467/467/467
f 467/467/467 541/541/541 540/540/540
f 469/469/469 542/542/542 468/468/468
f 468/468/468 542/542/542 541/541/541
f 470/470/470 543/543/543 469/469/469
f 469/469/469 543/543/543 542/542/542
f 471/471/471 544/544/544 470/470/470
f 470/470/470 544/544/544 543/543/543
f 472/472/472 545/545/545 471/471/471
f 471/471/471 545/545/545 544/544/544
f 473/473/473 546/546/546 472/472/472
f 472/472/472 546/546/546 545/545/545
f 474/474/474 547/547/547 473/473/473
f 473/473/473 547/547/547 546/546/546
f 475/475/475 548/548/548 474/474/474
f 474/474/474 548/548/548 547/547/547
f 476/476/476 549/549/549 475/475/475
f 475/475/475 549/549/549 548/548/548
f 477/477/477 550/550/550 476/476/476
f 476/476/476 550/550/550 549/549/549
f 478/478/478 551/551/551 477/477/477
f 477/477/477 551/551/551 550/550/550
f 479/479/479 552/552/552 478/478/478
f 478/478/478 552/552/552 551/551/551
f 480/480/480 553/553/553 479/479/479
f 479/479/479 553/553/553 552/552/552
f 481/481/481 554/554/554 480/480/480
f 480/480/480 554/554/554 553/553/553
f 482/482/482 555/555/555 481/481/481
f 481/481/481 555/555/555 554/554/554
f 483/483/483 556/556/556 482/482/482
f 482/482/482 556/556/556 555/555/555
f 484/484/484 557/557/557 483/483/483
f 483/483/483 557/557/557 556/556/556
f 485/485/485 558/558/558 484/484/484
f 484/484/484 558/558/558 557/557/557
f 486/486/486 559/559/559 485/485/485
f 485/485/485 559/559/559 558/558/558
f 487/487/487 560/560/560 486/486/486
f 486/486/486 560/560/560 559/559/559
f 488/488/488 561/561/561 487/487/487
f 487/487/487 561/561/561 560/560/560
f 489/489/489 562/562/562 488/488/488
f 488/488/488 562/562/562 561/561/561
f 490/490/490 563/563/563 489/489/489
f 489/489/489 563/563/563 562/562/562
f 491/491/491 564/564/564 490/490/490
f 490/490/490 564/564/564 563/563/563
f 492/492/492 565/565/565 491/491/491
f 491/491/491 565/565/565 564/564/564
f 493/493/493 566/566/566 492/492/492
f 492/492/492 566/566/566 565/565/565
f 494/494/494 567/567/567 493/493/493
f 493/493/493 567/567/567 566/566/566
f 495/495/495 568/568/568 494/494/494
f 494/494/494 568/568/568 567/567/567
f 496/496/496 569/569/569 495/495/495
f 495/495/495 569/569/569 568/568/568
f 497/497/497 570/570/570 496/496/496
f 496/496/496 570/570/570 569/569/569
f 498/498/498 571/571/571 497/497/497
f 497/497/497 571/571/571 570/570/570
f 499/499/499 572/572/572 498/498/498
f 498/498/498 572/572/572 571/571/571
f 500/500/500 573/573/573 499/499/499
f 499/499/499 573/573/573 572/572/572
f 501/501/501 574/574/574 500/500/500
f 500/500/500 574/574/574 573/573/573
f 502/502/502 575/575/575 501/501/501
f 501/501/501 575/575/575 574/574/574
f 503/503/503 576/576/576 502/502/502
f 502/502/502 576/576/576 575/575/575
f 504/504/504 577/577/577 503/503/503
f 503/503/503 577/577/577 576/576/576
f 505/505/505 578/578/578 504/504/504
f 504/504/504 578/578/578 577/577/577
f 506/506/506 579/579/579 505/505/505
f 505/505/505 579/579/579 578/578/578
f 507/507/507 580/580/580 506/506/506
f 506/506/506 580/580/580 579/579/579
f 508/508/508 581/581/581 507/507/507
f 507/507/507 581/581/581 580/580/580
f 509/509/509 582/582/582 508/508/508
f 508/508/508 582/582/582 581/581/581
f 510/510/510 583/583/583 509/509/509
f 509/509/509 583/583/583 582/582/582
f 511/511/511 584/584/584 510/510/510
f 510/510/510 584/584/584 583/583/583
f 513/513/513 586/586/586 512/512/512
f 512/512/512 586/586/586 585/585/585
f 514/514/514 587/587/587 513/513/513
f 513/513/513 587/587/587 586/586/586
f 515/515/515 588/588/588 514/514/514
f 514/514/514 588/588/588 587/587/587
f 516/516/516 589/589/589 515/515/515
f 515/515/515 589/589/589 588/588/588
f 517/517/517 590/590/590 516/516/516
f 516/516/516 590/590/590 589/589/589
f 518/518/518 591/591/591 517/517/517
f 517/517/517 591/591/591 590/590/590
f 519/519/519 592/592/592 518/518/518
f 518/518/518 592/592/592 591/591/591
f 520/520/520 593/593/593 519/519/519
f 519/519/519 593/593/593 592/592/592
f 521/521/521 594/594/594 520/520/520
f 520/520/520 594/594/594 593/593/593
f 522/522/522 595/595/595 521/521/521
f 521/521/521 595/595/595 594/594/594
f 523/523/523 596/596/596 522/522/522
f 522/522/522 596/596/596 595/595/595
f 524/524/524 597/597/597 523/523/523
f 523/523/523 597/597/597 596/596/596
f 525/525/525 598/598/598 524/524/524
f 524/524/524 598/598/598 597/597/597
f 526/526/526 599/599/599 525/525/525
f 525/525/525 599/599/599 598/598/598
f 527/527/527 600/600/600 526/526/526
f 526/526/526 600/600/600 599/599/599
f 528/528/528 601/601/601 527/527/527
f 527/527/527 601/601/601 600/600/600
f 529/529/529 602/602/602 528/528/528
f 528/528/528 602/602/602 601/601/601
f 530/530/530 603/603/603 529/529/529
f 529/529/529 603/603/603 602/602/602
f 531/531/531 604/604/604 530/530/530
f 530/530/530 604/604/604 603/603/603
f 532/532/532 605/605/605 531/531/531
f 531/531/531 605/605/605 604/604/604
f 533/533/533 606/606/606 532/532/532
f 532/532/532 606/606/606 605/605/605
f 534/534/534 607/607/607 533/533/533
f 533/533/533 607/607/607 606/606/606
f 535/535/535 608/608/608 534/534/534
f 534/534/534 608/608/608 607/607/607
f 536/536/536 609/609/609 535/535/535
f 535/535/535 609/609/609 608/608/608
f 537/537/537 610/610/610 536/536/536
f 536/536/536 610/610/610 609/609/609
f 538/538/538 611/611/611 537/537/537
f 537/537/537 611/611/611 610/610/610
f 539/539/539 612/612/612 538/538/538
f 538/538/538 612/612/612 611/611/611
f 540/540/540 613/613/613 539/539/539
f 539/539/539 613/613/613 612/612/612
f 541/541/541 614/614/614 540/540/540
f 540/540/540 614/614/614 613/613/613
f 542/542/542 615/615/615 541/541/541
f 541/541/541 615/615/615 614/614/614
f 543/543/543 616/616/616 542/542/542
f 542/542/542 616/616/616 615/615/615
f 544/544/544 617/617/617 543/543/543
f 543/543/543 617/617/617 616/616/616
f 545/545/545 618/618/618 544/544/544
f 544/544/544 618/618/618 617/617/617
f 546/546/546 619/619/619 545/545/545
f 545/545/545 619/619/619 618/618/618
f 547/547/547 620/620/620 546/546/546
f 546/546/546 620/620/620 619/619/619
f 548/548/548 621/621/621 547/547/547
f 547/547/547 621/621/621 620/620/620
f 549/549/549 622/622/622 548/548/548
f 548/548/548 622/622/622 621/621/621
f 550/550/550 623/623/623 549/549/549
f 549/549/549 623/623/623 622/622/622
f 551/551/551 624/624/624 550/550/550
f 550/550/550 624/624/624 623/623/623
f 552/552/552 625/625/625 551/551/551
f 551/551/551 625/625/625 624/624/624
f 553/553/553 626/626/626 552/552/552
f 552/552/552 626/626/626 625/625/625
f 554/554/554 627/627/627 553/553/553
f 553/553/553 627/627/627 626/626/626
f 555/555/555 628/628/628 554/554/554
f 554/554/554 628/628/628 627/627/627
f 556/556/556 629/629/629 555/555/555
f 555/555/555 629/629/629 628/628/628
f 557/557/557 630/630/630 556/556/556
f 556/556/556 630/630/630 629/629/629
f 558/558/558 631/631/631 557/557/557
f 557/557/557 631/631/631 630/630/630
f 559/559/559 632/632/632 558/558/558
f 558/558/558 632/632/632 631/631/631
f 560/560/560 633/633/633 559/559/559
f 559/559/559 633/633/633 632/632/632
f 561/561/561 634/634/634 560/560/560
f 560/560/560 634/634/634 633/633/633
f 562/562/562 635/635/635 561/561/561
f 561/561/561 635/635/635 634/634/634
f 563/563/563 636/636/636 562/562/562
f 562/562/562 636/636/636 635/635/635
f 564/564/564 637/637/637 563/563/563
f 563/563/563 637/637/637 636/636/636
f 565/565/565 638/638/638 564/564/564
f 564/564/564 638/638/638 637/637/637
f 566/566/566 639/639/639 565/565/565
f 565/565/565 639/639/639 638/638/638
f 567/567/567 640/640/640 566/566/566
f 566/566/566 640/640/640 639/639/639
f 568/568/568 641/641/641 567/567/567
f 567/567/567 641/641/641 640/640/640
f 569/569/569 642/642/642 568/568/568
f 568/568/568 642/642/642 641/641/641
f 570/570/570 643/643/643 569/569/569
f 569/569/569 643/643/643 642/642/642
f 571/571/571 644/644/644 570/570/570
f 570/570/570 644/644/644 643/643/643
f 572/572/572 645/645/645 571/571/571
f 571/571/571 645/645/645 644/644/644
f 573/573/573 646/646/646 572/572/572
f 572/572/572 646/646/646 645/645/645
f 574/574/574 647/647/647 573/573/573
f 573/573/573 647/647/647 646/646/646
f 575/575/575 648/648/648 574/574/574
f 574/574/574 648/648/648 647/647/647
f 576/576/576 649/649/649 575/575/575
f 575/575/575 649/649/649 648/648/648
f 577/577/577 650/650/650 576/576/576
f 576/576/576 650/650/650 649/649/649
f 578/578/578 651/651/651 577/577/577
f 577/577/577 651/651/651 650/650/650
f 579/579/579 652/652/652 578/578/578
f 578/578/578 652/652/652 651/651/651
f 580/580/580 653/653/653 579/579/579
f 579/579/579 653/653/653 652/652/652
f 581/581/581 654/654/654 580/580/580
f 580/580/580 654/654/654 653/653/653
f 582/582/582 655/655/655 581/581/581
f 581/581/581 655/655/655 654/654/654
f 583/583/583 656/656/656 582/582/582
f 582/582/582 656/656/656 655/655/655
f 584/584/584 657/657/657 583/583/583
f 583/583/583 657/657/657 656/656/656
f 586/586/586 659/659/659 585/585/585
f 585/585/585 659/659/659 658/658/658
f 587/587/587 660/660/660 586/586/586
f 586/586/586 660/660/660 659/659/659
f 588/588/588 661/661/661 587/587/587
f 587/587/587 661/661/661 660/660/660
f 589/589/589 662/662/662 588/588/588
f 588/588/588 662/662/662 661/661/661
f 590/590/590 663/663/663 589/589/589
f 589/589/589 663/663/663 662/662/662
f 591/591/591 664/664/664 590/590/590
f 590/590/590 664/664/664 663/663/663
f 592/592/592 665/665/665 591/591/591
f 591/591/591 665/665/665 664/664/664
f 593/593/593 666/666/666 592/592/592
f 592/592/592 666/666/666 665/665/665
f 594/594/594 667/667/667 593/593/593
f 593/593/593 667/667/667 666/666/666
f 595/595/595 668/668/668 594/594/594
f 594/594/594 668/668/668 667/667/667
f 596/596/596 669/669/669 595/595/595
f 595/595/595 669/669/669 668/668/668
f 597/597/597 670/670/670 596/596/596
f 596/596/596 670/670/670 669/669/669
f 598/598/598 671/671/671 597/597/597
f 597/597/597 671/671/671 670/670/670
f 599/599/599 672/672/672 598/598/598
f 598/598/598 672/672/672 671/671/671
f 600/600/600 673/673/673 599/599/599
f 599/599/599 673/673/673 672/672/672
f 601/601/601 674/674/674 600/600/600
f 600/600/600 674/674/674 673/673/673
f 602/602/602 675/675/675 601/601/601
f 601/601/601 675/675/675 674/674/674
f 603/603/603 676/676/676 602/602/602
f 602/602/602 676/676/676 675/675/675
f 604/604/604 677/677/677 603/603/603
f 603/603/603 677/677/677 676/676/676
f 605/605/605 678/678/678 604/604/604
f 604/604/604 678/678/678 677/677/677
f 606/606/606 679/679/679 605/605/605
f 605/605/605 679/679/679 678/678/678
f 607/607/607 680/680/680 606/606/606
f 606/606/606 680/680/680 679/679/679
f 608/608/608 681/681/681 607/607/607
f 607/607/607 681/681/681 680/680/680
f 609/609/609 682/682/682 608/608/608
f 608/608/608 682/682/682 681/681/681
f 610/610/610 683/683/683 609/609/609
f 609/609/609 683/683/683 682/682/682
f 611/611/611 684/684/684 610/610/610
f 610/610/610 684/684/684 683/683/683
f 612/612/612 685/685/685 611/611/611
f 611/611/611 685/685/685 684/684/684
f 613/613/613 686/686/686 612/612/612
f 612/612/612 686/686/686 685/685/685
f 614/614/614 687/687/687 613/613/613
f 613/613/613 687/687/687 686/686/686
f 615/615/615 688/688/688 614/614/614
f 614/614/614 688/688/688 687/687/687
f 616/616/616 689/689/689 615/615/615
f 615/615/615 689/689/689 688/688/688
f 617/617/617 690/690/690 616/616/616
f 616/616/616 690/690/690 689/689/689
f 618/618/618 691/691/691 617/617/617
f 617/617/617 691/691/691 690/690/690
f 619/619/619 692/692/692 618/618/618
f 618/618/618 692/692/692 691/691/691
f 620/620/620 693/693/693 619/619/619
f 619/619/619 693/693/693 692/692/692
f 621/621/621 694/694/694 620/620/620
f 620/620/620 694/694/694 693/693/693
f 622/622/622 695/695/695 621/621/621
f 621/621/621 695/695/695 694/694/694
f 623/623/623 696/696/696 622/622/622
f 622/622/622 696/696/696 695/695/695
f 624/624/624 697/697/697 623/623/623
f 623/623/623 697/697/697 696/696/696
f 625/625/625 698/698/698 624/624/624
f 624/624/624 698/698/698 697/697/697
f 626/626/626 699/699/699 625/625/625
f 625/625/625 699/699/699 698/698/698
f 627/627/627 700/700/700 626/626/626
f 626/626/626 700/700/700 699/699/699
f 628/628/628 701/701/701 627/627/627
f 627/627/627 701/701/701 700/700/700
f 629/629/629 702/702/702 628/628/628
f 628/628/628 702/702/702 701/701/701
f 630/630/630 703/703/703 629/629/629
f 629/629/629 703/703/703 702/702/702
f 631/631/631 704/704/704 630/630/630
f 630/630/630 704/704/704 703/703/703
f 632/632/632 705/705/705 631/631/631
f 631/631/631 705/705/705 704/704/704
f 633/633/633 706/706/706 632/632/632
f 632/632/632 706/706/706 705/705/705
f 634/634/634 707/707/707 633/633/633
f 633/633/633 707/707/707 706/706/706
f 635/635/635 708/708/708 634/634/634
f 634/634/634 708/708/708 707/707/707
f 636/636/636 709/709/709 635/635/635
f 635/635/635 709/709/709 708/708/708
f 637/637/637 710/710/710 636/636/636
f 636/636/636 710/710/710 709/709/709
f 638/638/638 711/711/711 637/637/637
f 637/637/637 711/711/711 710/710/710
f 639/639/639 712/712/712 638/638/638
f 638/638/638 712/712/712 711/711/711
f 640/640/640 713/713/713 639/639/639
f 639/639/639 713/713/713 712/712/712
f 641/641/641 714/714/714 640/640/640
f 640/640/640 714/714/714 713/713/713
f 642/642/642 715/715/715 641/641/641
f 641/641/641 715/715/715 714/714/714
f 643/643/643 716/716/716 642/642/642
f 642/642/642 716/716/716 715/715/715
f 644/644/644 717/717/717 643/643/643
f 643/643/643 717/717/717 716/716/716
f 645/645/645 718/718/718 644/644/644
f 644/644/644 718/718/718 717/717/717
f 646/646/646 719/719/719 645/645/645
f 645/645/645 719/719/719 718/718/718
f 647/647/647 720/720/720 646/646/646
f 646/646/646 720/720/720 719/719/719
f 648/648/648 721/721/721 647/647/647
f 647/647/647 721/721/721 720/720/720
f 649/649/649 722/722/722 648/648/648
f 648/648/648 722/722/722 721/721/721
f 650/650/650 723/723/723 649/649/649
f 649/649/649 723/723/723 722/722/722
f 651/651/651 724/724/724 650/650/650
f 650/650/650 724/724/724 723/723/723
f 652/652/652 725/725/725 651/651/651
f 651/651/651 725/725/725 724/724/724
f 653/653/653 726/726/726 652/652/652
f 652/652/652 726/726/726 725/725/725
f 654/654/654 727/727/727 653/653/653
f 653/653/653 727/727/727 726/726/726
f 655/655/655 728/728/728 654/654/654
f 654/654/654 728/728/728 727/727/727
f 656/656/656 729/729/729 655/655/655
f 655/655/655 729/729/729 728/728/728
f 657/657/657 730/730/730 656/656/656
f 656/656/656 730/730/730 729/729/729
f 659/659/659 732/732/732 658/658/658
f 658/658/658 732/732/732 731/731/731
f 660/660/660 733/733/733 659/659/659
f 659/659/659 733/733/733 732/732/732
f 661/661/661 734/734/734 660/660/660
f 660/660/660 734/734/734 733/733/733
f 662/662/662 735/735/735 661/661/661
f 661/661/661 735/735/735 734/734/734
f 663/663/663 736/736/736 662/662/662
f 662/662/662 736/736/736 735/735/735
f 664/664/664 737/737/737 663/663/663
f 663/663/663 737/737/737 736/736/736
f 665/665/665 738/738/738 664/664/664
f 664/664/664 738/738/738 737/737/737
f 666/666/666 739/739/739 665/665/665
f 665/665/665 739/739/739 738/738/738
f 667/667/667 740/740/740 666/666/666
f 666/666/666 740/740/740 739/739/739
f 668/668/668 741/741/741 667/667/667
f 667/667/667 741/741/741 740/740/740
f 669/669/669 742/742/742 668/668/668
f 668/668/668 742/742/742 741/741/741
f 670/670/670 743/743/743 669/669/669
f 669/669/669 743/743/743 742/742/742
f 671/671/671 744/744/744 670/670/670
f 670/670/670 744/744/744 743/743/743
f 672/672/672 745/745/745 671/671/671
f 671/671/671 745/745/745 744/744/744
f 673/673/673 746/746/746 672/672/672
f 672/672/672 746/746/746 745/745/745
f 674/674/674 747/747/747 673/673/673
f 673/673/673 747/747/747 746/746/746
f 675/675/675 748/748/748 674/674/674
f 674/674/674 748/748/748 747/747/747
f 676/676/676 749/749/749 675/675/675
f 675/675/675 749/749/749 748/748/748
f 677/677/677 750/750/750 676/676/676
f 676/676/676 750/750/750 749/749/749
f 678/678/678 751/751/751 677/677/677
f 677/677/677 751/751/751 750/750/750
f 679/679/679 752/752/752 678/678/678
f 678/678/678 752/752/752 751/751/751
f 680/680/680 753/753/753 679/679/679
f 679/679/679 753/753/753 752/752/752
f 681/681/681 754/754/754 680/680/680
f 680/680/680 754/754/754 753/753/753
f 682/682/682 755/755/755 681/681/681
f 681/681/681 755/755/755 754/754/754
f 683/683/683 756/756/756 682/682/682
f 682/682/682 756/756/756 755/755/755
f 684/684/684 757/757/757 683/683/683
f 683/683/683 757/757/757 756/756/756
f 685/685/685 758/758/758 684/684/684
f 684/684/684 758/758/758 757/757/757
f 686/686/686 759/759/759 685/685/685
f 685/685/685 759/759/759 758/758/758
f 687/687/687 760/760/760 686/686/686
f 686/686/686 760/760/760 759/759/759
f 688/688/688 761/761/761 687/687/687
f 687/687/687 761/761/761 760/760/760
f 689/689/689 762/762/762 688/688/688
f 688/688/688 762/762/762 761/761/761
f 690/690/690 763/763/763 689/689/689
f 689/689/689 763/763/763 762/762/762
f 691/691/691 764/764/764 690/690/690
f 690/690/690 764/764/764 763/763/763
f 692/692/692 765/765/765 691/691/691
f 691/691/691 765/765/765 764/764/764
f 693/693/693 766/766/766 692/692/692
f 692/692/692 766/766/766 765/765/765
f 694/694/694 767/767/767 693/693/693
f 693/693/693 767/767/767 766/766/766
f 695/695/695 768/768/768 694/694/694
f 694/694/694 768/768/768 767/767/767
f 696/696/696 769/769/769 695/695/695
f 695/695/695 769/769/769 768/768/768
f 697/697/697 770/770/770 696/696/696
f 696/696/696 770/770/770 769/769/769
f 698/698/698 771/771/771 697/697/697
f 697/697/697 771/771/771 770/770/770
f 699/699/699 772/772/772 698/698/698
f 698/698/698 772/772/772 771/771/771
f 700/700/700 773/773/773 699/699/699
f 699/699/699 773/773/773 772/772/772
f 701/701/701 774/774/774 700/700/700
f 700/700/700 774/774/774 773/773/773
f 702/702/702 775/775/775 701/701/701
f 701/701/701 775/775/775 774/774/774
f 703/703/703 776/776/776 702/702/702
f 702/702/702 776/776/776 775/775/775
f 704/704/704 777/777/777 703/703/703
f 703/703/703 777/777/777 776/776/776
f 705/705/705 778/778/778 704/704/704
f 704/704/704 778/778/778 777/777/777
f 706/706/706 779/779/779 705/705/705
f 705/705/705 779/779/779 778/778/778
f 707/707/707 780/780/780 706/706/706
f 706/706/706 780/780/780 779/779/779
f 708/708/708 781/781/781 707/707/707
f 707/707/707 781/781/781 780/780/780
f 709/709/709 782/782/782 708/708/708
f 708/708/708 782/782/782 781/781/781
f 710/710/710 783/783/783 709/709/709
f 709/709/709 783/783/783 782/782/782
f 711/711/711 784/784/784 710/710/710
f 710/710/710 784/784/784 783/783/783
f 712/712/712 785/785/785 711/711/711
f 711/711/711 785/785/785 784/784/784
f 713/713/713 786/786/786 712/712/712
f 712/712/712 786/786/786 785/785/785
f 714/714/714 787/787/787 713/713/713
f 713/713/713 787/787/787 786/786/786
f 715/715/715 788/788/788 714/714/714
f 714/714/714 788/788/788 787/787/787
f 716/716/716 789/789/789 715/715/715
f 715/715/715 789/789/789 788/788/788
f 717/717/717 790/790/790 716/716/716
f 716/716/716 790/790/790 789/789/789
f 718/718/718 791/791/791 717/717/717
f 717/717/717 791/791/791 790/790/790
f 719/719/719 792/792/792 718/718/718
f 718/718/718 792/792/792 791/791/791
f 720/720/720 793/793/793 719/719/719
f 719/719/719 793/793/793 792/792/792
f 721/721/721 794/794/794 720/720/720
f 720/720/720 794/794/794 793/793/793
f 722/722/722 795/795/795 721/721/721
f 721/721/721 795/795/795 794/794/794
f 723/723/723 796/796/796 722/722/722
f 722/722/722 796/796/796 795/795/795
f 724/724/724 797/797/797 723/723/723
f 723/723/723 797/797/797 796/796/796
f 725/725/725 798/798/798 724/724/724
f 724/724/724 798/798/798 797/797/797
f 726/726/726 799/799/799 725/725/725
f 725/725/725 799/799/799 798/798/798
f 727/727/727 800/800/800 726/726/726
f 726/726/726 800/800/800 799/799/799
f 728/728/728 801/801/801 727/727/727
f 727/727/727 801/801/801 800/800/800
f 729/729/729 802/802/802 728/728/728
f 728/728/728 802/802/802 801/801/801
f 730/730/730 803/803/803 729/729/729
f 729/729/729 803/803/803 802/802/802
f 732/732/732 805/805/805 731/731/731
f 731/731/731 805/805/805 804/804/804
f 733/733/733 806/806/806 732/732/732
f 732/732/732 806/806/806 805/805/805
f 734/734/734 807/807/807 733/733/733
f 733/733/733 807/807/807 806/806/806
f 735/735/735 808/808/808 734/734/734
f 734/734/734 808/808/808 807/807/807
f 736/736/736 809/809/809 735/735/735
f 735/735/735 809/809/809 808/808/808
f 737/737/737 810/810/810 736/736/736
f 736/736/736 810/810/810 809/809/809
f 738/738/738 811/811/811 737/737/737
f 737/737/737 811/811/811 810/810/810
f 739/739/739 812/812/812 738/738/738
f 738/738/738 812/812/812 811/811/811
f 740/740/740 813/813/813 739/739/739
f 739/739/739 813/813/813 812/812/812
f 741/741/741 814/814/814 740/740/740
f 740/740/740 814/814/814 813/813/813
f 742/742/742 815/815/815 741/741/741
f 741/741/741 815/815/815 814/814/814
f 743/743/743 816/816/816 742/742/742
f 742/742/742 816/816/816 815/815/815
f 744/744/744 817/817/817 743/743/743
f 743/743/743 817/817/817 816/816/816
f 745/745/745 818/818/818 744/744/744
f 744/744/744 818/818/818 817/817/817
f 746/746/746 819/819/819 745/745/745
f 745/745/745 819/819/819 818/818/818
f 747/747/747 820/820/820 746/746/746
f 746/746/746 820/820/820 819/819/819
f 748/748/748 821/821/821 747/747/747
f 747/747/747 821/821/821 820/820/820
f 749/749/749 822/822/822 748/748/748
f 748/748/748 822/822/822 821/821/821
f 750/750/750 823/823/823 749/749/749
f 749/749/749 823/823/823 822/822/822
f 751/751/751 824/824/824 750/750/750
f 750/750/750 824/824/824 823/823/823
f 752/752/752 825/825/825 751/751/751
f 751/751/751 825/825/825 824/824/824
f 753/753/753 826/826/826 752/752/752
f 752/752/752 826/826/826 825/825/825
f 754/754/754 827/827/827 753/753/753
f 753/753/753 827/827/827 826/826/826
f 755/755/755 828/828/828 754/754/754
f 754/754/754 828/828/828 827/827/827
f 756/756/756 829/829/829 755/755/755
f 755/755/755 829/829/829 828/828/828
f 757/757/757 830/830/830 756/756/756
f 756/756/756 830/830/830 829/829/829
f 758/758/758 831/831/831 757/757/757
f 757/757/757 831/831/831 830/830/830
f 759/759/759 832/832/832 758/758/758
f 758/758/758 832/832/832 831/831/831
f 760/760/760 833/833/833 759/759/759
f 759/759/759 833/833/833 832/832/832
f 761/761/761 834/834/834 760/760/760
f 760/760/760 834/834/834 833/833/833
f 762/762/762 835/835/835 761/761/761
f 761/761/761 835/835/835 834/834/834
f 763/763/763 836/836/836 762/762/762
f 762/762/762 836/836/836 835/835/835
f 764/764/764 837/837/837 763/763/763
f 763/763/763 837/837/837 836/836/836
f 765/765/765 838/838/838 764/764/764
f 764/764/764 838/838/838 837/837/837
f 766/766/766 839/839/839 765/765/765
f 765/765/765 839/839/839 838/838/838
f 767/767/767 840/840/840 766/766/766
f 766/766/766 840/840/840 839/839/839
f 768/768/768 841/841/841 767/767/767
f 767/767/767 841/841/841 840/840/840
f 769/769/769 842/842/842 768/768/768
f 768/768/768 842/842/842 841/841/841
f 770/770/770 843/843/843 769/769/769
f 769/769/769 843/843/843 842/842/842
f 771/771/771 844/844/844 770/770/770
f 770/770/770 844/844/844 843/843/843
f 772/772/772 845/845/845 771/771/771
f 771/771/771 845/845/845 844/844/844
f 773/773/773 846/846/846 772/772/772
f 772/772/772 846/846/846 845/845/845
f 774/774/774 847/847/847 773/773/773
f 773/773/773 847/847/847 846/846/846
f 775/775/775 848/848/848 774/774/774
f 774/774/774 848/848/848 847/847/847
f 776/776/776 849/849/849 775/775/775
f 775/775/775 849/849/849 848/848/848
f 777/777/777 850/850/850 776/776/776
f 776/776/776 850/850/850 849/849/849
f 778/778/778 851/851/851 777/777/777
f 777/777/777 851/851/851 850/850/850
f 779/779/779 852/852/852 778/778/778
f 778/778/778 852/852/852 851/851/851
f 780/780/780 853/853/853 779/779/779
f 779/779/779 853/853/853 852/852/852
f 781/781/781 854/854/854 780/780/780
f 780/780/780 854/854/854 853/853/853
f 782/782/782 855/855/855 781/781/781
f 781/781/781 855/855/855 854/854/854
f 783/783/783 856/856/856 782/782/782
f 782/782/782 856/856/856 855/855/855
f 784/784/784 857/857/857 783/783/783
f 783/783/783 857/857/857 856/856/856
f 785/785/785 858/858/858 784/784/784
f 784/784/784 858/858/858 857/857/857
f 786/786/786 859/859/859 785/785/785
f 785/785/785 859/859/859 858/858/858
f 787/787/787 860/860/860 786/786/786
f 786/786/786 860/860/860 859/859/859
f 788/788/788 861/861/861 787/787/787
f 787/787/787 861/861/861 860/860/860
f 789/789/789 862/862/862 788/788/788
f 788/788/788 862/862/862 861/861/861
f 790/790/790 863/863/863 789/789/789
f 789/789/789 863/863/863 862/862/862
f 791/791/791 864/864/864 790/790/790
f 790/790/790 864/864/864 863/863/863
f 792/792/792 865/865/865 791/791/791
f 791/791/791 865/865/865 864/864/864
f 793/793/793 866/866/866 792/792/792
f 792/792/792 866/866/866 865/865/865
f 794/794/794 867/867/867 793/793/793
f 793/793/793 867/867/867 866/866/866
f 795/795/795 868/868/868 794/794/794
f 794/794/794 868/868/868 867/867/867
f 796/796/796 869/869/869 795/795/795
f 795/795/795 869/869/869 868/868/868
f 797/797/797 870/870/870 796/796/796
f 796/796/796 870/870/870 869/869/869
f 798/798/798 871/871/871 797/797/797
f 797/797/797 871/871/871 870/870/870
f 799/799/799 872/872/872 798/798/798
f 798/798/798 872/872/872 871/871/871
f 800/800/800 873/873/873 799/799/799
f 799/799/799 873/873/873 872/872/872
f 801/801/801 874/874/874 800/800/800
f 800/800/800 874/874/874 873/873/873
f 802/802/802 875/875/875 801/801/801
f 801/801/801 875/875/875 874/874/874
f 803/803/803 876/876/876 802/802/802
f 802/802/802 876/876/876 875/875/875
f 805/805/805 878/878/878 804/804/804
f 804/804/804 878/878/878 877/877/877
f 806/806/806 879/879/879 805/805/805
f 805/805/805 879/879/879 878/878/878
f 807/807/807 880/880/880 806/806/806
f 806/806/806 880/880/880 879/879/879
f 808/808/808 881/881/881 807/807/807
f 807/807/807 881/881/881 880/880/880
f 809/809/809 882/882/882 808/808/808
f 808/808/808 882/882/882 881/881/881
f 810/810/810 883/883/883 809/809/809
f 809/809/809 883/883/883 882/882/882
f 811/811/811 884/884/884 810/810/810
f 810/810/810 884/884/884 883/883/883
f 812/812/812 885/885/885 811/811/811
f 811/811/811 885/885/885 884/884/884
f 813/813/813 886/886/886 812/812/812
f 812/812/812 886/886/886 885/885/885
f 814/814/814 887/887/887 813/813/813
f 813/813/813 887/887/887 886/886/886
f 815/815/815 888/888/888 814/814/814
f 814/814/814 888/888/888 887/887/887
f 816/816/816 889/889/889 815/815/815
f 815/815/815 889/889/889 888/888/888
f 817/817/817 890/890/890 816/816/816
f 816/816/816 890/890/890 889/889/889
f 818/818/818 891/891/891 817/817/817
f 817/817/817 891/891/891 890/890/890
f 819/819/819 892/892/892 818/818/818
f 818/818/818 892/892/892 891/891/891
f 820/820/820 893/893/893 819/819/819
f 819/819/819 893/893/893 892/892/892
f 821/821/821 894/894/894 820/820/820
f 820/820/820 894/894/894 893/893/893
f 822/822/822 895/895/895 821/821/821
f 821/821/821 895/895/895 894/894/894
f 823/823/823 896/896/896 822/822/822
f 822/822/822 896/896/896 895/895/895
f 824/824/824 897/897/897 823/823/823
f 823/823/823 897/897/897 896/896/896
f 825/825/825 898/898/898 824/824/824
f 824/824/824 898/898/898 897/897/897
f 826/826/826 899/899/899 825/825/825
f 825/825/825 899/899/899 898/898/898
f 827/827/827 900/900/900 826/826/826
f 826/826/826 900/900/900 899/899/899
f 828/828/828 901/901/901 827/827/827
f 827/827/827 901/901/901 900/900/900
f 829/829/829 902/902/902 828/828/828
f 828/828/828 902/902/902 901/901/901
f 830/830/830 903/903/903 829/829/829
f 829/829/829 903/903/903 902/902/902
f 831/831/831 904/904/904 830/830/830
f 830/830/830 904/904/904 903/903/903
f 832/832/832 905/905/905 831/831/831
f 831/831/831 905/905/905 904/904/904
f 833/833/833 906/906/906 832/832/832
f 832/832/832 906/906/906 905/905/905
f 834/834/834 907/907/907 833/833/833
f 833/833/833 907/907/907 906/906/906
f 835/835/835 908/908/908 834/834/834
f 834/834/834 908/908/908 907/907/907
f 836/836/836 909/909/909 835/835/835
f 835/835/835 909/909/909 908/908/908
f 837/837/837 910/910/910 836/836/836
f 836/836/836 910/910/910 909/909/909
f 838/838/838 911/911/911 837/837/837
f 837/837/837 911/911/911 910/910/910
f 839/839/839 912/912/912 838/838/838
f 838/838/838 912/912/912 911/911/911
f 840/840/840 913/913/913 839/839/839
f 839/839/839 913/913/913 912/912/912
f 841/841/841 914/914/914 840/840/840
f 840/840/840 914/914/914 913/913/913
f 842/842/842 915/915/915 841/841/841
f 841/841/841 915/915/915 914/914/914
f 843/843/843 916/916/916 842/842/842
f 842/842/842 916/916/916 915/915/915
f 844/844/844 917/917/917 843/843/843
f 843/843/843 917/917/917 916/916/916
f 845/845/845 918/918/918 844/844/844
f 844/844/844 918/918/918 917/917/917
f 846/846/846 919/919/919 845/845/845
f 845/845/845 919/919/919 918/918/918
f 847/847/847 920/920/920 846/846/846
f 846/846/846 920/920/920 919/919/919
f 848/848/848 921/921/921 847/847/847
f 847/847/847 921/921/921 920/920/920
f 849/849/849 922/922/922 848/848/848
f 848/848/848 922/922/922 921/921/921
f 850/850/850 923/923/923 849/849/849
f 849/849/849 923/923/923 922/922/922
f 851/851/851 924/924/924 850/850/850
f 850/850/850 924/924/924 923/923/923
f 852/852/852 925/925/925 851/851/851
f 851/851/851 925/925/925 924/924/924
f 853/853/853 926/926/926 852/852/852
f 852/852/852 926/926/926 925/925/925
f 854/854/854 927/927/927 853/853/853
f 853/853/853 927/927/927 926/926/926
f 855/855/855 928/928/928 854/854/854
f 854/854/854 928/928/928 927/927/927
f 856/856/856 929/929/929 855/855/855
f 855/855/855 929/929/929 928/928/928
f 857/857/857 930/930/930 856/856/856
f 856/856/856 930/930/930 929/929/929
f 858/858/858 931/931/931 857/857/857
f 857/857/857 931/931/931 930/930/930
f 859/859/859 932/932/932 858/858/858
f 858/858/858 932/932/932 931/931/931
f 860/860/860 933/933/933 859/859/859
f 859/859/859 933/933/933 932/932/932
f 861/861/861 934/934/934 860/860/860
f 860/860/860 934/934/934 933/933/933
f 862/862/862 935/935/935 861/861/861
f 861/861/861 935/935/935 934/934/934
f 863/863/863 936/936/936 862/862/862
f 862/862/862 936/936/936 935/935/935
f 864/864/864 937/937/937 863/863/863
f 863/863/863 937/937/937 936/936/936
f 865/865/865 938/938/938 864/864/864
f 864/864/864 938/938/938 937/937/937
f 866/866/866 939/939/939 865/865/865
f 865/865/865 939/939/939 938/938/938
f 867/867/867 940/940/940 866/866/866
f 866/866/866 940/940/940 939/939/939
f 868/868/868 941/941/941 867/867/867
f 867/867/867 941/941/941 940/940/940
f 869/869/869 942/942/942 868/868/868
f 868/868/868 942/942/942 941/941/941
f 870/870/870 943/943/943 869/869/869
f 869/869/869 943/943/943 942/942/942
f 871/871/871 944/944/944 870/870/870
f 870/870/870 944/944/944 943/943/943
f 872/872/872 945/945/945 871/871/871
f 871/871/871 945/945/945 944/944/944
f 873/873/873 946/946/946 872/872/872
f 872/872/872 946/946/946 945/945/945
f 874/874/874 947/947/947 873/873/873
f 873/873/873 947/947/947 946/946/946
f 875/875/875 948/948/948 874/874/874
f 874/874/874 948/948/948 947/947/947
f 876/876/876 949/949/949 875/875/875
f 875/875/875 949/949/949 948/948/948
f 878/878/878 951/951/951 877/877/877
f 877/877/877 951/951/951 950/950/950
f 879/879/879 952/952/952 878/878/878
f 878/878/878 952/952/952 951/951/951
f 880/880/880 953/953/953 879/879/879
f 879/879/879 953/953/953 952/952/952
f 881/881/881 954/954/954 880/880/880
f 880/880/880 954/954/954 953/953/953
f 882/882/882 955/955/955 881/881/881
f 881/881/881 955/955/955 954/954/954
f 883/883/883 956/956/956 882/882/882
f 882/882/882 956/956/956 955/955/955
f 884/884/884 957/957/957 883/883/883
f 883/883/883 957/957/957 956/956/956
f 885/885/885 958/958/958 884/884/884
f 884/884/884 958/958/958 957/957/957
f 886/886/886 959/959/959 885/885/885
f 885/885/885 959/959/959 958/958/958
f 887/887/887 960/960/960 886/886/886
f 886/886/886 960/960/960 959/959/959
f 888/888/888 961/961/961 887/887/887
f 887/887/887 961/961/961 960/960/960
f 889/889/889 962/962/962 888/888/888
f 888/888/888 962/962/962 961/961/961
f 890/890/890 963/963/963 889/889/889
f 889/889/889 963/963/963 962/962/962
f 891/891/891 964/964/964 890/890/890
f 890/890/890 964/964/964 963/963/963
f 892/892/892 965/965/965 891/891/891
f 891/891/891 965/965/965 964/964/964
f 893/893/893 966/966/966 892/892/892
f 892/892/892 966/966/966 965/965/965
f 894/894/894 967/967/967 893/893/893
f 893/893/893 967/967/967 966/966/966
f 895/895/895 968/968/968 894/894/894
f 894/894/894 968/968/968 967/967/967
f 896/896/896 969/969/969 895/895/895
f 895/895/895 969/969/969 968/968/968
f 897/897/897 970/970/970 896/896/896
f 896/896/896 970/970/970 969/969/969
f 898/898/898 971/971/971 897/897/897
f 897/897/897 971/971/971 970/970/970
f 899/899/899 972/972/972 898/898/898
f 898/898/898 972/972/972 971/971/971
f 900/900/900 973/973/973 899/899/899
f 899/899/899 973/973/973 972/972/972
f 901/901/901 974/974/974 900/900/900
f 900/900/900 974/974/974 973/973/973
f 902/902/902 975/975/975 901/901/901
f 901/901/901 975/975/975 974/974/974
f 903/903/903 976/976/976 902/902/902
f 902/902/902 976/976/976 975/975/975
f 904/904/904 977/977/977 903/903/903
f 903/903/903 977/977/977 976/976/976
f 905/905/905 978/978/978 904/904/904
f 904/904/904 978/978/978 977/977/977
f 906/906/906 979/979/979 905/905/905
f 905/905/905 979/979/979 978/978/978
f 907/907/907 980/980/980 906/906/906
f 906/906/906 980/980/980 979/979/979
f 908/908/908 981/981/981 907/907/907
f 907/907/907 981/981/981 980/980/980
f 909/909/909 982/982/982 908/908/908
f 908/908/908 982/982/982 981/981/981
f 910/910/910 983/983/983 909/909/909
f 909/909/909 983/983/983 982/982/982
f 911/911/911 984/984/984 910/910/910
f 910/910/910 984/984/984 983/983/983
f 912/912/912 985/985/985 911/911/911
f 911/911/911 985/985/985 984/984/984
f 913/913/913 986/986/986 912/912/912
f 912/912/912 986/986/986 985/985/985
f 914/914/914 987/987/987 913/913/913
f 913/913/913 987/987/987 986/986/986
f 915/915/915 988/988/988 914/914/914
f 914/914/914 988/988/988 987/987/987
f 916/916/916 989/989/989 915/915/915
f 915/915/915 989/989/989 988/988/988
f 917/917/917 990/990/990 916/916/916
f 916/916/916 990/990/990 989/989/989
f 918/918/918 991/991/991 917/917/917
f 917/917/917 991/991/991 990/990/990
f 919/919/919 992/992/992 918/918/918
f 918/918/918 992/992/992 991/991/991
f 920/920/920 993/993/993 919/919/919
f 919/919/919 993/993/993 992/992/992
f 921/921/921 994/994/994 920/920/920
f 920/920/920 994/994/994 993/993/993
f 922/922/922 995/995/995 921/921/921
f 921/921/921 995/995/995 994/994/994
f 923/923/923 996/996/996 922/922/922
f 922/922/922 996/996/996 995/995/995
f 924/924/924 997/997/997 923/923/923
f 923/923/923 997/997/997 996/996/996
f 925/925/925 998/998/998 924/924/924
f 924/924/924 998/998/998 997/997/997
f 926/926/926 999/999/999 925/925/925
f 925/925/925 999/999/999 998/998/998
f 927/927/927 1000/1000/1000 926/926/926
f 926/926/926 1000/1000/1000 999/999/999
f 928/928/928 1001/1001/1001 927/927/927
f 927/927/927 1001/1001/1001 1000/1000/1000
f 929/929/929 1002/1002/1002 928/928/928
f 928/928/928 1002/1002/1002 1001/1001/1001
f 930/930/930 1003/1003/1003 929/929/929
f 929/929/929 1003/1003/1003 1002/1002/1002
f 931/931/931 1004/1004/1004 930/930/930
f 930/930/930 1004/1004/1004 1003/1003/1003
f 932/932/932 1005/1005/1005 931/931/931
f 931/931/931 1005/1005/1005 1004/1004/1004
f 933/933/933 1006/1006/1006 932/932/932
f 932/932/932 1006/1006/1006 1005/1005/1005
f 934/934/934 1007/1007/1007 933/933/933
f 933/933/933 1007/1007/1007 1006/1006/1006
f 935/935/935 1008/1008/1008 934/934/934
f 934/934/934 1008/1008/1008 1007/1007/1007
f 936/936/936 1009/1009/1009 935/935/935
f 935/935/935 1009/1009/1009 1008/1008/1008
f 937/937/937 1010/1010/1010 936/936/936
f 936/936/936 1010/1010/1010 1009/1009/1009
f 938/938/938 1011/1011/1011 937/937/937
f 937/937/937 1011/1011/1011 1010/1010/1010
f 939/939/939 1012/1012/1012 938/938/938
f 938/938/938 1012/1012/1012 1011/1011/1011
f 940/940/940 1013/1013/1013 939/939/939
f 939/939/939 1013/1013/1013 1012/1012/1012
f 941/941/941 1014/1014/1014 940/940/940
f 940/940/940 1014/1014/1014 1013/1013/1013
f 942/942/942 1015/1015/1015 941/941/941
f 941/941/941 1015/1015/1015 1014/1014/1014
f 943/943/943 1016/1016/1016 942/942/942
f 942/942/942 1016/1016/1016 1015/1015/1015
f 944/944/944 1017/1017/1017 943/943/943
f 943/943/943 1017/1017/1017 1016/1016/1016
f 945/945/945 1018/1018/1018 944/944/944
f 944/944/944 1018/1018/1018 1017/1017/1017
f 946/946/946 1019/1019/1019 945/945/945
f 945/945/945 1019/1019/1019 1018/1018/1018
f 947/947/947 1020/1020/1020 946/946/946
f 946/946/946 1020/1020/1020 1019/1019/1019
f 948/948/948 1021/1021/1021 947/947/947
f 947/947/947 1021/1021/1021 1020/1020/1020
f 949/949/949 1022/1022/1022 948/948/948
f 948/948/948 1022/1022/1022 1021/1021/1021
f 951/951/951 1024/1024/1024 950/950/950
f 950/950/950 1024/1024/1024 1023/1023/1023
f 952/952/952 1025/1025/1025 951/951/951
f 951/951/951 1025/1025/1025 1024/1024/1024
f 953/953/953 1026/1026/1026 952/952/952
f 952/952/952 1026/1026/1026 1025/1025/1025
f 954/954/954 1027/1027/1027 953/953/953
f 953/953/953 1027/1027/1027 1026/1026/1026
f 955/955/955 1028/1028/1028 954/954/954
f 954/954/954 1028/1028/1028 1027/1027/1027
f 956/956/956 1029/1029/1029 955/955/955
f 955/955/955 1029/1029/1029 1028/1028/1028
f 957/957/957 1030/1030/1030 956/956/956
f 956/956/956 1030/1030/1030 1029/1029/1029
f 958/958/958 1031/1031/1031 957/957/957
f 957/957/957 1031/1031/1031 1030/1030/1030
f 959/959/959 1032/1032/1032 958/958/958
f 958/958/958 1032/1032/1032 1031/1031/1031
f 960/960/960 1033/1033/1033 959/959/959
f 959/959/959 1033/1033/1033 1032/1032/1032
f 961/961/961 1034/1034/1034 960/960/960
f 960/960/960 1034/1034/1034 1033/1033/1033
f 962/962/962 1035/1035/1035 961/961/961
f 961/961/961 1035/1035/1035 1034/1034/1034
f 963/963/963 1036/1036/1036 962/962/962
f 962/962/962 1036/1036/1036 1035/1035/1035
f 964/964/964 1037/1037/1037 963/963/963
f 963/963/963 1037/1037/1037 1036/1036/1036
f 965/965/965 1038/1038/1038 964/964/964
f 964/964/964 1038/1038/1038 1037/1037/1037
f 966/966/966 1039/1039/1039 965/965/965
f 965/965/965 1039/1039/1039 1038/1038/1038
f 967/967/967 1040/1040/1040 966/966/966
f 966/966/966 1040/1040/1040 1039/1039/1039
f 968/968/968 1041/1041/1041 967/967/967
f 967/967/967 1041/1041/1041 1040/1040/1040
f 969/969/969 1042/1042/1042 968/968/968
f 968/968/968 1042/1042/1042 1041/1041/1041
f 970/970/970 1043/1043/1043 969/969/969
f 969/969/969 1043/1043/1043 1042/1042/1042
f 971/971/971 1044/1044/1044 970/970/970
f 970/970/970 1044/1044/1044 1043/1043/1043
f 972/972/972 1045/1045/1045 971/971/971
f 971/971/971 1045/1045/1045 1044/1044/1044
f 973/973/973 1046/1046/1046 972/972/972
f 972/972/972 1046/1046/1046 1045/1045/1045
f 974/974/974 1047/1047/1047 973/973/973
f 973/973/973 1047/1047/1047 1046/1046/1046
f 975/975/975 1048/1048/1048 974/974/974
f 974/974/974 1048/1048/1048 1047/1047/1047
f 976/976/976 1049/1049/1049 975/975/975
f 975/975/975 1049/1049/1049 1048/1048/1048
f 977/977/977 1050/1050/1050 976/976/976
f 976/976/976 1050/1050/1050 1049/1049/1049
f 978/978/978 1051/1051/1051 977/977/977
f 977/977/977 1051/1051/1051 1050/1050/1050
f 979/979/979 1052/1052/1052 978/978/978
f 978/978/978 1052/1052/1052 1051/1051/1051
f 980/980/980 1053/1053/1053 979/979/979
f 979/979/979 1053/1053/1053 1052/1052/1052
f 981/981/981 1054/1054/1054 980/980/980
f 980/980/980 1054/1054/1054 1053/1053/1053
f 982/982/982 1055/1055/1055 981/981/981
f 981/981/981 1055/1055/1055 1054/1054/1054
f 983/983/983 1056/1056/1056 982/982/982
f 982/982/982 1056/1056/1056 1055/1055/1055
f 984/984/984 1057/1057/1057 983/983/983
f 983/983/983 1057/1057/1057 1056/1056/1056
f 985/985/985 1058/1058/1058 984/984/984
f 984/984/984 1058/1058/1058 1057/1057/1057
f 986/986/986 1059/1059/1059 985/985/985
f 985/985/985 1059/1059/1059 1058/1058/1058
f 987/987/987 1060/1060/1060 986/986/986
f 986/986/986 1060/1060/1060 1059/1059/1059
f 988/988/988 1061/1061/1061 987/987/987
f 987/987/987 1061/1061/1061 1060/1060/1060
f 989/989/989 1062/1062/1062 988/988/988
f 988/988/988 1062/1062/1062 1061/1061/1061
f 990/990/990 1063/1063/1063 989/989/989
f 989/989/989 1063/1063/1063 1062/1062/1062
f 991/991/991 1064/1064/1064 990/990/990
f 990/990/990 1064/1064/1064 1063/1063/1063
f 992/992/992 1065/1065/1065 991/991/991
f 991/991/991 1065/1065/1065 1064/1064/1064
f 993/993/993 1066/1066/1066 992/992/992
f 992/992/992 1066/1066/1066 1065/1065/1065
f 994/994/994 1067/1067/1067 993/993/993
f 993/993/993 1067/1067/1067 1066/1066/1066
f 995/995/995 1068/1068/1068 994/994/994
f 994/994/994 1068/1068/1068 1067/1067/1067
f 996/996/996 1069/1069/1069 995/995/995
f 995/995/995 1069/1069/1069 1068/1068/1068
f 997/997/997 1070/1070/1070 996/996/996
f 996/996/996 1070/1070/1070 1069/1069/1069
f 998/998/998 1071/1071/1071 997/997/997
f 997/997/997 1071/1071/1071 1070/1070/1070
f 999/999/999 1072/1072/1072 998/998/998
f 998/998/998 1072/1072/1072 1071/1071/1071
f 1000/1000/1000 1073/1073/1073 999/999/999
f 999/999/999 1073/1073/1073 1072/1072/1072
f 1001/1001/1001 1074/1074/1074 1000/1000/1000
f 1000/1000/1000 1074/1074/1074 1073/1073/1073
f 1002/1002/1002 1075/1075/1075 1001/1001/1001
f 1001/1001/1001 1075/1075/1075 1074/1074/1074
f 1003/1003/1003 1076/1076/1076 1002/1002/1002
f 1002/1002/1002 1076/1076/1076 1075/1075/1075
f 1004/1004/1004 1077/1077/1077 1003/1003/1003
f 1003/1003/1003 1077/1077/1077 1076/1076/1076
f 1005/1005/1005 1078/1078/1078 1004/1004/1004
f 1004/1004/1004 1078/1078/1078 1077/1077/1077
f 1006/1006/1006 1079/1079/1079 1005/1005/1005
f 1005/1005/1005 1079/1079/1079 1078/1078/1078
f 1007/1007/1007 1080/1080/1080 1006/1006/1006
f 1006/1006/1006 1080/1080/1080 1079/1079/1079
f 1008/1008/1008 1081/1081/1081 1007/1007/1007
f 1007/1007/1007 1081/1081/1081 1080/1080/1080
f 1009/1009/1009 1082/1082/1082 1008/1008/1008
f 1008/1008/1008 1082/1082/1082 1081/1081/1081
f 1010/1010/1010 1083/1083/1083 1009/1009/1009
f 1009/1009/1009 1083/1083/1083 1082/1082/1082
f 1011/1011/1011 1084/1084/1084 1010/1010/1010
f 1010/1010/1010 1084/1084/1084 1083/1083/1083
f 1012/1012/1012 1085/1085/1085 1011/1011/1011
f 1011/1011/1011 1085/1085/1085 1084/1084/1084
f 1013/1013/1013 1086/1086/1086 1012/1012/1012
f 1012/1012/1012 1086/1086/1086 1085/1085/1085
f 1014/1014/1014 1087/1087/1087 1013/1013/1013
f 1013/1013/1013 1087/1087/1087 1086/1086/1086
f 1015/1015/1015 1088/1088/1088 1014/1014/1014
f 1014/1014/1014 1088/1088/1088 1087/1087/1087
f 1016/1016/1016 1089/1089/1089 1015/1015/1015
f 1015/1015/1015 1089/1089/1089 1088/1088/1088
f 1017/1017/1017 1090/1090/1090 1016/1016/1016
f 1016/1016/1016 1090/1090/1090 1089/1089/1089
f 1018/1018/1018 1091/1091/1091 1017/1017/1017
f 1017/1017/1017 1091/1091/1091 1090/1090/1090
f 1019/1019/1019 1092/1092/1092 1018/1018/1018
f 1018/1018/1018 1092/1092/1092 1091/1091/1091
f 1020/1020/1020 1093/1093/1093 1019/1019/1019
f 1019/1019/1019 1093/1093/1093 1092/1092/1092
f 1021/1021/1021 1094/1094/1094 1020/1020/1020
f 1020/1020/1020 1094/1094/1094 1093/1093/1093
f 1022/1022/1022 1095/1095/1095 1021/1021/1021
f 1021/1021/1021 1095/1095/1095 1094/1094/1094
f 1024/1024/1024 1097/1097/1097 1023/1023/1023
f 1023/1023/1023 1097/1097/1097 1096/1096/1096
f 1025/1025/1025 1098/1098/1098 1024/1024/1024
f 1024/1024/1024 1098/1098/1098 1097/1097/1097
f 1026/1026/1026 1099/1099/1099 1025/1025/1025
f 1025/1025/1025 1099/1099/1099 1098/1098/1098
f 1027/1027/1027 1100/1100/1100 1026/1026/1026
f 1026/1026/1026 1100/1100/1100 1099/1099/1099
f 1028/1028/1028 1101/1101/1101 1027/1027/1027
f 1027/1027/1027 1101/1101/1101 1100/1100/1100
f 1029/1029/1029 1102/1102/1102 1028/1028/1028
f 1028/1028/1028 1102/1102/1102 1101/1101/1101
f 1030/1030/1030 1103/1103/1103 1029/1029/1029
f 1029/1029/1029 1103/1103/1103 1102/1102/1102
f 1031/1031/1031 1104/1104/1104 1030/1030/1030
f 1030/1030/1030 1104/1104/1104 1103/1103/1103
f 1032/1032/1032 1105/1105/1105 1031/1031/1031
f 1031/1031/1031 1105/1105/1105 1104/1104/1104
f 1033/1033/1033 1106/1106/1106 1032/1032/1032
f 1032/1032/1032 1106/1106/1106 1105/1105/1105
f 1034/1034/1034 1107/1107/1107 1033/1033/1033
f 1033/1033/1033 1107/1107/1107 1106/1106/1106
f 1035/1035/1035 1108/1108/1108 1034/1034/1034
f 1034/1034/1034 1108/1108/1108 1107/1107/1107
f 1036/1036/1036 1109/1109/1109 1035/1035/1035
f 1035/1035/1035 1109/1109/1109 1108/1108/1108
f 1037/1037/1037 1110/1110/1110 1036/1036/1036
f 1036/1036/1036 1110/1110/1110 1109/1109/1109
f 1038/1038/1038 1111/1111/1111 1037/1037/1037
f 1037/1037/1037 1111/1111/1111 1110/1110/1110
f 1039/1039/1039 1112/1112/1112 1038/1038/1038
f 1038/1038/1038 1112/1112/1112 1111/1111/1111
f 1040/1040/1040 1113/1113/1113 1039/1039/1039
f 1039/1039/1039 1113/1113/1113 1112/1112/1112
f 1041/1041/1041 1114/1114/1114 1040/1040/1040
f 1040/1040/1040 1114/1114/1114 1113/1113/1113
f 1042/1042/1042 1115/1115/1115 1041/1041/1041
f 1041/1041/1041 1115/1115/1115 1114/1114/1114
f 1043/1043/1043 1116/1116/1116 1042/1042/1042
f 1042/1042/1042 1116/1116/1116 1115/1115/1115
f 1044/1044/1044 1117/1117/1117 1043/1043/1043
f 1043/1043/1043 1117/1117/1117 1116/1116/1116
f 1045/1045/1045 1118/1118/1118 1044/1044/1044
f 1044/1044/1044 1118/1118/1118 1117/1117/1117
f 1046/1046/1046 1119/1119/1119 1045/1045/1045
f 1045/1045/1045 1119/1119/1119 1118/1118/1118
f 1047/1047/1047 1120/1120/1120 1046/1046/1046
f 1046/1046/1046 1120/1120/1120 1119/1119/1119
f 1048/1048/1048 1121/1121/1121 1047/1047/1047
f 1047/1047/1047 1121/1121/1121 1120/1120/1120
f 1049/1049/1049 1122/1122/1122 1048/1048/1048
f 1048/1048/1048 1122/1122/1122 1121/1121/1121
f 1050/1050/1050 1123/1123/1123 1049/1049/1049
f 1049/1049/1049 1123/1123/1123 1122/1122/1122
f 1051/1051/1051 1124/1124/1124 1050/1050/1050
f 1050/1050/1050 1124/1124/1124 1123/1123/1123
f 1052/1052/1052 1125/1125/1125 1051/1051/1051
f 1051/1051/1051 1125/1125/1125 1124/1124/1124
f 1053/1053/1053 1126/1126/1126 1052/1052/1052
f 1052/1052/1052 1126/1126/1126 1125/1125/1125
f 1054/1054/1054 1127/1127/1127 1053/1053/1053
f 1053/1053/1053 1127/1127/1127 1126/1126/1126
f 1055/1055/1055 1128/1128/1128 1054/1054/1054
f 1054/1054/1054 1128/1128/1128 1127/1127/1127
f 1056/1056/1056 1129/1129/1129 1055/1055/1055
f 1055/1055/1055 1129/1129/1129 1128/1128/1128
f 1057/1057/1057 1130/1130/1130 1056/1056/1056
f 1056/1056/1056 1130/1130/1130 1129/1129/1129
f 1058/1058/1058 1131/1131/1131 1057/1057/1057
f 1057/1057/1057 1131/1131/1131 1130/1130/1130
f 1059/1059/1059 1132/1132/1132 1058/1058/1058
f 1058/1058/1058 1132/1132/1132 1131/1131/1131
f 1060/1060/1060 1133/1133/1133 1059/1059/1059
f 1059/1059/1059 1133/1133/1133 1132/1132/1132
f 1061/1061/1061 1134/1134/1134 1060/1060/1060
f 1060/1060/1060 1134/1134/1134 1133/1133/1133
f 1062/1062/1062 1135/1135/1135 1061/1061/1061
f 1061/1061/1061 1135/1135/1135 1134/1134/1134
f 1063/1063/1063 1136/1136/1136 1062/1062/1062
f 1062/1062/1062 1136/1136/1136 1135/1135/1135
f 1064/1064/1064 1137/1137/1137 1063/1063/1063
f 1063/1063/1063 1137/1137/1137 1136/1136/1136
f 1065/1065/1065 1138/1138/1138 1064/1064/1064
f 1064/1064/1064 1138/1138/1138 1137/1137/1137
f 1066/1066/1066 1139/1139/1139 1065/1065/1065
f 1065/1065/1065 1139/1139/1139 1138/1138/1138
f 1067/1067/1067 1140/1140/1140 1066/1066/1066
f 1066/1066/1066 1140/1140/1140 1139/1139/1139
f 1068/1068/1068 1141/1141/1141 1067/1067/1067
f 1067/1067/1067 1141/1141/1141 1140/1140/1140
f 1069/1069/1069 1142/1142/1142 1068/1068/1068
f 1068/1068/1068 1142/1142/1142 1141/1141/1141
f 1070/1070/1070 1143/1143/1143 1069/1069/1069
f 1069/1069/1069 1143/1143/1143 1142/1142/1142
f 1071/1071/1071 1144/1144/1144 1070/1070/1070
f 1070/1070/1070 1144/1144/1144 1143/1143/1143
f 1072/1072/1072 1145/1145/1145 1071/1071/1071
f 1071/1071/1071 1145/1145/1145 1144/1144/1144
f 1073/1073/1073 1146/1146/1146 1072/1072/1072
f 1072/1072/1072 1146/1146/1146 1145/1145/1145
f 1074/1074/1074 1147/1147/1147 1073/1073/1073
f 1073/1073/1073 1147/1147/1147 1146/1146/1146
f 1075/1075/1075 1148/1148/1148 1074/1074/1074
f 1074/1074/1074 1148/1148/1148 1147/1147/1147
f 1076/1076/1076 1149/1149/1149 1075/1075/1075
f 1075/1075/1075 1149/1149/1149 1148/1148/1148
f 1077/1077/1077 1150/1150/1150 1076/1076/1076
f 1076/1076/1076 1150/1150/1150 1149/1149/1149
f 1078/1078/1078 1151/1151/1151 1077/1077/1077
f 1077/1077/1077 1151/1151/1151 1150/1150/1150
f 1079/1079/1079 1152/1152/1152 1078/1078/1078
f 1078/1078/1078 1152/1152/1152 1151/1151/1151
f 1080/1080/1080 1153/1153/1153 1079/1079/1079
f 1079/1079/1079 1153/1153/1153 1152/1152/1152
f 1081/1081/1081 1154/1154/1154 1080/1080/1080
f 1080/1080/1080 1154/1154/1154 1153/1153/1153
f 1082/1082/1082 1155/1155/1155 1081/1081/1081
f 1081/1081/1081 1155/1155/1155 1154/1154/1154
f 1083/1083/1083 1156/1156/1156 1082/1082/1082
f 1082/1082/1082 1156/1156/1156 1155/1155/1155
f 1084/1084/1084 1157/1157/1157 1083/1083/1083
f 1083/1083/1083 1157/1157/1157 1156/1156/1156
f 1085/1085/1085 1158/1158/1158 1084/1084/1084
f 1084/1084/1084 1158/1158/1158 1157/1157/1157
f 1086/1086/1086 1159/1159/1159 1085/1085/1085
f 1085/1085/1085 1159/1159/1159 1158/1158/1158
f 1087/1087/1087 1160/1160/1160 1086/1086/1086
f 1086/1086/1086 1160/1160/1160 1159/1159/1159
f 1088/1088/1088 1161/1161/1161 1087/1087/1087
f 1087/1087/1087 1161/1161/1161 1160/1160/1160
f 1089/1089/1089 1162/1162/1162 1088/1088/1088
f 1088/1088/1088 1162/1162/1162 1161/1161/1161
f 1090/1090/1090 1163/1163/1163 1089/1089/1089
f 1089/1089/1089 1163/1163/1163 1162/1162/1162
f 1091/1091/1091 1164/1164/1164 1090/1090/1090
f 1090/1090/1090 1164/1164/1164 1163/1163/1163
f 1092/1092/1092 1165/1165/1165 1091/1091/1091
f 1091/1091/1091 1165/1165/1165 1164/1164/1164
f 1093/1093/1093 1166/1166/1166 1092/1092/1092
f 1092/1092/1092 1166/1166/1166 1165/1165/1165
f 1094/1094/1094 1167/1167/1167 1093/1093/1093
f 1093/1093/1093 1167/1167/1167 1166/1166/1166
f 1095/1095/1095 1168/1168/1168 1094/1094/1094
f 1094/1094/1094 1168/1168/1168 1167/1167/1167
f 1097/1097/1097 1170/1170/1170 1096/1096/1096
f 1096/1096/1096 1170/1170/1170 1169/1169/1169
f 1098/1098/1098 1171/1171/1171 1097/1097/1097
f 1097/1097/1097 1171/1171/1171 1170/1170/1170
f 1099/1099/1099 1172/1172/1172 1098/1098/1098
f 1098/1098/1098 1172/1172/1172 1171/1171/1171
f 1100/1100/1100 1173/1173/1173 1099/1099/1099
f 1099/1099/1099 1173/1173/1173 1172/1172/1172
f 1101/1101/1101 1174/1174/1174 1100/1100/1100
f 1100/1100/1100 1174/1174/1174 1173/1173/1173
f 1102/1102/1102 1175/1175/1175 1101/1101/1101
f 1101/1101/1101 1175/1175/1175 1174/1174/1174
f 1103/1103/1103 1176/1176/1176 1102/1102/1102
f 1102/1102/1102 1176/1176/1176 1175/1175/1175
f 1104/1104/1104 1177/1177/1177 1103/1103/1103
f 1103/1103/1103 1177/1177/1177 1176/1176/1176
f 1105/1105/1105 1178/1178/1178 1104/1104/1104
f 1104/1104/1104 1178/1178/1178 1177/1177/1177
f 1106/1106/1106 1179/1179/1179 1105/1105/1105
f 1105/1105/1105 1179/1179/1179 1178/1178/1178
f 1107/1107/1107 1180/1180/1180 1106/1106/1106
f 1106/1106/1106 1180/1180/1180 1179/1179/1179
f 1108/1108/1108 1181/1181/1181 1107/1107/1107
f 1107/1107/1107 1181/1181/1181 1180/1180/1180
f 1109/1109/1109 1182/1182/1182 1108/1108/1108
f 1108/1108/1108 1182/1182/1182 1181/1181/1181
f 1110/1110/1110 1183/1183/1183 1109/1109/1109
f 1109/1109/1109 1183/1183/1183 1182/1182/1182
f 1111/1111/1111 1184/1184/1184 1110/1110/1110
f 1110/1110/1110 1184/1184/1184 1183/1183/1183
f 1112/1112/1112 1185/1185/1185 1111/1111/1111
f 1111/1111/1111 1185/1185/1185 1184/1184/1184
f 1113/1113/1113 1186/1186/1186 1112/1112/1112
f 1112/1112/1112 1186/1186/1186 1185/1185/1185
f 1114/1114/1114 1187/1187/1187 1113/1113/1113
f 1113/1113/1113 1187/1187/1187 1186/1186/1186
f 1115/1115/1115 1188/1188/1188 1114/1114/1114
f 1114/1114/1114 1188/1188/1188 1187/1187/1187
f 1116/1116/1116 1189/1189/1189 1115/1115/1115
f 1115/1115/1115 1189/1189/1189 1188/1188/1188
f 1117/1117/1117 1190/1190/1190 1116/1116/1116
f 1116/1116/1116 1190/1190/1190 1189/1189/1189
f 1118/1118/1118 1191/1191/1191 1117/1117/1117
f 1117/1117/1117 1191/1191/1191 1190/1190/1190
f 1119/1119/1119 1192/1192/1192 1118/1118/1118
f 1118/1118/1118 1192/1192/1192 1191/1191/1191
f 1120/1120/1120 1193/1193/1193 1119/1119/1119
f 1119/1119/1119 1193/1193/1193 1192/1192/1192
f 1121/1121/1121 1194/1194/1194 1120/1120/1120
f 1120/1120/1120 1194/1194/1194 1193/1193/1193
f 1122/1122/1122 1195/1195/1195 1121/1121/1121
f 1121/1121/1121 1195/1195/1195 1194/1194/1194
f 1123/1123/1123 1196/1196/1196 1122/1122/1122
f 1122/1122/1122 1196/1196/1196 1195/1195/1195
f 1124/1124/1124 1197/1197/1197 1123/1123/1123
f 1123/1123/1123 1197/1197/1197 1196/1196/1196
f 1125/1125/1125 1198/1198/1198 1124/1124/1124
f 1124/1124/1124 1198/1198/1198 1197/1197/1197
f 1126/1126/1126 1199/1199/1199 1125/1125/1125
f 1125/1125/1125 1199/1199/1199 1198/1198/1198
f 1127/1127/1127 1200/1200/1200 1126/1126/1126
f 1126/1126/1126 1200/1200/1200 1199/1199/1199
f 1128/1128/1128 1201/1201/1201 1127/1127/1127
f 1127/1127/1127 1201/1201/1201 1200/1200/1200
f 1129/1129/1129 1202/1202/1202 1128/1128/1128
f 1128/1128/1128 1202/1202/1202 1201/1201/1201
f 1130/1130/1130 1203/1203/1203 1129/1129/1129
f 1129/1129/1129 1203/1203/1203 1202/1202/1202
f 1131/1131/1131 1204/1204/1204 1130/1130/1130
f 1130/1130/1130 1204/1204/1204 1203/1203/1203
f 1132/1132/1132 1205/1205/1205 1131/1131/1131
f 1131/1131/1131 1205/1205/1205 1204/1204/1204
f 1133/1133/1133 1206/1206/1206 1132/1132/1132
f 1132/1132/1132 1206/1206/1206 1205/1205/1205
f 1134/1134/1134 1207/1207/1207 1133/1133/1133
f 1133/1133/1133 1207/1207/1207 1206/1206/1206
f 1135/1135/1135 1208/1208/1208 1134/1134/1134
f 1134/1134/1134 1208/1208/1208 1207/1207/1207
f 1136/1136/1136 1209/1209/1209 1135/1135/1135
f 1135/1135/1135 1209/1209/1209 1208/1208/1208
f 1137/1137/1137 1210/1210/1210 1136/1136/1136
f 1136/1136/1136 1210/1210/1210 1209/1209/1209
f 1138/1138/1138 1211/1211/1211 1137/1137/1137
f 1137/1137/1137 1211/1211/1211 1210/1210/1210
f 1139/1139/1139 1212/1212/1212 1138/1138/1138
f 1138/1138/1138 1212/1212/1212 1211/1211/1211
f 1140/1140/1140 1213/1213/1213 1139/1139/1139
f 1139/1139/1139 1213/1213/1213 1212/1212/1212
f 1141/1141/1141 1214/1214/1214 1140/1140/1140
f 1140/1140/1140 1214/1214/1214 1213/1213/1213
f 1142/1142/1142 1215/1215/1215 1141/1141/1141
f 1141/1141/1141 1215/1215/1215 1214/1214/1214
f 1143/1143/1143 1216/1216/1216 1142/1142/1142
f 1142/1142/1142 1216/1216/1216 1215/1215/1215
f 1144/1144/1144 1217/1217/1217 1143/1143/1143
f 1143/1143/1143 1217/1217/1217 1216/1216/1216
f 1145/1145/1145 1218/1218/1218 1144/1144/1144
f 1144/1144/1144 1218/1218/1218 1217/1217/1217
f 1146/1146/1146 1219/1219/1219 1145/1145/1145
f 1145/1145/1145 1219/1219/1219 1218/1218/1218
f 1147/1147/1147 1220/1220/1220 1146/1146/1146
f 1146/1146/1146 1220/1220/1220 1219/1219/1219
f 1148/1148/1148 1221/1221/1221 1147/1147/1147
f 1147/1147/1147 1221/1221/1221 1220/1220/1220
f 1149/1149/1149 1222/1222/1222 1148/1148/1148
f 1148/1148/1148 1222/1222/1222 1221/1221/1221
f 1150/1150/1150 1223/1223/1223 1149/1149/1149
f 1149/1149/1149 1223/1223/1223 1222/1222/1222
f 1151/1151/1151 1224/1224/1224 1150/1150/1150
f 1150/1150/1150 1224/1224/1224 1223/1223/1223
f 1152/1152/1152 1225/1225/1225 1151/1151/1151
f 1151/1151/1151 1225/1225/1225 1224/1224/1224
f 1153/1153/1153 1226/1226/1226 1152/1152/1152
f 1152/1152/1152 1226/1226/1226 1225/1225/1225
f 1154/1154/1154 1227/1227/1227 1153/1153/1153
f 1153/1153/1153 1227/1227/1227 1226/1226/1226
f 1155/1155/1155 1228/1228/1228 1154/1154/1154
f 1154/1154/1154 1228/1228/1228 1227/1227/1227
f 1156/1156/1156 1229/1229/1229 1155/1155/1155
f 1155/1155/1155 1229/1229/1229 1228/1228/1228
f 1157/1157/1157 1230/1230/1230 1156/1156/1156
f 1156/1156/1156 1230/1230/1230 1229/1229/1229
f 1158/1158/1158 1231/1231/1231 1157/1157/1157
f 1157/1157/1157 1231/1231/1231 1230/1230/1230
f 1159/1159/1159 1232/1232/1232 1158/1158/1158
f 1158/1158/1158 1232/1232/1232 1231/1231/1231
f 1160/1160/1160 1233/1233/1233 1159/1159/1159
f 1159/1159/1159 1233/1233/1233 1232/1232/1232
f 1161/1161/1161 1234/1234/1234 1160/1160/1160
f 1160/1160/1160 1234/1234/1234 1233/1233/1233
f 1162/1162/1162 1235/1235/1235 1161/1161/1161
f 1161/1161/1161 1235/1235/1235 1234/1234/1234
f 1163/1163/1163 1236/1236/1236 1162/1162/1162
f 1162/1162/1162 1236/1236/1236 1235/1235/1235
f 1164/1164/1164 1237/1237/1237 1163/1163/1163
f 1163/1163/1163 1237/1237/1237 1236/1236/1236
f 1165/1165/1165 1238/1238/1238 1164/1164/1164
f 1164/1164/1164 1238/1238/1238 1237/1237/1237
f 1166/1166/1166 1239/1239/1239 1165/1165/1165
f 1165/1165/1165 1239/1239/1239 1238/1238/1238
f 1167/1167/1167 1240/1240/1240 1166/1166/1166
f 1166/1166/1166 1240/1240/1240 1239/1239/1239
f 1168/1168/1168 1241/1241/1241 1167/1167/1167
f 1167/1167/1167 1241/1241/1241 1240/1240/1240
f 1170/1170/1170 1243/1243/1243 1169/1169/1169
f 1169/1169/1169 1243/1243/1243 1242/1242/1242
f 1171/1171/1171 1244/1244/1244 1170/1170/1170
f 1170/1170/1170 1244/1244/1244 1243/1243/1243
f 1172/1172/1172 1245/1245/1245 1171/1171/1171
f 1171/1171/1171 1245/1245/1245 1244/1244/1244
f 1173/1173/1173 1246/1246/1246 1172/1172/1172
f 1172/1172/1172 1246/1246/1246 1245/1245/1245
f 1174/1174/1174 1247/1247/1247 1173/1173/1173
f 1173/1173/1173 1247/1247/1247 1246/1246/1246
f 1175/1175/1175 1248/1248/1248 1174/1174/1174
f 1174/1174/1174 1248/1248/1248 1247/1247/1247
f 1176/1176/1176 1249/1249/1249 1175/1175/1175
f 1175/1175/1175 1249/1249/1249 1248/1248/1248
f 1177/1177/1177 1250/1250/1250 1176/1176/1176
f 1176/1176/1176 1250/1250/1250 1249/1249/1249
f 1178/1178/1178 1251/1251/1251 1177/1177/1177
f 1177/1177/1177 1251/1251/1251 1250/1250/1250
f 1179/1179/1179 1252/1252/1252 1178/1178/1178
f 1178/1178/1178 1252/1252/1252 1251/1251/1251
f 1180/1180/1180 1253/1253/1253 1179/1179/1179
f 1179/1179/1179 1253/1253/1253 1252/1252/1252
f 1181/1181/1181 1254/1254/1254 1180/1180/1180
f 1180/1180/1180 1254/1254/1254 1253/1253/1253
f 1182/1182/1182 1255/1255/1255 1181/1181/1181
f 1181/1181/1181 1255/1255/1255 1254/1254/1254
f 1183/1183/1183 1256/1256/1256 1182/1182/1182
f 1182/1182/1182 1256/1256/1256 1255/1255/1255
f 1184/1184/1184 1257/1257/1257 1183/1183/1183
f 1183/1183/1183 1257/1257/1257 1256/1256/1256
f 1185/1185/1185 1258/1258/1258 1184/1184/1184
f 1184/1184/1184 1258/1258/1258 1257/1257/1257
f 1186/1186/1186 1259/1259/1259 1185/1185/1185
f 1185/1185/1185 1259/1259/1259 1258/1258/1258
f 1187/1187/1187 1260/1260/1260 1186/1186/1186
f 1186/1186/1186 1260/1260/1260 1259/1259/1259
f 1188/1188/1188 1261/1261/1261 1187/1187/1187
f 1187/1187/1187 1261/1261/1261 1260/1260/1260
f 1189/1189/1189 1262/1262/1262 1188/1188/1188
f 1188/1188/1188 1262/1262/1262 1261/1261/1261
f 1190/1190/1190 1263/1263/1263 1189/1189/1189
f 1189/1189/1189 1263/1263/1263 1262/1262/1262
f 1191/1191/1191 1264/1264/1264 1190/1190/1190
f 1190/1190/1190 1264/1264/1264 1263/1263/1263
f 1192/1192/1192 1265/1265/1265 1191/1191/1191
f 1191/1191/1191 1265/1265/1265 1264/1264/1264
f 1193/1193/1193 1266/1266/1266 1192/1192/1192
f 1192/1192/1192 1266/1266/1266 1265/1265/1265
f 1194/1194/1194 1267/1267/1267 1193/1193/1193
f 1193/1193/1193 1267/1267/1267 1266/1266/1266
f 1195/1195/1195 1268/1268/1268 1194/1194/1194
f 1194/1194/1194 1268/1268/1268 1267/1267/1267
f 1196/1196/1196 1269/1269/1269 1195/1195/1195
f 1195/1195/1195 1269/1269/1269 1268/1268/1268
f 1197/1197/1197 1270/1270/1270 1196/1196/1196
f 1196/1196/1196 1270/1270/1270 1269/1269/1269
f 1198/1198/1198 1271/1271/1271 1197/1197/1197
f 1197/1197/1197 1271/1271/1271 1270/1270/1270
f 1199/1199/1199 1272/1272/1272 1198/1198/1198
f 1198/1198/1198 1272/1272/1272 1271/1271/1271
f 1200/1200/1200 1273/1273/1273 1199/1199/1199
f 1199/1199/1199 1273/1273/1273 1272/1272/1272
f 1201/1201/1201 1274/1274/1274 1200/1200/1200
f 1200/1200/1200 1274/1274/1274 1273/1273/1273
f 1202/1202/1202 1275/1275/1275 1201/1201/1201
f 1201/1201/1201 1275/1275/1275 1274/1274/1274
f 1203/1203/1203 1276/1276/1276 1202/1202/1202
f 1202/1202/1202 1276/1276/1276 1275/1275/1275
f 1204/1204/1204 1277/1277/1277 1203/1203/1203
f 1203/1203/1203 1277/1277/1277 1276/1276/1276
f 1205/1205/1205 1278/1278/1278 1204/1204/1204
f 1204/1204/1204 1278/1278/1278 1277/1277/1277
f 1206/1206/1206 1279/1279/1279 1205/1205/1205
f 1205/1205/1205 1279/1279/1279 1278/1278/1278
f 1207/1207/1207 1280/1280/1280 1206/1206/1206
f 1206/1206/1206 1280/1280/1280 1279/1279/1279
f 1208/1208/1208 1281/1281/1281 1207/1207/1207
f 1207/1207/1207 1281/1281/1281 1280/1280/1280
f 1209/1209/1209 1282/1282/1282 1208/1208/1208
f 1208/1208/1208 1282/1282/1282 1281/1281/1281
f 1210/1210/1210 1283/1283/1283 1209/1209/1209
f 1209/1209/1209 1283/1283/1283 1282/1282/1282
f 1211/1211/1211 1284/1284/1284 1210/1210/1210
f 1210/1210/1210 1284/1284/1284 1283/1283/1283
f 1212/1212/1212 1285/1285/1285 1211/1211/1211
f 1211/1211/1211 1285/1285/1285 1284/1284/1284
f 1213/1213/1213 1286/1286/1286 1212/1212/1212
f 1212/1212/1212 1286/1286/1286 1285/1285/1285
f 1214/1214/1214 1287/1287/1287 1213/1213/1213
f 1213/1213/1213 1287/1287/1287 1286/1286/1286
f 1215/1215/1215 1288/1288/1288 1214/1214/1214
f 1214/1214/1214 1288/1288/1288 1287/1287/1287
f 1216/1216/1216 1289/1289/1289 1215/1215/1215
f 1215/1215/1215 1289/1289/1289 1288/1288/1288
f 1217/1217/1217 1290/1290/1290 1216/1216/1216
f 1216/1216/1216 1290/1290/1290 1289/1289/1289
f 1218/1218/1218 1291/1291/1291 1217/1217/1217
f 1217/1217/1217 1291/1291/1291 1290/1290/1290
f 1219/1219/1219 1292/1292/1292 1218/1218/1218
f 1218/1218/1218 1292/1292/1292 1291/1291/1291
f 1220/1220/1220 1293/1293/1293 1219/1219/1219
f 1219/1219/1219 1293/1293/1293 1292/1292/1292
f 1221/1221/1221 1294/1294/1294 1220/1220/1220
f 1220/1220/1220 1294/1294/1294 1293/1293/1293
f 1222/1222/1222 1295/1295/1295 1221/1221/1221
f 1221/1221/1221 1295/1295/1295 1294/1294/1294
f 1223/1223/1223 1296/1296/1296 1222/1222/1222
f 1222/1222/1222 1296/1296/1296 1295/1295/1295
f 1224/1224/1224 1297/1297/1297 1223/1223/1223
f 1223/1223/1223 1297/1297/1297 1296/1296/1296
f 1225/1225/1225 1298/1298/1298 1224/1224/1224
f 1224/1224/1224 1298/1298/1298 1297/1297/1297
f 1226/1226/1226 1299/1299/1299 1225/1225/1225
f 1225/1225/1225 1299/1299/1299 1298/1298/1298
f 1227/1227/1227 1300/1300/1300 1226/1226/1226
f 1226/1226/1226 1300/1300/1300 1299/1299/1299
f 1228/1228/1228 1301/1301/1301 1227/1227/1227
f 1227/1227/1227 1301/1301/1301 1300/1300/1300
f 1229/1229/1229 1302/1302/1302 1228/1228/1228
f 1228/1228/1228 1302/1302/1302 1301/1301/1301
f 1230/1230/1230 1303/1303/1303 1229/1229/1229
f 1229/1229/1229 1303/1303/1303 1302/1302/1302
f 1231/1231/1231 1304/1304/1304 1230/1230/1230
f 1230/1230/1230 1304/1304/1304 1303/1303/1303
f 1232/1232/1232 1305/1305/1305 1231/1231/1231
f 1231/1231/1231 1305/1305/1305 1304/1304/1304
f 1233/1233/1233 1306/1306/1306 1232/1232/1232
f 1232/1232/1232 1306/1306/1306 1305/1305/1305
f 1234/1234/1234 1307/1307/1307 1233/1233/1233
f 1233/1233/1233 1307/1307/1307 1306/1306/1306
f 1235/1235/1235 1308/1308/1308 1234/1234/1234
f 1234/1234/1234 1308/1308/1308 1307/1307/1307
f 1236/1236/1236 1309/1309/1309 1235/1235/1235
f 1235/1235/1235 1309/1309/1309 1308/1308/1308
f 1237/1237/1237 1310/1310/1310 1236/1236/1236
f 1236/1236/1236 1310/1310/1310 1309/1309/1309
f 1238/1238/1238 1311/1311/1311 1237/1237/1237
f 1237/1237/1237 1311/1311/1311 1310/1310/1310
f 1239/1239/1239 1312/1312/1312 1238/1238/1238
f 1238/1238/1238 1312/1312/1312 1311/1311/1311
f 1240/1240/1240 1313/1313/1313 1239/1239/1239
f 1239/1239/1239 1313/1313/1313 1312/1312/1312
f 1241/1241/1241 1314/1314/1314 1240/1240/1240
f 1240/1240/1240 1314/1314/1314 1313/1313/1313
f 1243/1243/1243 1316/1316/1316 1242/1242/1242
f 1242/1242/1242 1316/1316/1316 1315/1315/1315
f 1244/1244/1244 1317/1317/1317 1243/1243/1243
f 1243/1243/1243 1317/1317/1317 1316/1316/1316
f 1245/1245/1245 1318/1318/1318 1244/1244/1244
f 1244/1244/1244 1318/1318/1318 1317/1317/1317
f 1246/1246/1246 1319/1319/1319 1245/1245/1245
f 1245/1245/1245 1319/1319/1319 1318/1318/1318
f 1247/1247/1247 1320/1320/1320 1246/1246/1246
f 1246/1246/1246 1320/1320/1320 1319/1319/1319
f 1248/1248/1248 1321/1321/1321 1247/1247/1247
f 1247/1247/1247 1321/1321/1321 1320/1320/1320
f 1249/1249/1249 1322/1322/1322 1248/1248/1248
f 1248/1248/1248 1322/1322/1322 1321/1321/1321
f 1250/1250/1250 1323/1323/1323 1249/1249/1249
f 1249/1249/1249 1323/1323/1323 1322/1322/1322
f 1251/1251/1251 1324/1324/1324 1250/1250/1250
f 1250/1250/1250 1324/1324/1324 1323/1323/1323
f 1252/1252/1252 1325/1325/1325 1251/1251/1251
f 1251/1251/1251 1325/1325/1325 1324/1324/1324
f 1253/1253/1253 1326/1326/1326 1252/1252/1252
f 1252/1252/1252 1326/1326/1326 1325/1325/1325
f 1254/1254/1254 1327/1327/1327 1253/1253/1253
f 1253/1253/1253 1327/1327/1327 1326/1326/1326
f 1255/1255/1255 1328/1328/1328 1254/1254/1254
f 1254/1254/1254 1328/1328/1328 1327/1327/1327
f 1256/1256/1256 1329/1329/1329 1255/1255/1255
f 1255/1255/1255 1329/1329/1329 1328/1328/1328
f 1257/1257/1257 1330/1330/1330 1256/1256/1256
f 1256/1256/1256 1330/1330/1330 1329/1329/1329
f 1258/1258/1258 1331/1331/1331 1257/1257/1257
f 1257/1257/1257 1331/1331/1331 1330/1330/1330
f 1259/1259/1259 1332/1332/1332 1258/1258/1258
f 1258/1258/1258 1332/1332/1332 1331/1331/1331
f 1260/1260/1260 1333/1333/1333 1259/1259/1259
f 1259/1259/1259 1333/1333/1333 1332/1332/1332
f 1261/1261/1261 1334/1334/1334 1260/1260/1260
f 1260/1260/1260 1334/1334/1334 1333/1333/1333
f 1262/1262/1262 1335/1335/1335 1261/1261/1261
f 1261/1261/1261 1335/1335/1335 1334/1334/1334
f 1263/1263/1263 1336/1336/1336 1262/1262/1262
f 1262/1262/1262 1336/1336/1336 1335/1335/1335
f 1264/1264/1264 1337/1337/1337 1263/1263/1263
f 1263/1263/1263 1337/1337/1337 1336/1336/1336
f 1265/1265/1265 1338/1338/1338 1264/1264/1264
f 1264/1264/1264 1338/1338/1338 1337/1337/1337
f 1266/1266/1266 1339/1339/1339 1265/1265/1265
f 1265/1265/1265 1339/1339/1339 1338/1338/1338
f 1267/1267/1267 1340/1340/1340 1266/1266/1266
f 1266/1266/1266 1340/1340/1340 1339/1339/1339
f 1268/1268/1268 1341/1341/1341 1267/1267/1267
f 1267/1267/1267 1341/1341/1341 1340/1340/1340
f 1269/1269/1269 1342/1342/1342 1268/1268/1268
f 1268/1268/1268 1342/1342/1342 1341/1341/1341
f 1270/1270/1270 1343/1343/1343 1269/1269/1269
f 1269/1269/1269 1343/1343/1343 1342/1342/1342
f 1271/1271/1271 1344/1344/1344 1270/1270/1270
f 1270/1270/1270 1344/1344/1344 1343/1343/1343
f 1272/1272/1272 1345/1345/1345 1271/1271/1271
f 1271/1271/1271 1345/1345/1345 1344/1344/1344
f 1273/1273/1273 1346/1346/1346 1272/1272/1272
f 1272/1272/1272 1346/1346/1346 1345/1345/1345
f 1274/1274/1274 1347/1347/1347 1273/1273/1273
f 1273/1273/1273 1347/1347/1347 1346/1346/1346
f 1275/1275/1275 1348/1348/1348 1274/1274/1274
f 1274/1274/1274 1348/1348/1348 1347/1347/1347
f 1276/1276/1276 1349/1349/1349 1275/1275/1275
f 1275/1275/1275 1349/1349/1349 1348/1348/1348
f 1277/1277/1277 1350/1350/1350 1276/1276/1276
f 1276/1276/1276 1350/1350/1350 1349/1349/1349
f 1278/1278/1278 1351/1351/1351 1277/1277/1277
f 1277/1277/1277 1351/1351/1351 1350/1350/1350
f 1279/1279/1279 1352/1352/1352 1278/1278/1278
f 1278/1278/1278 1352/1352/1352 1351/1351/1351
f 1280/1280/1280 1353/1353/1353 1279/1279/1279
f 1279/1279/1279 1353/1353/1353 1352/1352/1352
f 1281/1281/1281 1354/1354/1354 1280/1280/1280
f 1280/1280/1280 1354/1354/1354 1353/1353/1353
f 1282/1282/1282 1355/1355/1355 1281/1281/1281
f 1281/1281/1281 1355/1355/1355 1354/1354/1354
f 1283/1283/1283 1356/1356/1356 1282/1282/1282
f 1282/1282/1282 1356/1356/1356 1355/1355/1355
f 1284/1284/1284 1357/1357/1357 1283/1283/1283
f 1283/1283/1283 1357/1357/1357 1356/1356/1356
f 1285/1285/1285 1358/1358/1358 1284/1284/1284
f 1284/1284/1284 1358/1358/1358 1357/1357/1357
f 1286/1286/1286 1359/1359/1359 1285/1285/1285
f 1285/1285/1285 1359/1359/1359 1358/1358/1358
f 1287/1287/1287 1360/1360/1360 1286/1286/1286
f 1286/1286/1286 1360/1360/1360 1359/1359/1359
f 1288/1288/1288 1361/1361/1361 1287/1287/1287
f 1287/1287/1287 1361/1361/1361 1360/1360/1360
f 1289/1289/1289 1362/1362/1362 1288/1288/1288
f 1288/1288/1288 1362/1362/1362 1361/1361/1361
f 1290/1290/1290 1363/1363/1363 1289/1289/1289
f 1289/1289/1289 1363/1363/1363 1362/1362/1362
f 1291/1291/1291 1364/1364/1364 1290/1290/1290
f 1290/1290/1290 1364/1364/1364 1363/1363/1363
f 1292/1292/1292 1365/1365/1365 1291/1291/1291
f 1291/1291/1291 1365/1365/1365 1364/1364/1364
f 1293/1293/1293 1366/1366/1366 1292/1292/1292
f 1292/1292/1292 1366/1366/1366 1365/1365/1365
f 1294/1294/1294 1367/1367/1367 1293/1293/1293
f 1293/1293/1293 1367/1367/1367 1366/1366/1366
f 1295/1295/1295 1368/1368/1368 1294/1294/1294
f 1294/1294/1294 1368/1368/1368 1367/1367/1367
f 1296/1296/1296 1369/1369/1369 1295/1295/1295
f 1295/1295/1295 1369/1369/1369 1368/1368/1368
f 1297/1297/1297 1370/1370/1370 1296/1296/1296
f 1296/1296/1296 1370/1370/1370 1369/1369/1369
f 1298/1298/1298 1371/1371/1371 1297/1297/1297
f 1297/1297/1297 1371/1371/1371 1370/1370/1370
f 1299/1299/1299 1372/1372/1372 1298/1298/1298
f 1298/1298/1298 1372/1372/1372 1371/1371/1371
f 1300/1300/1300 1373/1373/1373 1299/1299/1299
f 1299/1299/1299 1373/1373/1373 1372/1372/1372
f 1301/1301/1301 1374/1374/1374 1300/1300/1300
f 1300/1300/1300 1374/1374/1374 1373/1373/1373
f 1302/1302/1302 1375/1375/1375 1301/1301/1301
f 1301/1301/1301 1375/1375/1375 1374/1374/1374
f 1303/1303/1303 1376/1376/1376 1302/1302/1302
f 1302/1302/1302 1376/1376/1376 1375/1375/1375
f 1304/1304/1304 1377/1377/1377 1303/1303/1303
f 1303/1303/1303 1377/1377/1377 1376/1376/1376
f 1305/1305/1305 1378/1378/1378 1304/1304/1304
f 1304/1304/1304 1378/1378/1378 1377/1377/1377
f 1306/1306/1306 1379/1379/1379 1305/1305/1305
f 1305/1305/1305 1379/1379/1379 1378/1378/1378
f 1307/1307/1307 1380/1380/1380 1306/1306/1306
f 1306/1306/1306 1380/1380/1380 1379/1379/1379
f 1308/1308/1308 1381/1381/1381 1307/1307/1307
f 1307/1307/1307 1381/1381/1381 1380/1380/1380
f 1309/1309/1309 1382/1382/1382 1308/1308/1308
f 1308/1308/1308 1382/1382/1382 1381/1381/1381
f 1310/1310/1310 1383/1383/1383 1309/1309/1309
f 1309/1309/1309 1383/1383/1383 1382/1382/1382
f 1311/1311/1311 1384/1384/1384 1310/1310/1310
f 1310/1310/1310 1384/1384/1384 1383/1383/1383
f 1312/1312/1312 1385/1385/1385 1311/1311/1311
f 1311/1311/1311 1385/1385/1385 1384/1384/1384
f 1313/1313/1313 1386/1386/1386 1312/1312/1312
f 1312/1312/1312 1386/1386/1386 1385/1385/1385
f 1314/1314/1314 1387/1387/1387 1313/1313/1313
f 1313/1313/1313 1387/1387/1387 1386/1386/1386
f 1316/1316/1316 1389/1389/1389 1315/1315/1315
f 1315/1315/1315 1389/1389/1389 1388/1388/1388
f 1317/1317/1317 1390/1390/1390 1316/1316/1316
f 1316/1316/1316 1390/1390/1390 1389/1389/1389
f 1318/1318/1318 1391/1391/1391 1317/1317/1317
f 1317/1317/1317 1391/1391/1391 1390/1390/1390
f 1319/1319/1319 1392/1392/1392 1318/1318/1318
f 1318/1318/1318 1392/1392/1392 1391/1391/1391
f 1320/1320/1320 1393/1393/1393 1319/1319/1319
f 1319/1319/1319 1393/1393/1393 1392/1392/1392
f 1321/1321/1321 1394/1394/1394 1320/1320/1320
f 1320/1320/1320 1394/1394/1394 1393/1393/1393
f 1322/1322/1322 1395/1395/1395 1321/1321/1321
f 1321/1321/1321 1395/1395/1395 1394/1394/1394
f 1323/1323/1323 1396/1396/1396 1322/1322/1322
f 1322/1322/1322 1396/1396/1396 1395/1395/1395
f 1324/1324/1324 1397/1397/1397 1323/1323/1323
f 1323/1323/1323 1397/1397/1397 1396/1396/1396
f 1325/1325/1325 1398/1398/1398 1324/1324/1324
f 1324/1324/1324 1398/1398/1398 1397/1397/1397
f 1326/1326/1326 1399/1399/1399 1325/1325/1325
f 1325/1325/1325 1399/1399/1399 1398/1398/1398
f 1327/1327/1327 1400/1400/1400 1326/1326/1326
f 1326/1326/1326 1400/1400/1400 1399/1399/1399
f 1328/1328/1328 1401/1401/1401 1327/1327/1327
f 1327/1327/1327 1401/1401/1401 1400/1400/1400
f 1329/1329/1329 1402/1402/1402 1328/1328/1328
f 1328/1328/1328 1402/1402/1402 1401/1401/1401
f 1330/1330/1330 1403/1403/1403 1329/1329/1329
f 1329/1329/1329 1403/1403/1403 1402/1402/1402
f 1331/1331/1331 1404/1404/1404 1330/1330/1330
f 1330/1330/1330 1404/1404/1404 1403/1403/1403
f 1332/1332/1332 1405/1405/1405 1331/1331/1331
f 1331/1331/1331 1405/1405/1405 1404/1404/1404
f 1333/1333/1333 1406/1406/1406 1332/1332/1332
f 1332/1332/1332 1406/1406/1406 1405/1405/1405
f 1334/1334/1334 1407/1407/1407 1333/1333/1333
f 1333/1333/1333 1407/1407/1407 1406/1406/1406
f 1335/1335/1335 1408/1408/1408 1334/1334/1334
f 1334/1334/1334 1408/1408/1408 1407/1407/1407
f 1336/1336/1336 1409/1409/1409 1335/1335/1335
f 1335/1335/1335 1409/1409/1409 1408/1408/1408
f 1337/1337/1337 1410/1410/1410 1336/1336/1336
f 1336/1336/1336 1410/1410/1410 1409/1409/1409
f 1338/1338/1338 1411/1411/1411 1337/1337/1337
f 1337/1337/1337 1411/1411/1411 1410/1410/1410
f 1339/1339/1339 1412/1412/1412 1338/1338/1338
f 1338/1338/1338 1412/1412/1412 1411/1411/1411
f 1340/1340/1340 1413/1413/1413 1339/1339/1339
f 1339/1339/1339 1413/1413/1413 1412/1412/1412
f 1341/1341/1341 1414/1414/1414 1340/1340/1340
f 1340/1340/1340 1414/1414/1414 1413/1413/1413
f 1342/1342/1342 1415/1415/1415 1341/1341/1341
f 1341/1341/1341 1415/1415/1415 1414/1414/1414
f 1343/1343/1343 1416/1416/1416 1342/1342/1342
f 1342/1342/1342 1416/1416/1416 1415/1415/1415
f 1344/1344/1344 1417/1417/1417 1343/1343/1343
f 1343/1343/1343 1417/1417/1417 1416/1416/1416
f 1345/1345/1345 1418/1418/1418 1344/1344/1344
f 1344/1344/1344 1418/1418/1418 1417/1417/1417
f 1346/1346/1346 1419/1419/1419 1345/1345/1345
f 1345/1345/1345 1419/1419/1419 1418/1418/1418
f 1347/1347/1347 1420/1420/1420 1346/1346/1346
f 1346/1346/1346 1420/1420/1420 1419/1419/1419
f 1348/1348/1348 1421/1421/1421 1347/1347/1347
f 1347/1347/1347 1421/1421/1421 1420/1420/1420
f 1349/1349/1349 1422/1422/1422 1348/1348/1348
f 1348/1348/1348 1422/1422/1422 1421/1421/1421
f 1350/1350/1350 1423/1423/1423 1349/1349/1349
f 1349/1349/1349 1423/1423/1423 1422/1422/1422
f 1351/1351/1351 1424/1424/1424 1350/1350/1350
f 1350/1350/1350 1424/1424/1424 1423/1423/1423
f 1352/1352/1352 1425/1425/1425 1351/1351/1351
f 1351/1351/1351 1425/1425/1425 1424/1424/1424
f 1353/1353/1353 1426/1426/1426 1352/1352/1352
f 1352/1352/1352 1426/1426/1426 1425/1425/1425
f 1354/1354/1354 1427/1427/1427 1353/1353/1353
f 1353/1353/1353 1427/1427/1427 1426/1426/1426
f 1355/1355/1355 1428/1428/1428 1354/1354/1354
f 1354/1354/1354 1428/1428/1428 1427/1427/1427
f 1356/1356/1356 1429/1429/1429 1355/1355/1355
f 1355/1355/1355 1429/1429/1429 1428/1428/1428
f 1357/1357/1357 1430/1430/1430 1356/1356/1356
f 1356/1356/1356 1430/1430/1430 1429/1429/1429
f 1358/1358/1358 1431/1431/1431 1357/1357/1357
f 1357/1357/1357 1431/1431/1431 1430/1430/1430
f 1359/1359/1359 1432/1432/1432 1358/1358/1358
f 1358/1358/1358 1432/1432/1432 1431/1431/1431
f 1360/1360/1360 1433/1433/1433 1359/1359/1359
f 1359/1359/1359 1433/1433/1433 1432/1432/1432
f 1361/1361/1361 1434/1434/1434 1360/1360/1360
f 1360/1360/1360 1434/1434/1434 1433/1433/1433
f 1362/1362/1362 1435/1435/1435 1361/1361/1361
f 1361/1361/1361 1435/1435/1435 1434/1434/1434
f 1363/1363/1363 1436/1436/1436 1362/1362/1362
f 1362/1362/1362 1436/1436/1436 1435/1435/1435
f 1364/1364/1364 1437/1437/1437 1363/1363/1363
f 1363/1363/1363 1437/1437/1437 1436/1436/1436
f 1365/1365/1365 1438/1438/1438 1364/1364/1364
f 1364/1364/1364 1438/1438/1438 1437/1437/1437
f 1366/1366/1366 1439/1439/1439 1365/1365/1365
f 1365/1365/1365 1439/1439/1439 1438/1438/1438
f 1367/1367/1367 1440/1440/1440 1366/1366/1366
f 1366/1366/1366 1440/1440/1440 1439/1439/1439
f 1368/1368/1368 1441/1441/1441 1367/1367/1367
f 1367/1367/1367 1441/1441/1441 1440/1440/1440
f 1369/1369/1369 1442/1442/1442 1368/1368/1368
f 1368/1368/1368 1442/1442/1442 1441/1441/1441
f 1370/1370/1370 1443/1443/1443 1369/1369/1369
f 1369/1369/1369 1443/1443/1443 1442/1442/1442
f 1371/1371/1371 1444/1444/1444 1370/1370/1370
f 1370/1370/1370 1444/1444/1444 1443/1443/1443
f 1372/1372/1372 1445/1445/1445 1371/1371/1371
f 1371/1371/1371 1445/1445/1445 1444/1444/1444
f 1373/1373/1373 1446/1446/1446 1372/1372/1372
f 1372/1372/1372 1446/1446/1446 1445/1445/1445
f 1374/1374/1374 1447/1447/1447 1373/1373/1373
f 1373/1373/1373 1447/1447/1447 1446/1446/1446
f 1375/1375/1375 1448/1448/1448 1374/1374/1374
f 1374/1374/1374 1448/1448/1448 1447/1447/1447
f 1376/1376/1376 1449/1449/1449 1375/1375/1375
f 1375/1375/1375 1449/1449/1449 1448/1448/1448
f 1377/1377/1377 1450/1450/1450 1376/1376/1376
f 1376/1376/1376 1450/1450/1450 1449/1449/1449
f 1378/1378/1378 1451/1451/1451 1377/1377/1377
f 1377/1377/1377 1451/1451/1451 1450/1450/1450
f 1379/1379/1379 1452/1452/1452 1378/1378/1378
f 1378/1378/1378 1452/1452/1452 1451/1451/1451
f 1380/1380/1380 1453/1453/1453 1379/1379/1379
f 1379/1379/1379 1453/1453/1453 1452/1452/1452
f 1381/1381/1381 1454/1454/1454 1380/1380/1380
f 1380/1380/1380 1454/1454/1454 1453/1453/1453
f 1382/1382/1382 1455/1455/1455 1381/1381/1381
f 1381/1381/1381 1455/1455/1455 1454/1454/1454
f 1383/1383/1383 1456/1456/1456 1382/1382/1382
f 1382/1382/1382 1456/1456/1456 1455/1455/1455
f 1384/1384/1384 1457/1457/1457 1383/1383/1383
f 1383/1383/1383 1457/1457/1457 1456/1456/1456
f 1385/1385/1385 1458/1458/1458 1384/1384/1384
f 1384/1384/1384 1458/1458/1458 1457/1457/1457
f 1386/1386/1386 1459/1459/1459 1385/1385/1385
f 1385/1385/1385 1459/1459/1459 1458/1458/1458
f 1387/1387/1387 1460/1460/1460 1386/1386/1386
f 1386/1386/1386 1460/1460/1460 1459/1459/1459
f 1389/1389/1389 1462/1462/1462 1388/1388/1388
f 1388/1388/1388 1462/1462/1462 1461/1461/1461
f 1390/1390/1390 1463/1463/1463 1389/1389/1389
f 1389/1389/1389 1463/1463/1463 1462/1462/1462
f 1391/1391/1391 1464/1464/1464 1390/1390/1390
f 1390/1390/1390 1464/1464/1464 1463/1463/1463
f 1392/1392/1392 1465/1465/1465 1391/1391/1391
f 1391/1391/1391 1465/1465/1465 1464/1464/1464
f 1393/1393/1393 1466/1466/1466 1392/1392/1392
f 1392/1392/1392 1466/1466/1466 1465/1465/1465
f 1394/1394/1394 1467/1467/1467 1393/1393/1393
f 1393/1393/1393 1467/1467/1467 1466/1466/1466
f 1395/1395/1395 1468/1468/1468 1394/1394/1394
f 1394/1394/1394 1468/1468/1468 1467/1467/1467
f 1396/1396/1396 1469/1469/1469 1395/1395/1395
f 1395/1395/1395 1469/1469/1469 1468/1468/1468
f 1397/1397/1397 1470/1470/1470 1396/1396/1396
f 1396/1396/1396 1470/1470/1470 1469/1469/1469
f 1398/1398/1398 1471/1471/1471 1397/1397/1397
f 1397/1397/1397 1471/1471/1471 1470/1470/1470
f 1399/1399/1399 1472/1472/1472 1398/1398/1398
f 1398/1398/1398 1472/1472/1472 1471/1471/1471
f 1400/1400/1400 1473/1473/1473 1399/1399/1399
f 1399/1399/1399 1473/1473/1473 1472/1472/1472
f 1401/1401/1401 1474/1474/1474 1400/1400/1400
f 1400/1400/1400 1474/1474/1474 1473/1473/1473
f 1402/1402/1402 1475/1475/1475 1401/1401/1401
f 1401/1401/1401 1475/1475/1475 1474/1474/1474
f 1403/1403/1403 1476/1476/1476 1402/1402/1402
f 1402/1402/1402 1476/1476/1476 1475/1475/1475
f 1404/1404/1404 1477/1477/1477 1403/1403/1403
f 1403/1403/1403 1477/1477/1477 1476/1476/1476
f 1405/1405/1405 1478/1478/1478 1404/1404/1404
f 1404/1404/1404 1478/1478/1478 1477/1477/1477
f 1406/1406/1406 1479/1479/1479 1405/1405/1405
f 1405/1405/1405 1479/1479/1479 1478/1478/1478
f 1407/1407/1407 1480/1480/1480 1406/1406/1406
f 1406/1406/1406 1480/1480/1480 1479/1479/1479
f 1408/1408/1408 1481/1481/1481 1407/1407/1407
f 1407/1407/1407 1481/1481/1481 1480/1480/1480
f 1409/1409/1409 1482/1482/1482 1408/1408/1408
f 1408/1408/1408 1482/1482/1482 1481/1481/1481
f 1410/1410/1410 1483/1483/1483 1409/1409/1409
f 1409/1409/1409 1483/1483/1483 1482/1482/1482
f 1411/1411/1411 1484/1484/1484 1410/1410/1410
f 1410/1410/1410 1484/1484/1484 1483/1483/1483
f 1412/1412/1412 1485/1485/1485 1411/1411/1411
f 1411/1411/1411 1485/1485/1485 1484/1484/1484
f 1413/1413/1413 1486/1486/1486 1412/1412/1412
f 1412/1412/1412 1486/1486/1486 1485/1485/1485
f 1414/1414/1414 1487/1487/1487 1413/1413/1413
f 1413/1413/1413 1487/1487/1487 1486/1486/1486
f 1415/1415/1415 1488/1488/1488 1414/1414/1414
f 1414/1414/1414 1488/1488/1488 1487/1487/1487
f 1416/1416/1416 1489/1489/1489 1415/1415/1415
f 1415/1415/1415 1489/1489/1489 1488/1488/1488
f 1417/1417/1417 1490/1490/1490 1416/1416/1416
f 1416/1416/1416 1490/1490/1490 1489/1489/1489
f 1418/1418/1418 1491/1491/1491 1417/1417/1417
f 1417/1417/1417 1491/1491/1491 1490/1490/1490
f 1419/1419/1419 1492/1492/1492 1418/1418/1418
f 1418/1418/1418 1492/1492/1492 1491/1491/1491
f 1420/1420/1420 1493/1493/1493 1419/1419/1419
f 1419/1419/1419 1493/1493/1493 1492/1492/1492
f 1421/1421/1421 1494/1494/1494 1420/1420/1420
f 1420/1420/1420 1494/1494/1494 1493/1493/1493
f 1422/1422/1422 1495/1495/1495 1421/1421/1421
f 1421/1421/1421 1495/1495/1495 1494/1494/1494
f 1423/1423/1423 1496/1496/1496 1422/1422/1422
f 1422/1422/1422 1496/1496/1496 1495/1495/1495
f 1424/1424/1424 1497/1497/1497 1423/1423/1423
f 1423/1423/1423 1497/1497/1497 1496/1496/1496
f 1425/1425/1425 1498/1498/1498 1424/1424/1424
f 1424/1424/1424 1498/1498/1498 1497/1497/1497
f 1426/1426/1426 1499/1499/1499 1425/1425/1425
f 1425/1425/1425 1499/1499/1499 1498/1498/1498
f 1427/1427/1427 1500/1500/1500 1426/1426/1426
f 1426/1426/1426 1500/1500/1500 1499/1499/1499
f 1428/1428/1428 1501/1501/1501 1427/1427/1427
f 1427/1427/1427 1501/1501/1501 1500/1500/1500
f 1429/1429/1429 1502/1502/1502 1428/1428/1428
f 1428/1428/1428 1502/1502/1502 1501/1501/1501
f 1430/1430/1430 1503/1503/1503 1429/1429/1429
f 1429/1429/1429 1503/1503/1503 1502/1502/1502
f 1431/1431/1431 1504/1504/1504 1430/1430/1430
f 1430/1430/1430 1504/1504/1504 1503/1503/1503
f 1432/1432/1432 1505/1505/1505 1431/1431/1431
f 1431/1431/1431 1505/1505/1505 1504/1504/1504
f 1433/1433/1433 1506/1506/1506 1432/1432/1432
f 1432/1432/1432 1506/1506/1506 1505/1505/1505
f 1434/1434/1434 1507/1507/1507 1433/1433/1433
f 1433/1433/1433 1507/1507/1507 1506/1506/1506
f 1435/1435/1435 1508/1508/1508 1434/1434/1434
f 1434/1434/1434 1508/1508/1508 1507/1507/1507
f 1436/1436/1436 1509/1509/1509 1435/1435/1435
f 1435/1435/1435 1509/1509/1509 1508/1508/1508
f 1437/1437/1437 1510/1510/1510 1436/1436/1436
f 1436/1436/1436 1510/1510/1510 1509/1509/1509
f 1438/1438/1438 1511/1511/1511 1437/1437/1437
f 1437/1437/1437 1511/1511/1511 1510/1510/1510
f 1439/1439/1439 1512/1512/1512 1438/1438/1438
f 1438/1438/1438 1512/1512/1512 1511/1511/1511
f 1440/1440/1440 1513/1513/1513 1439/1439/1439
f 1439/1439/1439 1513/1513/1513 1512/1512/1512
f 1441/1441/1441 1514/1514/1514 1440/1440/1440
f 1440/1440/1440 1514/1514/1514 1513/1513/1513
f 1442/1442/1442 1515/1515/1515 1441/1441/1441
f 1441/1441/1441 1515/1515/1515 1514/1514/1514
f 1443/1443/1443 1516/1516/1516 1442/1442/1442
f 1442/1442/1442 1516/1516/1516 1515/1515/1515
f 1444/1444/1444 1517/1517/1517 1443/1443/1443
f 1443/1443/1443 1517/1517/1517 1516/1516/1516
f 1445/1445/1445 1518/1518/1518 1444/1444/1444
f 1444/1444/1444 1518/1518/1518 1517/1517/1517
f 1446/1446/1446 1519/1519/1519 1445/1445/1445
f 1445/1445/1445 1519/1519/1519 1518/1518/1518
f 1447/1447/1447 1520/1520/1520 1446/1446/1446
f 1446/1446/1446 1520/1520/1520 1519/1519/1519
f 1448/1448/1448 1521/1521/1521 1447/1447/1447
f 1447/1447/1447 1521/1521/1521 1520/1520/1520
f 1449/1449/1449 1522/1522/1522 1448/1448/1448
f 1448/1448/1448 1522/1522/1522 1521/1521/1521
f 1450/1450/1450 1523/1523/1523 1449/1449/1449
f 1449/1449/1449 1523/1523/1523 1522/1522/1522
f 1451/1451/1451 1524/1524/1524 1450/1450/1450
f 1450/1450/1450 1524/1524/1524 1523/1523/1523
f 1452/1452/1452 1525/1525/1525 1451/1451/1451
f 1451/1451/1451 1525/1525/1525 1524/1524/1524
f 1453/1453/1453 1526/1526/1526 1452/1452/1452
f 1452/1452/1452 1526/1526/1526 1525/1525/1525
f 1454/1454/1454 1527/1527/1527 1453/1453/1453
f 1453/1453/1453 1527/1527/1527 1526/1526/1526
f 1455/1455/1455 1528/1528/1528 1454/1454/1454
f 1454/1454/1454 1528/1528/1528 1527/1527/1527
f 1456/1456/1456 1529/1529/1529 1455/1455/1455
f 1455/1455/1455 1529/1529/1529 1528/1528/1528
f 1457/1457/1457 1530/1530/1530 1456/1456/1456
f 1456/1456/1456 1530/1530/1530 1529/1529/1529
f 1458/1458/1458 1531/1531/1531 1457/1457/1457
f 1457/1457/1457 1531/1531/1531 1530/1530/1530
f 1459/1459/1459 1532/1532/1532 1458/1458/1458
f 1458/1458/1458 1532/1532/1532 1531/1531/1531
f 1460/1460/1460 1533/1533/1533 1459/1459/1459
f 1459/1459/1459 1533/1533/1533 1532/1532/1532
f 1462/1462/1462 1535/1535/1535 1461/1461/1461
f 1461/1461/1461 1535/1535/1535 1534/1534/1534
f 1463/1463/1463 1536/1536/1536 1462/1462/1462
f 1462/1462/1462 1536/1536/1536 1535/1535/1535
f 1464/1464/1464 1537/1537/1537 1463/1463/1463
f 1463/1463/1463 1537/1537/1537 1536/1536/1536
f 1465/1465/1465 1538/1538/1538 1464/1464/1464
f 1464/1464/1464 1538/1538/1538 1537/1537/1537
f 1466/1466/1466 1539/1539/1539 1465/1465/1465
f 1465/1465/1465 1539/1539/1539 1538/1538/1538
f 1467/1467/1467 1540/1540/1540 1466/1466/1466
f 1466/1466/1466 1540/1540/1540 1539/1539/1539
f 1468/1468/1468 1541/1541/1541 1467/1467/1467
f 1467/1467/1467 1541/1541/1541 1540/1540/1540
f 1469/1469/1469 1542/1542/1542 1468/1468/1468
f 1468/1468/1468 1542/1542/1542 1541/1541/1541
f 1470/1470/1470 1543/1543/1543 1469/1469/1469
f 1469/1469/1469 1543/1543/1543 1542/1542/1542
f 1471/1471/1471 1544/1544/1544 1470/1470/1470
f 1470/1470/1470 1544/1544/1544 1543/1543/1543
f 1472/1472/1472 1545/1545/1545 1471/1471/1471
f 1471/1471/1471 1545/1545/1545 1544/1544/1544
f 1473/1473/1473 1546/1546/1546 1472/1472/1472
f 1472/1472/1472 1546/1546/1546 1545/1545/1545
f 1474/1474/1474 1547/1547/1547 1473/1473/1473
f 1473/1473/1473 1547/1547/1547 1546/1546/1546
f 1475/1475/1475 1548/1548/1548 1474/1474/1474
f 1474/1474/1474 1548/1548/1548 1547/1547/1547
f 1476/1476/1476 1549/1549/1549 1475/1475/1475
f 1475/1475/1475 1549/1549/1549 1548/1548/1548
f 1477/1477/1477 1550/1550/1550 1476/1476/1476
f 1476/1476/1476 1550/1550/1550 1549/1549/1549
f 1478/1478/1478 1551/1551/1551 1477/1477/1477
f 1477/1477/1477 1551/1551/1551 1550/1550/1550
f 1479/1479/1479 1552/1552/1552 1478/1478/1478
f 1478/1478/1478 1552/1552/1552 1551/1551/1551
f 1480/1480/1480 1553/1553/1553 1479/1479/1479
f 1479/1479/1479 1553/1553/1553 1552/1552/1552
f 1481/1481/1481 1554/1554/1554 1480/1480/1480
f 1480/1480/1480 1554/1554/1554 1553/1553/1553
f 1482/1482/1482 1555/1555/1555 1481/1481/1481
f 1481/1481/1481 1555/1555/1555 1554/1554/1554
f 1483/1483/1483 1556/1556/1556 1482/1482/1482
f 1482/1482/1482 1556/1556/1556 1555/1555/1555
f 1484/1484/1484 1557/1557/1557 1483/1483/1483
f 1483/1483/1483 1557/1557/1557 1556/1556/1556
f 1485/1485/1485 1558/1558/1558 1484/1484/1484
f 1484/1484/1484 1558/1558/1558 1557/1557/1557
f 1486/1486/1486 1559/1559/1559 1485/1485/1485
f 1485/1485/1485 1559/1559/1559 1558/1558/1558
f 1487/1487/1487 1560/1560/1560 1486/1486/1486
f 1486/1486/1486 1560/1560/1560 1559/1559/1559
f 1488/1488/1488 1561/1561/1561 1487/1487/1487
f 1487/1487/1487 1561/1561/1561 1560/1560/1560
f 1489/1489/1489 1562/1562/1562 1488/1488/1488
f 1488/1488/1488 1562/1562/1562 1561/1561/1561
f 1490/1490/1490 1563/1563/1563 1489/1489/1489
f 1489/1489/1489 1563/1563/1563 1562/1562/1562
f 1491/1491/1491 1564/1564/1564 1490/1490/1490
f 1490/1490/1490 1564/1564/1564 1563/1563/1563
f 1492/1492/1492 1565/1565/1565 1491/1491/1491
f 1491/1491/1491 1565/1565/1565 1564/1564/1564
f 1493/1493/1493 1566/1566/1566 1492/1492/1492
f 1492/1492/1492 1566/1566/1566 1565/1565/1565
f 1494/1494/1494 1567/1567/1567 1493/1493/1493
f 1493/1493/1493 1567/1567/1567 1566/1566/1566
f 1495/1495/1495 1568/1568/1568 1494/1494/1494
f 1494/1494/1494 1568/1568/1568 1567/1567/1567
f 1496/1496/1496 1569/1569/1569 1495/1495/1495
f 1495/1495/1495 1569/1569/1569 1568/1568/1568
f 1497/1497/1497 1570/1570/1570 1496/1496/1496
f 1496/1496/1496 1570/1570/1570 1569/1569/1569
f 1498/1498/1498 1571/1571/1571 1497/1497/1497
f 1497/1497/1497 1571/1571/1571 1570/1570/1570
f 1499/1499/1499 1572/1572/1572 1498/1498/1498
f 1498/1498/1498 1572/1572/1572 1571/1571/1571
f 1500/1500/1500 1573/1573/1573 1499/1499/1499
f 1499/1499/1499 1573/1573/1573 1572/1572/1572
f 1501/1501/1501 1574/1574/1574 1500/1500/1500
f 1500/1500/1500 1574/1574/1574 1573/1573/1573
f 1502/1502/1502 1575/1575/1575 1501/1501/1501
f 1501/1501/1501 1575/1575/1575 1574/1574/1574
f 1503/1503/1503 1576/1576/1576 1502/1502/1502
f 1502/1502/1502 1576/1576/1576 1575/1575/1575
f 1504/1504/1504 1577/1577/1577 1503/1503/1503
f 1503/1503/1503 1577/1577/1577 1576/1576/1576
f 1505/1505/1505 1578/1578/1578 1504/1504/1504
f 1504/1504/1504 1578/1578/1578 1577/1577/1577
f 1506/1506/1506 1579/1579/1579 1505/1505/1505
f 1505/1505/1505 1579/1579/1579 1578/1578/1578
f 1507/1507/1507 1580/1580/1580 1506/1506/1506
f 1506/1506/1506 1580/1580/1580 1579/1579/1579
f 1508/1508/1508 1581/1581/1581 1507/1507/1507
f 1507/1507/1507 1581/1581/1581 1580/1580/1580
f 1509/1509/1509 1582/1582/1582 1508/1508/1508
f 1508/1508/1508 1582/1582/1582 1581/1581/1581
f 1510/1510/1510 1583/1583/1583 1509/1509/1509
f 1509/1509/1509 1583/1583/1583 1582/1582/1582
f 1511/1511/1511 1584/1584/1584 1510/1510/1510
f 1510/1510/1510 1584/1584/1584 1583/1583/1583
f 1512/1512/1512 1585/1585/1585 1511/1511/1511
f 1511/1511/1511 1585/1585/1585 1584/1584/1584
f 1513/1513/1513 1586/1586/1586 1512/1512/1512
f 1512/1512/1512 1586/1586/1586 1585/1585/1585
f 1514/1514/1514 1587/1587/1587 1513/1513/1513
f 1513/1513/1513 1587/1587/1587 1586/1586/1586
f 1515/1515/1515 1588/1588/1588 1514/1514/1514
f 1514/1514/1514 1588/1588/1588 1587/1587/1587
f 1516/1516/1516 1589/1589/1589 1515/1515/1515
f 1515/1515/1515 1589/1589/1589 1588/1588/1588
f 1517/1517/1517 1590/1590/1590 1516/1516/1516
f 1516/1516/1516 1590/1590/1590 1589/1589/1589
f 1518/1518/1518 1591/1591/1591 1517/1517/1517
f 1517/1517/1517 1591/1591/1591 1590/1590/1590
f 1519/1519/1519 1592/1592/1592 1518/1518/1518
f 1518/1518/1518 1592/1592/1592 1591/1591/1591
f 1520/1520/1520 1593/1593/1593 1519/1519/1519
f 1519/1519/1519 1593/1593/1593 1592/1592/1592
f 1521/1521/1521 1594/1594/1594 1520/1520/1520
f 1520/1520/1520 1594/1594/1594 1593/1593/1593
f 1522/1522/1522 1595/1595/1595 1521/1521/1521
f 1521/1521/1521 1595/1595/1595 1594/1594/1594
f 1523/1523/1523 1596/1596/1596 1522/1522/1522
f 1522/1522/1522 1596/1596/1596 1595/1595/1595
f 1524/1524/1524 1597/1597/1597 1523/1523/1523
f 1523/1523/1523 1597/1597/1597 1596/1596/1596
f 1525/1525/1525 1598/1598/1598 1524/1524/1524
f 1524/1524/1524 1598/1598/1598 1597/1597/1597
f 1526/1526/1526 1599/1599/1599 1525/1525/1525
f 1525/1525/1525 1599/1599/1599 1598/1598/1598
f 1527/1527/1527 1600/1600/1600 1526/1526/1526
f 1526/1526/1526 1600/1600/1600 1599/1599/1599
f 1528/1528/1528 1601/1601/1601 1527/1527/1527
f 1527/1527/1527 1601/1601/1601 1600/1600/1600
f 1529/1529/1529 1602/1602/1602 1528/1528/1528
f 1528/1528/1528 1602/1602/1602 1601/1601/1601
f 1530/1530/1530 1603/1603/1603 1529/1529/1529
f 1529/1529/1529 1603/1603/1603 1602/1602/1602
f 1531/1531/1531 1604/1604/1604 1530/1530/1530
f 1530/1530/1530 1604/1604/1604 1603/1603/1603
f 1532/1532/1532 1605/1605/1605 1531/1531/1531
f 1531/1531/1531 1605/1605/1605 1604/1604/1604
f 1533/1533/1533 1606/1606/1606 1532/1532/1532
f 1532/1532/1532 1606/1606/1606 1605/1605/1605
f 1535/1535/1535 1608/1608/1608 1534/1534/1534
f 1534/1534/1534 1608/1608/1608 1607/1607/1607
f 1536/1536/1536 1609/1609/1609 1535/1535/1535
f 1535/1535/1535 1609/1609/1609 1608/1608/1608
f 1537/1537/1537 1610/1610/1610 1536/1536/1536
f 1536/1536/1536 1610/1610/1610 1609/1609/1609
f 1538/1538/1538 1611/1611/1611 1537/1537/1537
f 1537/1537/1537 1611/1611/1611 1610/1610/1610
f 1539/1539/1539 1612/1612/1612 1538/1538/1538
f 1538/1538/1538 1612/1612/1612 1611/1611/1611
f 1540/1540/1540 1613/1613/1613 1539/1539/1539
f 1539/1539/1539 1613/1613/1613 1612/1612/1612
f 1541/1541/1541 1614/1614/1614 1540/1540/1540
f 1540/1540/1540 1614/1614/1614 1613/1613/1613
f 1542/1542/1542 1615/1615/1615 1541/1541/1541
f 1541/1541/1541 1615/1615/1615 1614/1614/1614
f 1543/1543/1543 1616/1616/1616 1542/1542/1542
f 1542/1542/1542 1616/1616/1616 1615/1615/1615
f 1544/1544/1544 1617/1617/1617 1543/1543/1543
f 1543/1543/1543 1617/1617/1617 1616/1616/1616
f 1545/1545/1545 1618/1618/1618 1544/1544/1544
f 1544/1544/1544 1618/1618/1618 1617/1617/1617
f 1546/1546/1546 1619/1619/1619 1545/1545/1545
f 1545/1545/1545 1619/1619/1619 1618/1618/1618
f 1547/1547/1547 1620/1620/1620 1546/1546/1546
f 1546/1546/1546 1620/1620/1620 1619/1619/1619
f 1548/1548/1548 1621/1621/1621 1547/1547/1547
f 1547/1547/1547 1621/1621/1621 1620/1620/1620
f 1549/1549/1549 1622/1622/1622 1548/1548/1548
f 1548/1548/1548 1622/1622/1622 1621/1621/1621
f 1550/1550/1550 1623/1623/1623 1549/1549/1549
f 1549/1549/1549 1623/1623/1623 1622/1622/1622
f 1551/1551/1551 1624/1624/1624 1550/1550/1550
f 1550/1550/1550 1624/1624/1624 1623/1623/1623
f 1552/1552/1552 1625/1625/1625 1551/1551/1551
f 1551/1551/1551 1625/1625/1625 1624/1624/1624
f 1553/1553/1553 1626/1626/1626 1552/1552/1552
f 1552/1552/1552 1626/1626/1626 1625/1625/1625
f 1554/1554/1554 1627/1627/1627 1553/1553/1553
f 1553/1553/1553 1627/1627/1627 1626/1626/1626
f 1555/1555/1555 1628/1628/1628 1554/1554/1554
f 1554/1554/1554 1628/1628/1628 1627/1627/1627
f 1556/1556/1556 1629/1629/1629 1555/1555/1555
f 1555/1555/1555 1629/1629/1629 1628/1628/1628
f 1557/1557/1557 1630/1630/1630 1556/1556/1556
f 1556/1556/1556 1630/1630/1630 1629/1629/1629
f 1558/1558/1558 1631/1631/1631 1557/1557/1557
f 1557/1557/1557 1631/1631/1631 1630/1630/1630
f 1559/1559/1559 1632/1632/1632 1558/1558/1558
f 1558/1558/1558 1632/1632/1632 1631/1631/1631
f 1560/1560/1560 1633/1633/1633 1559/1559/1559
f 1559/1559/1559 1633/1633/1633 1632/1632/1632
f 1561/1561/1561 1634/1634/1634 1560/1560/1560
f 1560/1560/1560 1634/1634/1634 1633/1633/1633
f 1562/1562/1562 1635/1635/1635 1561/1561/1561
f 1561/1561/1561 1635/1635/1635 1634/1634/1634
f 1563/1563/1563 1636/1636/1636 1562/1562/1562
f 1562/1562/1562 1636/1636/1636 1635/1635/1635
f 1564/1564/1564 1637/1637/1637 1563/1563/1563
f 1563/1563/1563 1637/1637/1637 1636/1636/1636
f 1565/1565/1565 1638/1638/1638 1564/1564/1564
f 1564/1564/1564 1638/1638/1638 1637/1637/1637
f 1566/1566/1566 1639/1639/1639 1565/1565/1565
f 1565/1565/1565 1639/1639/1639 1638/1638/1638
f 1567/1567/1567 1640/1640/1640 1566/1566/1566
f 1566/1566/1566 1640/1640/1640 1639/1639/1639
f 1568/1568/1568 1641/1641/1641 1567/1567/1567
f 1567/1567/1567 1641/1641/1641 1640/1640/1640
f 1569/1569/1569 1642/1642/1642 1568/1568/1568
f 1568/1568/1568 1642/1642/1642 1641/1641/1641
f 1570/1570/1570 1643/1643/1643 1569/1569/1569
f 1569/1569/1569 1643/1643/1643 1642/1642/1642
f 1571/1571/1571 1644/1644/1644 1570/1570/1570
f 1570/1570/1570 1644/1644/1644 1643/1643/1643
f 1572/1572/1572 1645/1645/1645 1571/1571/1571
f 1571/1571/1571 1645/1645/1645 1644/1644/1644
f 1573/1573/1573 1646/1646/1646 1572/1572/1572
f 1572/1572/1572 1646/1646/1646 1645/1645/1645
f 1574/1574/1574 1647/1647/1647 1573/1573/1573
f 1573/1573/1573 1647/1647/1647 1646/1646/1646
f 1575/1575/1575 1648/1648/1648 1574/1574/1574
f 1574/1574/1574 1648/1648/1648 1647/1647/1647
f 1576/1576/1576 1649/1649/1649 1575/1575/1575
f 1575/1575/1575 1649/1649/1649 1648/1648/1648
f 1577/1577/1577 1650/1650/1650 1576/1576/1576
f 1576/1576/1576 1650/1650/1650 1649/1649/1649
f 1578/1578/1578 1651/1651/1651 1577/1577/1577
f 1577/1577/1577 1651/1651/1651 1650/1650/1650
f 1579/1579/1579 1652/1652/1652 1578/1578/1578
f 1578/1578/1578 1652/1652/1652 1651/1651/1651
f 1580/1580/1580 1653/1653/1653 1579/1579/1579
f 1579/1579/1579 1653/1653/1653 1652/1652/1652
f 1581/1581/1581 1654/1654/1654 1580/1580/1580
f 1580/1580/1580 1654/1654/1654 1653/1653/1653
f 1582/1582/1582 1655/1655/1655 1581/1581/1581
f 1581/1581/1581 1655/1655/1655 1654/1654/1654
f 1583/1583/1583 1656/1656/1656 1582/1582/1582
f 1582/1582/1582 1656/1656/1656 1655/1655/1655
f 1584/1584/1584 1657/1657/1657 1583/1583/1583
f 1583/1583/1583 1657/1657/1657 1656/1656/1656
f 1585/1585/1585 1658/1658/1658 1584/1584/1584
f 1584/1584/1584 1658/1658/1658 1657/1657/1657
f 1586/1586/1586 1659/1659/1659 1585/1585/1585
f 1585/1585/1585 1659/1659/1659 1658/1658/1658
f 1587/1587/1587 1660/1660/1660 1586/1586/1586
f 1586/1586/1586 1660/1660/1660 1659/1659/1659
f 1588/1588/1588 1661/1661/1661 1587/1587/1587
f 1587/1587/1587 1661/1661/1661 1660/1660/1660
f 1589/1589/1589 1662/1662/1662 1588/1588/1588
f 1588/1588/1588 1662/1662/1662 1661/1661/1661
f 1590/1590/1590 1663/1663/1663 1589/1589/1589
f 1589/1589/1589 1663/1663/1663 1662/1662/1662
f 1591/1591/1591 1664/1664/1664 1590/1590/1590
f 1590/1590/1590 1664/1664/1664 1663/1663/1663
f 1592/1592/1592 1665/1665/1665 1591/1591/1591
f 1591/1591/1591 1665/1665/1665 1664/1664/1664
f 1593/1593/1593 1666/1666/1666 1592/1592/1592
f 1592/1592/1592 1666/1666/1666 1665/1665/1665
f 1594/1594/1594 1667/1667/1667 1593/1593/1593
f 1593/1593/1593 1667/1667/1667 1666/1666/1666
f 1595/1595/1595 1668/1668/1668 1594/1594/1594
f 1594/1594/1594 1668/1668/1668 1667/1667/1667
f 1596/1596/1596 1669/1669/1669 1595/1595/1595
f 1595/1595/1595 1669/1669/1669 1668/1668/1668
f 1597/1597/1597 1670/1670/1670 1596/1596/1596
f 1596/1596/1596 1670/1670/1670 1669/1669/1669
f 1598/1598/1598 1671/1671/1671 1597/1597/1597
f 1597/1597/1597 1671/1671/1671 1670/1670/1670
f 1599/1599/1599 1672/1672/1672 1598/1598/1598
f 1598/1598/1598 1672/1672/1672 1671/1671/1671
f 1600/1600/1600 1673/1673/1673 1599/1599/1599
f 1599/1599/1599 1673/1673/1673 1672/1672/1672
f 1601/1601/1601 1674/1674/1674 1600/1600/1600
f 1600/1600/1600 1674/1674/1674 1673/1673/1673
f 1602/1602/1602 1675/1675/1675 1601/1601/1601
f 1601/1601/1601 1675/1675/1675 1674/1674/1674
f 1603/1603/1603 1676/1676/1676 1602/1602/1602
f 1602/1602/1602 1676/1676/1676 1675/1675/1675
f 1604/1604/1604 1677/1677/1677 1603/1603/1603
f 1603/1603/1603 1677/1677/1677 1676/1676/1676
f 1605/1605/1605 1678/1678/1678 1604/1604/1604
f 1604/1604/1604 1678/1678/1678 1677/1677/1677
f 1606/1606/1606 1679/1679/1679 1605/1605/1605
f 1605/1605/1605 1679/1679/1679 1678/1678/1678
f 1608/1608/1608 1681/1681/1681 1607/1607/1607
f 1607/1607/1607 1681/1681/1681 1680/1680/1680
f 1609/1609/1609 1682/1682/1682 1608/1608/1608
f 1608/1608/1608 1682/1682/1682 1681/1681/1681
f 1610/1610/1610 1683/1683/1683 1609/1609/1609
f 1609/1609/1609 1683/1683/1683 1682/1682/1682
f 1611/1611/1611 1684/1684/1684 1610/1610/1610
f 1610/1610/1610 1684/1684/1684 1683/1683/1683
f 1612/1612/1612 1685/1685/1685 1611/1611/1611
f 1611/1611/1611 1685/1685/1685 1684/1684/1684
f 1613/1613/1613 1686/1686/1686 1612/1612/1612
f 1612/1612/1612 1686/1686/1686 1685/1685/1685
f 1614/1614/1614 1687/1687/1687 1613/1613/1613
f 1613/1613/1613 1687/1687/1687 1686/1686/1686
f 1615/1615/1615 1688/1688/1688 1614/1614/1614
f 1614/1614/1614 1688/1688/1688 1687/1687/1687
f 1616/1616/1616 1689/1689/1689 1615/1615/1615
f 1615/1615/1615 1689/1689/1689 1688/1688/1688
f 1617/1617/1617 1690/1690/1690 1616/1616/1616
f 1616/1616/1616 1690/1690/1690 1689/1689/1689
f 1618/1618/1618 1691/1691/1691 1617/1617/1617
f 1617/1617/1617 1691/1691/1691 1690/1690/1690
f 1619/1619/1619 1692/1692/1692 1618/1618/1618
f 1618/1618/1618 1692/1692/1692 1691/1691/1691
f 1620/1620/1620 1693/1693/1693 1619/1619/1619
f 1619/1619/1619 1693/1693/1693 1692/1692/1692
f 1621/1621/1621 1694/1694/1694 1620/1620/1620
f 1620/1620/1620 1694/1694/1694 1693/1693/1693
f 1622/1622/1622 1695/1695/1695 1621/1621/1621
f 1621/1621/1621 1695/1695/1695 1694/1694/1694
f 1623/1623/1623 1696/1696/1696 1622/1622/1622
f 1622/1622/1622 1696/1696/1696 1695/1695/1695
f 1624/1624/1624 1697/1697/1697 1623/1623/1623
f 1623/1623/1623 1697/1697/1697 1696/1696/1696
f 1625/1625/1625 1698/1698/1698 1624/1624/1624
f 1624/1624/1624 1698/1698/1698 1697/1697/1697
f 1626/1626/1626 1699/1699/1699 1625/1625/1625
f 1625/1625/1625 1699/1699/1699 1698/1698/1698
f 1627/1627/1627 1700/1700/1700 1626/1626/1626
f 1626/1626/1626 1700/1700/1700 1699/1699/1699
f 1628/1628/1628 1701/1701/1701 1627/1627/1627
f 1627/1627/1627 1701/1701/1701 1700/1700/1700
f 1629/1629/1629 1702/1702/1702 1628/1628/1628
f 1628/1628/1628 1702/1702/1702 1701/1701/1701
f 1630/1630/1630 1703/1703/1703 1629/1629/1629
f 1629/1629/1629 1703/1703/1703 1702/1702/1702
f 1631/1631/1631 1704/1704/1704 1630/1630/1630
f 1630/1630/1630 1704/1704/1704 1703/1703/1703
f 1632/1632/1632 1705/1705/1705 1631/1631/1631
f 1631/1631/1631 1705/1705/1705 1704/1704/1704
f 1633/1633/1633 1706/1706/1706 1632/1632/1632
f 1632/1632/1632 1706/1706/1706 1705/1705/1705
f 1634/1634/1634 1707/1707/1707 1633/1633/1633
f 1633/1633/1633 1707/1707/1707 1706/1706/1706
f 1635/1635/1635 1708/1708/1708 1634/1634/1634
f 1634/1634/1634 1708/1708/1708 1707/1707/1707
f 1636/1636/1636 1709/1709/1709 1635/1635/1635
f 1635/1635/1635 1709/1709/1709 1708/1708/1708
f 1637/1637/1637 1710/1710/1710 1636/1636/1636
f 1636/1636/1636 1710/1710/1710 1709/1709/1709
f 1638/1638/1638 1711/1711/1711 1637/1637/1637
f 1637/1637/1637 1711/1711/1711 1710/1710/1710
f 1639/1639/1639 1712/1712/1712 1638/1638/1638
f 1638/1638/1638 1712/1712/1712 1711/1711/1711
f 1640/1640/1640 1713/1713/1713 1639/1639/1639
f 1639/1639/1639 1713/1713/1713 1712/1712/1712
f 1641/1641/1641 1714/1714/1714 1640/1640/1640
f 1640/1640/1640 1714/1714/1714 1713/1713/1713
f 1642/1642/1642 1715/1715/1715 1641/1641/1641
f 1641/1641/1641 1715/1715/1715 1714/1714/1714
f 1643/1643/1643 1716/1716/1716 1642/1642/1642
f 1642/1642/1642 1716/1716/1716 1715/1715/1715
f 1644/1644/1644 1717/1717/1717 1643/1643/1643
f 1643/1643/1643 1717/1717/1717 1716/1716/1716
f 1645/1645/1645 1718/1718/1718 1644/1644/1644
f 1644/1644/1644 1718/1718/1718 1717/1717/1717
f 1646/1646/1646 1719/1719/1719 1645/1645/1645
f 1645/1645/1645 1719/1719/1719 1718/1718/1718
f 1647/1647/1647 1720/1720/1720 1646/1646/1646
f 1646/1646/1646 1720/1720/1720 1719/1719/1719
f 1648/1648/1648 1721/1721/1721 1647/1647/1647
f 1647/1647/1647 1721/1721/1721 1720/1720/1720
f 1649/1649/1649 1722/1722/1722 1648/1648/1648
f 1648/1648/1648 1722/1722/1722 1721/1721/1721
f 1650/1650/1650 1723/1723/1723 1649/1649/1649
f 1649/1649/1649 1723/1723/1723 1722/1722/1722
f 1651/1651/1651 1724/1724/1724 1650/1650/1650
f 1650/1650/1650 1724/1724/1724 1723/1723/1723
f 1652/1652/1652 1725/1725/1725 1651/1651/1651
f 1651/1651/1651 1725/1725/1725 1724/1724/1724
f 1653/1653/1653 1726/1726/1726 1652/1652/1652
f 1652/1652/1652 1726/1726/1726 1725/1725/1725
f 1654/1654/1654 1727/1727/1727 1653/1653/1653
f 1653/1653/1653 1727/1727/1727 1726/1726/1726
f 1655/1655/1655 1728/1728/1728 1654/1654/1654
f 1654/1654/1654 1728/1728/1728 1727/1727/1727
f 1656/1656/1656 1729/1729/1729 1655/1655/1655
f 1655/1655/1655 1729/1729/1729 1728/1728/1728
f 1657/1657/1657 1730/1730/1730 1656/1656/1656
f 1656/1656/1656 1730/1730/1730 1729/1729/1729
f 1658/1658/1658 1731/1731/1731 1657/1657/1657
f 1657/1657/1657 1731/1731/1731 1730/1730/1730
f 1659/1659/1659 1732/1732/1732 1658/1658/1658
f 1658/1658/1658 1732/1732/1732 1731/1731/1731
f 1660/1660/1660 1733/1733/1733 1659/1659/1659
f 1659/1659/1659 1733/1733/1733 1732/1732/1732
f 1661/1661/1661 1734/1734/1734 1660/1660/1660
f 1660/1660/1660 1734/1734/1734 1733/1733/1733
f 1662/1662/1662 1735/1735/1735 1661/1661/1661
f 1661/1661/1661 1735/1735/1735 1734/1734/1734
f 1663/1663/1663 1736/1736/1736 1662/1662/1662
f 1662/1662/1662 1736/1736/1736 1735/1735/1735
f 1664/1664/1664 1737/1737/1737 1663/1663/1663
f 1663/1663/1663 1737/1737/1737 1736/1736/1736
f 1665/1665/1665 1738/1738/1738 1664/1664/1664
f 1664/1664/1664 1738/1738/1738 1737/1737/1737
f 1666/1666/1666 1739/1739/1739 1665/1665/1665
f 1665/1665/1665 1739/1739/1739 1738/1738/1738
f 1667/1667/1667 1740/1740/1740 1666/1666/1666
f 1666/1666/1666 1740/1740/1740 1739/1739/1739
f 1668/1668/1668 1741/1741/1741 1667/1667/1667
f 1667/1667/1667 1741/1741/1741 1740/1740/1740
f 1669/1669/1669 1742/1742/1742 1668/1668/1668
f 1668/1668/1668 1742/1742/1742 1741/1741/1741
f 1670/1670/1670 1743/1743/1743 1669/1669/1669
f 1669/1669/1669 1743/1743/1743 1742/1742/1742
f 1671/1671/1671 1744/1744/1744 1670/1670/1670
f 1670/1670/1670 1744/1744/1744 1743/1743/1743
f 1672/1672/1672 1745/1745/1745 1671/1671/1671
f 1671/1671/1671 1745/1745/1745 1744/1744/1744
f 1673/1673/1673 1746/1746/1746 1672/1672/1672
f 1672/1672/1672 1746/1746/1746 1745/1745/1745
f 1674/1674/1674 1747/1747/1747 1673/1673/1673
f 1673/1673/1673 1747/1747/1747 1746/1746/1746
f 1675/1675/1675 1748/1748/1748 1674/1674/1674
f 1674/1674/1674 1748/1748/1748 1747/1747/1747
f 1676/1676/1676 1749/1749/1749 1675/1675/1675
f 1675/1675/1675 1749/1749/1749 1748/1748/1748
f 1677/1677/1677 1750/1750/1750 1676/1676/1676
f 1676/1676/1676 1750/1750/1750 1749/1749/1749
f 1678/1678/1678 1751/1751/1751 1677/1677/1677
f 1677/1677/1677 1751/1751/1751 1750/1750/1750
f 1679/1679/1679 1752/1752/1752 1678/1678/1678
f 1678/1678/1678 1752/1752/1752 1751/1751/1751
f 1681/1681/1681 1754/1754/1754 1680/1680/1680
f 1680/1680/1680 1754/1754/1754 1753/1753/1753
f 1682/1682/1682 1755/1755/1755 1681/1681/1681
f 1681/1681/1681 1755/1755/1755 1754/1754/1754
f 1683/1683/1683 1756/1756/1756 1682/1682/1682
f 1682/1682/1682 1756/1756/1756 1755/1755/1755
f 1684/1684/1684 1757/1757/1757 1683/1683/1683
f 1683/1683/1683 1757/1757/1757 1756/1756/1756
f 1685/1685/1685 1758/1758/1758 1684/1684/1684
f 1684/1684/1684 1758/1758/1758 1757/1757/1757
f 1686/1686/1686 1759/1759/1759 1685/1685/1685
f 1685/1685/1685 1759/1759/1759 1758/1758/1758
f 1687/1687/1687 1760/1760/1760 1686/1686/1686
f 1686/1686/1686 1760/1760/1760 1759/1759/1759
f 1688/1688/1688 1761/1761/1761 1687/1687/1687
f 1687/1687/1687 1761/1761/1761 1760/1760/1760
f 1689/1689/1689 1762/1762/1762 1688/1688/1688
f 1688/1688/1688 1762/1762/1762 1761/1761/1761
f 1690/1690/1690 1763/1763/1763 1689/1689/1689
f 1689/1689/1689 1763/1763/1763 1762/1762/1762
f 1691/1691/1691 1764/1764/1764 1690/1690/1690
f 1690/1690/1690 1764/1764/1764 1763/1763/1763
f 1692/1692/1692 1765/1765/1765 1691/1691/1691
f 1691/1691/1691 1765/1765/1765 1764/1764/1764
f 1693/1693/1693 1766/1766/1766 1692/1692/1692
f 1692/1692/1692 1766/1766/1766 1765/1765/1765
f 1694/1694/1694 1767/1767/1767 1693/1693/1693
f 1693/1693/1693 1767/1767/1767 1766/1766/1766
f 1695/1695/1695 1768/1768/1768 1694/1694/1694
f 1694/1694/1694 1768/1768/1768 1767/1767/1767
f 1696/1696/1696 1769/1769/1769 1695/1695/1695
f 1695/1695/1695 1769/1769/1769 1768/1768/1768
f 1697/1697/1697 1770/1770/1770 1696/1696/1696
f 1696/1696/1696 1770/1770/1770 1769/1769/1769
f 1698/1698/1698 1771/1771/1771 1697/1697/1697
f 1697/1697/1697 1771/1771/1771 1770/1770/1770
f 1699/1699/1699 1772/1772/1772 1698/1698/1698
f 1698/1698/1698 1772/1772/1772 1771/1771/1771
f 1700/1700/1700 1773/1773/1773 1699/1699/1699
f 1699/1699/1699 1773/1773/1773 1772/1772/1772
f 1701/1701/1701 1774/1774/1774 1700/1700/1700
f 1700/1700/1700 1774/1774/1774 1773/1773/1773
f 1702/1702/1702 1775/1775/1775 1701/1701/1701
f 1701/1701/1701 1775/1775/1775 1774/1774/1774
f 1703/1703/1703 1776/1776/1776 1702/1702/1702
f 1702/1702/1702 1776/1776/1776 1775/1775/1775
f 1704/1704/1704 1777/1777/1777 1703/1703/1703
f 1703/1703/1703 1777/1777/1777 1776/1776/1776
f 1705/1705/1705 1778/1778/1778 1704/1704/1704
f 1704/1704/1704 1778/1778/1778 1777/1777/1777
f 1706/1706/1706 1779/1779/1779 1705/1705/1705
f 1705/1705/1705 1779/1779/1779 1778/1778/1778
f 1707/1707/1707 1780/1780/1780 1706/1706/1706
f 1706/1706/1706 1780/1780/1780 1779/1779/1779
f 1708/1708/1708 1781/1781/1781 1707/1707/1707
f 1707/1707/1707 1781/1781/1781 1780/1780/1780
f 1709/1709/1709 1782/1782/1782 1708/1708/1708
f 1708/1708/1708 1782/1782/1782 1781/1781/1781
f 1710/1710/1710 1783/1783/1783 1709/1709/1709
f 1709/1709/1709 1783/1783/1783 1782/1782/1782
f 1711/1711/1711 1784/1784/1784 1710/1710/1710
f 1710/1710/1710 1784/1784/1784 1783/1783/1783
f 1712/1712/1712 1785/1785/1785 1711/1711/1711
f 1711/1711/1711 1785/1785/1785 1784/1784/1784
f 1713/1713/1713 1786/1786/1786 1712/1712/1712
f 1712/1712/1712 1786/1786/1786 1785/1785/1785
f 1714/1714/1714 1787/1787/1787 1713/1713/1713
f 1713/1713/1713 1787/1787/1787 1786/1786/1786
f 1715/1715/1715 1788/1788/1788 1714/1714/1714
f 1714/1714/1714 1788/1788/1788 1787/1787/1787
f 1716/1716/1716 1789/1789/1789 1715/1715/1715
f 1715/1715/1715 1789/1789/1789 1788/1788/1788
f 1717/1717/1717 1790/1790/1790 1716/1716/1716
f 1716/1716/1716 1790/1790/1790 1789/1789/1789
f 1718/1718/1718 1791/1791/1791 1717/1717/1717
f 1717/1717/1717 1791/1791/1791 1790/1790/1790
f 1719/1719/1719 1792/1792/1792 1718/1718/1718
f 1718/1718/1718 1792/1792/1792 1791/1791/1791
f 1720/1720/1720 1793/1793/1793 1719/1719/1719
f 1719/1719/1719 1793/1793/1793 1792/1792/1792
f 1721/1721/1721 1794/1794/1794 1720/1720/1720
f 1720/1720/1720 1794/1794/1794 1793/1793/1793
f 1722/1722/1722 1795/1795/1795 1721/1721/1721
f 1721/1721/1721 1795/1795/1795 1794/1794/1794
f 1723/1723/1723 1796/1796/1796 1722/1722/1722
f 1722/1722/1722 1796/1796/1796 1795/1795/1795
f 1724/1724/1724 1797/1797/1797 1723/1723/1723
f 1723/1723/1723 1797/1797/1797 1796/1796/1796
f 1725/1725/1725 1798/1798/1798 1724/1724/1724
f 1724/1724/1724 1798/1798/1798 1797/1797/1797
f 1726/1726/1726 1799/1799/1799 1725/1725/1725
f 1725/1725/1725 1799/1799/1799 1798/1798/1798
f 1727/1727/1727 1800/1800/1800 1726/1726/1726
f 1726/1726/1726 1800/1800/1800 1799/1799/1799
f 1728/1728/1728 1801/1801/1801 1727/1727/1727
f 1727/1727/1727 1801/1801/1801 1800/1800/1800
f 1729/1729/1729 1802/1802/1802 1728/1728/1728
f 1728/1728/1728 1802/1802/1802 1801/1801/1801
f 1730/1730/1730 1803/1803/1803 1729/1729/1729
f 1729/1729/1729 1803/1803/1803 1802/1802/1802
f 1731/1731/1731 1804/1804/1804 1730/1730/1730
f 1730/1730/1730 1804/1804/1804 1803/1803/1803
f 1732/1732/1732 1805/1805/1805 1731/1731/1731
f 1731/1731/1731 1805/1805/1805 1804/1804/1804
f 1733/1733/1733 1806/1806/1806 1732/1732/1732
f 1732/1732/1732 1806/1806/1806 1805/1805/1805
f 1734/1734/1734 1807/1807/1807 1733/1733/1733
f 1733/1733/1733 1807/1807/1807 1806/1806/1806
f 1735/1735/1735 1808/1808/1808 1734/1734/1734
f 1734/1734/1734 1808/1808/1808 1807/1807/1807
f 1736/1736/1736 1809/1809/1809 1735/1735/1735
f 1735/1735/1735 1809/1809/1809 1808/1808/1808
f 1737/1737/1737 1810/1810/1810 1736/1736/1736
f 1736/1736/1736 1810/1810/1810 1809/1809/1809
f 1738/1738/1738 1811/1811/1811 1737/1737/1737
f 1737/1737/1737 1811/1811/1811 1810/1810/1810
f 1739/1739/1739 1812/1812/1812 1738/1738/1738
f 1738/1738/1738 1812/1812/1812 1811/1811/1811
f 1740/1740/1740 1813/1813/1813 1739/1739/1739
f 1739/1739/1739 1813/1813/1813 1812/1812/1812
f 1741/1741/1741 1814/1814/1814 1740/1740/1740
f 1740/1740/1740 1814/1814/1814 1813/1813/1813
f 1742/1742/1742 1815/1815/1815 1741/1741/1741
f 1741/1741/1741 1815/1815/1815 1814/1814/1814
f 1743/1743/1743 1816/1816/1816 1742/1742/1742
f 1742/1742/1742 1816/1816/1816 1815/1815/1815
f 1744/1744/1744 1817/1817/1817 1743/1743/1743
f 1743/1743/1743 1817/1817/1817 1816/1816/1816
f 1745/1745/1745 1818/1818/1818 1744/1744/1744
f 1744/1744/1744 1818/1818/1818 1817/1817/1817
f 1746/1746/1746 1819/1819/1819 1745/1745/1745
f 1745/1745/1745 1819/1819/1819 1818/1818/1818
f 1747/1747/1747 1820/1820/1820 1746/1746/1746
f 1746/1746/1746 1820/1820/1820 1819/1819/1819
f 1748/1748/1748 1821/1821/1821 1747/1747/1747
f 1747/1747/1747 1821/1821/1821 1820/1820/1820
f 1749/1749/1749 1822/1822/1822 1748/1748/1748
f 1748/1748/1748 1822/1822/1822 1821/1821/1821
f 1750/1750/1750 1823/1823/1823 1749/1749/1749
f 1749/1749/1749 1823/1823/1823 1822/1822/1822
f 1751/1751/1751 1824/1824/1824 1750/1750/1750
f 1750/1750/1750 1824/1824/1824 1823/1823/1823
f 1752/1752/1752 1825/1825/1825 1751/1751/1751
f 1751/1751/1751 1825/1825/1825 1824/1824/1824
