# Sancta editable mesh extracted from the approved reference, cm, Z up
v 0.0 -100.0 100.0
v 0.0 -97.2222209 100.0
v 0.0 -94.4444418 100.0
v 0.0 -91.6666687 100.0
v 0.0 -88.8888896 100.0
v 0.0 -86.1111104 100.0
v 0.0 -83.3333313 100.0
v 0.0 -80.5555582 100.0
v 0.0 -77.7777791 100.0
v 0.0 -75.0 100.0
v 0.0 -72.2222209 100.0
v 0.0 -69.4444418 100.0
v 0.0 -66.6666687 100.0
v 0.0 -63.8888896 100.0
v 0.0 -61.1111104 100.0
v 0.0 -58.3333313 100.0
v 0.0 -55.5555582 100.0
v 0.0 -52.7777791 100.0
v 0.0 -50.0 100.0
v 0.0 -47.2222209 100.0
v 0.0 -44.4444448 100.0
v 0.0 -41.6666657 100.0
v 0.0 -38.8888896 100.0
v 0.0 -36.1111104 100.0
v 0.0 -33.3333343 100.0
v 0.0 -30.5555552 100.0
v 0.0 -27.7777791 100.0
v 0.0 -25.0 100.0
v 0.0 -22.2222224 100.0
v 0.0 -19.4444448 100.0
v 0.0 -16.6666672 100.0
v 0.0 -13.8888896 100.0
v 0.0 -11.1111112 100.0
v 0.0 -8.33333358 100.0
v 0.0 -5.5555556 100.0
v 0.0 -2.7777778 100.0
v 0.0 0.0 100.0
v 0.0 2.7777778 100.0
v 0.0 5.5555556 100.0
v 0.0 8.33333358 100.0
v 0.0 11.1111112 100.0
v 0.0 13.8888896 100.0
v 0.0 16.6666672 100.0
v 0.0 19.4444448 100.0
v 0.0 22.2222224 100.0
v 0.0 25.0 100.0
v 0.0 27.7777791 100.0
v 0.0 30.5555552 100.0
v 0.0 33.3333343 100.0
v 0.0 36.1111104 100.0
v 0.0 38.8888896 100.0
v 0.0 41.6666657 100.0
v 0.0 44.4444448 100.0
v 0.0 47.2222209 100.0
v 0.0 50.0 100.0
v 0.0 52.7777791 100.0
v 0.0 55.5555582 100.0
v 0.0 58.3333313 100.0
v 0.0 61.1111104 100.0
v 0.0 63.8888896 100.0
v 0.0 66.6666687 100.0
v 0.0 69.4444418 100.0
v 0.0 72.2222209 100.0
v 0.0 75.0 100.0
v 0.0 77.7777791 100.0
v 0.0 80.5555582 100.0
v 0.0 83.3333313 100.0
v 0.0 86.1111104 100.0
v 0.0 88.8888896 100.0
v 0.0 91.6666687 100.0
v 0.0 94.4444418 100.0
v 0.0 97.2222209 100.0
v 0.0 100.0 100.0
v 0.0 -100.0 97.2222209
v 0.0 -97.2222209 97.2222209
v 0.0 -94.4444418 97.2222209
v 0.0 -91.6666687 97.2222209
v 0.0 -88.8888896 97.2222209
v 0.0 -86.1111104 97.2222209
v 0.0 -83.3333313 97.2222209
v 0.0 -80.5555582 97.2222209
v 0.0 -77.7777791 97.2222209
v 0.0 -75.0 97.2222209
v 0.0 -72.2222209 97.2222209
v 0.0 -69.4444418 97.2222209
v 0.0 -66.6666687 97.2222209
v 0.0 -63.8888896 97.2222209
v 0.0 -61.1111104 97.2222209
v 0.0 -58.3333313 97.2222209
v 0.0 -55.5555582 97.2222209
v 0.0 -52.7777791 97.2222209
v 0.0 -50.0 97.2222209
v 0.0 -47.2222209 97.2222209
v 0.0 -44.4444448 97.2222209
v 0.0 -41.6666657 97.2222209
v 0.0 -38.8888896 97.2222209
v 0.0 -36.1111104 97.2222209
v 0.0 -33.3333343 97.2222209
v 0.0 -30.5555552 97.2222209
v 0.0 -27.7777791 97.2222209
v 0.0 -25.0 97.2222209
v 0.0 -22.2222224 97.2222209
v 0.0 -19.4444448 97.2222209
v 0.0 -16.6666672 97.2222209
v 0.0 -13.8888896 97.2222209
v 0.0 -11.1111112 97.2222209
v 0.0 -8.33333358 97.2222209
v 0.0 -5.5555556 97.2222209
v 0.0 -2.7777778 97.2222209
v 0.0 0.0 97.2222209
v 0.0 2.7777778 97.2222209
v 0.0 5.5555556 97.2222209
v 0.0 8.33333358 97.2222209
v 0.0 11.1111112 97.2222209
v 0.0 13.8888896 97.2222209
v 0.0 16.6666672 97.2222209
v 0.0 19.4444448 97.2222209
v 0.0 22.2222224 97.2222209
v 0.0 25.0 97.2222209
v 0.0 27.7777791 97.2222209
v 0.0 30.5555552 97.2222209
v 0.0 33.3333343 97.2222209
v 0.0 36.1111104 97.2222209
v 0.0 38.8888896 97.2222209
v 0.0 41.6666657 97.2222209
v 0.0 44.4444448 97.2222209
v 0.0 47.2222209 97.2222209
v 0.0 50.0 97.2222209
v 0.0 52.7777791 97.2222209
v 0.0 55.5555582 97.2222209
v 0.0 58.3333313 97.2222209
v 0.0 61.1111104 97.2222209
v 0.0 63.8888896 97.2222209
v 0.0 66.6666687 97.2222209
v 0.0 69.4444418 97.2222209
v 0.0 72.2222209 97.2222209
v 0.0 75.0 97.2222209
v 0.0 77.7777791 97.2222209
v 0.0 80.5555582 97.2222209
v 0.0 83.3333313 97.2222209
v 0.0 86.1111104 97.2222209
v 0.0 88.8888896 97.2222209
v 0.0 91.6666687 97.2222209
v 0.0 94.4444418 97.2222209
v 0.0 97.2222209 97.2222209
v 0.0 100.0 97.2222209
v 0.0 -100.0 94.4444418
v 0.0 -97.2222209 94.4444418
v 0.0 -94.4444418 94.4444418
v 0.0 -91.6666687 94.4444418
v 0.0 -88.8888896 94.4444418
v 0.0 -86.1111104 94.4444418
v 0.0 -83.3333313 94.4444418
v 0.0 -80.5555582 94.4444418
v 0.0 -77.7777791 94.4444418
v 0.0 -75.0 94.4444418
v 0.0 -72.2222209 94.4444418
v 0.0 -69.4444418 94.4444418
v 0.0 -66.6666687 94.4444418
v 0.0 -63.8888896 94.4444418
v 0.0 -61.1111104 94.4444418
v 0.0 -58.3333313 94.4444418
v 0.0 -55.5555582 94.4444418
v 0.0 -52.7777791 94.4444418
v 0.0 -50.0 94.4444418
v 0.0 -47.2222209 94.4444418
v 0.0 -44.4444448 94.4444418
v 0.0 -41.6666657 94.4444418
v 0.0 -38.8888896 94.4444418
v 0.0 -36.1111104 94.4444418
v 0.0 -33.3333343 94.4444418
v 0.0 -30.5555552 94.4444418
v 0.0 -27.7777791 94.4444418
v 0.0 -25.0 94.4444418
v 0.0 -22.2222224 94.4444418
v 0.0 -19.4444448 94.4444418
v 0.0 -16.6666672 94.4444418
v 0.0 -13.8888896 94.4444418
v 0.0 -11.1111112 94.4444418
v 0.0 -8.33333358 94.4444418
v 0.0 -5.5555556 94.4444418
v 0.0 -2.7777778 94.4444418
v 0.0 0.0 94.4444418
v 0.0 2.7777778 94.4444418
v 0.0 5.5555556 94.4444418
v 0.0 8.33333358 94.4444418
v 0.0 11.1111112 94.4444418
v 0.0 13.8888896 94.4444418
v 0.0 16.6666672 94.4444418
v 0.0 19.4444448 94.4444418
v 0.0 22.2222224 94.4444418
v 0.0 25.0 94.4444418
v 0.0 27.7777791 94.4444418
v 0.0 30.5555552 94.4444418
v 0.0 33.3333343 94.4444418
v 0.0 36.1111104 94.4444418
v 0.0 38.8888896 94.4444418
v 0.0 41.6666657 94.4444418
v 0.0 44.4444448 94.4444418
v 0.0 47.2222209 94.4444418
v 0.0 50.0 94.4444418
v 0.0 52.7777791 94.4444418
v 0.0 55.5555582 94.4444418
v 0.0 58.3333313 94.4444418
v 0.0 61.1111104 94.4444418
v 0.0 63.8888896 94.4444418
v 0.0 66.6666687 94.4444418
v 0.0 69.4444418 94.4444418
v 0.0 72.2222209 94.4444418
v 0.0 75.0 94.4444418
v 0.0 77.7777791 94.4444418
v 0.0 80.5555582 94.4444418
v 0.0 83.3333313 94.4444418
v 0.0 86.1111104 94.4444418
v 0.0 88.8888896 94.4444418
v 0.0 91.6666687 94.4444418
v 0.0 94.4444418 94.4444418
v 0.0 97.2222209 94.4444418
v 0.0 100.0 94.4444418
v 0.0 -100.0 91.6666687
v 0.0 -97.2222209 91.6666687
v 0.0 -94.4444418 91.6666687
v 0.0 -91.6666687 91.6666687
v 0.0 -88.8888896 91.6666687
v 0.0 -86.1111104 91.6666687
v 0.0 -83.3333313 91.6666687
v 0.0 -80.5555582 91.6666687
v 0.0 -77.7777791 91.6666687
v 0.0 -75.0 91.6666687
v 0.0 -72.2222209 91.6666687
v 0.0 -69.4444418 91.6666687
v 0.0 -66.6666687 91.6666687
v 0.0 -63.8888896 91.6666687
v 0.0 -61.1111104 91.6666687
v 0.0 -58.3333313 91.6666687
v 0.0 -55.5555582 91.6666687
v 0.0 -52.7777791 91.6666687
v 0.0 -50.0 91.6666687
v 0.0 -47.2222209 91.6666687
v 0.0 -44.4444448 91.6666687
v 0.0 -41.6666657 91.6666687
v 0.0 -38.8888896 91.6666687
v 0.0 -36.1111104 91.6666687
v 0.0 -33.3333343 91.6666687
v 0.0 -30.5555552 91.6666687
v 0.0 -27.7777791 91.6666687
v 0.0 -25.0 91.6666687
v 0.0 -22.2222224 91.6666687
v 0.0 -19.4444448 91.6666687
v 0.0 -16.6666672 91.6666687
v 0.0 -13.8888896 91.6666687
v 0.0 -11.1111112 91.6666687
v 0.0 -8.33333358 91.6666687
v 0.0 -5.5555556 91.6666687
v 0.0 -2.7777778 91.6666687
v 0.0 0.0 91.6666687
v 0.0 2.7777778 91.6666687
v 0.0 5.5555556 91.6666687
v 0.0 8.33333358 91.6666687
v 0.0 11.1111112 91.6666687
v 0.0 13.8888896 91.6666687
v 0.0 16.6666672 91.6666687
v 0.0 19.4444448 91.6666687
v 0.0 22.2222224 91.6666687
v 0.0 25.0 91.6666687
v 0.0 27.7777791 91.6666687
v 0.0 30.5555552 91.6666687
v 0.0 33.3333343 91.6666687
v 0.0 36.1111104 91.6666687
v 0.0 38.8888896 91.6666687
v 0.0 41.6666657 91.6666687
v 0.0 44.4444448 91.6666687
v 0.0 47.2222209 91.6666687
v 0.0 50.0 91.6666687
v 0.0 52.7777791 91.6666687
v 0.0 55.5555582 91.6666687
v 0.0 58.3333313 91.6666687
v 0.0 61.1111104 91.6666687
v 0.0 63.8888896 91.6666687
v 0.0 66.6666687 91.6666687
v 0.0 69.4444418 91.6666687
v 0.0 72.2222209 91.6666687
v 0.0 75.0 91.6666687
v 0.0 77.7777791 91.6666687
v 0.0 80.5555582 91.6666687
v 0.0 83.3333313 91.6666687
v 0.0 86.1111104 91.6666687
v 0.0 88.8888896 91.6666687
v 0.0 91.6666687 91.6666687
v 0.0 94.4444418 91.6666687
v 0.0 97.2222209 91.6666687
v 0.0 100.0 91.6666687
v 0.0 -100.0 88.8888896
v 0.0 -97.2222209 88.8888896
v 0.0 -94.4444418 88.8888896
v 0.0 -91.6666687 88.8888896
v 0.0 -88.8888896 88.8888896
v 0.0 -86.1111104 88.8888896
v 0.0 -83.3333313 88.8888896
v 0.0 -80.5555582 88.8888896
v 0.0 -77.7777791 88.8888896
v 0.0 -75.0 88.8888896
v 0.0 -72.2222209 88.8888896
v 0.0 -69.4444418 88.8888896
v 0.0 -66.6666687 88.8888896
v 0.0 -63.8888896 88.8888896
v 0.0 -61.1111104 88.8888896
v 0.0 -58.3333313 88.8888896
v 0.0 -55.5555582 88.8888896
v 0.0 -52.7777791 88.8888896
v 0.0 -50.0 88.8888896
v 0.0 -47.2222209 88.8888896
v 0.0 -44.4444448 88.8888896
v 0.0 -41.6666657 88.8888896
v 0.0 -38.8888896 88.8888896
v 0.0 -36.1111104 88.8888896
v 0.0 -33.3333343 88.8888896
v 0.0 -30.5555552 88.8888896
v 0.0 -27.7777791 88.8888896
v 0.0 -25.0 88.8888896
v 0.0 -22.2222224 88.8888896
v 0.0 -19.4444448 88.8888896
v 0.0 -16.6666672 88.8888896
v 0.0 -13.8888896 88.8888896
v 0.0 -11.1111112 88.8888896
v 0.0 -8.33333358 88.8888896
v 0.0 -5.5555556 88.8888896
v 0.0 -2.7777778 88.8888896
v 0.0 0.0 88.8888896
v 0.0 2.7777778 88.8888896
v 0.0 5.5555556 88.8888896
v 0.0 8.33333358 88.8888896
v 0.0 11.1111112 88.8888896
v 0.0 13.8888896 88.8888896
v 0.0 16.6666672 88.8888896
v 0.0 19.4444448 88.8888896
v 0.0 22.2222224 88.8888896
v 0.0 25.0 88.8888896
v 0.0 27.7777791 88.8888896
v 0.0 30.5555552 88.8888896
v 0.0 33.3333343 88.8888896
v 0.0 36.1111104 88.8888896
v 0.0 38.8888896 88.8888896
v 0.0 41.6666657 88.8888896
v 0.0 44.4444448 88.8888896
v 0.0 47.2222209 88.8888896
v 0.0 50.0 88.8888896
v 0.0 52.7777791 88.8888896
v 0.0 55.5555582 88.8888896
v 0.0 58.3333313 88.8888896
v 0.0 61.1111104 88.8888896
v 0.0 63.8888896 88.8888896
v 0.0 66.6666687 88.8888896
v 0.0 69.4444418 88.8888896
v 0.0 72.2222209 88.8888896
v 0.0 75.0 88.8888896
v 0.0 77.7777791 88.8888896
v 0.0 80.5555582 88.8888896
v 0.0 83.3333313 88.8888896
v 0.0 86.1111104 88.8888896
v 0.0 88.8888896 88.8888896
v 0.0 91.6666687 88.8888896
v 0.0 94.4444418 88.8888896
v 0.0 97.2222209 88.8888896
v 0.0 100.0 88.8888896
v 0.0 -100.0 86.1111104
v 0.0 -97.2222209 86.1111104
v 0.0 -94.4444418 86.1111104
v 0.0 -91.6666687 86.1111104
v 0.0 -88.8888896 86.1111104
v 0.0 -86.1111104 86.1111104
v 0.0 -83.3333313 86.1111104
v 0.0 -80.5555582 86.1111104
v 0.0 -77.7777791 86.1111104
v 0.0 -75.0 86.1111104
v 0.0 -72.2222209 86.1111104
v 0.0 -69.4444418 86.1111104
v 0.0 -66.6666687 86.1111104
v 0.0 -63.8888896 86.1111104
v 0.0 -61.1111104 86.1111104
v 0.0 -58.3333313 86.1111104
v 0.0 -55.5555582 86.1111104
v 0.0 -52.7777791 86.1111104
v 0.0 -50.0 86.1111104
v 0.0 -47.2222209 86.1111104
v 0.0 -44.4444448 86.1111104
v 0.0 -41.6666657 86.1111104
v 0.0 -38.8888896 86.1111104
v 0.0 -36.1111104 86.1111104
v 0.0 -33.3333343 86.1111104
v 0.0 -30.5555552 86.1111104
v 0.0 -27.7777791 86.1111104
v 0.0 -25.0 86.1111104
v 0.0 -22.2222224 86.1111104
v 0.0 -19.4444448 86.1111104
v 0.0 -16.6666672 86.1111104
v 0.0 -13.8888896 86.1111104
v 0.0 -11.1111112 86.1111104
v 0.0 -8.33333358 86.1111104
v 0.0 -5.5555556 86.1111104
v 0.0 -2.7777778 86.1111104
v 0.0 0.0 86.1111104
v 0.0 2.7777778 86.1111104
v 0.0 5.5555556 86.1111104
v 0.0 8.33333358 86.1111104
v 0.0 11.1111112 86.1111104
v 0.0 13.8888896 86.1111104
v 0.0 16.6666672 86.1111104
v 0.0 19.4444448 86.1111104
v 0.0 22.2222224 86.1111104
v 0.0 25.0 86.1111104
v 0.0 27.7777791 86.1111104
v 0.0 30.5555552 86.1111104
v 0.0 33.3333343 86.1111104
v 0.0 36.1111104 86.1111104
v 0.0 38.8888896 86.1111104
v 0.0 41.6666657 86.1111104
v 0.0 44.4444448 86.1111104
v 0.0 47.2222209 86.1111104
v 0.0 50.0 86.1111104
v 0.0 52.7777791 86.1111104
v 0.0 55.5555582 86.1111104
v 0.0 58.3333313 86.1111104
v 0.0 61.1111104 86.1111104
v 0.0 63.8888896 86.1111104
v 0.0 66.6666687 86.1111104
v 0.0 69.4444418 86.1111104
v 0.0 72.2222209 86.1111104
v 0.0 75.0 86.1111104
v 0.0 77.7777791 86.1111104
v 0.0 80.5555582 86.1111104
v 0.0 83.3333313 86.1111104
v 0.0 86.1111104 86.1111104
v 0.0 88.8888896 86.1111104
v 0.0 91.6666687 86.1111104
v 0.0 94.4444418 86.1111104
v 0.0 97.2222209 86.1111104
v 0.0 100.0 86.1111104
v 0.0 -100.0 83.3333313
v 0.0 -97.2222209 83.3333313
v 0.0 -94.4444418 83.3333313
v 0.0 -91.6666687 83.3333313
v 0.0 -88.8888896 83.3333313
v 0.0 -86.1111104 83.3333313
v 0.0 -83.3333313 83.3333313
v 0.0 -80.5555582 83.3333313
v 0.0 -77.7777791 83.3333313
v 0.0 -75.0 83.3333313
v 0.0 -72.2222209 83.3333313
v 0.0 -69.4444418 83.3333313
v 0.0 -66.6666687 83.3333313
v 0.0 -63.8888896 83.3333313
v 0.0 -61.1111104 83.3333313
v 0.0 -58.3333313 83.3333313
v 0.0 -55.5555582 83.3333313
v 0.0 -52.7777791 83.3333313
v 0.0 -50.0 83.3333313
v 0.0 -47.2222209 83.3333313
v 0.0 -44.4444448 83.3333313
v 0.0 -41.6666657 83.3333313
v 0.0 -38.8888896 83.3333313
v 0.0 -36.1111104 83.3333313
v 0.0 -33.3333343 83.3333313
v 0.0 -30.5555552 83.3333313
v 0.0 -27.7777791 83.3333313
v 0.0 -25.0 83.3333313
v 0.0 -22.2222224 83.3333313
v 0.0 -19.4444448 83.3333313
v 0.0 -16.6666672 83.3333313
v 0.0 -13.8888896 83.3333313
v 0.0 -11.1111112 83.3333313
v 0.0 -8.33333358 83.3333313
v 0.0 -5.5555556 83.3333313
v 0.0 -2.7777778 83.3333313
v 0.0 0.0 83.3333313
v 0.0 2.7777778 83.3333313
v 0.0 5.5555556 83.3333313
v 0.0 8.33333358 83.3333313
v 0.0 11.1111112 83.3333313
v 0.0 13.8888896 83.3333313
v 0.0 16.6666672 83.3333313
v 0.0 19.4444448 83.3333313
v 0.0 22.2222224 83.3333313
v 0.0 25.0 83.3333313
v 0.0 27.7777791 83.3333313
v 0.0 30.5555552 83.3333313
v 0.0 33.3333343 83.3333313
v 0.0 36.1111104 83.3333313
v 0.0 38.8888896 83.3333313
v 0.0 41.6666657 83.3333313
v 0.0 44.4444448 83.3333313
v 0.0 47.2222209 83.3333313
v 0.0 50.0 83.3333313
v 0.0 52.7777791 83.3333313
v 0.0 55.5555582 83.3333313
v 0.0 58.3333313 83.3333313
v 0.0 61.1111104 83.3333313
v 0.0 63.8888896 83.3333313
v 0.0 66.6666687 83.3333313
v 0.0 69.4444418 83.3333313
v 0.0 72.2222209 83.3333313
v 0.0 75.0 83.3333313
v 0.0 77.7777791 83.3333313
v 0.0 80.5555582 83.3333313
v 0.0 83.3333313 83.3333313
v 0.0 86.1111104 83.3333313
v 0.0 88.8888896 83.3333313
v 0.0 91.6666687 83.3333313
v 0.0 94.4444418 83.3333313
v 0.0 97.2222209 83.3333313
v 0.0 100.0 83.3333313
v 0.0 -100.0 80.5555582
v 0.0 -97.2222209 80.5555582
v 0.0 -94.4444418 80.5555582
v 0.0 -91.6666687 80.5555582
v 0.0 -88.8888896 80.5555582
v 0.0 -86.1111104 80.5555582
v 0.0 -83.3333313 80.5555582
v 0.0 -80.5555582 80.5555582
v 0.0 -77.7777791 80.5555582
v 0.0 -75.0 80.5555582
v 0.0 -72.2222209 80.5555582
v 0.0 -69.4444418 80.5555582
v 0.0 -66.6666687 80.5555582
v 0.0 -63.8888896 80.5555582
v 0.0 -61.1111104 80.5555582
v 0.0 -58.3333313 80.5555582
v 0.0 -55.5555582 80.5555582
v 0.0 -52.7777791 80.5555582
v 0.0 -50.0 80.5555582
v 0.0 -47.2222209 80.5555582
v 0.0 -44.4444448 80.5555582
v 0.0 -41.6666657 80.5555582
v 0.0 -38.8888896 80.5555582
v 0.0 -36.1111104 80.5555582
v 0.0 -33.3333343 80.5555582
v 0.0 -30.5555552 80.5555582
v 0.0 -27.7777791 80.5555582
v 0.0 -25.0 80.5555582
v 0.0 -22.2222224 80.5555582
v 0.0 -19.4444448 80.5555582
v 0.0 -16.6666672 80.5555582
v 0.0 -13.8888896 80.5555582
v 0.0 -11.1111112 80.5555582
v 0.0 -8.33333358 80.5555582
v 0.0 -5.5555556 80.5555582
v 0.0 -2.7777778 80.5555582
v 0.0 0.0 80.5555582
v 0.0 2.7777778 80.5555582
v 0.0 5.5555556 80.5555582
v 0.0 8.33333358 80.5555582
v 0.0 11.1111112 80.5555582
v 0.0 13.8888896 80.5555582
v 0.0 16.6666672 80.5555582
v 0.0 19.4444448 80.5555582
v 0.0 22.2222224 80.5555582
v 0.0 25.0 80.5555582
v 0.0 27.7777791 80.5555582
v 0.0 30.5555552 80.5555582
v 0.0 33.3333343 80.5555582
v 0.0 36.1111104 80.5555582
v 0.0 38.8888896 80.5555582
v 0.0 41.6666657 80.5555582
v 0.0 44.4444448 80.5555582
v 0.0 47.2222209 80.5555582
v 0.0 50.0 80.5555582
v 0.0 52.7777791 80.5555582
v 0.0 55.5555582 80.5555582
v 0.0 58.3333313 80.5555582
v 0.0 61.1111104 80.5555582
v 0.0 63.8888896 80.5555582
v 0.0 66.6666687 80.5555582
v 0.0 69.4444418 80.5555582
v 0.0 72.2222209 80.5555582
v 0.0 75.0 80.5555582
v 0.0 77.7777791 80.5555582
v 0.0 80.5555582 80.5555582
v 0.0 83.3333313 80.5555582
v 0.0 86.1111104 80.5555582
v 0.0 88.8888896 80.5555582
v 0.0 91.6666687 80.5555582
v 0.0 94.4444418 80.5555582
v 0.0 97.2222209 80.5555582
v 0.0 100.0 80.5555582
v 0.0 -100.0 77.7777791
v 0.0 -97.2222209 77.7777791
v 0.0 -94.4444418 77.7777791
v 0.0 -91.6666687 77.7777791
v 0.0 -88.8888896 77.7777791
v 0.0 -86.1111104 77.7777791
v 0.0 -83.3333313 77.7777791
v 0.0 -80.5555582 77.7777791
v 0.0 -77.7777791 77.7777791
v 0.0 -75.0 77.7777791
v 0.0 -72.2222209 77.7777791
v 0.0 -69.4444418 77.7777791
v 0.0 -66.6666687 77.7777791
v 0.0 -63.8888896 77.7777791
v 0.0 -61.1111104 77.7777791
v 0.0 -58.3333313 77.7777791
v 0.0 -55.5555582 77.7777791
v 0.0 -52.7777791 77.7777791
v 0.0 -50.0 77.7777791
v 0.0 -47.2222209 77.7777791
v 0.0 -44.4444448 77.7777791
v 0.0 -41.6666657 77.7777791
v 0.0 -38.8888896 77.7777791
v 0.0 -36.1111104 77.7777791
v 0.0 -33.3333343 77.7777791
v 0.0 -30.5555552 77.7777791
v 0.0 -27.7777791 77.7777791
v 0.0 -25.0 77.7777791
v 0.0 -22.2222224 77.7777791
v 0.0 -19.4444448 77.7777791
v 0.0 -16.6666672 77.7777791
v 0.0 -13.8888896 77.7777791
v 0.0 -11.1111112 77.7777791
v 0.0 -8.33333358 77.7777791
v 0.0 -5.5555556 77.7777791
v 0.0 -2.7777778 77.7777791
v 0.0 0.0 77.7777791
v 0.0 2.7777778 77.7777791
v 0.0 5.5555556 77.7777791
v 0.0 8.33333358 77.7777791
v 0.0 11.1111112 77.7777791
v 0.0 13.8888896 77.7777791
v 0.0 16.6666672 77.7777791
v 0.0 19.4444448 77.7777791
v 0.0 22.2222224 77.7777791
v 0.0 25.0 77.7777791
v 0.0 27.7777791 77.7777791
v 0.0 30.5555552 77.7777791
v 0.0 33.3333343 77.7777791
v 0.0 36.1111104 77.7777791
v 0.0 38.8888896 77.7777791
v 0.0 41.6666657 77.7777791
v 0.0 44.4444448 77.7777791
v 0.0 47.2222209 77.7777791
v 0.0 50.0 77.7777791
v 0.0 52.7777791 77.7777791
v 0.0 55.5555582 77.7777791
v 0.0 58.3333313 77.7777791
v 0.0 61.1111104 77.7777791
v 0.0 63.8888896 77.7777791
v 0.0 66.6666687 77.7777791
v 0.0 69.4444418 77.7777791
v 0.0 72.2222209 77.7777791
v 0.0 75.0 77.7777791
v 0.0 77.7777791 77.7777791
v 0.0 80.5555582 77.7777791
v 0.0 83.3333313 77.7777791
v 0.0 86.1111104 77.7777791
v 0.0 88.8888896 77.7777791
v 0.0 91.6666687 77.7777791
v 0.0 94.4444418 77.7777791
v 0.0 97.2222209 77.7777791
v 0.0 100.0 77.7777791
v 0.0 -100.0 75.0
v 0.0 -97.2222209 75.0
v 0.0 -94.4444418 75.0
v 0.0 -91.6666687 75.0
v 0.0 -88.8888896 75.0
v 0.0 -86.1111104 75.0
v 0.0 -83.3333313 75.0
v 0.0 -80.5555582 75.0
v 0.0 -77.7777791 75.0
v 0.0 -75.0 75.0
v 0.0 -72.2222209 75.0
v 0.0 -69.4444418 75.0
v 0.0 -66.6666687 75.0
v 0.0 -63.8888896 75.0
v 0.0 -61.1111104 75.0
v 0.0 -58.3333313 75.0
v 0.0 -55.5555582 75.0
v 0.0 -52.7777791 75.0
v 0.0 -50.0 75.0
v 0.0 -47.2222209 75.0
v 0.0 -44.4444448 75.0
v 0.0 -41.6666657 75.0
v 0.0 -38.8888896 75.0
v 0.0 -36.1111104 75.0
v 0.0 -33.3333343 75.0
v 0.0 -30.5555552 75.0
v 0.0 -27.7777791 75.0
v 0.0 -25.0 75.0
v 0.0 -22.2222224 75.0
v 0.0 -19.4444448 75.0
v 0.0 -16.6666672 75.0
v 0.0 -13.8888896 75.0
v 0.0 -11.1111112 75.0
v 0.0 -8.33333358 75.0
v 0.0 -5.5555556 75.0
v 0.0 -2.7777778 75.0
v 0.0 0.0 75.0
v 0.0 2.7777778 75.0
v 0.0 5.5555556 75.0
v 0.0 8.33333358 75.0
v 0.0 11.1111112 75.0
v 0.0 13.8888896 75.0
v 0.0 16.6666672 75.0
v 0.0 19.4444448 75.0
v 0.0 22.2222224 75.0
v 0.0 25.0 75.0
v 0.0 27.7777791 75.0
v 0.0 30.5555552 75.0
v 0.0 33.3333343 75.0
v 0.0 36.1111104 75.0
v 0.0 38.8888896 75.0
v 0.0 41.6666657 75.0
v 0.0 44.4444448 75.0
v 0.0 47.2222209 75.0
v 0.0 50.0 75.0
v 0.0 52.7777791 75.0
v 0.0 55.5555582 75.0
v 0.0 58.3333313 75.0
v 0.0 61.1111104 75.0
v 0.0 63.8888896 75.0
v 0.0 66.6666687 75.0
v 0.0 69.4444418 75.0
v 0.0 72.2222209 75.0
v 0.0 75.0 75.0
v 0.0 77.7777791 75.0
v 0.0 80.5555582 75.0
v 0.0 83.3333313 75.0
v 0.0 86.1111104 75.0
v 0.0 88.8888896 75.0
v 0.0 91.6666687 75.0
v 0.0 94.4444418 75.0
v 0.0 97.2222209 75.0
v 0.0 100.0 75.0
v 0.0 -100.0 72.2222209
v 0.0 -97.2222209 72.2222209
v 0.0 -94.4444418 72.2222209
v 0.0 -91.6666687 72.2222209
v 0.0 -88.8888896 72.2222209
v 0.0 -86.1111104 72.2222209
v 0.0 -83.3333313 72.2222209
v 0.0 -80.5555582 72.2222209
v 0.0 -77.7777791 72.2222209
v 0.0 -75.0 72.2222209
v 0.0 -72.2222209 72.2222209
v 0.0 -69.4444418 72.2222209
v 0.0 -66.6666687 72.2222209
v 0.0 -63.8888896 72.2222209
v 0.0 -61.1111104 72.2222209
v 0.0 -58.3333313 72.2222209
v 0.0 -55.5555582 72.2222209
v 0.0 -52.7777791 72.2222209
v 0.0 -50.0 72.2222209
v 0.0 -47.2222209 72.2222209
v 0.0 -44.4444448 72.2222209
v 0.0 -41.6666657 72.2222209
v 0.0 -38.8888896 72.2222209
v 0.0 -36.1111104 72.2222209
v 0.0 -33.3333343 72.2222209
v 0.0 -30.5555552 72.2222209
v 0.0 -27.7777791 72.2222209
v 0.0 -25.0 72.2222209
v 0.0 -22.2222224 72.2222209
v 0.0 -19.4444448 72.2222209
v 0.0 -16.6666672 72.2222209
v 0.0 -13.8888896 72.2222209
v 0.0 -11.1111112 72.2222209
v 0.0 -8.33333358 72.2222209
v 0.0 -5.5555556 72.2222209
v 0.0 -2.7777778 72.2222209
v 0.0 0.0 72.2222209
v 0.0 2.7777778 72.2222209
v 0.0 5.5555556 72.2222209
v 0.0 8.33333358 72.2222209
v 0.0 11.1111112 72.2222209
v 0.0 13.8888896 72.2222209
v 0.0 16.6666672 72.2222209
v 0.0 19.4444448 72.2222209
v 0.0 22.2222224 72.2222209
v 0.0 25.0 72.2222209
v 0.0 27.7777791 72.2222209
v 0.0 30.5555552 72.2222209
v 0.0 33.3333343 72.2222209
v 0.0 36.1111104 72.2222209
v 0.0 38.8888896 72.2222209
v 0.0 41.6666657 72.2222209
v 0.0 44.4444448 72.2222209
v 0.0 47.2222209 72.2222209
v 0.0 50.0 72.2222209
v 0.0 52.7777791 72.2222209
v 0.0 55.5555582 72.2222209
v 0.0 58.3333313 72.2222209
v 0.0 61.1111104 72.2222209
v 0.0 63.8888896 72.2222209
v 0.0 66.6666687 72.2222209
v 0.0 69.4444418 72.2222209
v 0.0 72.2222209 72.2222209
v 0.0 75.0 72.2222209
v 0.0 77.7777791 72.2222209
v 0.0 80.5555582 72.2222209
v 0.0 83.3333313 72.2222209
v 0.0 86.1111104 72.2222209
v 0.0 88.8888896 72.2222209
v 0.0 91.6666687 72.2222209
v 0.0 94.4444418 72.2222209
v 0.0 97.2222209 72.2222209
v 0.0 100.0 72.2222209
v 0.0 -100.0 69.4444418
v 0.0 -97.2222209 69.4444418
v 0.0 -94.4444418 69.4444418
v 0.0 -91.6666687 69.4444418
v 0.0 -88.8888896 69.4444418
v 0.0 -86.1111104 69.4444418
v 0.0 -83.3333313 69.4444418
v 0.0 -80.5555582 69.4444418
v 0.0 -77.7777791 69.4444418
v 0.0 -75.0 69.4444418
v 0.0 -72.2222209 69.4444418
v 0.0 -69.4444418 69.4444418
v 0.0 -66.6666687 69.4444418
v 0.0 -63.8888896 69.4444418
v 0.0 -61.1111104 69.4444418
v 0.0 -58.3333313 69.4444418
v 0.0 -55.5555582 69.4444418
v 0.0 -52.7777791 69.4444418
v 0.0 -50.0 69.4444418
v 0.0 -47.2222209 69.4444418
v 0.0 -44.4444448 69.4444418
v 0.0 -41.6666657 69.4444418
v 0.0 -38.8888896 69.4444418
v 0.0 -36.1111104 69.4444418
v 0.0 -33.3333343 69.4444418
v 0.0 -30.5555552 69.4444418
v 0.0 -27.7777791 69.4444418
v 0.0 -25.0 69.4444418
v 0.0 -22.2222224 69.4444418
v 0.0 -19.4444448 69.4444418
v 0.0 -16.6666672 69.4444418
v 0.0 -13.8888896 69.4444418
v 0.0 -11.1111112 69.4444418
v 0.0 -8.33333358 69.4444418
v 0.0 -5.5555556 69.4444418
v 0.0 -2.7777778 69.4444418
v 0.0 0.0 69.4444418
v 0.0 2.7777778 69.4444418
v 0.0 5.5555556 69.4444418
v 0.0 8.33333358 69.4444418
v 0.0 11.1111112 69.4444418
v 0.0 13.8888896 69.4444418
v 0.0 16.6666672 69.4444418
v 0.0 19.4444448 69.4444418
v 0.0 22.2222224 69.4444418
v 0.0 25.0 69.4444418
v 0.0 27.7777791 69.4444418
v 0.0 30.5555552 69.4444418
v 0.0 33.3333343 69.4444418
v 0.0 36.1111104 69.4444418
v 0.0 38.8888896 69.4444418
v 0.0 41.6666657 69.4444418
v 0.0 44.4444448 69.4444418
v 0.0 47.2222209 69.4444418
v 0.0 50.0 69.4444418
v 0.0 52.7777791 69.4444418
v 0.0 55.5555582 69.4444418
v 0.0 58.3333313 69.4444418
v 0.0 61.1111104 69.4444418
v 0.0 63.8888896 69.4444418
v 0.0 66.6666687 69.4444418
v 0.0 69.4444418 69.4444418
v 0.0 72.2222209 69.4444418
v 0.0 75.0 69.4444418
v 0.0 77.7777791 69.4444418
v 0.0 80.5555582 69.4444418
v 0.0 83.3333313 69.4444418
v 0.0 86.1111104 69.4444418
v 0.0 88.8888896 69.4444418
v 0.0 91.6666687 69.4444418
v 0.0 94.4444418 69.4444418
v 0.0 97.2222209 69.4444418
v 0.0 100.0 69.4444418
v 0.0 -100.0 66.6666687
v 0.0 -97.2222209 66.6666687
v 0.0 -94.4444418 66.6666687
v 0.0 -91.6666687 66.6666687
v 0.0 -88.8888896 66.6666687
v 0.0 -86.1111104 66.6666687
v 0.0 -83.3333313 66.6666687
v 0.0 -80.5555582 66.6666687
v 0.0 -77.7777791 66.6666687
v 0.0 -75.0 66.6666687
v 0.0 -72.2222209 66.6666687
v 0.0 -69.4444418 66.6666687
v 0.0 -66.6666687 66.6666687
v 0.0 -63.8888896 66.6666687
v 0.0 -61.1111104 66.6666687
v 0.0 -58.3333313 66.6666687
v 0.0 -55.5555582 66.6666687
v 0.0 -52.7777791 66.6666687
v 0.0 -50.0 66.6666687
v 0.0 -47.2222209 66.6666687
v 0.0 -44.4444448 66.6666687
v 0.0 -41.6666657 66.6666687
v 0.0 -38.8888896 66.6666687
v 0.0 -36.1111104 66.6666687
v 0.0 -33.3333343 66.6666687
v 0.0 -30.5555552 66.6666687
v 0.0 -27.7777791 66.6666687
v 0.0 -25.0 66.6666687
v 0.0 -22.2222224 66.6666687
v 0.0 -19.4444448 66.6666687
v 0.0 -16.6666672 66.6666687
v 0.0 -13.8888896 66.6666687
v 0.0 -11.1111112 66.6666687
v 0.0 -8.33333358 66.6666687
v 0.0 -5.5555556 66.6666687
v 0.0 -2.7777778 66.6666687
v 0.0 0.0 66.6666687
v 0.0 2.7777778 66.6666687
v 0.0 5.5555556 66.6666687
v 0.0 8.33333358 66.6666687
v 0.0 11.1111112 66.6666687
v 0.0 13.8888896 66.6666687
v 0.0 16.6666672 66.6666687
v 0.0 19.4444448 66.6666687
v 0.0 22.2222224 66.6666687
v 0.0 25.0 66.6666687
v 0.0 27.7777791 66.6666687
v 0.0 30.5555552 66.6666687
v 0.0 33.3333343 66.6666687
v 0.0 36.1111104 66.6666687
v 0.0 38.8888896 66.6666687
v 0.0 41.6666657 66.6666687
v 0.0 44.4444448 66.6666687
v 0.0 47.2222209 66.6666687
v 0.0 50.0 66.6666687
v 0.0 52.7777791 66.6666687
v 0.0 55.5555582 66.6666687
v 0.0 58.3333313 66.6666687
v 0.0 61.1111104 66.6666687
v 0.0 63.8888896 66.6666687
v 0.0 66.6666687 66.6666687
v 0.0 69.4444418 66.6666687
v 0.0 72.2222209 66.6666687
v 0.0 75.0 66.6666687
v 0.0 77.7777791 66.6666687
v 0.0 80.5555582 66.6666687
v 0.0 83.3333313 66.6666687
v 0.0 86.1111104 66.6666687
v 0.0 88.8888896 66.6666687
v 0.0 91.6666687 66.6666687
v 0.0 94.4444418 66.6666687
v 0.0 97.2222209 66.6666687
v 0.0 100.0 66.6666687
v 0.0 -100.0 63.8888896
v 0.0 -97.2222209 63.8888896
v 0.0 -94.4444418 63.8888896
v 0.0 -91.6666687 63.8888896
v 0.0 -88.8888896 63.8888896
v 0.0 -86.1111104 63.8888896
v 0.0 -83.3333313 63.8888896
v 0.0 -80.5555582 63.8888896
v 0.0 -77.7777791 63.8888896
v 0.0 -75.0 63.8888896
v 0.0 -72.2222209 63.8888896
v 0.0 -69.4444418 63.8888896
v 0.0 -66.6666687 63.8888896
v 0.0 -63.8888896 63.8888896
v 0.0 -61.1111104 63.8888896
v 0.0 -58.3333313 63.8888896
v 0.0 -55.5555582 63.8888896
v 0.0 -52.7777791 63.8888896
v 0.0 -50.0 63.8888896
v 0.0 -47.2222209 63.8888896
v 0.0 -44.4444448 63.8888896
v 0.0 -41.6666657 63.8888896
v 0.0 -38.8888896 63.8888896
v 0.0 -36.1111104 63.8888896
v 0.0 -33.3333343 63.8888896
v 0.0 -30.5555552 63.8888896
v 0.0 -27.7777791 63.8888896
v 0.0 -25.0 63.8888896
v 0.0 -22.2222224 63.8888896
v 0.0 -19.4444448 63.8888896
v 0.0 -16.6666672 63.8888896
v 0.0 -13.8888896 63.8888896
v 0.0 -11.1111112 63.8888896
v 0.0 -8.33333358 63.8888896
v 0.0 -5.5555556 63.8888896
v 0.0 -2.7777778 63.8888896
v 0.0 0.0 63.8888896
v 0.0 2.7777778 63.8888896
v 0.0 5.5555556 63.8888896
v 0.0 8.33333358 63.8888896
v 0.0 11.1111112 63.8888896
v 0.0 13.8888896 63.8888896
v 0.0 16.6666672 63.8888896
v 0.0 19.4444448 63.8888896
v 0.0 22.2222224 63.8888896
v 0.0 25.0 63.8888896
v 0.0 27.7777791 63.8888896
v 0.0 30.5555552 63.8888896
v 0.0 33.3333343 63.8888896
v 0.0 36.1111104 63.8888896
v 0.0 38.8888896 63.8888896
v 0.0 41.6666657 63.8888896
v 0.0 44.4444448 63.8888896
v 0.0 47.2222209 63.8888896
v 0.0 50.0 63.8888896
v 0.0 52.7777791 63.8888896
v 0.0 55.5555582 63.8888896
v 0.0 58.3333313 63.8888896
v 0.0 61.1111104 63.8888896
v 0.0 63.8888896 63.8888896
v 0.0 66.6666687 63.8888896
v 0.0 69.4444418 63.8888896
v 0.0 72.2222209 63.8888896
v 0.0 75.0 63.8888896
v 0.0 77.7777791 63.8888896
v 0.0 80.5555582 63.8888896
v 0.0 83.3333313 63.8888896
v 0.0 86.1111104 63.8888896
v 0.0 88.8888896 63.8888896
v 0.0 91.6666687 63.8888896
v 0.0 94.4444418 63.8888896
v 0.0 97.2222209 63.8888896
v 0.0 100.0 63.8888896
v 0.0 -100.0 61.1111104
v 0.0 -97.2222209 61.1111104
v 0.0 -94.4444418 61.1111104
v 0.0 -91.6666687 61.1111104
v 0.0 -88.8888896 61.1111104
v 0.0 -86.1111104 61.1111104
v 0.0 -83.3333313 61.1111104
v 0.0 -80.5555582 61.1111104
v 0.0 -77.7777791 61.1111104
v 0.0 -75.0 61.1111104
v 0.0 -72.2222209 61.1111104
v 0.0 -69.4444418 61.1111104
v 0.0 -66.6666687 61.1111104
v 0.0 -63.8888896 61.1111104
v 0.0 -61.1111104 61.1111104
v 0.0 -58.3333313 61.1111104
v 0.0 -55.5555582 61.1111104
v 0.0 -52.7777791 61.1111104
v 0.0 -50.0 61.1111104
v 0.0 -47.2222209 61.1111104
v 0.0 -44.4444448 61.1111104
v 0.0 -41.6666657 61.1111104
v 0.0 -38.8888896 61.1111104
v 0.0 -36.1111104 61.1111104
v 0.0 -33.3333343 61.1111104
v 0.0 -30.5555552 61.1111104
v 0.0 -27.7777791 61.1111104
v 0.0 -25.0 61.1111104
v 0.0 -22.2222224 61.1111104
v 0.0 -19.4444448 61.1111104
v 0.0 -16.6666672 61.1111104
v 0.0 -13.8888896 61.1111104
v 0.0 -11.1111112 61.1111104
v 0.0 -8.33333358 61.1111104
v 0.0 -5.5555556 61.1111104
v 0.0 -2.7777778 61.1111104
v 0.0 0.0 61.1111104
v 0.0 2.7777778 61.1111104
v 0.0 5.5555556 61.1111104
v 0.0 8.33333358 61.1111104
v 0.0 11.1111112 61.1111104
v 0.0 13.8888896 61.1111104
v 0.0 16.6666672 61.1111104
v 0.0 19.4444448 61.1111104
v 0.0 22.2222224 61.1111104
v 0.0 25.0 61.1111104
v 0.0 27.7777791 61.1111104
v 0.0 30.5555552 61.1111104
v 0.0 33.3333343 61.1111104
v 0.0 36.1111104 61.1111104
v 0.0 38.8888896 61.1111104
v 0.0 41.6666657 61.1111104
v 0.0 44.4444448 61.1111104
v 0.0 47.2222209 61.1111104
v 0.0 50.0 61.1111104
v 0.0 52.7777791 61.1111104
v 0.0 55.5555582 61.1111104
v 0.0 58.3333313 61.1111104
v 0.0 61.1111104 61.1111104
v 0.0 63.8888896 61.1111104
v 0.0 66.6666687 61.1111104
v 0.0 69.4444418 61.1111104
v 0.0 72.2222209 61.1111104
v 0.0 75.0 61.1111104
v 0.0 77.7777791 61.1111104
v 0.0 80.5555582 61.1111104
v 0.0 83.3333313 61.1111104
v 0.0 86.1111104 61.1111104
v 0.0 88.8888896 61.1111104
v 0.0 91.6666687 61.1111104
v 0.0 94.4444418 61.1111104
v 0.0 97.2222209 61.1111104
v 0.0 100.0 61.1111104
v 0.0 -100.0 58.3333313
v 0.0 -97.2222209 58.3333313
v 0.0 -94.4444418 58.3333313
v 0.0 -91.6666687 58.3333313
v 0.0 -88.8888896 58.3333313
v 0.0 -86.1111104 58.3333313
v 0.0 -83.3333313 58.3333313
v 0.0 -80.5555582 58.3333313
v 0.0 -77.7777791 58.3333313
v 0.0 -75.0 58.3333313
v 0.0 -72.2222209 58.3333313
v 0.0 -69.4444418 58.3333313
v 0.0 -66.6666687 58.3333313
v 0.0 -63.8888896 58.3333313
v 0.0 -61.1111104 58.3333313
v 0.0 -58.3333313 58.3333313
v 0.0 -55.5555582 58.3333313
v 0.0 -52.7777791 58.3333313
v 0.0 -50.0 58.3333313
v 0.0 -47.2222209 58.3333313
v 0.0 -44.4444448 58.3333313
v 0.0 -41.6666657 58.3333313
v 0.0 -38.8888896 58.3333313
v 0.0 -36.1111104 58.3333313
v 0.0 -33.3333343 58.3333313
v 0.0 -30.5555552 58.3333313
v 0.0 -27.7777791 58.3333313
v 0.0 -25.0 58.3333313
v 0.0 -22.2222224 58.3333313
v 0.0 -19.4444448 58.3333313
v 0.0 -16.6666672 58.3333313
v 0.0 -13.8888896 58.3333313
v 0.0 -11.1111112 58.3333313
v 0.0 -8.33333358 58.3333313
v 0.0 -5.5555556 58.3333313
v 0.0 -2.7777778 58.3333313
v 0.0 0.0 58.3333313
v 0.0 2.7777778 58.3333313
v 0.0 5.5555556 58.3333313
v 0.0 8.33333358 58.3333313
v 0.0 11.1111112 58.3333313
v 0.0 13.8888896 58.3333313
v 0.0 16.6666672 58.3333313
v 0.0 19.4444448 58.3333313
v 0.0 22.2222224 58.3333313
v 0.0 25.0 58.3333313
v 0.0 27.7777791 58.3333313
v 0.0 30.5555552 58.3333313
v 0.0 33.3333343 58.3333313
v 0.0 36.1111104 58.3333313
v 0.0 38.8888896 58.3333313
v 0.0 41.6666657 58.3333313
v 0.0 44.4444448 58.3333313
v 0.0 47.2222209 58.3333313
v 0.0 50.0 58.3333313
v 0.0 52.7777791 58.3333313
v 0.0 55.5555582 58.3333313
v 0.0 58.3333313 58.3333313
v 0.0 61.1111104 58.3333313
v 0.0 63.8888896 58.3333313
v 0.0 66.6666687 58.3333313
v 0.0 69.4444418 58.3333313
v 0.0 72.2222209 58.3333313
v 0.0 75.0 58.3333313
v 0.0 77.7777791 58.3333313
v 0.0 80.5555582 58.3333313
v 0.0 83.3333313 58.3333313
v 0.0 86.1111104 58.3333313
v 0.0 88.8888896 58.3333313
v 0.0 91.6666687 58.3333313
v 0.0 94.4444418 58.3333313
v 0.0 97.2222209 58.3333313
v 0.0 100.0 58.3333313
v 0.0 -100.0 55.5555582
v 0.0 -97.2222209 55.5555582
v 0.0 -94.4444418 55.5555582
v 0.0 -91.6666687 55.5555582
v 0.0 -88.8888896 55.5555582
v 0.0 -86.1111104 55.5555582
v 0.0 -83.3333313 55.5555582
v 0.0 -80.5555582 55.5555582
v 0.0 -77.7777791 55.5555582
v 0.0 -75.0 55.5555582
v 0.0 -72.2222209 55.5555582
v 0.0 -69.4444418 55.5555582
v 0.0 -66.6666687 55.5555582
v 0.0 -63.8888896 55.5555582
v 0.0 -61.1111104 55.5555582
v 0.0 -58.3333313 55.5555582
v 0.0 -55.5555582 55.5555582
v 0.0 -52.7777791 55.5555582
v 0.0 -50.0 55.5555582
v 0.0 -47.2222209 55.5555582
v 0.0 -44.4444448 55.5555582
v 0.0 -41.6666657 55.5555582
v 0.0 -38.8888896 55.5555582
v 0.0 -36.1111104 55.5555582
v 0.0 -33.3333343 55.5555582
v 0.0 -30.5555552 55.5555582
v 0.0 -27.7777791 55.5555582
v 0.0 -25.0 55.5555582
v 0.0 -22.2222224 55.5555582
v 0.0 -19.4444448 55.5555582
v 0.0 -16.6666672 55.5555582
v 0.0 -13.8888896 55.5555582
v 0.0 -11.1111112 55.5555582
v 0.0 -8.33333358 55.5555582
v 0.0 -5.5555556 55.5555582
v 0.0 -2.7777778 55.5555582
v 0.0 0.0 55.5555582
v 0.0 2.7777778 55.5555582
v 0.0 5.5555556 55.5555582
v 0.0 8.33333358 55.5555582
v 0.0 11.1111112 55.5555582
v 0.0 13.8888896 55.5555582
v 0.0 16.6666672 55.5555582
v 0.0 19.4444448 55.5555582
v 0.0 22.2222224 55.5555582
v 0.0 25.0 55.5555582
v 0.0 27.7777791 55.5555582
v 0.0 30.5555552 55.5555582
v 0.0 33.3333343 55.5555582
v 0.0 36.1111104 55.5555582
v 0.0 38.8888896 55.5555582
v 0.0 41.6666657 55.5555582
v 0.0 44.4444448 55.5555582
v 0.0 47.2222209 55.5555582
v 0.0 50.0 55.5555582
v 0.0 52.7777791 55.5555582
v 0.0 55.5555582 55.5555582
v 0.0 58.3333313 55.5555582
v 0.0 61.1111104 55.5555582
v 0.0 63.8888896 55.5555582
v 0.0 66.6666687 55.5555582
v 0.0 69.4444418 55.5555582
v 0.0 72.2222209 55.5555582
v 0.0 75.0 55.5555582
v 0.0 77.7777791 55.5555582
v 0.0 80.5555582 55.5555582
v 0.0 83.3333313 55.5555582
v 0.0 86.1111104 55.5555582
v 0.0 88.8888896 55.5555582
v 0.0 91.6666687 55.5555582
v 0.0 94.4444418 55.5555582
v 0.0 97.2222209 55.5555582
v 0.0 100.0 55.5555582
v 0.0 -100.0 52.7777791
v 0.0 -97.2222209 52.7777791
v 0.0 -94.4444418 52.7777791
v 0.0 -91.6666687 52.7777791
v 0.0 -88.8888896 52.7777791
v 0.0 -86.1111104 52.7777791
v 0.0 -83.3333313 52.7777791
v 0.0 -80.5555582 52.7777791
v 0.0 -77.7777791 52.7777791
v 0.0 -75.0 52.7777791
v 0.0 -72.2222209 52.7777791
v 0.0 -69.4444418 52.7777791
v 0.0 -66.6666687 52.7777791
v 0.0 -63.8888896 52.7777791
v 0.0 -61.1111104 52.7777791
v 0.0 -58.3333313 52.7777791
v 0.0 -55.5555582 52.7777791
v 0.0 -52.7777791 52.7777791
v 0.0 -50.0 52.7777791
v 0.0 -47.2222209 52.7777791
v 0.0 -44.4444448 52.7777791
v 0.0 -41.6666657 52.7777791
v 0.0 -38.8888896 52.7777791
v 0.0 -36.1111104 52.7777791
v 0.0 -33.3333343 52.7777791
v 0.0 -30.5555552 52.7777791
v 0.0 -27.7777791 52.7777791
v 0.0 -25.0 52.7777791
v 0.0 -22.2222224 52.7777791
v 0.0 -19.4444448 52.7777791
v 0.0 -16.6666672 52.7777791
v 0.0 -13.8888896 52.7777791
v 0.0 -11.1111112 52.7777791
v 0.0 -8.33333358 52.7777791
v 0.0 -5.5555556 52.7777791
v 0.0 -2.7777778 52.7777791
v 0.0 0.0 52.7777791
v 0.0 2.7777778 52.7777791
v 0.0 5.5555556 52.7777791
v 0.0 8.33333358 52.7777791
v 0.0 11.1111112 52.7777791
v 0.0 13.8888896 52.7777791
v 0.0 16.6666672 52.7777791
v 0.0 19.4444448 52.7777791
v 0.0 22.2222224 52.7777791
v 0.0 25.0 52.7777791
v 0.0 27.7777791 52.7777791
v 0.0 30.5555552 52.7777791
v 0.0 33.3333343 52.7777791
v 0.0 36.1111104 52.7777791
v 0.0 38.8888896 52.7777791
v 0.0 41.6666657 52.7777791
v 0.0 44.4444448 52.7777791
v 0.0 47.2222209 52.7777791
v 0.0 50.0 52.7777791
v 0.0 52.7777791 52.7777791
v 0.0 55.5555582 52.7777791
v 0.0 58.3333313 52.7777791
v 0.0 61.1111104 52.7777791
v 0.0 63.8888896 52.7777791
v 0.0 66.6666687 52.7777791
v 0.0 69.4444418 52.7777791
v 0.0 72.2222209 52.7777791
v 0.0 75.0 52.7777791
v 0.0 77.7777791 52.7777791
v 0.0 80.5555582 52.7777791
v 0.0 83.3333313 52.7777791
v 0.0 86.1111104 52.7777791
v 0.0 88.8888896 52.7777791
v 0.0 91.6666687 52.7777791
v 0.0 94.4444418 52.7777791
v 0.0 97.2222209 52.7777791
v 0.0 100.0 52.7777791
v 0.0 -100.0 50.0
v 0.0 -97.2222209 50.0
v 0.0 -94.4444418 50.0
v 0.0 -91.6666687 50.0
v 0.0 -88.8888896 50.0
v 0.0 -86.1111104 50.0
v 0.0 -83.3333313 50.0
v 0.0 -80.5555582 50.0
v 0.0 -77.7777791 50.0
v 0.0 -75.0 50.0
v 0.0 -72.2222209 50.0
v 0.0 -69.4444418 50.0
v 0.0 -66.6666687 50.0
v 0.0 -63.8888896 50.0
v 0.0 -61.1111104 50.0
v 0.0 -58.3333313 50.0
v 0.0 -55.5555582 50.0
v 0.0 -52.7777791 50.0
v 0.0 -50.0 50.0
v 0.0 -47.2222209 50.0
v 0.0 -44.4444448 50.0
v 0.0 -41.6666657 50.0
v 0.0 -38.8888896 50.0
v 0.0 -36.1111104 50.0
v 0.0 -33.3333343 50.0
v 0.0 -30.5555552 50.0
v 0.0 -27.7777791 50.0
v 0.0 -25.0 50.0
v 0.0 -22.2222224 50.0
v 0.0 -19.4444448 50.0
v 0.0 -16.6666672 50.0
v 0.0 -13.8888896 50.0
v 0.0 -11.1111112 50.0
v 0.0 -8.33333358 50.0
v 0.0 -5.5555556 50.0
v 0.0 -2.7777778 50.0
v 0.0 0.0 50.0
v 0.0 2.7777778 50.0
v 0.0 5.5555556 50.0
v 0.0 8.33333358 50.0
v 0.0 11.1111112 50.0
v 0.0 13.8888896 50.0
v 0.0 16.6666672 50.0
v 0.0 19.4444448 50.0
v 0.0 22.2222224 50.0
v 0.0 25.0 50.0
v 0.0 27.7777791 50.0
v 0.0 30.5555552 50.0
v 0.0 33.3333343 50.0
v 0.0 36.1111104 50.0
v 0.0 38.8888896 50.0
v 0.0 41.6666657 50.0
v 0.0 44.4444448 50.0
v 0.0 47.2222209 50.0
v 0.0 50.0 50.0
v 0.0 52.7777791 50.0
v 0.0 55.5555582 50.0
v 0.0 58.3333313 50.0
v 0.0 61.1111104 50.0
v 0.0 63.8888896 50.0
v 0.0 66.6666687 50.0
v 0.0 69.4444418 50.0
v 0.0 72.2222209 50.0
v 0.0 75.0 50.0
v 0.0 77.7777791 50.0
v 0.0 80.5555582 50.0
v 0.0 83.3333313 50.0
v 0.0 86.1111104 50.0
v 0.0 88.8888896 50.0
v 0.0 91.6666687 50.0
v 0.0 94.4444418 50.0
v 0.0 97.2222209 50.0
v 0.0 100.0 50.0
v 0.0 -100.0 47.2222209
v 0.0 -97.2222209 47.2222209
v 0.0 -94.4444418 47.2222209
v 0.0 -91.6666687 47.2222209
v 0.0 -88.8888896 47.2222209
v 0.0 -86.1111104 47.2222209
v 0.0 -83.3333313 47.2222209
v 0.0 -80.5555582 47.2222209
v 0.0 -77.7777791 47.2222209
v 0.0 -75.0 47.2222209
v 0.0 -72.2222209 47.2222209
v 0.0 -69.4444418 47.2222209
v 0.0 -66.6666687 47.2222209
v 0.0 -63.8888896 47.2222209
v 0.0 -61.1111104 47.2222209
v 0.0 -58.3333313 47.2222209
v 0.0 -55.5555582 47.2222209
v 0.0 -52.7777791 47.2222209
v 0.0 -50.0 47.2222209
v 0.0 -47.2222209 47.2222209
v 0.0 -44.4444448 47.2222209
v 0.0 -41.6666657 47.2222209
v 0.0 -38.8888896 47.2222209
v 0.0 -36.1111104 47.2222209
v 0.0 -33.3333343 47.2222209
v 0.0 -30.5555552 47.2222209
v 0.0 -27.7777791 47.2222209
v 0.0 -25.0 47.2222209
v 0.0 -22.2222224 47.2222209
v 0.0 -19.4444448 47.2222209
v 0.0 -16.6666672 47.2222209
v 0.0 -13.8888896 47.2222209
v 0.0 -11.1111112 47.2222209
v 0.0 -8.33333358 47.2222209
v 0.0 -5.5555556 47.2222209
v 0.0 -2.7777778 47.2222209
v 0.0 0.0 47.2222209
v 0.0 2.7777778 47.2222209
v 0.0 5.5555556 47.2222209
v 0.0 8.33333358 47.2222209
v 0.0 11.1111112 47.2222209
v 0.0 13.8888896 47.2222209
v 0.0 16.6666672 47.2222209
v 0.0 19.4444448 47.2222209
v 0.0 22.2222224 47.2222209
v 0.0 25.0 47.2222209
v 0.0 27.7777791 47.2222209
v 0.0 30.5555552 47.2222209
v 0.0 33.3333343 47.2222209
v 0.0 36.1111104 47.2222209
v 0.0 38.8888896 47.2222209
v 0.0 41.6666657 47.2222209
v 0.0 44.4444448 47.2222209
v 0.0 47.2222209 47.2222209
v 0.0 50.0 47.2222209
v 0.0 52.7777791 47.2222209
v 0.0 55.5555582 47.2222209
v 0.0 58.3333313 47.2222209
v 0.0 61.1111104 47.2222209
v 0.0 63.8888896 47.2222209
v 0.0 66.6666687 47.2222209
v 0.0 69.4444418 47.2222209
v 0.0 72.2222209 47.2222209
v 0.0 75.0 47.2222209
v 0.0 77.7777791 47.2222209
v 0.0 80.5555582 47.2222209
v 0.0 83.3333313 47.2222209
v 0.0 86.1111104 47.2222209
v 0.0 88.8888896 47.2222209
v 0.0 91.6666687 47.2222209
v 0.0 94.4444418 47.2222209
v 0.0 97.2222209 47.2222209
v 0.0 100.0 47.2222209
v 0.0 -100.0 44.4444448
v 0.0 -97.2222209 44.4444448
v 0.0 -94.4444418 44.4444448
v 0.0 -91.6666687 44.4444448
v 0.0 -88.8888896 44.4444448
v 0.0 -86.1111104 44.4444448
v 0.0 -83.3333313 44.4444448
v 0.0 -80.5555582 44.4444448
v 0.0 -77.7777791 44.4444448
v 0.0 -75.0 44.4444448
v 0.0 -72.2222209 44.4444448
v 0.0 -69.4444418 44.4444448
v 0.0 -66.6666687 44.4444448
v 0.0 -63.8888896 44.4444448
v 0.0 -61.1111104 44.4444448
v 0.0 -58.3333313 44.4444448
v 0.0 -55.5555582 44.4444448
v 0.0 -52.7777791 44.4444448
v 0.0 -50.0 44.4444448
v 0.0 -47.2222209 44.4444448
v 0.0 -44.4444448 44.4444448
v 0.0 -41.6666657 44.4444448
v 0.0 -38.8888896 44.4444448
v 0.0 -36.1111104 44.4444448
v 0.0 -33.3333343 44.4444448
v 0.0 -30.5555552 44.4444448
v 0.0 -27.7777791 44.4444448
v 0.0 -25.0 44.4444448
v 0.0 -22.2222224 44.4444448
v 0.0 -19.4444448 44.4444448
v 0.0 -16.6666672 44.4444448
v 0.0 -13.8888896 44.4444448
v 0.0 -11.1111112 44.4444448
v 0.0 -8.33333358 44.4444448
v 0.0 -5.5555556 44.4444448
v 0.0 -2.7777778 44.4444448
v 0.0 0.0 44.4444448
v 0.0 2.7777778 44.4444448
v 0.0 5.5555556 44.4444448
v 0.0 8.33333358 44.4444448
v 0.0 11.1111112 44.4444448
v 0.0 13.8888896 44.4444448
v 0.0 16.6666672 44.4444448
v 0.0 19.4444448 44.4444448
v 0.0 22.2222224 44.4444448
v 0.0 25.0 44.4444448
v 0.0 27.7777791 44.4444448
v 0.0 30.5555552 44.4444448
v 0.0 33.3333343 44.4444448
v 0.0 36.1111104 44.4444448
v 0.0 38.8888896 44.4444448
v 0.0 41.6666657 44.4444448
v 0.0 44.4444448 44.4444448
v 0.0 47.2222209 44.4444448
v 0.0 50.0 44.4444448
v 0.0 52.7777791 44.4444448
v 0.0 55.5555582 44.4444448
v 0.0 58.3333313 44.4444448
v 0.0 61.1111104 44.4444448
v 0.0 63.8888896 44.4444448
v 0.0 66.6666687 44.4444448
v 0.0 69.4444418 44.4444448
v 0.0 72.2222209 44.4444448
v 0.0 75.0 44.4444448
v 0.0 77.7777791 44.4444448
v 0.0 80.5555582 44.4444448
v 0.0 83.3333313 44.4444448
v 0.0 86.1111104 44.4444448
v 0.0 88.8888896 44.4444448
v 0.0 91.6666687 44.4444448
v 0.0 94.4444418 44.4444448
v 0.0 97.2222209 44.4444448
v 0.0 100.0 44.4444448
v 0.0 -100.0 41.6666657
v 0.0 -97.2222209 41.6666657
v 0.0 -94.4444418 41.6666657
v 0.0 -91.6666687 41.6666657
v 0.0 -88.8888896 41.6666657
v 0.0 -86.1111104 41.6666657
v 0.0 -83.3333313 41.6666657
v 0.0 -80.5555582 41.6666657
v 0.0 -77.7777791 41.6666657
v 0.0 -75.0 41.6666657
v 0.0 -72.2222209 41.6666657
v 0.0 -69.4444418 41.6666657
v 0.0 -66.6666687 41.6666657
v 0.0 -63.8888896 41.6666657
v 0.0 -61.1111104 41.6666657
v 0.0 -58.3333313 41.6666657
v 0.0 -55.5555582 41.6666657
v 0.0 -52.7777791 41.6666657
v 0.0 -50.0 41.6666657
v 0.0 -47.2222209 41.6666657
v 0.0 -44.4444448 41.6666657
v 0.0 -41.6666657 41.6666657
v 0.0 -38.8888896 41.6666657
v 0.0 -36.1111104 41.6666657
v 0.0 -33.3333343 41.6666657
v 0.0 -30.5555552 41.6666657
v 0.0 -27.7777791 41.6666657
v 0.0 -25.0 41.6666657
v 0.0 -22.2222224 41.6666657
v 0.0 -19.4444448 41.6666657
v 0.0 -16.6666672 41.6666657
v 0.0 -13.8888896 41.6666657
v 0.0 -11.1111112 41.6666657
v 0.0 -8.33333358 41.6666657
v 0.0 -5.5555556 41.6666657
v 0.0 -2.7777778 41.6666657
v 0.0 0.0 41.6666657
v 0.0 2.7777778 41.6666657
v 0.0 5.5555556 41.6666657
v 0.0 8.33333358 41.6666657
v 0.0 11.1111112 41.6666657
v 0.0 13.8888896 41.6666657
v 0.0 16.6666672 41.6666657
v 0.0 19.4444448 41.6666657
v 0.0 22.2222224 41.6666657
v 0.0 25.0 41.6666657
v 0.0 27.7777791 41.6666657
v 0.0 30.5555552 41.6666657
v 0.0 33.3333343 41.6666657
v 0.0 36.1111104 41.6666657
v 0.0 38.8888896 41.6666657
v 0.0 41.6666657 41.6666657
v 0.0 44.4444448 41.6666657
v 0.0 47.2222209 41.6666657
v 0.0 50.0 41.6666657
v 0.0 52.7777791 41.6666657
v 0.0 55.5555582 41.6666657
v 0.0 58.3333313 41.6666657
v 0.0 61.1111104 41.6666657
v 0.0 63.8888896 41.6666657
v 0.0 66.6666687 41.6666657
v 0.0 69.4444418 41.6666657
v 0.0 72.2222209 41.6666657
v 0.0 75.0 41.6666657
v 0.0 77.7777791 41.6666657
v 0.0 80.5555582 41.6666657
v 0.0 83.3333313 41.6666657
v 0.0 86.1111104 41.6666657
v 0.0 88.8888896 41.6666657
v 0.0 91.6666687 41.6666657
v 0.0 94.4444418 41.6666657
v 0.0 97.2222209 41.6666657
v 0.0 100.0 41.6666657
v 0.0 -100.0 38.8888896
v 0.0 -97.2222209 38.8888896
v 0.0 -94.4444418 38.8888896
v 0.0 -91.6666687 38.8888896
v 0.0 -88.8888896 38.8888896
v 0.0 -86.1111104 38.8888896
v 0.0 -83.3333313 38.8888896
v 0.0 -80.5555582 38.8888896
v 0.0 -77.7777791 38.8888896
v 0.0 -75.0 38.8888896
v 0.0 -72.2222209 38.8888896
v 0.0 -69.4444418 38.8888896
v 0.0 -66.6666687 38.8888896
v 0.0 -63.8888896 38.8888896
v 0.0 -61.1111104 38.8888896
v 0.0 -58.3333313 38.8888896
v 0.0 -55.5555582 38.8888896
v 0.0 -52.7777791 38.8888896
v 0.0 -50.0 38.8888896
v 0.0 -47.2222209 38.8888896
v 0.0 -44.4444448 38.8888896
v 0.0 -41.6666657 38.8888896
v 0.0 -38.8888896 38.8888896
v 0.0 -36.1111104 38.8888896
v 0.0 -33.3333343 38.8888896
v 0.0 -30.5555552 38.8888896
v 0.0 -27.7777791 38.8888896
v 0.0 -25.0 38.8888896
v 0.0 -22.2222224 38.8888896
v 0.0 -19.4444448 38.8888896
v 0.0 -16.6666672 38.8888896
v 0.0 -13.8888896 38.8888896
v 0.0 -11.1111112 38.8888896
v 0.0 -8.33333358 38.8888896
v 0.0 -5.5555556 38.8888896
v 0.0 -2.7777778 38.8888896
v 0.0 0.0 38.8888896
v 0.0 2.7777778 38.8888896
v 0.0 5.5555556 38.8888896
v 0.0 8.33333358 38.8888896
v 0.0 11.1111112 38.8888896
v 0.0 13.8888896 38.8888896
v 0.0 16.6666672 38.8888896
v 0.0 19.4444448 38.8888896
v 0.0 22.2222224 38.8888896
v 0.0 25.0 38.8888896
v 0.0 27.7777791 38.8888896
v 0.0 30.5555552 38.8888896
v 0.0 33.3333343 38.8888896
v 0.0 36.1111104 38.8888896
v 0.0 38.8888896 38.8888896
v 0.0 41.6666657 38.8888896
v 0.0 44.4444448 38.8888896
v 0.0 47.2222209 38.8888896
v 0.0 50.0 38.8888896
v 0.0 52.7777791 38.8888896
v 0.0 55.5555582 38.8888896
v 0.0 58.3333313 38.8888896
v 0.0 61.1111104 38.8888896
v 0.0 63.8888896 38.8888896
v 0.0 66.6666687 38.8888896
v 0.0 69.4444418 38.8888896
v 0.0 72.2222209 38.8888896
v 0.0 75.0 38.8888896
v 0.0 77.7777791 38.8888896
v 0.0 80.5555582 38.8888896
v 0.0 83.3333313 38.8888896
v 0.0 86.1111104 38.8888896
v 0.0 88.8888896 38.8888896
v 0.0 91.6666687 38.8888896
v 0.0 94.4444418 38.8888896
v 0.0 97.2222209 38.8888896
v 0.0 100.0 38.8888896
v 0.0 -100.0 36.1111104
v 0.0 -97.2222209 36.1111104
v 0.0 -94.4444418 36.1111104
v 0.0 -91.6666687 36.1111104
v 0.0 -88.8888896 36.1111104
v 0.0 -86.1111104 36.1111104
v 0.0 -83.3333313 36.1111104
v 0.0 -80.5555582 36.1111104
v 0.0 -77.7777791 36.1111104
v 0.0 -75.0 36.1111104
v 0.0 -72.2222209 36.1111104
v 0.0 -69.4444418 36.1111104
v 0.0 -66.6666687 36.1111104
v 0.0 -63.8888896 36.1111104
v 0.0 -61.1111104 36.1111104
v 0.0 -58.3333313 36.1111104
v 0.0 -55.5555582 36.1111104
v 0.0 -52.7777791 36.1111104
v 0.0 -50.0 36.1111104
v 0.0 -47.2222209 36.1111104
v 0.0 -44.4444448 36.1111104
v 0.0 -41.6666657 36.1111104
v 0.0 -38.8888896 36.1111104
v 0.0 -36.1111104 36.1111104
v 0.0 -33.3333343 36.1111104
v 0.0 -30.5555552 36.1111104
v 0.0 -27.7777791 36.1111104
v 0.0 -25.0 36.1111104
v 0.0 -22.2222224 36.1111104
v 0.0 -19.4444448 36.1111104
v 0.0 -16.6666672 36.1111104
v 0.0 -13.8888896 36.1111104
v 0.0 -11.1111112 36.1111104
v 0.0 -8.33333358 36.1111104
v 0.0 -5.5555556 36.1111104
v 0.0 -2.7777778 36.1111104
v 0.0 0.0 36.1111104
v 0.0 2.7777778 36.1111104
v 0.0 5.5555556 36.1111104
v 0.0 8.33333358 36.1111104
v 0.0 11.1111112 36.1111104
v 0.0 13.8888896 36.1111104
v 0.0 16.6666672 36.1111104
v 0.0 19.4444448 36.1111104
v 0.0 22.2222224 36.1111104
v 0.0 25.0 36.1111104
v 0.0 27.7777791 36.1111104
v 0.0 30.5555552 36.1111104
v 0.0 33.3333343 36.1111104
v 0.0 36.1111104 36.1111104
v 0.0 38.8888896 36.1111104
v 0.0 41.6666657 36.1111104
v 0.0 44.4444448 36.1111104
v 0.0 47.2222209 36.1111104
v 0.0 50.0 36.1111104
v 0.0 52.7777791 36.1111104
v 0.0 55.5555582 36.1111104
v 0.0 58.3333313 36.1111104
v 0.0 61.1111104 36.1111104
v 0.0 63.8888896 36.1111104
v 0.0 66.6666687 36.1111104
v 0.0 69.4444418 36.1111104
v 0.0 72.2222209 36.1111104
v 0.0 75.0 36.1111104
v 0.0 77.7777791 36.1111104
v 0.0 80.5555582 36.1111104
v 0.0 83.3333313 36.1111104
v 0.0 86.1111104 36.1111104
v 0.0 88.8888896 36.1111104
v 0.0 91.6666687 36.1111104
v 0.0 94.4444418 36.1111104
v 0.0 97.2222209 36.1111104
v 0.0 100.0 36.1111104
v 0.0 -100.0 33.3333343
v 0.0 -97.2222209 33.3333343
v 0.0 -94.4444418 33.3333343
v 0.0 -91.6666687 33.3333343
v 0.0 -88.8888896 33.3333343
v 0.0 -86.1111104 33.3333343
v 0.0 -83.3333313 33.3333343
v 0.0 -80.5555582 33.3333343
v 0.0 -77.7777791 33.3333343
v 0.0 -75.0 33.3333343
v 0.0 -72.2222209 33.3333343
v 0.0 -69.4444418 33.3333343
v 0.0 -66.6666687 33.3333343
v 0.0 -63.8888896 33.3333343
v 0.0 -61.1111104 33.3333343
v 0.0 -58.3333313 33.3333343
v 0.0 -55.5555582 33.3333343
v 0.0 -52.7777791 33.3333343
v 0.0 -50.0 33.3333343
v 0.0 -47.2222209 33.3333343
v 0.0 -44.4444448 33.3333343
v 0.0 -41.6666657 33.3333343
v 0.0 -38.8888896 33.3333343
v 0.0 -36.1111104 33.3333343
v 0.0 -33.3333343 33.3333343
v 0.0 -30.5555552 33.3333343
v 0.0 -27.7777791 33.3333343
v 0.0 -25.0 33.3333343
v 0.0 -22.2222224 33.3333343
v 0.0 -19.4444448 33.3333343
v 0.0 -16.6666672 33.3333343
v 0.0 -13.8888896 33.3333343
v 0.0 -11.1111112 33.3333343
v 0.0 -8.33333358 33.3333343
v 0.0 -5.5555556 33.3333343
v 0.0 -2.7777778 33.3333343
v 0.0 0.0 33.3333343
v 0.0 2.7777778 33.3333343
v 0.0 5.5555556 33.3333343
v 0.0 8.33333358 33.3333343
v 0.0 11.1111112 33.3333343
v 0.0 13.8888896 33.3333343
v 0.0 16.6666672 33.3333343
v 0.0 19.4444448 33.3333343
v 0.0 22.2222224 33.3333343
v 0.0 25.0 33.3333343
v 0.0 27.7777791 33.3333343
v 0.0 30.5555552 33.3333343
v 0.0 33.3333343 33.3333343
v 0.0 36.1111104 33.3333343
v 0.0 38.8888896 33.3333343
v 0.0 41.6666657 33.3333343
v 0.0 44.4444448 33.3333343
v 0.0 47.2222209 33.3333343
v 0.0 50.0 33.3333343
v 0.0 52.7777791 33.3333343
v 0.0 55.5555582 33.3333343
v 0.0 58.3333313 33.3333343
v 0.0 61.1111104 33.3333343
v 0.0 63.8888896 33.3333343
v 0.0 66.6666687 33.3333343
v 0.0 69.4444418 33.3333343
v 0.0 72.2222209 33.3333343
v 0.0 75.0 33.3333343
v 0.0 77.7777791 33.3333343
v 0.0 80.5555582 33.3333343
v 0.0 83.3333313 33.3333343
v 0.0 86.1111104 33.3333343
v 0.0 88.8888896 33.3333343
v 0.0 91.6666687 33.3333343
v 0.0 94.4444418 33.3333343
v 0.0 97.2222209 33.3333343
v 0.0 100.0 33.3333343
v 0.0 -100.0 30.5555552
v 0.0 -97.2222209 30.5555552
v 0.0 -94.4444418 30.5555552
v 0.0 -91.6666687 30.5555552
v 0.0 -88.8888896 30.5555552
v 0.0 -86.1111104 30.5555552
v 0.0 -83.3333313 30.5555552
v 0.0 -80.5555582 30.5555552
v 0.0 -77.7777791 30.5555552
v 0.0 -75.0 30.5555552
v 0.0 -72.2222209 30.5555552
v 0.0 -69.4444418 30.5555552
v 0.0 -66.6666687 30.5555552
v 0.0 -63.8888896 30.5555552
v 0.0 -61.1111104 30.5555552
v 0.0 -58.3333313 30.5555552
v 0.0 -55.5555582 30.5555552
v 0.0 -52.7777791 30.5555552
v 0.0 -50.0 30.5555552
v 0.0 -47.2222209 30.5555552
v 0.0 -44.4444448 30.5555552
v 0.0 -41.6666657 30.5555552
v 0.0 -38.8888896 30.5555552
v 0.0 -36.1111104 30.5555552
v 0.0 -33.3333343 30.5555552
v 0.0 -30.5555552 30.5555552
v 0.0 -27.7777791 30.5555552
v 0.0 -25.0 30.5555552
v 0.0 -22.2222224 30.5555552
v 0.0 -19.4444448 30.5555552
v 0.0 -16.6666672 30.5555552
v 0.0 -13.8888896 30.5555552
v 0.0 -11.1111112 30.5555552
v 0.0 -8.33333358 30.5555552
v 0.0 -5.5555556 30.5555552
v 0.0 -2.7777778 30.5555552
v 0.0 0.0 30.5555552
v 0.0 2.7777778 30.5555552
v 0.0 5.5555556 30.5555552
v 0.0 8.33333358 30.5555552
v 0.0 11.1111112 30.5555552
v 0.0 13.8888896 30.5555552
v 0.0 16.6666672 30.5555552
v 0.0 19.4444448 30.5555552
v 0.0 22.2222224 30.5555552
v 0.0 25.0 30.5555552
v 0.0 27.7777791 30.5555552
v 0.0 30.5555552 30.5555552
v 0.0 33.3333343 30.5555552
v 0.0 36.1111104 30.5555552
v 0.0 38.8888896 30.5555552
v 0.0 41.6666657 30.5555552
v 0.0 44.4444448 30.5555552
v 0.0 47.2222209 30.5555552
v 0.0 50.0 30.5555552
v 0.0 52.7777791 30.5555552
v 0.0 55.5555582 30.5555552
v 0.0 58.3333313 30.5555552
v 0.0 61.1111104 30.5555552
v 0.0 63.8888896 30.5555552
v 0.0 66.6666687 30.5555552
v 0.0 69.4444418 30.5555552
v 0.0 72.2222209 30.5555552
v 0.0 75.0 30.5555552
v 0.0 77.7777791 30.5555552
v 0.0 80.5555582 30.5555552
v 0.0 83.3333313 30.5555552
v 0.0 86.1111104 30.5555552
v 0.0 88.8888896 30.5555552
v 0.0 91.6666687 30.5555552
v 0.0 94.4444418 30.5555552
v 0.0 97.2222209 30.5555552
v 0.0 100.0 30.5555552
v 0.0 -100.0 27.7777791
v 0.0 -97.2222209 27.7777791
v 0.0 -94.4444418 27.7777791
v 0.0 -91.6666687 27.7777791
v 0.0 -88.8888896 27.7777791
v 0.0 -86.1111104 27.7777791
v 0.0 -83.3333313 27.7777791
v 0.0 -80.5555582 27.7777791
v 0.0 -77.7777791 27.7777791
v 0.0 -75.0 27.7777791
v 0.0 -72.2222209 27.7777791
v 0.0 -69.4444418 27.7777791
v 0.0 -66.6666687 27.7777791
v 0.0 -63.8888896 27.7777791
v 0.0 -61.1111104 27.7777791
v 0.0 -58.3333313 27.7777791
v 0.0 -55.5555582 27.7777791
v 0.0 -52.7777791 27.7777791
v 0.0 -50.0 27.7777791
v 0.0 -47.2222209 27.7777791
v 0.0 -44.4444448 27.7777791
v 0.0 -41.6666657 27.7777791
v 0.0 -38.8888896 27.7777791
v 0.0 -36.1111104 27.7777791
v 0.0 -33.3333343 27.7777791
v 0.0 -30.5555552 27.7777791
v 0.0 -27.7777791 27.7777791
v 0.0 -25.0 27.7777791
v 0.0 -22.2222224 27.7777791
v 0.0 -19.4444448 27.7777791
v 0.0 -16.6666672 27.7777791
v 0.0 -13.8888896 27.7777791
v 0.0 -11.1111112 27.7777791
v 0.0 -8.33333358 27.7777791
v 0.0 -5.5555556 27.7777791
v 0.0 -2.7777778 27.7777791
v 0.0 0.0 27.7777791
v 0.0 2.7777778 27.7777791
v 0.0 5.5555556 27.7777791
v 0.0 8.33333358 27.7777791
v 0.0 11.1111112 27.7777791
v 0.0 13.8888896 27.7777791
v 0.0 16.6666672 27.7777791
v 0.0 19.4444448 27.7777791
v 0.0 22.2222224 27.7777791
v 0.0 25.0 27.7777791
v 0.0 27.7777791 27.7777791
v 0.0 30.5555552 27.7777791
v 0.0 33.3333343 27.7777791
v 0.0 36.1111104 27.7777791
v 0.0 38.8888896 27.7777791
v 0.0 41.6666657 27.7777791
v 0.0 44.4444448 27.7777791
v 0.0 47.2222209 27.7777791
v 0.0 50.0 27.7777791
v 0.0 52.7777791 27.7777791
v 0.0 55.5555582 27.7777791
v 0.0 58.3333313 27.7777791
v 0.0 61.1111104 27.7777791
v 0.0 63.8888896 27.7777791
v 0.0 66.6666687 27.7777791
v 0.0 69.4444418 27.7777791
v 0.0 72.2222209 27.7777791
v 0.0 75.0 27.7777791
v 0.0 77.7777791 27.7777791
v 0.0 80.5555582 27.7777791
v 0.0 83.3333313 27.7777791
v 0.0 86.1111104 27.7777791
v 0.0 88.8888896 27.7777791
v 0.0 91.6666687 27.7777791
v 0.0 94.4444418 27.7777791
v 0.0 97.2222209 27.7777791
v 0.0 100.0 27.7777791
v 0.0 -100.0 25.0
v 0.0 -97.2222209 25.0
v 0.0 -94.4444418 25.0
v 0.0 -91.6666687 25.0
v 0.0 -88.8888896 25.0
v 0.0 -86.1111104 25.0
v 0.0 -83.3333313 25.0
v 0.0 -80.5555582 25.0
v 0.0 -77.7777791 25.0
v 0.0 -75.0 25.0
v 0.0 -72.2222209 25.0
v 0.0 -69.4444418 25.0
v 0.0 -66.6666687 25.0
v 0.0 -63.8888896 25.0
v 0.0 -61.1111104 25.0
v 0.0 -58.3333313 25.0
v 0.0 -55.5555582 25.0
v 0.0 -52.7777791 25.0
v 0.0 -50.0 25.0
v 0.0 -47.2222209 25.0
v 0.0 -44.4444448 25.0
v 0.0 -41.6666657 25.0
v 0.0 -38.8888896 25.0
v 0.0 -36.1111104 25.0
v 0.0 -33.3333343 25.0
v 0.0 -30.5555552 25.0
v 0.0 -27.7777791 25.0
v 0.0 -25.0 25.0
v 0.0 -22.2222224 25.0
v 0.0 -19.4444448 25.0
v 0.0 -16.6666672 25.0
v 0.0 -13.8888896 25.0
v 0.0 -11.1111112 25.0
v 0.0 -8.33333358 25.0
v 0.0 -5.5555556 25.0
v 0.0 -2.7777778 25.0
v 0.0 0.0 25.0
v 0.0 2.7777778 25.0
v 0.0 5.5555556 25.0
v 0.0 8.33333358 25.0
v 0.0 11.1111112 25.0
v 0.0 13.8888896 25.0
v 0.0 16.6666672 25.0
v 0.0 19.4444448 25.0
v 0.0 22.2222224 25.0
v 0.0 25.0 25.0
v 0.0 27.7777791 25.0
v 0.0 30.5555552 25.0
v 0.0 33.3333343 25.0
v 0.0 36.1111104 25.0
v 0.0 38.8888896 25.0
v 0.0 41.6666657 25.0
v 0.0 44.4444448 25.0
v 0.0 47.2222209 25.0
v 0.0 50.0 25.0
v 0.0 52.7777791 25.0
v 0.0 55.5555582 25.0
v 0.0 58.3333313 25.0
v 0.0 61.1111104 25.0
v 0.0 63.8888896 25.0
v 0.0 66.6666687 25.0
v 0.0 69.4444418 25.0
v 0.0 72.2222209 25.0
v 0.0 75.0 25.0
v 0.0 77.7777791 25.0
v 0.0 80.5555582 25.0
v 0.0 83.3333313 25.0
v 0.0 86.1111104 25.0
v 0.0 88.8888896 25.0
v 0.0 91.6666687 25.0
v 0.0 94.4444418 25.0
v 0.0 97.2222209 25.0
v 0.0 100.0 25.0
v 0.0 -100.0 22.2222224
v 0.0 -97.2222209 22.2222224
v 0.0 -94.4444418 22.2222224
v 0.0 -91.6666687 22.2222224
v 0.0 -88.8888896 22.2222224
v 0.0 -86.1111104 22.2222224
v 0.0 -83.3333313 22.2222224
v 0.0 -80.5555582 22.2222224
v 0.0 -77.7777791 22.2222224
v 0.0 -75.0 22.2222224
v 0.0 -72.2222209 22.2222224
v 0.0 -69.4444418 22.2222224
v 0.0 -66.6666687 22.2222224
v 0.0 -63.8888896 22.2222224
v 0.0 -61.1111104 22.2222224
v 0.0 -58.3333313 22.2222224
v 0.0 -55.5555582 22.2222224
v 0.0 -52.7777791 22.2222224
v 0.0 -50.0 22.2222224
v 0.0 -47.2222209 22.2222224
v 0.0 -44.4444448 22.2222224
v 0.0 -41.6666657 22.2222224
v 0.0 -38.8888896 22.2222224
v 0.0 -36.1111104 22.2222224
v 0.0 -33.3333343 22.2222224
v 0.0 -30.5555552 22.2222224
v 0.0 -27.7777791 22.2222224
v 0.0 -25.0 22.2222224
v 0.0 -22.2222224 22.2222224
v 0.0 -19.4444448 22.2222224
v 0.0 -16.6666672 22.2222224
v 0.0 -13.8888896 22.2222224
v 0.0 -11.1111112 22.2222224
v 0.0 -8.33333358 22.2222224
v 0.0 -5.5555556 22.2222224
v 0.0 -2.7777778 22.2222224
v 0.0 0.0 22.2222224
v 0.0 2.7777778 22.2222224
v 0.0 5.5555556 22.2222224
v 0.0 8.33333358 22.2222224
v 0.0 11.1111112 22.2222224
v 0.0 13.8888896 22.2222224
v 0.0 16.6666672 22.2222224
v 0.0 19.4444448 22.2222224
v 0.0 22.2222224 22.2222224
v 0.0 25.0 22.2222224
v 0.0 27.7777791 22.2222224
v 0.0 30.5555552 22.2222224
v 0.0 33.3333343 22.2222224
v 0.0 36.1111104 22.2222224
v 0.0 38.8888896 22.2222224
v 0.0 41.6666657 22.2222224
v 0.0 44.4444448 22.2222224
v 0.0 47.2222209 22.2222224
v 0.0 50.0 22.2222224
v 0.0 52.7777791 22.2222224
v 0.0 55.5555582 22.2222224
v 0.0 58.3333313 22.2222224
v 0.0 61.1111104 22.2222224
v 0.0 63.8888896 22.2222224
v 0.0 66.6666687 22.2222224
v 0.0 69.4444418 22.2222224
v 0.0 72.2222209 22.2222224
v 0.0 75.0 22.2222224
v 0.0 77.7777791 22.2222224
v 0.0 80.5555582 22.2222224
v 0.0 83.3333313 22.2222224
v 0.0 86.1111104 22.2222224
v 0.0 88.8888896 22.2222224
v 0.0 91.6666687 22.2222224
v 0.0 94.4444418 22.2222224
v 0.0 97.2222209 22.2222224
v 0.0 100.0 22.2222224
v 0.0 -100.0 19.4444448
v 0.0 -97.2222209 19.4444448
v 0.0 -94.4444418 19.4444448
v 0.0 -91.6666687 19.4444448
v 0.0 -88.8888896 19.4444448
v 0.0 -86.1111104 19.4444448
v 0.0 -83.3333313 19.4444448
v 0.0 -80.5555582 19.4444448
v 0.0 -77.7777791 19.4444448
v 0.0 -75.0 19.4444448
v 0.0 -72.2222209 19.4444448
v 0.0 -69.4444418 19.4444448
v 0.0 -66.6666687 19.4444448
v 0.0 -63.8888896 19.4444448
v 0.0 -61.1111104 19.4444448
v 0.0 -58.3333313 19.4444448
v 0.0 -55.5555582 19.4444448
v 0.0 -52.7777791 19.4444448
v 0.0 -50.0 19.4444448
v 0.0 -47.2222209 19.4444448
v 0.0 -44.4444448 19.4444448
v 0.0 -41.6666657 19.4444448
v 0.0 -38.8888896 19.4444448
v 0.0 -36.1111104 19.4444448
v 0.0 -33.3333343 19.4444448
v 0.0 -30.5555552 19.4444448
v 0.0 -27.7777791 19.4444448
v 0.0 -25.0 19.4444448
v 0.0 -22.2222224 19.4444448
v 0.0 -19.4444448 19.4444448
v 0.0 -16.6666672 19.4444448
v 0.0 -13.8888896 19.4444448
v 0.0 -11.1111112 19.4444448
v 0.0 -8.33333358 19.4444448
v 0.0 -5.5555556 19.4444448
v 0.0 -2.7777778 19.4444448
v 0.0 0.0 19.4444448
v 0.0 2.7777778 19.4444448
v 0.0 5.5555556 19.4444448
v 0.0 8.33333358 19.4444448
v 0.0 11.1111112 19.4444448
v 0.0 13.8888896 19.4444448
v 0.0 16.6666672 19.4444448
v 0.0 19.4444448 19.4444448
v 0.0 22.2222224 19.4444448
v 0.0 25.0 19.4444448
v 0.0 27.7777791 19.4444448
v 0.0 30.5555552 19.4444448
v 0.0 33.3333343 19.4444448
v 0.0 36.1111104 19.4444448
v 0.0 38.8888896 19.4444448
v 0.0 41.6666657 19.4444448
v 0.0 44.4444448 19.4444448
v 0.0 47.2222209 19.4444448
v 0.0 50.0 19.4444448
v 0.0 52.7777791 19.4444448
v 0.0 55.5555582 19.4444448
v 0.0 58.3333313 19.4444448
v 0.0 61.1111104 19.4444448
v 0.0 63.8888896 19.4444448
v 0.0 66.6666687 19.4444448
v 0.0 69.4444418 19.4444448
v 0.0 72.2222209 19.4444448
v 0.0 75.0 19.4444448
v 0.0 77.7777791 19.4444448
v 0.0 80.5555582 19.4444448
v 0.0 83.3333313 19.4444448
v 0.0 86.1111104 19.4444448
v 0.0 88.8888896 19.4444448
v 0.0 91.6666687 19.4444448
v 0.0 94.4444418 19.4444448
v 0.0 97.2222209 19.4444448
v 0.0 100.0 19.4444448
v 0.0 -100.0 16.6666672
v 0.0 -97.2222209 16.6666672
v 0.0 -94.4444418 16.6666672
v 0.0 -91.6666687 16.6666672
v 0.0 -88.8888896 16.6666672
v 0.0 -86.1111104 16.6666672
v 0.0 -83.3333313 16.6666672
v 0.0 -80.5555582 16.6666672
v 0.0 -77.7777791 16.6666672
v 0.0 -75.0 16.6666672
v 0.0 -72.2222209 16.6666672
v 0.0 -69.4444418 16.6666672
v 0.0 -66.6666687 16.6666672
v 0.0 -63.8888896 16.6666672
v 0.0 -61.1111104 16.6666672
v 0.0 -58.3333313 16.6666672
v 0.0 -55.5555582 16.6666672
v 0.0 -52.7777791 16.6666672
v 0.0 -50.0 16.6666672
v 0.0 -47.2222209 16.6666672
v 0.0 -44.4444448 16.6666672
v 0.0 -41.6666657 16.6666672
v 0.0 -38.8888896 16.6666672
v 0.0 -36.1111104 16.6666672
v 0.0 -33.3333343 16.6666672
v 0.0 -30.5555552 16.6666672
v 0.0 -27.7777791 16.6666672
v 0.0 -25.0 16.6666672
v 0.0 -22.2222224 16.6666672
v 0.0 -19.4444448 16.6666672
v 0.0 -16.6666672 16.6666672
v 0.0 -13.8888896 16.6666672
v 0.0 -11.1111112 16.6666672
v 0.0 -8.33333358 16.6666672
v 0.0 -5.5555556 16.6666672
v 0.0 -2.7777778 16.6666672
v 0.0 0.0 16.6666672
v 0.0 2.7777778 16.6666672
v 0.0 5.5555556 16.6666672
v 0.0 8.33333358 16.6666672
v 0.0 11.1111112 16.6666672
v 0.0 13.8888896 16.6666672
v 0.0 16.6666672 16.6666672
v 0.0 19.4444448 16.6666672
v 0.0 22.2222224 16.6666672
v 0.0 25.0 16.6666672
v 0.0 27.7777791 16.6666672
v 0.0 30.5555552 16.6666672
v 0.0 33.3333343 16.6666672
v 0.0 36.1111104 16.6666672
v 0.0 38.8888896 16.6666672
v 0.0 41.6666657 16.6666672
v 0.0 44.4444448 16.6666672
v 0.0 47.2222209 16.6666672
v 0.0 50.0 16.6666672
v 0.0 52.7777791 16.6666672
v 0.0 55.5555582 16.6666672
v 0.0 58.3333313 16.6666672
v 0.0 61.1111104 16.6666672
v 0.0 63.8888896 16.6666672
v 0.0 66.6666687 16.6666672
v 0.0 69.4444418 16.6666672
v 0.0 72.2222209 16.6666672
v 0.0 75.0 16.6666672
v 0.0 77.7777791 16.6666672
v 0.0 80.5555582 16.6666672
v 0.0 83.3333313 16.6666672
v 0.0 86.1111104 16.6666672
v 0.0 88.8888896 16.6666672
v 0.0 91.6666687 16.6666672
v 0.0 94.4444418 16.6666672
v 0.0 97.2222209 16.6666672
v 0.0 100.0 16.6666672
v 0.0 -100.0 13.8888896
v 0.0 -97.2222209 13.8888896
v 0.0 -94.4444418 13.8888896
v 0.0 -91.6666687 13.8888896
v 0.0 -88.8888896 13.8888896
v 0.0 -86.1111104 13.8888896
v 0.0 -83.3333313 13.8888896
v 0.0 -80.5555582 13.8888896
v 0.0 -77.7777791 13.8888896
v 0.0 -75.0 13.8888896
v 0.0 -72.2222209 13.8888896
v 0.0 -69.4444418 13.8888896
v 0.0 -66.6666687 13.8888896
v 0.0 -63.8888896 13.8888896
v 0.0 -61.1111104 13.8888896
v 0.0 -58.3333313 13.8888896
v 0.0 -55.5555582 13.8888896
v 0.0 -52.7777791 13.8888896
v 0.0 -50.0 13.8888896
v 0.0 -47.2222209 13.8888896
v 0.0 -44.4444448 13.8888896
v 0.0 -41.6666657 13.8888896
v 0.0 -38.8888896 13.8888896
v 0.0 -36.1111104 13.8888896
v 0.0 -33.3333343 13.8888896
v 0.0 -30.5555552 13.8888896
v 0.0 -27.7777791 13.8888896
v 0.0 -25.0 13.8888896
v 0.0 -22.2222224 13.8888896
v 0.0 -19.4444448 13.8888896
v 0.0 -16.6666672 13.8888896
v 0.0 -13.8888896 13.8888896
v 0.0 -11.1111112 13.8888896
v 0.0 -8.33333358 13.8888896
v 0.0 -5.5555556 13.8888896
v 0.0 -2.7777778 13.8888896
v 0.0 0.0 13.8888896
v 0.0 2.7777778 13.8888896
v 0.0 5.5555556 13.8888896
v 0.0 8.33333358 13.8888896
v 0.0 11.1111112 13.8888896
v 0.0 13.8888896 13.8888896
v 0.0 16.6666672 13.8888896
v 0.0 19.4444448 13.8888896
v 0.0 22.2222224 13.8888896
v 0.0 25.0 13.8888896
v 0.0 27.7777791 13.8888896
v 0.0 30.5555552 13.8888896
v 0.0 33.3333343 13.8888896
v 0.0 36.1111104 13.8888896
v 0.0 38.8888896 13.8888896
v 0.0 41.6666657 13.8888896
v 0.0 44.4444448 13.8888896
v 0.0 47.2222209 13.8888896
v 0.0 50.0 13.8888896
v 0.0 52.7777791 13.8888896
v 0.0 55.5555582 13.8888896
v 0.0 58.3333313 13.8888896
v 0.0 61.1111104 13.8888896
v 0.0 63.8888896 13.8888896
v 0.0 66.6666687 13.8888896
v 0.0 69.4444418 13.8888896
v 0.0 72.2222209 13.8888896
v 0.0 75.0 13.8888896
v 0.0 77.7777791 13.8888896
v 0.0 80.5555582 13.8888896
v 0.0 83.3333313 13.8888896
v 0.0 86.1111104 13.8888896
v 0.0 88.8888896 13.8888896
v 0.0 91.6666687 13.8888896
v 0.0 94.4444418 13.8888896
v 0.0 97.2222209 13.8888896
v 0.0 100.0 13.8888896
v 0.0 -100.0 11.1111112
v 0.0 -97.2222209 11.1111112
v 0.0 -94.4444418 11.1111112
v 0.0 -91.6666687 11.1111112
v 0.0 -88.8888896 11.1111112
v 0.0 -86.1111104 11.1111112
v 0.0 -83.3333313 11.1111112
v 0.0 -80.5555582 11.1111112
v 0.0 -77.7777791 11.1111112
v 0.0 -75.0 11.1111112
v 0.0 -72.2222209 11.1111112
v 0.0 -69.4444418 11.1111112
v 0.0 -66.6666687 11.1111112
v 0.0 -63.8888896 11.1111112
v 0.0 -61.1111104 11.1111112
v 0.0 -58.3333313 11.1111112
v 0.0 -55.5555582 11.1111112
v 0.0 -52.7777791 11.1111112
v 0.0 -50.0 11.1111112
v 0.0 -47.2222209 11.1111112
v 0.0 -44.4444448 11.1111112
v 0.0 -41.6666657 11.1111112
v 0.0 -38.8888896 11.1111112
v 0.0 -36.1111104 11.1111112
v 0.0 -33.3333343 11.1111112
v 0.0 -30.5555552 11.1111112
v 0.0 -27.7777791 11.1111112
v 0.0 -25.0 11.1111112
v 0.0 -22.2222224 11.1111112
v 0.0 -19.4444448 11.1111112
v 0.0 -16.6666672 11.1111112
v 0.0 -13.8888896 11.1111112
v 0.0 -11.1111112 11.1111112
v 0.0 -8.33333358 11.1111112
v 0.0 -5.5555556 11.1111112
v 0.0 -2.7777778 11.1111112
v 0.0 0.0 11.1111112
v 0.0 2.7777778 11.1111112
v 0.0 5.5555556 11.1111112
v 0.0 8.33333358 11.1111112
v 0.0 11.1111112 11.1111112
v 0.0 13.8888896 11.1111112
v 0.0 16.6666672 11.1111112
v 0.0 19.4444448 11.1111112
v 0.0 22.2222224 11.1111112
v 0.0 25.0 11.1111112
v 0.0 27.7777791 11.1111112
v 0.0 30.5555552 11.1111112
v 0.0 33.3333343 11.1111112
v 0.0 36.1111104 11.1111112
v 0.0 38.8888896 11.1111112
v 0.0 41.6666657 11.1111112
v 0.0 44.4444448 11.1111112
v 0.0 47.2222209 11.1111112
v 0.0 50.0 11.1111112
v 0.0 52.7777791 11.1111112
v 0.0 55.5555582 11.1111112
v 0.0 58.3333313 11.1111112
v 0.0 61.1111104 11.1111112
v 0.0 63.8888896 11.1111112
v 0.0 66.6666687 11.1111112
v 0.0 69.4444418 11.1111112
v 0.0 72.2222209 11.1111112
v 0.0 75.0 11.1111112
v 0.0 77.7777791 11.1111112
v 0.0 80.5555582 11.1111112
v 0.0 83.3333313 11.1111112
v 0.0 86.1111104 11.1111112
v 0.0 88.8888896 11.1111112
v 0.0 91.6666687 11.1111112
v 0.0 94.4444418 11.1111112
v 0.0 97.2222209 11.1111112
v 0.0 100.0 11.1111112
v 0.0 -100.0 8.33333358
v 0.0 -97.2222209 8.33333358
v 0.0 -94.4444418 8.33333358
v 0.0 -91.6666687 8.33333358
v 0.0 -88.8888896 8.33333358
v 0.0 -86.1111104 8.33333358
v 0.0 -83.3333313 8.33333358
v 0.0 -80.5555582 8.33333358
v 0.0 -77.7777791 8.33333358
v 0.0 -75.0 8.33333358
v 0.0 -72.2222209 8.33333358
v 0.0 -69.4444418 8.33333358
v 0.0 -66.6666687 8.33333358
v 0.0 -63.8888896 8.33333358
v 0.0 -61.1111104 8.33333358
v 0.0 -58.3333313 8.33333358
v 0.0 -55.5555582 8.33333358
v 0.0 -52.7777791 8.33333358
v 0.0 -50.0 8.33333358
v 0.0 -47.2222209 8.33333358
v 0.0 -44.4444448 8.33333358
v 0.0 -41.6666657 8.33333358
v 0.0 -38.8888896 8.33333358
v 0.0 -36.1111104 8.33333358
v 0.0 -33.3333343 8.33333358
v 0.0 -30.5555552 8.33333358
v 0.0 -27.7777791 8.33333358
v 0.0 -25.0 8.33333358
v 0.0 -22.2222224 8.33333358
v 0.0 -19.4444448 8.33333358
v 0.0 -16.6666672 8.33333358
v 0.0 -13.8888896 8.33333358
v 0.0 -11.1111112 8.33333358
v 0.0 -8.33333358 8.33333358
v 0.0 -5.5555556 8.33333358
v 0.0 -2.7777778 8.33333358
v 0.0 0.0 8.33333358
v 0.0 2.7777778 8.33333358
v 0.0 5.5555556 8.33333358
v 0.0 8.33333358 8.33333358
v 0.0 11.1111112 8.33333358
v 0.0 13.8888896 8.33333358
v 0.0 16.6666672 8.33333358
v 0.0 19.4444448 8.33333358
v 0.0 22.2222224 8.33333358
v 0.0 25.0 8.33333358
v 0.0 27.7777791 8.33333358
v 0.0 30.5555552 8.33333358
v 0.0 33.3333343 8.33333358
v 0.0 36.1111104 8.33333358
v 0.0 38.8888896 8.33333358
v 0.0 41.6666657 8.33333358
v 0.0 44.4444448 8.33333358
v 0.0 47.2222209 8.33333358
v 0.0 50.0 8.33333358
v 0.0 52.7777791 8.33333358
v 0.0 55.5555582 8.33333358
v 0.0 58.3333313 8.33333358
v 0.0 61.1111104 8.33333358
v 0.0 63.8888896 8.33333358
v 0.0 66.6666687 8.33333358
v 0.0 69.4444418 8.33333358
v 0.0 72.2222209 8.33333358
v 0.0 75.0 8.33333358
v 0.0 77.7777791 8.33333358
v 0.0 80.5555582 8.33333358
v 0.0 83.3333313 8.33333358
v 0.0 86.1111104 8.33333358
v 0.0 88.8888896 8.33333358
v 0.0 91.6666687 8.33333358
v 0.0 94.4444418 8.33333358
v 0.0 97.2222209 8.33333358
v 0.0 100.0 8.33333358
v 0.0 -100.0 5.5555556
v 0.0 -97.2222209 5.5555556
v 0.0 -94.4444418 5.5555556
v 0.0 -91.6666687 5.5555556
v 0.0 -88.8888896 5.5555556
v 0.0 -86.1111104 5.5555556
v 0.0 -83.3333313 5.5555556
v 0.0 -80.5555582 5.5555556
v 0.0 -77.7777791 5.5555556
v 0.0 -75.0 5.5555556
v 0.0 -72.2222209 5.5555556
v 0.0 -69.4444418 5.5555556
v 0.0 -66.6666687 5.5555556
v 0.0 -63.8888896 5.5555556
v 0.0 -61.1111104 5.5555556
v 0.0 -58.3333313 5.5555556
v 0.0 -55.5555582 5.5555556
v 0.0 -52.7777791 5.5555556
v 0.0 -50.0 5.5555556
v 0.0 -47.2222209 5.5555556
v 0.0 -44.4444448 5.5555556
v 0.0 -41.6666657 5.5555556
v 0.0 -38.8888896 5.5555556
v 0.0 -36.1111104 5.5555556
v 0.0 -33.3333343 5.5555556
v 0.0 -30.5555552 5.5555556
v 0.0 -27.7777791 5.5555556
v 0.0 -25.0 5.5555556
v 0.0 -22.2222224 5.5555556
v 0.0 -19.4444448 5.5555556
v 0.0 -16.6666672 5.5555556
v 0.0 -13.8888896 5.5555556
v 0.0 -11.1111112 5.5555556
v 0.0 -8.33333358 5.5555556
v 0.0 -5.5555556 5.5555556
v 0.0 -2.7777778 5.5555556
v 0.0 0.0 5.5555556
v 0.0 2.7777778 5.5555556
v 0.0 5.5555556 5.5555556
v 0.0 8.33333358 5.5555556
v 0.0 11.1111112 5.5555556
v 0.0 13.8888896 5.5555556
v 0.0 16.6666672 5.5555556
v 0.0 19.4444448 5.5555556
v 0.0 22.2222224 5.5555556
v 0.0 25.0 5.5555556
v 0.0 27.7777791 5.5555556
v 0.0 30.5555552 5.5555556
v 0.0 33.3333343 5.5555556
v 0.0 36.1111104 5.5555556
v 0.0 38.8888896 5.5555556
v 0.0 41.6666657 5.5555556
v 0.0 44.4444448 5.5555556
v 0.0 47.2222209 5.5555556
v 0.0 50.0 5.5555556
v 0.0 52.7777791 5.5555556
v 0.0 55.5555582 5.5555556
v 0.0 58.3333313 5.5555556
v 0.0 61.1111104 5.5555556
v 0.0 63.8888896 5.5555556
v 0.0 66.6666687 5.5555556
v 0.0 69.4444418 5.5555556
v 0.0 72.2222209 5.5555556
v 0.0 75.0 5.5555556
v 0.0 77.7777791 5.5555556
v 0.0 80.5555582 5.5555556
v 0.0 83.3333313 5.5555556
v 0.0 86.1111104 5.5555556
v 0.0 88.8888896 5.5555556
v 0.0 91.6666687 5.5555556
v 0.0 94.4444418 5.5555556
v 0.0 97.2222209 5.5555556
v 0.0 100.0 5.5555556
v 0.0 -100.0 2.7777778
v 0.0 -97.2222209 2.7777778
v 0.0 -94.4444418 2.7777778
v 0.0 -91.6666687 2.7777778
v 0.0 -88.8888896 2.7777778
v 0.0 -86.1111104 2.7777778
v 0.0 -83.3333313 2.7777778
v 0.0 -80.5555582 2.7777778
v 0.0 -77.7777791 2.7777778
v 0.0 -75.0 2.7777778
v 0.0 -72.2222209 2.7777778
v 0.0 -69.4444418 2.7777778
v 0.0 -66.6666687 2.7777778
v 0.0 -63.8888896 2.7777778
v 0.0 -61.1111104 2.7777778
v 0.0 -58.3333313 2.7777778
v 0.0 -55.5555582 2.7777778
v 0.0 -52.7777791 2.7777778
v 0.0 -50.0 2.7777778
v 0.0 -47.2222209 2.7777778
v 0.0 -44.4444448 2.7777778
v 0.0 -41.6666657 2.7777778
v 0.0 -38.8888896 2.7777778
v 0.0 -36.1111104 2.7777778
v 0.0 -33.3333343 2.7777778
v 0.0 -30.5555552 2.7777778
v 0.0 -27.7777791 2.7777778
v 0.0 -25.0 2.7777778
v 0.0 -22.2222224 2.7777778
v 0.0 -19.4444448 2.7777778
v 0.0 -16.6666672 2.7777778
v 0.0 -13.8888896 2.7777778
v 0.0 -11.1111112 2.7777778
v 0.0 -8.33333358 2.7777778
v 0.0 -5.5555556 2.7777778
v 0.0 -2.7777778 2.7777778
v 0.0 0.0 2.7777778
v 0.0 2.7777778 2.7777778
v 0.0 5.5555556 2.7777778
v 0.0 8.33333358 2.7777778
v 0.0 11.1111112 2.7777778
v 0.0 13.8888896 2.7777778
v 0.0 16.6666672 2.7777778
v 0.0 19.4444448 2.7777778
v 0.0 22.2222224 2.7777778
v 0.0 25.0 2.7777778
v 0.0 27.7777791 2.7777778
v 0.0 30.5555552 2.7777778
v 0.0 33.3333343 2.7777778
v 0.0 36.1111104 2.7777778
v 0.0 38.8888896 2.7777778
v 0.0 41.6666657 2.7777778
v 0.0 44.4444448 2.7777778
v 0.0 47.2222209 2.7777778
v 0.0 50.0 2.7777778
v 0.0 52.7777791 2.7777778
v 0.0 55.5555582 2.7777778
v 0.0 58.3333313 2.7777778
v 0.0 61.1111104 2.7777778
v 0.0 63.8888896 2.7777778
v 0.0 66.6666687 2.7777778
v 0.0 69.4444418 2.7777778
v 0.0 72.2222209 2.7777778
v 0.0 75.0 2.7777778
v 0.0 77.7777791 2.7777778
v 0.0 80.5555582 2.7777778
v 0.0 83.3333313 2.7777778
v 0.0 86.1111104 2.7777778
v 0.0 88.8888896 2.7777778
v 0.0 91.6666687 2.7777778
v 0.0 94.4444418 2.7777778
v 0.0 97.2222209 2.7777778
v 0.0 100.0 2.7777778
v 0.0 -100.0 0.0
v 0.0 -97.2222209 0.0
v 0.0 -94.4444418 0.0
v 0.0 -91.6666687 0.0
v 0.0 -88.8888896 0.0
v 0.0 -86.1111104 0.0
v 0.0 -83.3333313 0.0
v 0.0 -80.5555582 0.0
v 0.0 -77.7777791 0.0
v 0.0 -75.0 0.0
v 0.0 -72.2222209 0.0
v 0.0 -69.4444418 0.0
v 0.0 -66.6666687 0.0
v 0.0 -63.8888896 0.0
v 0.0 -61.1111104 0.0
v 0.0 -58.3333313 0.0
v 0.0 -55.5555582 0.0
v 0.0 -52.7777791 0.0
v 0.0 -50.0 0.0
v 0.0 -47.2222209 0.0
v 0.0 -44.4444448 0.0
v 0.0 -41.6666657 0.0
v 0.0 -38.8888896 0.0
v 0.0 -36.1111104 0.0
v 0.0 -33.3333343 0.0
v 0.0 -30.5555552 0.0
v 0.0 -27.7777791 0.0
v 0.0 -25.0 0.0
v 0.0 -22.2222224 0.0
v 0.0 -19.4444448 0.0
v 0.0 -16.6666672 0.0
v 0.0 -13.8888896 0.0
v 0.0 -11.1111112 0.0
v 0.0 -8.33333358 0.0
v 0.0 -5.5555556 0.0
v 0.0 -2.7777778 0.0
v 0.0 0.0 0.0
v 0.0 2.7777778 0.0
v 0.0 5.5555556 0.0
v 0.0 8.33333358 0.0
v 0.0 11.1111112 0.0
v 0.0 13.8888896 0.0
v 0.0 16.6666672 0.0
v 0.0 19.4444448 0.0
v 0.0 22.2222224 0.0
v 0.0 25.0 0.0
v 0.0 27.7777791 0.0
v 0.0 30.5555552 0.0
v 0.0 33.3333343 0.0
v 0.0 36.1111104 0.0
v 0.0 38.8888896 0.0
v 0.0 41.6666657 0.0
v 0.0 44.4444448 0.0
v 0.0 47.2222209 0.0
v 0.0 50.0 0.0
v 0.0 52.7777791 0.0
v 0.0 55.5555582 0.0
v 0.0 58.3333313 0.0
v 0.0 61.1111104 0.0
v 0.0 63.8888896 0.0
v 0.0 66.6666687 0.0
v 0.0 69.4444418 0.0
v 0.0 72.2222209 0.0
v 0.0 75.0 0.0
v 0.0 77.7777791 0.0
v 0.0 80.5555582 0.0
v 0.0 83.3333313 0.0
v 0.0 86.1111104 0.0
v 0.0 88.8888896 0.0
v 0.0 91.6666687 0.0
v 0.0 94.4444418 0.0
v 0.0 97.2222209 0.0
v 0.0 100.0 0.0
v 0.0 -100.0 -2.7777778
v 0.0 -97.2222209 -2.7777778
v 0.0 -94.4444418 -2.7777778
v 0.0 -91.6666687 -2.7777778
v 0.0 -88.8888896 -2.7777778
v 0.0 -86.1111104 -2.7777778
v 0.0 -83.3333313 -2.7777778
v 0.0 -80.5555582 -2.7777778
v 0.0 -77.7777791 -2.7777778
v 0.0 -75.0 -2.7777778
v 0.0 -72.2222209 -2.7777778
v 0.0 -69.4444418 -2.7777778
v 0.0 -66.6666687 -2.7777778
v 0.0 -63.8888896 -2.7777778
v 0.0 -61.1111104 -2.7777778
v 0.0 -58.3333313 -2.7777778
v 0.0 -55.5555582 -2.7777778
v 0.0 -52.7777791 -2.7777778
v 0.0 -50.0 -2.7777778
v 0.0 -47.2222209 -2.7777778
v 0.0 -44.4444448 -2.7777778
v 0.0 -41.6666657 -2.7777778
v 0.0 -38.8888896 -2.7777778
v 0.0 -36.1111104 -2.7777778
v 0.0 -33.3333343 -2.7777778
v 0.0 -30.5555552 -2.7777778
v 0.0 -27.7777791 -2.7777778
v 0.0 -25.0 -2.7777778
v 0.0 -22.2222224 -2.7777778
v 0.0 -19.4444448 -2.7777778
v 0.0 -16.6666672 -2.7777778
v 0.0 -13.8888896 -2.7777778
v 0.0 -11.1111112 -2.7777778
v 0.0 -8.33333358 -2.7777778
v 0.0 -5.5555556 -2.7777778
v 0.0 -2.7777778 -2.7777778
v 0.0 0.0 -2.7777778
v 0.0 2.7777778 -2.7777778
v 0.0 5.5555556 -2.7777778
v 0.0 8.33333358 -2.7777778
v 0.0 11.1111112 -2.7777778
v 0.0 13.8888896 -2.7777778
v 0.0 16.6666672 -2.7777778
v 0.0 19.4444448 -2.7777778
v 0.0 22.2222224 -2.7777778
v 0.0 25.0 -2.7777778
v 0.0 27.7777791 -2.7777778
v 0.0 30.5555552 -2.7777778
v 0.0 33.3333343 -2.7777778
v 0.0 36.1111104 -2.7777778
v 0.0 38.8888896 -2.7777778
v 0.0 41.6666657 -2.7777778
v 0.0 44.4444448 -2.7777778
v 0.0 47.2222209 -2.7777778
v 0.0 50.0 -2.7777778
v 0.0 52.7777791 -2.7777778
v 0.0 55.5555582 -2.7777778
v 0.0 58.3333313 -2.7777778
v 0.0 61.1111104 -2.7777778
v 0.0 63.8888896 -2.7777778
v 0.0 66.6666687 -2.7777778
v 0.0 69.4444418 -2.7777778
v 0.0 72.2222209 -2.7777778
v 0.0 75.0 -2.7777778
v 0.0 77.7777791 -2.7777778
v 0.0 80.5555582 -2.7777778
v 0.0 83.3333313 -2.7777778
v 0.0 86.1111104 -2.7777778
v 0.0 88.8888896 -2.7777778
v 0.0 91.6666687 -2.7777778
v 0.0 94.4444418 -2.7777778
v 0.0 97.2222209 -2.7777778
v 0.0 100.0 -2.7777778
v 0.0 -100.0 -5.5555556
v 0.0 -97.2222209 -5.5555556
v 0.0 -94.4444418 -5.5555556
v 0.0 -91.6666687 -5.5555556
v 0.0 -88.8888896 -5.5555556
v 0.0 -86.1111104 -5.5555556
v 0.0 -83.3333313 -5.5555556
v 0.0 -80.5555582 -5.5555556
v 0.0 -77.7777791 -5.5555556
v 0.0 -75.0 -5.5555556
v 0.0 -72.2222209 -5.5555556
v 0.0 -69.4444418 -5.5555556
v 0.0 -66.6666687 -5.5555556
v 0.0 -63.8888896 -5.5555556
v 0.0 -61.1111104 -5.5555556
v 0.0 -58.3333313 -5.5555556
v 0.0 -55.5555582 -5.5555556
v 0.0 -52.7777791 -5.5555556
v 0.0 -50.0 -5.5555556
v 0.0 -47.2222209 -5.5555556
v 0.0 -44.4444448 -5.5555556
v 0.0 -41.6666657 -5.5555556
v 0.0 -38.8888896 -5.5555556
v 0.0 -36.1111104 -5.5555556
v 0.0 -33.3333343 -5.5555556
v 0.0 -30.5555552 -5.5555556
v 0.0 -27.7777791 -5.5555556
v 0.0 -25.0 -5.5555556
v 0.0 -22.2222224 -5.5555556
v 0.0 -19.4444448 -5.5555556
v 0.0 -16.6666672 -5.5555556
v 0.0 -13.8888896 -5.5555556
v 0.0 -11.1111112 -5.5555556
v 0.0 -8.33333358 -5.5555556
v 0.0 -5.5555556 -5.5555556
v 0.0 -2.7777778 -5.5555556
v 0.0 0.0 -5.5555556
v 0.0 2.7777778 -5.5555556
v 0.0 5.5555556 -5.5555556
v 0.0 8.33333358 -5.5555556
v 0.0 11.1111112 -5.5555556
v 0.0 13.8888896 -5.5555556
v 0.0 16.6666672 -5.5555556
v 0.0 19.4444448 -5.5555556
v 0.0 22.2222224 -5.5555556
v 0.0 25.0 -5.5555556
v 0.0 27.7777791 -5.5555556
v 0.0 30.5555552 -5.5555556
v 0.0 33.3333343 -5.5555556
v 0.0 36.1111104 -5.5555556
v 0.0 38.8888896 -5.5555556
v 0.0 41.6666657 -5.5555556
v 0.0 44.4444448 -5.5555556
v 0.0 47.2222209 -5.5555556
v 0.0 50.0 -5.5555556
v 0.0 52.7777791 -5.5555556
v 0.0 55.5555582 -5.5555556
v 0.0 58.3333313 -5.5555556
v 0.0 61.1111104 -5.5555556
v 0.0 63.8888896 -5.5555556
v 0.0 66.6666687 -5.5555556
v 0.0 69.4444418 -5.5555556
v 0.0 72.2222209 -5.5555556
v 0.0 75.0 -5.5555556
v 0.0 77.7777791 -5.5555556
v 0.0 80.5555582 -5.5555556
v 0.0 83.3333313 -5.5555556
v 0.0 86.1111104 -5.5555556
v 0.0 88.8888896 -5.5555556
v 0.0 91.6666687 -5.5555556
v 0.0 94.4444418 -5.5555556
v 0.0 97.2222209 -5.5555556
v 0.0 100.0 -5.5555556
v 0.0 -100.0 -8.33333358
v 0.0 -97.2222209 -8.33333358
v 0.0 -94.4444418 -8.33333358
v 0.0 -91.6666687 -8.33333358
v 0.0 -88.8888896 -8.33333358
v 0.0 -86.1111104 -8.33333358
v 0.0 -83.3333313 -8.33333358
v 0.0 -80.5555582 -8.33333358
v 0.0 -77.7777791 -8.33333358
v 0.0 -75.0 -8.33333358
v 0.0 -72.2222209 -8.33333358
v 0.0 -69.4444418 -8.33333358
v 0.0 -66.6666687 -8.33333358
v 0.0 -63.8888896 -8.33333358
v 0.0 -61.1111104 -8.33333358
v 0.0 -58.3333313 -8.33333358
v 0.0 -55.5555582 -8.33333358
v 0.0 -52.7777791 -8.33333358
v 0.0 -50.0 -8.33333358
v 0.0 -47.2222209 -8.33333358
v 0.0 -44.4444448 -8.33333358
v 0.0 -41.6666657 -8.33333358
v 0.0 -38.8888896 -8.33333358
v 0.0 -36.1111104 -8.33333358
v 0.0 -33.3333343 -8.33333358
v 0.0 -30.5555552 -8.33333358
v 0.0 -27.7777791 -8.33333358
v 0.0 -25.0 -8.33333358
v 0.0 -22.2222224 -8.33333358
v 0.0 -19.4444448 -8.33333358
v 0.0 -16.6666672 -8.33333358
v 0.0 -13.8888896 -8.33333358
v 0.0 -11.1111112 -8.33333358
v 0.0 -8.33333358 -8.33333358
v 0.0 -5.5555556 -8.33333358
v 0.0 -2.7777778 -8.33333358
v 0.0 0.0 -8.33333358
v 0.0 2.7777778 -8.33333358
v 0.0 5.5555556 -8.33333358
v 0.0 8.33333358 -8.33333358
v 0.0 11.1111112 -8.33333358
v 0.0 13.8888896 -8.33333358
v 0.0 16.6666672 -8.33333358
v 0.0 19.4444448 -8.33333358
v 0.0 22.2222224 -8.33333358
v 0.0 25.0 -8.33333358
v 0.0 27.7777791 -8.33333358
v 0.0 30.5555552 -8.33333358
v 0.0 33.3333343 -8.33333358
v 0.0 36.1111104 -8.33333358
v 0.0 38.8888896 -8.33333358
v 0.0 41.6666657 -8.33333358
v 0.0 44.4444448 -8.33333358
v 0.0 47.2222209 -8.33333358
v 0.0 50.0 -8.33333358
v 0.0 52.7777791 -8.33333358
v 0.0 55.5555582 -8.33333358
v 0.0 58.3333313 -8.33333358
v 0.0 61.1111104 -8.33333358
v 0.0 63.8888896 -8.33333358
v 0.0 66.6666687 -8.33333358
v 0.0 69.4444418 -8.33333358
v 0.0 72.2222209 -8.33333358
v 0.0 75.0 -8.33333358
v 0.0 77.7777791 -8.33333358
v 0.0 80.5555582 -8.33333358
v 0.0 83.3333313 -8.33333358
v 0.0 86.1111104 -8.33333358
v 0.0 88.8888896 -8.33333358
v 0.0 91.6666687 -8.33333358
v 0.0 94.4444418 -8.33333358
v 0.0 97.2222209 -8.33333358
v 0.0 100.0 -8.33333358
v 0.0 -100.0 -11.1111112
v 0.0 -97.2222209 -11.1111112
v 0.0 -94.4444418 -11.1111112
v 0.0 -91.6666687 -11.1111112
v 0.0 -88.8888896 -11.1111112
v 0.0 -86.1111104 -11.1111112
v 0.0 -83.3333313 -11.1111112
v 0.0 -80.5555582 -11.1111112
v 0.0 -77.7777791 -11.1111112
v 0.0 -75.0 -11.1111112
v 0.0 -72.2222209 -11.1111112
v 0.0 -69.4444418 -11.1111112
v 0.0 -66.6666687 -11.1111112
v 0.0 -63.8888896 -11.1111112
v 0.0 -61.1111104 -11.1111112
v 0.0 -58.3333313 -11.1111112
v 0.0 -55.5555582 -11.1111112
v 0.0 -52.7777791 -11.1111112
v 0.0 -50.0 -11.1111112
v 0.0 -47.2222209 -11.1111112
v 0.0 -44.4444448 -11.1111112
v 0.0 -41.6666657 -11.1111112
v 0.0 -38.8888896 -11.1111112
v 0.0 -36.1111104 -11.1111112
v 0.0 -33.3333343 -11.1111112
v 0.0 -30.5555552 -11.1111112
v 0.0 -27.7777791 -11.1111112
v 0.0 -25.0 -11.1111112
v 0.0 -22.2222224 -11.1111112
v 0.0 -19.4444448 -11.1111112
v 0.0 -16.6666672 -11.1111112
v 0.0 -13.8888896 -11.1111112
v 0.0 -11.1111112 -11.1111112
v 0.0 -8.33333358 -11.1111112
v 0.0 -5.5555556 -11.1111112
v 0.0 -2.7777778 -11.1111112
v 0.0 0.0 -11.1111112
v 0.0 2.7777778 -11.1111112
v 0.0 5.5555556 -11.1111112
v 0.0 8.33333358 -11.1111112
v 0.0 11.1111112 -11.1111112
v 0.0 13.8888896 -11.1111112
v 0.0 16.6666672 -11.1111112
v 0.0 19.4444448 -11.1111112
v 0.0 22.2222224 -11.1111112
v 0.0 25.0 -11.1111112
v 0.0 27.7777791 -11.1111112
v 0.0 30.5555552 -11.1111112
v 0.0 33.3333343 -11.1111112
v 0.0 36.1111104 -11.1111112
v 0.0 38.8888896 -11.1111112
v 0.0 41.6666657 -11.1111112
v 0.0 44.4444448 -11.1111112
v 0.0 47.2222209 -11.1111112
v 0.0 50.0 -11.1111112
v 0.0 52.7777791 -11.1111112
v 0.0 55.5555582 -11.1111112
v 0.0 58.3333313 -11.1111112
v 0.0 61.1111104 -11.1111112
v 0.0 63.8888896 -11.1111112
v 0.0 66.6666687 -11.1111112
v 0.0 69.4444418 -11.1111112
v 0.0 72.2222209 -11.1111112
v 0.0 75.0 -11.1111112
v 0.0 77.7777791 -11.1111112
v 0.0 80.5555582 -11.1111112
v 0.0 83.3333313 -11.1111112
v 0.0 86.1111104 -11.1111112
v 0.0 88.8888896 -11.1111112
v 0.0 91.6666687 -11.1111112
v 0.0 94.4444418 -11.1111112
v 0.0 97.2222209 -11.1111112
v 0.0 100.0 -11.1111112
v 0.0 -100.0 -13.8888896
v 0.0 -97.2222209 -13.8888896
v 0.0 -94.4444418 -13.8888896
v 0.0 -91.6666687 -13.8888896
v 0.0 -88.8888896 -13.8888896
v 0.0 -86.1111104 -13.8888896
v 0.0 -83.3333313 -13.8888896
v 0.0 -80.5555582 -13.8888896
v 0.0 -77.7777791 -13.8888896
v 0.0 -75.0 -13.8888896
v 0.0 -72.2222209 -13.8888896
v 0.0 -69.4444418 -13.8888896
v 0.0 -66.6666687 -13.8888896
v 0.0 -63.8888896 -13.8888896
v 0.0 -61.1111104 -13.8888896
v 0.0 -58.3333313 -13.8888896
v 0.0 -55.5555582 -13.8888896
v 0.0 -52.7777791 -13.8888896
v 0.0 -50.0 -13.8888896
v 0.0 -47.2222209 -13.8888896
v 0.0 -44.4444448 -13.8888896
v 0.0 -41.6666657 -13.8888896
v 0.0 -38.8888896 -13.8888896
v 0.0 -36.1111104 -13.8888896
v 0.0 -33.3333343 -13.8888896
v 0.0 -30.5555552 -13.8888896
v 0.0 -27.7777791 -13.8888896
v 0.0 -25.0 -13.8888896
v 0.0 -22.2222224 -13.8888896
v 0.0 -19.4444448 -13.8888896
v 0.0 -16.6666672 -13.8888896
v 0.0 -13.8888896 -13.8888896
v 0.0 -11.1111112 -13.8888896
v 0.0 -8.33333358 -13.8888896
v 0.0 -5.5555556 -13.8888896
v 0.0 -2.7777778 -13.8888896
v 0.0 0.0 -13.8888896
v 0.0 2.7777778 -13.8888896
v 0.0 5.5555556 -13.8888896
v 0.0 8.33333358 -13.8888896
v 0.0 11.1111112 -13.8888896
v 0.0 13.8888896 -13.8888896
v 0.0 16.6666672 -13.8888896
v 0.0 19.4444448 -13.8888896
v 0.0 22.2222224 -13.8888896
v 0.0 25.0 -13.8888896
v 0.0 27.7777791 -13.8888896
v 0.0 30.5555552 -13.8888896
v 0.0 33.3333343 -13.8888896
v 0.0 36.1111104 -13.8888896
v 0.0 38.8888896 -13.8888896
v 0.0 41.6666657 -13.8888896
v 0.0 44.4444448 -13.8888896
v 0.0 47.2222209 -13.8888896
v 0.0 50.0 -13.8888896
v 0.0 52.7777791 -13.8888896
v 0.0 55.5555582 -13.8888896
v 0.0 58.3333313 -13.8888896
v 0.0 61.1111104 -13.8888896
v 0.0 63.8888896 -13.8888896
v 0.0 66.6666687 -13.8888896
v 0.0 69.4444418 -13.8888896
v 0.0 72.2222209 -13.8888896
v 0.0 75.0 -13.8888896
v 0.0 77.7777791 -13.8888896
v 0.0 80.5555582 -13.8888896
v 0.0 83.3333313 -13.8888896
v 0.0 86.1111104 -13.8888896
v 0.0 88.8888896 -13.8888896
v 0.0 91.6666687 -13.8888896
v 0.0 94.4444418 -13.8888896
v 0.0 97.2222209 -13.8888896
v 0.0 100.0 -13.8888896
v 0.0 -100.0 -16.6666672
v 0.0 -97.2222209 -16.6666672
v 0.0 -94.4444418 -16.6666672
v 0.0 -91.6666687 -16.6666672
v 0.0 -88.8888896 -16.6666672
v 0.0 -86.1111104 -16.6666672
v 0.0 -83.3333313 -16.6666672
v 0.0 -80.5555582 -16.6666672
v 0.0 -77.7777791 -16.6666672
v 0.0 -75.0 -16.6666672
v 0.0 -72.2222209 -16.6666672
v 0.0 -69.4444418 -16.6666672
v 0.0 -66.6666687 -16.6666672
v 0.0 -63.8888896 -16.6666672
v 0.0 -61.1111104 -16.6666672
v 0.0 -58.3333313 -16.6666672
v 0.0 -55.5555582 -16.6666672
v 0.0 -52.7777791 -16.6666672
v 0.0 -50.0 -16.6666672
v 0.0 -47.2222209 -16.6666672
v 0.0 -44.4444448 -16.6666672
v 0.0 -41.6666657 -16.6666672
v 0.0 -38.8888896 -16.6666672
v 0.0 -36.1111104 -16.6666672
v 0.0 -33.3333343 -16.6666672
v 0.0 -30.5555552 -16.6666672
v 0.0 -27.7777791 -16.6666672
v 0.0 -25.0 -16.6666672
v 0.0 -22.2222224 -16.6666672
v 0.0 -19.4444448 -16.6666672
v 0.0 -16.6666672 -16.6666672
v 0.0 -13.8888896 -16.6666672
v 0.0 -11.1111112 -16.6666672
v 0.0 -8.33333358 -16.6666672
v 0.0 -5.5555556 -16.6666672
v 0.0 -2.7777778 -16.6666672
v 0.0 0.0 -16.6666672
v 0.0 2.7777778 -16.6666672
v 0.0 5.5555556 -16.6666672
v 0.0 8.33333358 -16.6666672
v 0.0 11.1111112 -16.6666672
v 0.0 13.8888896 -16.6666672
v 0.0 16.6666672 -16.6666672
v 0.0 19.4444448 -16.6666672
v 0.0 22.2222224 -16.6666672
v 0.0 25.0 -16.6666672
v 0.0 27.7777791 -16.6666672
v 0.0 30.5555552 -16.6666672
v 0.0 33.3333343 -16.6666672
v 0.0 36.1111104 -16.6666672
v 0.0 38.8888896 -16.6666672
v 0.0 41.6666657 -16.6666672
v 0.0 44.4444448 -16.6666672
v 0.0 47.2222209 -16.6666672
v 0.0 50.0 -16.6666672
v 0.0 52.7777791 -16.6666672
v 0.0 55.5555582 -16.6666672
v 0.0 58.3333313 -16.6666672
v 0.0 61.1111104 -16.6666672
v 0.0 63.8888896 -16.6666672
v 0.0 66.6666687 -16.6666672
v 0.0 69.4444418 -16.6666672
v 0.0 72.2222209 -16.6666672
v 0.0 75.0 -16.6666672
v 0.0 77.7777791 -16.6666672
v 0.0 80.5555582 -16.6666672
v 0.0 83.3333313 -16.6666672
v 0.0 86.1111104 -16.6666672
v 0.0 88.8888896 -16.6666672
v 0.0 91.6666687 -16.6666672
v 0.0 94.4444418 -16.6666672
v 0.0 97.2222209 -16.6666672
v 0.0 100.0 -16.6666672
v 0.0 -100.0 -19.4444448
v 0.0 -97.2222209 -19.4444448
v 0.0 -94.4444418 -19.4444448
v 0.0 -91.6666687 -19.4444448
v 0.0 -88.8888896 -19.4444448
v 0.0 -86.1111104 -19.4444448
v 0.0 -83.3333313 -19.4444448
v 0.0 -80.5555582 -19.4444448
v 0.0 -77.7777791 -19.4444448
v 0.0 -75.0 -19.4444448
v 0.0 -72.2222209 -19.4444448
v 0.0 -69.4444418 -19.4444448
v 0.0 -66.6666687 -19.4444448
v 0.0 -63.8888896 -19.4444448
v 0.0 -61.1111104 -19.4444448
v 0.0 -58.3333313 -19.4444448
v 0.0 -55.5555582 -19.4444448
v 0.0 -52.7777791 -19.4444448
v 0.0 -50.0 -19.4444448
v 0.0 -47.2222209 -19.4444448
v 0.0 -44.4444448 -19.4444448
v 0.0 -41.6666657 -19.4444448
v 0.0 -38.8888896 -19.4444448
v 0.0 -36.1111104 -19.4444448
v 0.0 -33.3333343 -19.4444448
v 0.0 -30.5555552 -19.4444448
v 0.0 -27.7777791 -19.4444448
v 0.0 -25.0 -19.4444448
v 0.0 -22.2222224 -19.4444448
v 0.0 -19.4444448 -19.4444448
v 0.0 -16.6666672 -19.4444448
v 0.0 -13.8888896 -19.4444448
v 0.0 -11.1111112 -19.4444448
v 0.0 -8.33333358 -19.4444448
v 0.0 -5.5555556 -19.4444448
v 0.0 -2.7777778 -19.4444448
v 0.0 0.0 -19.4444448
v 0.0 2.7777778 -19.4444448
v 0.0 5.5555556 -19.4444448
v 0.0 8.33333358 -19.4444448
v 0.0 11.1111112 -19.4444448
v 0.0 13.8888896 -19.4444448
v 0.0 16.6666672 -19.4444448
v 0.0 19.4444448 -19.4444448
v 0.0 22.2222224 -19.4444448
v 0.0 25.0 -19.4444448
v 0.0 27.7777791 -19.4444448
v 0.0 30.5555552 -19.4444448
v 0.0 33.3333343 -19.4444448
v 0.0 36.1111104 -19.4444448
v 0.0 38.8888896 -19.4444448
v 0.0 41.6666657 -19.4444448
v 0.0 44.4444448 -19.4444448
v 0.0 47.2222209 -19.4444448
v 0.0 50.0 -19.4444448
v 0.0 52.7777791 -19.4444448
v 0.0 55.5555582 -19.4444448
v 0.0 58.3333313 -19.4444448
v 0.0 61.1111104 -19.4444448
v 0.0 63.8888896 -19.4444448
v 0.0 66.6666687 -19.4444448
v 0.0 69.4444418 -19.4444448
v 0.0 72.2222209 -19.4444448
v 0.0 75.0 -19.4444448
v 0.0 77.7777791 -19.4444448
v 0.0 80.5555582 -19.4444448
v 0.0 83.3333313 -19.4444448
v 0.0 86.1111104 -19.4444448
v 0.0 88.8888896 -19.4444448
v 0.0 91.6666687 -19.4444448
v 0.0 94.4444418 -19.4444448
v 0.0 97.2222209 -19.4444448
v 0.0 100.0 -19.4444448
v 0.0 -100.0 -22.2222224
v 0.0 -97.2222209 -22.2222224
v 0.0 -94.4444418 -22.2222224
v 0.0 -91.6666687 -22.2222224
v 0.0 -88.8888896 -22.2222224
v 0.0 -86.1111104 -22.2222224
v 0.0 -83.3333313 -22.2222224
v 0.0 -80.5555582 -22.2222224
v 0.0 -77.7777791 -22.2222224
v 0.0 -75.0 -22.2222224
v 0.0 -72.2222209 -22.2222224
v 0.0 -69.4444418 -22.2222224
v 0.0 -66.6666687 -22.2222224
v 0.0 -63.8888896 -22.2222224
v 0.0 -61.1111104 -22.2222224
v 0.0 -58.3333313 -22.2222224
v 0.0 -55.5555582 -22.2222224
v 0.0 -52.7777791 -22.2222224
v 0.0 -50.0 -22.2222224
v 0.0 -47.2222209 -22.2222224
v 0.0 -44.4444448 -22.2222224
v 0.0 -41.6666657 -22.2222224
v 0.0 -38.8888896 -22.2222224
v 0.0 -36.1111104 -22.2222224
v 0.0 -33.3333343 -22.2222224
v 0.0 -30.5555552 -22.2222224
v 0.0 -27.7777791 -22.2222224
v 0.0 -25.0 -22.2222224
v 0.0 -22.2222224 -22.2222224
v 0.0 -19.4444448 -22.2222224
v 0.0 -16.6666672 -22.2222224
v 0.0 -13.8888896 -22.2222224
v 0.0 -11.1111112 -22.2222224
v 0.0 -8.33333358 -22.2222224
v 0.0 -5.5555556 -22.2222224
v 0.0 -2.7777778 -22.2222224
v 0.0 0.0 -22.2222224
v 0.0 2.7777778 -22.2222224
v 0.0 5.5555556 -22.2222224
v 0.0 8.33333358 -22.2222224
v 0.0 11.1111112 -22.2222224
v 0.0 13.8888896 -22.2222224
v 0.0 16.6666672 -22.2222224
v 0.0 19.4444448 -22.2222224
v 0.0 22.2222224 -22.2222224
v 0.0 25.0 -22.2222224
v 0.0 27.7777791 -22.2222224
v 0.0 30.5555552 -22.2222224
v 0.0 33.3333343 -22.2222224
v 0.0 36.1111104 -22.2222224
v 0.0 38.8888896 -22.2222224
v 0.0 41.6666657 -22.2222224
v 0.0 44.4444448 -22.2222224
v 0.0 47.2222209 -22.2222224
v 0.0 50.0 -22.2222224
v 0.0 52.7777791 -22.2222224
v 0.0 55.5555582 -22.2222224
v 0.0 58.3333313 -22.2222224
v 0.0 61.1111104 -22.2222224
v 0.0 63.8888896 -22.2222224
v 0.0 66.6666687 -22.2222224
v 0.0 69.4444418 -22.2222224
v 0.0 72.2222209 -22.2222224
v 0.0 75.0 -22.2222224
v 0.0 77.7777791 -22.2222224
v 0.0 80.5555582 -22.2222224
v 0.0 83.3333313 -22.2222224
v 0.0 86.1111104 -22.2222224
v 0.0 88.8888896 -22.2222224
v 0.0 91.6666687 -22.2222224
v 0.0 94.4444418 -22.2222224
v 0.0 97.2222209 -22.2222224
v 0.0 100.0 -22.2222224
v 0.0 -100.0 -25.0
v 0.0 -97.2222209 -25.0
v 0.0 -94.4444418 -25.0
v 0.0 -91.6666687 -25.0
v 0.0 -88.8888896 -25.0
v 0.0 -86.1111104 -25.0
v 0.0 -83.3333313 -25.0
v 0.0 -80.5555582 -25.0
v 0.0 -77.7777791 -25.0
v 0.0 -75.0 -25.0
v 0.0 -72.2222209 -25.0
v 0.0 -69.4444418 -25.0
v 0.0 -66.6666687 -25.0
v 0.0 -63.8888896 -25.0
v 0.0 -61.1111104 -25.0
v 0.0 -58.3333313 -25.0
v 0.0 -55.5555582 -25.0
v 0.0 -52.7777791 -25.0
v 0.0 -50.0 -25.0
v 0.0 -47.2222209 -25.0
v 0.0 -44.4444448 -25.0
v 0.0 -41.6666657 -25.0
v 0.0 -38.8888896 -25.0
v 0.0 -36.1111104 -25.0
v 0.0 -33.3333343 -25.0
v 0.0 -30.5555552 -25.0
v 0.0 -27.7777791 -25.0
v 0.0 -25.0 -25.0
v 0.0 -22.2222224 -25.0
v 0.0 -19.4444448 -25.0
v 0.0 -16.6666672 -25.0
v 0.0 -13.8888896 -25.0
v 0.0 -11.1111112 -25.0
v 0.0 -8.33333358 -25.0
v 0.0 -5.5555556 -25.0
v 0.0 -2.7777778 -25.0
v 0.0 0.0 -25.0
v 0.0 2.7777778 -25.0
v 0.0 5.5555556 -25.0
v 0.0 8.33333358 -25.0
v 0.0 11.1111112 -25.0
v 0.0 13.8888896 -25.0
v 0.0 16.6666672 -25.0
v 0.0 19.4444448 -25.0
v 0.0 22.2222224 -25.0
v 0.0 25.0 -25.0
v 0.0 27.7777791 -25.0
v 0.0 30.5555552 -25.0
v 0.0 33.3333343 -25.0
v 0.0 36.1111104 -25.0
v 0.0 38.8888896 -25.0
v 0.0 41.6666657 -25.0
v 0.0 44.4444448 -25.0
v 0.0 47.2222209 -25.0
v 0.0 50.0 -25.0
v 0.0 52.7777791 -25.0
v 0.0 55.5555582 -25.0
v 0.0 58.3333313 -25.0
v 0.0 61.1111104 -25.0
v 0.0 63.8888896 -25.0
v 0.0 66.6666687 -25.0
v 0.0 69.4444418 -25.0
v 0.0 72.2222209 -25.0
v 0.0 75.0 -25.0
v 0.0 77.7777791 -25.0
v 0.0 80.5555582 -25.0
v 0.0 83.3333313 -25.0
v 0.0 86.1111104 -25.0
v 0.0 88.8888896 -25.0
v 0.0 91.6666687 -25.0
v 0.0 94.4444418 -25.0
v 0.0 97.2222209 -25.0
v 0.0 100.0 -25.0
v 0.0 -100.0 -27.7777791
v 0.0 -97.2222209 -27.7777791
v 0.0 -94.4444418 -27.7777791
v 0.0 -91.6666687 -27.7777791
v 0.0 -88.8888896 -27.7777791
v 0.0 -86.1111104 -27.7777791
v 0.0 -83.3333313 -27.7777791
v 0.0 -80.5555582 -27.7777791
v 0.0 -77.7777791 -27.7777791
v 0.0 -75.0 -27.7777791
v 0.0 -72.2222209 -27.7777791
v 0.0 -69.4444418 -27.7777791
v 0.0 -66.6666687 -27.7777791
v 0.0 -63.8888896 -27.7777791
v 0.0 -61.1111104 -27.7777791
v 0.0 -58.3333313 -27.7777791
v 0.0 -55.5555582 -27.7777791
v 0.0 -52.7777791 -27.7777791
v 0.0 -50.0 -27.7777791
v 0.0 -47.2222209 -27.7777791
v 0.0 -44.4444448 -27.7777791
v 0.0 -41.6666657 -27.7777791
v 0.0 -38.8888896 -27.7777791
v 0.0 -36.1111104 -27.7777791
v 0.0 -33.3333343 -27.7777791
v 0.0 -30.5555552 -27.7777791
v 0.0 -27.7777791 -27.7777791
v 0.0 -25.0 -27.7777791
v 0.0 -22.2222224 -27.7777791
v 0.0 -19.4444448 -27.7777791
v 0.0 -16.6666672 -27.7777791
v 0.0 -13.8888896 -27.7777791
v 0.0 -11.1111112 -27.7777791
v 0.0 -8.33333358 -27.7777791
v 0.0 -5.5555556 -27.7777791
v 0.0 -2.7777778 -27.7777791
v 0.0 0.0 -27.7777791
v 0.0 2.7777778 -27.7777791
v 0.0 5.5555556 -27.7777791
v 0.0 8.33333358 -27.7777791
v 0.0 11.1111112 -27.7777791
v 0.0 13.8888896 -27.7777791
v 0.0 16.6666672 -27.7777791
v 0.0 19.4444448 -27.7777791
v 0.0 22.2222224 -27.7777791
v 0.0 25.0 -27.7777791
v 0.0 27.7777791 -27.7777791
v 0.0 30.5555552 -27.7777791
v 0.0 33.3333343 -27.7777791
v 0.0 36.1111104 -27.7777791
v 0.0 38.8888896 -27.7777791
v 0.0 41.6666657 -27.7777791
v 0.0 44.4444448 -27.7777791
v 0.0 47.2222209 -27.7777791
v 0.0 50.0 -27.7777791
v 0.0 52.7777791 -27.7777791
v 0.0 55.5555582 -27.7777791
v 0.0 58.3333313 -27.7777791
v 0.0 61.1111104 -27.7777791
v 0.0 63.8888896 -27.7777791
v 0.0 66.6666687 -27.7777791
v 0.0 69.4444418 -27.7777791
v 0.0 72.2222209 -27.7777791
v 0.0 75.0 -27.7777791
v 0.0 77.7777791 -27.7777791
v 0.0 80.5555582 -27.7777791
v 0.0 83.3333313 -27.7777791
v 0.0 86.1111104 -27.7777791
v 0.0 88.8888896 -27.7777791
v 0.0 91.6666687 -27.7777791
v 0.0 94.4444418 -27.7777791
v 0.0 97.2222209 -27.7777791
v 0.0 100.0 -27.7777791
v 0.0 -100.0 -30.5555552
v 0.0 -97.2222209 -30.5555552
v 0.0 -94.4444418 -30.5555552
v 0.0 -91.6666687 -30.5555552
v 0.0 -88.8888896 -30.5555552
v 0.0 -86.1111104 -30.5555552
v 0.0 -83.3333313 -30.5555552
v 0.0 -80.5555582 -30.5555552
v 0.0 -77.7777791 -30.5555552
v 0.0 -75.0 -30.5555552
v 0.0 -72.2222209 -30.5555552
v 0.0 -69.4444418 -30.5555552
v 0.0 -66.6666687 -30.5555552
v 0.0 -63.8888896 -30.5555552
v 0.0 -61.1111104 -30.5555552
v 0.0 -58.3333313 -30.5555552
v 0.0 -55.5555582 -30.5555552
v 0.0 -52.7777791 -30.5555552
v 0.0 -50.0 -30.5555552
v 0.0 -47.2222209 -30.5555552
v 0.0 -44.4444448 -30.5555552
v 0.0 -41.6666657 -30.5555552
v 0.0 -38.8888896 -30.5555552
v 0.0 -36.1111104 -30.5555552
v 0.0 -33.3333343 -30.5555552
v 0.0 -30.5555552 -30.5555552
v 0.0 -27.7777791 -30.5555552
v 0.0 -25.0 -30.5555552
v 0.0 -22.2222224 -30.5555552
v 0.0 -19.4444448 -30.5555552
v 0.0 -16.6666672 -30.5555552
v 0.0 -13.8888896 -30.5555552
v 0.0 -11.1111112 -30.5555552
v 0.0 -8.33333358 -30.5555552
v 0.0 -5.5555556 -30.5555552
v 0.0 -2.7777778 -30.5555552
v 0.0 0.0 -30.5555552
v 0.0 2.7777778 -30.5555552
v 0.0 5.5555556 -30.5555552
v 0.0 8.33333358 -30.5555552
v 0.0 11.1111112 -30.5555552
v 0.0 13.8888896 -30.5555552
v 0.0 16.6666672 -30.5555552
v 0.0 19.4444448 -30.5555552
v 0.0 22.2222224 -30.5555552
v 0.0 25.0 -30.5555552
v 0.0 27.7777791 -30.5555552
v 0.0 30.5555552 -30.5555552
v 0.0 33.3333343 -30.5555552
v 0.0 36.1111104 -30.5555552
v 0.0 38.8888896 -30.5555552
v 0.0 41.6666657 -30.5555552
v 0.0 44.4444448 -30.5555552
v 0.0 47.2222209 -30.5555552
v 0.0 50.0 -30.5555552
v 0.0 52.7777791 -30.5555552
v 0.0 55.5555582 -30.5555552
v 0.0 58.3333313 -30.5555552
v 0.0 61.1111104 -30.5555552
v 0.0 63.8888896 -30.5555552
v 0.0 66.6666687 -30.5555552
v 0.0 69.4444418 -30.5555552
v 0.0 72.2222209 -30.5555552
v 0.0 75.0 -30.5555552
v 0.0 77.7777791 -30.5555552
v 0.0 80.5555582 -30.5555552
v 0.0 83.3333313 -30.5555552
v 0.0 86.1111104 -30.5555552
v 0.0 88.8888896 -30.5555552
v 0.0 91.6666687 -30.5555552
v 0.0 94.4444418 -30.5555552
v 0.0 97.2222209 -30.5555552
v 0.0 100.0 -30.5555552
v 0.0 -100.0 -33.3333343
v 0.0 -97.2222209 -33.3333343
v 0.0 -94.4444418 -33.3333343
v 0.0 -91.6666687 -33.3333343
v 0.0 -88.8888896 -33.3333343
v 0.0 -86.1111104 -33.3333343
v 0.0 -83.3333313 -33.3333343
v 0.0 -80.5555582 -33.3333343
v 0.0 -77.7777791 -33.3333343
v 0.0 -75.0 -33.3333343
v 0.0 -72.2222209 -33.3333343
v 0.0 -69.4444418 -33.3333343
v 0.0 -66.6666687 -33.3333343
v 0.0 -63.8888896 -33.3333343
v 0.0 -61.1111104 -33.3333343
v 0.0 -58.3333313 -33.3333343
v 0.0 -55.5555582 -33.3333343
v 0.0 -52.7777791 -33.3333343
v 0.0 -50.0 -33.3333343
v 0.0 -47.2222209 -33.3333343
v 0.0 -44.4444448 -33.3333343
v 0.0 -41.6666657 -33.3333343
v 0.0 -38.8888896 -33.3333343
v 0.0 -36.1111104 -33.3333343
v 0.0 -33.3333343 -33.3333343
v 0.0 -30.5555552 -33.3333343
v 0.0 -27.7777791 -33.3333343
v 0.0 -25.0 -33.3333343
v 0.0 -22.2222224 -33.3333343
v 0.0 -19.4444448 -33.3333343
v 0.0 -16.6666672 -33.3333343
v 0.0 -13.8888896 -33.3333343
v 0.0 -11.1111112 -33.3333343
v 0.0 -8.33333358 -33.3333343
v 0.0 -5.5555556 -33.3333343
v 0.0 -2.7777778 -33.3333343
v 0.0 0.0 -33.3333343
v 0.0 2.7777778 -33.3333343
v 0.0 5.5555556 -33.3333343
v 0.0 8.33333358 -33.3333343
v 0.0 11.1111112 -33.3333343
v 0.0 13.8888896 -33.3333343
v 0.0 16.6666672 -33.3333343
v 0.0 19.4444448 -33.3333343
v 0.0 22.2222224 -33.3333343
v 0.0 25.0 -33.3333343
v 0.0 27.7777791 -33.3333343
v 0.0 30.5555552 -33.3333343
v 0.0 33.3333343 -33.3333343
v 0.0 36.1111104 -33.3333343
v 0.0 38.8888896 -33.3333343
v 0.0 41.6666657 -33.3333343
v 0.0 44.4444448 -33.3333343
v 0.0 47.2222209 -33.3333343
v 0.0 50.0 -33.3333343
v 0.0 52.7777791 -33.3333343
v 0.0 55.5555582 -33.3333343
v 0.0 58.3333313 -33.3333343
v 0.0 61.1111104 -33.3333343
v 0.0 63.8888896 -33.3333343
v 0.0 66.6666687 -33.3333343
v 0.0 69.4444418 -33.3333343
v 0.0 72.2222209 -33.3333343
v 0.0 75.0 -33.3333343
v 0.0 77.7777791 -33.3333343
v 0.0 80.5555582 -33.3333343
v 0.0 83.3333313 -33.3333343
v 0.0 86.1111104 -33.3333343
v 0.0 88.8888896 -33.3333343
v 0.0 91.6666687 -33.3333343
v 0.0 94.4444418 -33.3333343
v 0.0 97.2222209 -33.3333343
v 0.0 100.0 -33.3333343
v 0.0 -100.0 -36.1111104
v 0.0 -97.2222209 -36.1111104
v 0.0 -94.4444418 -36.1111104
v 0.0 -91.6666687 -36.1111104
v 0.0 -88.8888896 -36.1111104
v 0.0 -86.1111104 -36.1111104
v 0.0 -83.3333313 -36.1111104
v 0.0 -80.5555582 -36.1111104
v 0.0 -77.7777791 -36.1111104
v 0.0 -75.0 -36.1111104
v 0.0 -72.2222209 -36.1111104
v 0.0 -69.4444418 -36.1111104
v 0.0 -66.6666687 -36.1111104
v 0.0 -63.8888896 -36.1111104
v 0.0 -61.1111104 -36.1111104
v 0.0 -58.3333313 -36.1111104
v 0.0 -55.5555582 -36.1111104
v 0.0 -52.7777791 -36.1111104
v 0.0 -50.0 -36.1111104
v 0.0 -47.2222209 -36.1111104
v 0.0 -44.4444448 -36.1111104
v 0.0 -41.6666657 -36.1111104
v 0.0 -38.8888896 -36.1111104
v 0.0 -36.1111104 -36.1111104
v 0.0 -33.3333343 -36.1111104
v 0.0 -30.5555552 -36.1111104
v 0.0 -27.7777791 -36.1111104
v 0.0 -25.0 -36.1111104
v 0.0 -22.2222224 -36.1111104
v 0.0 -19.4444448 -36.1111104
v 0.0 -16.6666672 -36.1111104
v 0.0 -13.8888896 -36.1111104
v 0.0 -11.1111112 -36.1111104
v 0.0 -8.33333358 -36.1111104
v 0.0 -5.5555556 -36.1111104
v 0.0 -2.7777778 -36.1111104
v 0.0 0.0 -36.1111104
v 0.0 2.7777778 -36.1111104
v 0.0 5.5555556 -36.1111104
v 0.0 8.33333358 -36.1111104
v 0.0 11.1111112 -36.1111104
v 0.0 13.8888896 -36.1111104
v 0.0 16.6666672 -36.1111104
v 0.0 19.4444448 -36.1111104
v 0.0 22.2222224 -36.1111104
v 0.0 25.0 -36.1111104
v 0.0 27.7777791 -36.1111104
v 0.0 30.5555552 -36.1111104
v 0.0 33.3333343 -36.1111104
v 0.0 36.1111104 -36.1111104
v 0.0 38.8888896 -36.1111104
v 0.0 41.6666657 -36.1111104
v 0.0 44.4444448 -36.1111104
v 0.0 47.2222209 -36.1111104
v 0.0 50.0 -36.1111104
v 0.0 52.7777791 -36.1111104
v 0.0 55.5555582 -36.1111104
v 0.0 58.3333313 -36.1111104
v 0.0 61.1111104 -36.1111104
v 0.0 63.8888896 -36.1111104
v 0.0 66.6666687 -36.1111104
v 0.0 69.4444418 -36.1111104
v 0.0 72.2222209 -36.1111104
v 0.0 75.0 -36.1111104
v 0.0 77.7777791 -36.1111104
v 0.0 80.5555582 -36.1111104
v 0.0 83.3333313 -36.1111104
v 0.0 86.1111104 -36.1111104
v 0.0 88.8888896 -36.1111104
v 0.0 91.6666687 -36.1111104
v 0.0 94.4444418 -36.1111104
v 0.0 97.2222209 -36.1111104
v 0.0 100.0 -36.1111104
v 0.0 -100.0 -38.8888896
v 0.0 -97.2222209 -38.8888896
v 0.0 -94.4444418 -38.8888896
v 0.0 -91.6666687 -38.8888896
v 0.0 -88.8888896 -38.8888896
v 0.0 -86.1111104 -38.8888896
v 0.0 -83.3333313 -38.8888896
v 0.0 -80.5555582 -38.8888896
v 0.0 -77.7777791 -38.8888896
v 0.0 -75.0 -38.8888896
v 0.0 -72.2222209 -38.8888896
v 0.0 -69.4444418 -38.8888896
v 0.0 -66.6666687 -38.8888896
v 0.0 -63.8888896 -38.8888896
v 0.0 -61.1111104 -38.8888896
v 0.0 -58.3333313 -38.8888896
v 0.0 -55.5555582 -38.8888896
v 0.0 -52.7777791 -38.8888896
v 0.0 -50.0 -38.8888896
v 0.0 -47.2222209 -38.8888896
v 0.0 -44.4444448 -38.8888896
v 0.0 -41.6666657 -38.8888896
v 0.0 -38.8888896 -38.8888896
v 0.0 -36.1111104 -38.8888896
v 0.0 -33.3333343 -38.8888896
v 0.0 -30.5555552 -38.8888896
v 0.0 -27.7777791 -38.8888896
v 0.0 -25.0 -38.8888896
v 0.0 -22.2222224 -38.8888896
v 0.0 -19.4444448 -38.8888896
v 0.0 -16.6666672 -38.8888896
v 0.0 -13.8888896 -38.8888896
v 0.0 -11.1111112 -38.8888896
v 0.0 -8.33333358 -38.8888896
v 0.0 -5.5555556 -38.8888896
v 0.0 -2.7777778 -38.8888896
v 0.0 0.0 -38.8888896
v 0.0 2.7777778 -38.8888896
v 0.0 5.5555556 -38.8888896
v 0.0 8.33333358 -38.8888896
v 0.0 11.1111112 -38.8888896
v 0.0 13.8888896 -38.8888896
v 0.0 16.6666672 -38.8888896
v 0.0 19.4444448 -38.8888896
v 0.0 22.2222224 -38.8888896
v 0.0 25.0 -38.8888896
v 0.0 27.7777791 -38.8888896
v 0.0 30.5555552 -38.8888896
v 0.0 33.3333343 -38.8888896
v 0.0 36.1111104 -38.8888896
v 0.0 38.8888896 -38.8888896
v 0.0 41.6666657 -38.8888896
v 0.0 44.4444448 -38.8888896
v 0.0 47.2222209 -38.8888896
v 0.0 50.0 -38.8888896
v 0.0 52.7777791 -38.8888896
v 0.0 55.5555582 -38.8888896
v 0.0 58.3333313 -38.8888896
v 0.0 61.1111104 -38.8888896
v 0.0 63.8888896 -38.8888896
v 0.0 66.6666687 -38.8888896
v 0.0 69.4444418 -38.8888896
v 0.0 72.2222209 -38.8888896
v 0.0 75.0 -38.8888896
v 0.0 77.7777791 -38.8888896
v 0.0 80.5555582 -38.8888896
v 0.0 83.3333313 -38.8888896
v 0.0 86.1111104 -38.8888896
v 0.0 88.8888896 -38.8888896
v 0.0 91.6666687 -38.8888896
v 0.0 94.4444418 -38.8888896
v 0.0 97.2222209 -38.8888896
v 0.0 100.0 -38.8888896
v 0.0 -100.0 -41.6666657
v 0.0 -97.2222209 -41.6666657
v 0.0 -94.4444418 -41.6666657
v 0.0 -91.6666687 -41.6666657
v 0.0 -88.8888896 -41.6666657
v 0.0 -86.1111104 -41.6666657
v 0.0 -83.3333313 -41.6666657
v 0.0 -80.5555582 -41.6666657
v 0.0 -77.7777791 -41.6666657
v 0.0 -75.0 -41.6666657
v 0.0 -72.2222209 -41.6666657
v 0.0 -69.4444418 -41.6666657
v 0.0 -66.6666687 -41.6666657
v 0.0 -63.8888896 -41.6666657
v 0.0 -61.1111104 -41.6666657
v 0.0 -58.3333313 -41.6666657
v 0.0 -55.5555582 -41.6666657
v 0.0 -52.7777791 -41.6666657
v 0.0 -50.0 -41.6666657
v 0.0 -47.2222209 -41.6666657
v 0.0 -44.4444448 -41.6666657
v 0.0 -41.6666657 -41.6666657
v 0.0 -38.8888896 -41.6666657
v 0.0 -36.1111104 -41.6666657
v 0.0 -33.3333343 -41.6666657
v 0.0 -30.5555552 -41.6666657
v 0.0 -27.7777791 -41.6666657
v 0.0 -25.0 -41.6666657
v 0.0 -22.2222224 -41.6666657
v 0.0 -19.4444448 -41.6666657
v 0.0 -16.6666672 -41.6666657
v 0.0 -13.8888896 -41.6666657
v 0.0 -11.1111112 -41.6666657
v 0.0 -8.33333358 -41.6666657
v 0.0 -5.5555556 -41.6666657
v 0.0 -2.7777778 -41.6666657
v 0.0 0.0 -41.6666657
v 0.0 2.7777778 -41.6666657
v 0.0 5.5555556 -41.6666657
v 0.0 8.33333358 -41.6666657
v 0.0 11.1111112 -41.6666657
v 0.0 13.8888896 -41.6666657
v 0.0 16.6666672 -41.6666657
v 0.0 19.4444448 -41.6666657
v 0.0 22.2222224 -41.6666657
v 0.0 25.0 -41.6666657
v 0.0 27.7777791 -41.6666657
v 0.0 30.5555552 -41.6666657
v 0.0 33.3333343 -41.6666657
v 0.0 36.1111104 -41.6666657
v 0.0 38.8888896 -41.6666657
v 0.0 41.6666657 -41.6666657
v 0.0 44.4444448 -41.6666657
v 0.0 47.2222209 -41.6666657
v 0.0 50.0 -41.6666657
v 0.0 52.7777791 -41.6666657
v 0.0 55.5555582 -41.6666657
v 0.0 58.3333313 -41.6666657
v 0.0 61.1111104 -41.6666657
v 0.0 63.8888896 -41.6666657
v 0.0 66.6666687 -41.6666657
v 0.0 69.4444418 -41.6666657
v 0.0 72.2222209 -41.6666657
v 0.0 75.0 -41.6666657
v 0.0 77.7777791 -41.6666657
v 0.0 80.5555582 -41.6666657
v 0.0 83.3333313 -41.6666657
v 0.0 86.1111104 -41.6666657
v 0.0 88.8888896 -41.6666657
v 0.0 91.6666687 -41.6666657
v 0.0 94.4444418 -41.6666657
v 0.0 97.2222209 -41.6666657
v 0.0 100.0 -41.6666657
v 0.0 -100.0 -44.4444448
v 0.0 -97.2222209 -44.4444448
v 0.0 -94.4444418 -44.4444448
v 0.0 -91.6666687 -44.4444448
v 0.0 -88.8888896 -44.4444448
v 0.0 -86.1111104 -44.4444448
v 0.0 -83.3333313 -44.4444448
v 0.0 -80.5555582 -44.4444448
v 0.0 -77.7777791 -44.4444448
v 0.0 -75.0 -44.4444448
v 0.0 -72.2222209 -44.4444448
v 0.0 -69.4444418 -44.4444448
v 0.0 -66.6666687 -44.4444448
v 0.0 -63.8888896 -44.4444448
v 0.0 -61.1111104 -44.4444448
v 0.0 -58.3333313 -44.4444448
v 0.0 -55.5555582 -44.4444448
v 0.0 -52.7777791 -44.4444448
v 0.0 -50.0 -44.4444448
v 0.0 -47.2222209 -44.4444448
v 0.0 -44.4444448 -44.4444448
v 0.0 -41.6666657 -44.4444448
v 0.0 -38.8888896 -44.4444448
v 0.0 -36.1111104 -44.4444448
v 0.0 -33.3333343 -44.4444448
v 0.0 -30.5555552 -44.4444448
v 0.0 -27.7777791 -44.4444448
v 0.0 -25.0 -44.4444448
v 0.0 -22.2222224 -44.4444448
v 0.0 -19.4444448 -44.4444448
v 0.0 -16.6666672 -44.4444448
v 0.0 -13.8888896 -44.4444448
v 0.0 -11.1111112 -44.4444448
v 0.0 -8.33333358 -44.4444448
v 0.0 -5.5555556 -44.4444448
v 0.0 -2.7777778 -44.4444448
v 0.0 0.0 -44.4444448
v 0.0 2.7777778 -44.4444448
v 0.0 5.5555556 -44.4444448
v 0.0 8.33333358 -44.4444448
v 0.0 11.1111112 -44.4444448
v 0.0 13.8888896 -44.4444448
v 0.0 16.6666672 -44.4444448
v 0.0 19.4444448 -44.4444448
v 0.0 22.2222224 -44.4444448
v 0.0 25.0 -44.4444448
v 0.0 27.7777791 -44.4444448
v 0.0 30.5555552 -44.4444448
v 0.0 33.3333343 -44.4444448
v 0.0 36.1111104 -44.4444448
v 0.0 38.8888896 -44.4444448
v 0.0 41.6666657 -44.4444448
v 0.0 44.4444448 -44.4444448
v 0.0 47.2222209 -44.4444448
v 0.0 50.0 -44.4444448
v 0.0 52.7777791 -44.4444448
v 0.0 55.5555582 -44.4444448
v 0.0 58.3333313 -44.4444448
v 0.0 61.1111104 -44.4444448
v 0.0 63.8888896 -44.4444448
v 0.0 66.6666687 -44.4444448
v 0.0 69.4444418 -44.4444448
v 0.0 72.2222209 -44.4444448
v 0.0 75.0 -44.4444448
v 0.0 77.7777791 -44.4444448
v 0.0 80.5555582 -44.4444448
v 0.0 83.3333313 -44.4444448
v 0.0 86.1111104 -44.4444448
v 0.0 88.8888896 -44.4444448
v 0.0 91.6666687 -44.4444448
v 0.0 94.4444418 -44.4444448
v 0.0 97.2222209 -44.4444448
v 0.0 100.0 -44.4444448
v 0.0 -100.0 -47.2222209
v 0.0 -97.2222209 -47.2222209
v 0.0 -94.4444418 -47.2222209
v 0.0 -91.6666687 -47.2222209
v 0.0 -88.8888896 -47.2222209
v 0.0 -86.1111104 -47.2222209
v 0.0 -83.3333313 -47.2222209
v 0.0 -80.5555582 -47.2222209
v 0.0 -77.7777791 -47.2222209
v 0.0 -75.0 -47.2222209
v 0.0 -72.2222209 -47.2222209
v 0.0 -69.4444418 -47.2222209
v 0.0 -66.6666687 -47.2222209
v 0.0 -63.8888896 -47.2222209
v 0.0 -61.1111104 -47.2222209
v 0.0 -58.3333313 -47.2222209
v 0.0 -55.5555582 -47.2222209
v 0.0 -52.7777791 -47.2222209
v 0.0 -50.0 -47.2222209
v 0.0 -47.2222209 -47.2222209
v 0.0 -44.4444448 -47.2222209
v 0.0 -41.6666657 -47.2222209
v 0.0 -38.8888896 -47.2222209
v 0.0 -36.1111104 -47.2222209
v 0.0 -33.3333343 -47.2222209
v 0.0 -30.5555552 -47.2222209
v 0.0 -27.7777791 -47.2222209
v 0.0 -25.0 -47.2222209
v 0.0 -22.2222224 -47.2222209
v 0.0 -19.4444448 -47.2222209
v 0.0 -16.6666672 -47.2222209
v 0.0 -13.8888896 -47.2222209
v 0.0 -11.1111112 -47.2222209
v 0.0 -8.33333358 -47.2222209
v 0.0 -5.5555556 -47.2222209
v 0.0 -2.7777778 -47.2222209
v 0.0 0.0 -47.2222209
v 0.0 2.7777778 -47.2222209
v 0.0 5.5555556 -47.2222209
v 0.0 8.33333358 -47.2222209
v 0.0 11.1111112 -47.2222209
v 0.0 13.8888896 -47.2222209
v 0.0 16.6666672 -47.2222209
v 0.0 19.4444448 -47.2222209
v 0.0 22.2222224 -47.2222209
v 0.0 25.0 -47.2222209
v 0.0 27.7777791 -47.2222209
v 0.0 30.5555552 -47.2222209
v 0.0 33.3333343 -47.2222209
v 0.0 36.1111104 -47.2222209
v 0.0 38.8888896 -47.2222209
v 0.0 41.6666657 -47.2222209
v 0.0 44.4444448 -47.2222209
v 0.0 47.2222209 -47.2222209
v 0.0 50.0 -47.2222209
v 0.0 52.7777791 -47.2222209
v 0.0 55.5555582 -47.2222209
v 0.0 58.3333313 -47.2222209
v 0.0 61.1111104 -47.2222209
v 0.0 63.8888896 -47.2222209
v 0.0 66.6666687 -47.2222209
v 0.0 69.4444418 -47.2222209
v 0.0 72.2222209 -47.2222209
v 0.0 75.0 -47.2222209
v 0.0 77.7777791 -47.2222209
v 0.0 80.5555582 -47.2222209
v 0.0 83.3333313 -47.2222209
v 0.0 86.1111104 -47.2222209
v 0.0 88.8888896 -47.2222209
v 0.0 91.6666687 -47.2222209
v 0.0 94.4444418 -47.2222209
v 0.0 97.2222209 -47.2222209
v 0.0 100.0 -47.2222209
v 0.0 -100.0 -50.0
v 0.0 -97.2222209 -50.0
v 0.0 -94.4444418 -50.0
v 0.0 -91.6666687 -50.0
v 0.0 -88.8888896 -50.0
v 0.0 -86.1111104 -50.0
v 0.0 -83.3333313 -50.0
v 0.0 -80.5555582 -50.0
v 0.0 -77.7777791 -50.0
v 0.0 -75.0 -50.0
v 0.0 -72.2222209 -50.0
v 0.0 -69.4444418 -50.0
v 0.0 -66.6666687 -50.0
v 0.0 -63.8888896 -50.0
v 0.0 -61.1111104 -50.0
v 0.0 -58.3333313 -50.0
v 0.0 -55.5555582 -50.0
v 0.0 -52.7777791 -50.0
v 0.0 -50.0 -50.0
v 0.0 -47.2222209 -50.0
v 0.0 -44.4444448 -50.0
v 0.0 -41.6666657 -50.0
v 0.0 -38.8888896 -50.0
v 0.0 -36.1111104 -50.0
v 0.0 -33.3333343 -50.0
v 0.0 -30.5555552 -50.0
v 0.0 -27.7777791 -50.0
v 0.0 -25.0 -50.0
v 0.0 -22.2222224 -50.0
v 0.0 -19.4444448 -50.0
v 0.0 -16.6666672 -50.0
v 0.0 -13.8888896 -50.0
v 0.0 -11.1111112 -50.0
v 0.0 -8.33333358 -50.0
v 0.0 -5.5555556 -50.0
v 0.0 -2.7777778 -50.0
v 0.0 0.0 -50.0
v 0.0 2.7777778 -50.0
v 0.0 5.5555556 -50.0
v 0.0 8.33333358 -50.0
v 0.0 11.1111112 -50.0
v 0.0 13.8888896 -50.0
v 0.0 16.6666672 -50.0
v 0.0 19.4444448 -50.0
v 0.0 22.2222224 -50.0
v 0.0 25.0 -50.0
v 0.0 27.7777791 -50.0
v 0.0 30.5555552 -50.0
v 0.0 33.3333343 -50.0
v 0.0 36.1111104 -50.0
v 0.0 38.8888896 -50.0
v 0.0 41.6666657 -50.0
v 0.0 44.4444448 -50.0
v 0.0 47.2222209 -50.0
v 0.0 50.0 -50.0
v 0.0 52.7777791 -50.0
v 0.0 55.5555582 -50.0
v 0.0 58.3333313 -50.0
v 0.0 61.1111104 -50.0
v 0.0 63.8888896 -50.0
v 0.0 66.6666687 -50.0
v 0.0 69.4444418 -50.0
v 0.0 72.2222209 -50.0
v 0.0 75.0 -50.0
v 0.0 77.7777791 -50.0
v 0.0 80.5555582 -50.0
v 0.0 83.3333313 -50.0
v 0.0 86.1111104 -50.0
v 0.0 88.8888896 -50.0
v 0.0 91.6666687 -50.0
v 0.0 94.4444418 -50.0
v 0.0 97.2222209 -50.0
v 0.0 100.0 -50.0
v 0.0 -100.0 -52.7777791
v 0.0 -97.2222209 -52.7777791
v 0.0 -94.4444418 -52.7777791
v 0.0 -91.6666687 -52.7777791
v 0.0 -88.8888896 -52.7777791
v 0.0 -86.1111104 -52.7777791
v 0.0 -83.3333313 -52.7777791
v 0.0 -80.5555582 -52.7777791
v 0.0 -77.7777791 -52.7777791
v 0.0 -75.0 -52.7777791
v 0.0 -72.2222209 -52.7777791
v 0.0 -69.4444418 -52.7777791
v 0.0 -66.6666687 -52.7777791
v 0.0 -63.8888896 -52.7777791
v 0.0 -61.1111104 -52.7777791
v 0.0 -58.3333313 -52.7777791
v 0.0 -55.5555582 -52.7777791
v 0.0 -52.7777791 -52.7777791
v 0.0 -50.0 -52.7777791
v 0.0 -47.2222209 -52.7777791
v 0.0 -44.4444448 -52.7777791
v 0.0 -41.6666657 -52.7777791
v 0.0 -38.8888896 -52.7777791
v 0.0 -36.1111104 -52.7777791
v 0.0 -33.3333343 -52.7777791
v 0.0 -30.5555552 -52.7777791
v 0.0 -27.7777791 -52.7777791
v 0.0 -25.0 -52.7777791
v 0.0 -22.2222224 -52.7777791
v 0.0 -19.4444448 -52.7777791
v 0.0 -16.6666672 -52.7777791
v 0.0 -13.8888896 -52.7777791
v 0.0 -11.1111112 -52.7777791
v 0.0 -8.33333358 -52.7777791
v 0.0 -5.5555556 -52.7777791
v 0.0 -2.7777778 -52.7777791
v 0.0 0.0 -52.7777791
v 0.0 2.7777778 -52.7777791
v 0.0 5.5555556 -52.7777791
v 0.0 8.33333358 -52.7777791
v 0.0 11.1111112 -52.7777791
v 0.0 13.8888896 -52.7777791
v 0.0 16.6666672 -52.7777791
v 0.0 19.4444448 -52.7777791
v 0.0 22.2222224 -52.7777791
v 0.0 25.0 -52.7777791
v 0.0 27.7777791 -52.7777791
v 0.0 30.5555552 -52.7777791
v 0.0 33.3333343 -52.7777791
v 0.0 36.1111104 -52.7777791
v 0.0 38.8888896 -52.7777791
v 0.0 41.6666657 -52.7777791
v 0.0 44.4444448 -52.7777791
v 0.0 47.2222209 -52.7777791
v 0.0 50.0 -52.7777791
v 0.0 52.7777791 -52.7777791
v 0.0 55.5555582 -52.7777791
v 0.0 58.3333313 -52.7777791
v 0.0 61.1111104 -52.7777791
v 0.0 63.8888896 -52.7777791
v 0.0 66.6666687 -52.7777791
v 0.0 69.4444418 -52.7777791
v 0.0 72.2222209 -52.7777791
v 0.0 75.0 -52.7777791
v 0.0 77.7777791 -52.7777791
v 0.0 80.5555582 -52.7777791
v 0.0 83.3333313 -52.7777791
v 0.0 86.1111104 -52.7777791
v 0.0 88.8888896 -52.7777791
v 0.0 91.6666687 -52.7777791
v 0.0 94.4444418 -52.7777791
v 0.0 97.2222209 -52.7777791
v 0.0 100.0 -52.7777791
v 0.0 -100.0 -55.5555582
v 0.0 -97.2222209 -55.5555582
v 0.0 -94.4444418 -55.5555582
v 0.0 -91.6666687 -55.5555582
v 0.0 -88.8888896 -55.5555582
v 0.0 -86.1111104 -55.5555582
v 0.0 -83.3333313 -55.5555582
v 0.0 -80.5555582 -55.5555582
v 0.0 -77.7777791 -55.5555582
v 0.0 -75.0 -55.5555582
v 0.0 -72.2222209 -55.5555582
v 0.0 -69.4444418 -55.5555582
v 0.0 -66.6666687 -55.5555582
v 0.0 -63.8888896 -55.5555582
v 0.0 -61.1111104 -55.5555582
v 0.0 -58.3333313 -55.5555582
v 0.0 -55.5555582 -55.5555582
v 0.0 -52.7777791 -55.5555582
v 0.0 -50.0 -55.5555582
v 0.0 -47.2222209 -55.5555582
v 0.0 -44.4444448 -55.5555582
v 0.0 -41.6666657 -55.5555582
v 0.0 -38.8888896 -55.5555582
v 0.0 -36.1111104 -55.5555582
v 0.0 -33.3333343 -55.5555582
v 0.0 -30.5555552 -55.5555582
v 0.0 -27.7777791 -55.5555582
v 0.0 -25.0 -55.5555582
v 0.0 -22.2222224 -55.5555582
v 0.0 -19.4444448 -55.5555582
v 0.0 -16.6666672 -55.5555582
v 0.0 -13.8888896 -55.5555582
v 0.0 -11.1111112 -55.5555582
v 0.0 -8.33333358 -55.5555582
v 0.0 -5.5555556 -55.5555582
v 0.0 -2.7777778 -55.5555582
v 0.0 0.0 -55.5555582
v 0.0 2.7777778 -55.5555582
v 0.0 5.5555556 -55.5555582
v 0.0 8.33333358 -55.5555582
v 0.0 11.1111112 -55.5555582
v 0.0 13.8888896 -55.5555582
v 0.0 16.6666672 -55.5555582
v 0.0 19.4444448 -55.5555582
v 0.0 22.2222224 -55.5555582
v 0.0 25.0 -55.5555582
v 0.0 27.7777791 -55.5555582
v 0.0 30.5555552 -55.5555582
v 0.0 33.3333343 -55.5555582
v 0.0 36.1111104 -55.5555582
v 0.0 38.8888896 -55.5555582
v 0.0 41.6666657 -55.5555582
v 0.0 44.4444448 -55.5555582
v 0.0 47.2222209 -55.5555582
v 0.0 50.0 -55.5555582
v 0.0 52.7777791 -55.5555582
v 0.0 55.5555582 -55.5555582
v 0.0 58.3333313 -55.5555582
v 0.0 61.1111104 -55.5555582
v 0.0 63.8888896 -55.5555582
v 0.0 66.6666687 -55.5555582
v 0.0 69.4444418 -55.5555582
v 0.0 72.2222209 -55.5555582
v 0.0 75.0 -55.5555582
v 0.0 77.7777791 -55.5555582
v 0.0 80.5555582 -55.5555582
v 0.0 83.3333313 -55.5555582
v 0.0 86.1111104 -55.5555582
v 0.0 88.8888896 -55.5555582
v 0.0 91.6666687 -55.5555582
v 0.0 94.4444418 -55.5555582
v 0.0 97.2222209 -55.5555582
v 0.0 100.0 -55.5555582
v 0.0 -100.0 -58.3333313
v 0.0 -97.2222209 -58.3333313
v 0.0 -94.4444418 -58.3333313
v 0.0 -91.6666687 -58.3333313
v 0.0 -88.8888896 -58.3333313
v 0.0 -86.1111104 -58.3333313
v 0.0 -83.3333313 -58.3333313
v 0.0 -80.5555582 -58.3333313
v 0.0 -77.7777791 -58.3333313
v 0.0 -75.0 -58.3333313
v 0.0 -72.2222209 -58.3333313
v 0.0 -69.4444418 -58.3333313
v 0.0 -66.6666687 -58.3333313
v 0.0 -63.8888896 -58.3333313
v 0.0 -61.1111104 -58.3333313
v 0.0 -58.3333313 -58.3333313
v 0.0 -55.5555582 -58.3333313
v 0.0 -52.7777791 -58.3333313
v 0.0 -50.0 -58.3333313
v 0.0 -47.2222209 -58.3333313
v 0.0 -44.4444448 -58.3333313
v 0.0 -41.6666657 -58.3333313
v 0.0 -38.8888896 -58.3333313
v 0.0 -36.1111104 -58.3333313
v 0.0 -33.3333343 -58.3333313
v 0.0 -30.5555552 -58.3333313
v 0.0 -27.7777791 -58.3333313
v 0.0 -25.0 -58.3333313
v 0.0 -22.2222224 -58.3333313
v 0.0 -19.4444448 -58.3333313
v 0.0 -16.6666672 -58.3333313
v 0.0 -13.8888896 -58.3333313
v 0.0 -11.1111112 -58.3333313
v 0.0 -8.33333358 -58.3333313
v 0.0 -5.5555556 -58.3333313
v 0.0 -2.7777778 -58.3333313
v 0.0 0.0 -58.3333313
v 0.0 2.7777778 -58.3333313
v 0.0 5.5555556 -58.3333313
v 0.0 8.33333358 -58.3333313
v 0.0 11.1111112 -58.3333313
v 0.0 13.8888896 -58.3333313
v 0.0 16.6666672 -58.3333313
v 0.0 19.4444448 -58.3333313
v 0.0 22.2222224 -58.3333313
v 0.0 25.0 -58.3333313
v 0.0 27.7777791 -58.3333313
v 0.0 30.5555552 -58.3333313
v 0.0 33.3333343 -58.3333313
v 0.0 36.1111104 -58.3333313
v 0.0 38.8888896 -58.3333313
v 0.0 41.6666657 -58.3333313
v 0.0 44.4444448 -58.3333313
v 0.0 47.2222209 -58.3333313
v 0.0 50.0 -58.3333313
v 0.0 52.7777791 -58.3333313
v 0.0 55.5555582 -58.3333313
v 0.0 58.3333313 -58.3333313
v 0.0 61.1111104 -58.3333313
v 0.0 63.8888896 -58.3333313
v 0.0 66.6666687 -58.3333313
v 0.0 69.4444418 -58.3333313
v 0.0 72.2222209 -58.3333313
v 0.0 75.0 -58.3333313
v 0.0 77.7777791 -58.3333313
v 0.0 80.5555582 -58.3333313
v 0.0 83.3333313 -58.3333313
v 0.0 86.1111104 -58.3333313
v 0.0 88.8888896 -58.3333313
v 0.0 91.6666687 -58.3333313
v 0.0 94.4444418 -58.3333313
v 0.0 97.2222209 -58.3333313
v 0.0 100.0 -58.3333313
v 0.0 -100.0 -61.1111104
v 0.0 -97.2222209 -61.1111104
v 0.0 -94.4444418 -61.1111104
v 0.0 -91.6666687 -61.1111104
v 0.0 -88.8888896 -61.1111104
v 0.0 -86.1111104 -61.1111104
v 0.0 -83.3333313 -61.1111104
v 0.0 -80.5555582 -61.1111104
v 0.0 -77.7777791 -61.1111104
v 0.0 -75.0 -61.1111104
v 0.0 -72.2222209 -61.1111104
v 0.0 -69.4444418 -61.1111104
v 0.0 -66.6666687 -61.1111104
v 0.0 -63.8888896 -61.1111104
v 0.0 -61.1111104 -61.1111104
v 0.0 -58.3333313 -61.1111104
v 0.0 -55.5555582 -61.1111104
v 0.0 -52.7777791 -61.1111104
v 0.0 -50.0 -61.1111104
v 0.0 -47.2222209 -61.1111104
v 0.0 -44.4444448 -61.1111104
v 0.0 -41.6666657 -61.1111104
v 0.0 -38.8888896 -61.1111104
v 0.0 -36.1111104 -61.1111104
v 0.0 -33.3333343 -61.1111104
v 0.0 -30.5555552 -61.1111104
v 0.0 -27.7777791 -61.1111104
v 0.0 -25.0 -61.1111104
v 0.0 -22.2222224 -61.1111104
v 0.0 -19.4444448 -61.1111104
v 0.0 -16.6666672 -61.1111104
v 0.0 -13.8888896 -61.1111104
v 0.0 -11.1111112 -61.1111104
v 0.0 -8.33333358 -61.1111104
v 0.0 -5.5555556 -61.1111104
v 0.0 -2.7777778 -61.1111104
v 0.0 0.0 -61.1111104
v 0.0 2.7777778 -61.1111104
v 0.0 5.5555556 -61.1111104
v 0.0 8.33333358 -61.1111104
v 0.0 11.1111112 -61.1111104
v 0.0 13.8888896 -61.1111104
v 0.0 16.6666672 -61.1111104
v 0.0 19.4444448 -61.1111104
v 0.0 22.2222224 -61.1111104
v 0.0 25.0 -61.1111104
v 0.0 27.7777791 -61.1111104
v 0.0 30.5555552 -61.1111104
v 0.0 33.3333343 -61.1111104
v 0.0 36.1111104 -61.1111104
v 0.0 38.8888896 -61.1111104
v 0.0 41.6666657 -61.1111104
v 0.0 44.4444448 -61.1111104
v 0.0 47.2222209 -61.1111104
v 0.0 50.0 -61.1111104
v 0.0 52.7777791 -61.1111104
v 0.0 55.5555582 -61.1111104
v 0.0 58.3333313 -61.1111104
v 0.0 61.1111104 -61.1111104
v 0.0 63.8888896 -61.1111104
v 0.0 66.6666687 -61.1111104
v 0.0 69.4444418 -61.1111104
v 0.0 72.2222209 -61.1111104
v 0.0 75.0 -61.1111104
v 0.0 77.7777791 -61.1111104
v 0.0 80.5555582 -61.1111104
v 0.0 83.3333313 -61.1111104
v 0.0 86.1111104 -61.1111104
v 0.0 88.8888896 -61.1111104
v 0.0 91.6666687 -61.1111104
v 0.0 94.4444418 -61.1111104
v 0.0 97.2222209 -61.1111104
v 0.0 100.0 -61.1111104
v 0.0 -100.0 -63.8888896
v 0.0 -97.2222209 -63.8888896
v 0.0 -94.4444418 -63.8888896
v 0.0 -91.6666687 -63.8888896
v 0.0 -88.8888896 -63.8888896
v 0.0 -86.1111104 -63.8888896
v 0.0 -83.3333313 -63.8888896
v 0.0 -80.5555582 -63.8888896
v 0.0 -77.7777791 -63.8888896
v 0.0 -75.0 -63.8888896
v 0.0 -72.2222209 -63.8888896
v 0.0 -69.4444418 -63.8888896
v 0.0 -66.6666687 -63.8888896
v 0.0 -63.8888896 -63.8888896
v 0.0 -61.1111104 -63.8888896
v 0.0 -58.3333313 -63.8888896
v 0.0 -55.5555582 -63.8888896
v 0.0 -52.7777791 -63.8888896
v 0.0 -50.0 -63.8888896
v 0.0 -47.2222209 -63.8888896
v 0.0 -44.4444448 -63.8888896
v 0.0 -41.6666657 -63.8888896
v 0.0 -38.8888896 -63.8888896
v 0.0 -36.1111104 -63.8888896
v 0.0 -33.3333343 -63.8888896
v 0.0 -30.5555552 -63.8888896
v 0.0 -27.7777791 -63.8888896
v 0.0 -25.0 -63.8888896
v 0.0 -22.2222224 -63.8888896
v 0.0 -19.4444448 -63.8888896
v 0.0 -16.6666672 -63.8888896
v 0.0 -13.8888896 -63.8888896
v 0.0 -11.1111112 -63.8888896
v 0.0 -8.33333358 -63.8888896
v 0.0 -5.5555556 -63.8888896
v 0.0 -2.7777778 -63.8888896
v 0.0 0.0 -63.8888896
v 0.0 2.7777778 -63.8888896
v 0.0 5.5555556 -63.8888896
v 0.0 8.33333358 -63.8888896
v 0.0 11.1111112 -63.8888896
v 0.0 13.8888896 -63.8888896
v 0.0 16.6666672 -63.8888896
v 0.0 19.4444448 -63.8888896
v 0.0 22.2222224 -63.8888896
v 0.0 25.0 -63.8888896
v 0.0 27.7777791 -63.8888896
v 0.0 30.5555552 -63.8888896
v 0.0 33.3333343 -63.8888896
v 0.0 36.1111104 -63.8888896
v 0.0 38.8888896 -63.8888896
v 0.0 41.6666657 -63.8888896
v 0.0 44.4444448 -63.8888896
v 0.0 47.2222209 -63.8888896
v 0.0 50.0 -63.8888896
v 0.0 52.7777791 -63.8888896
v 0.0 55.5555582 -63.8888896
v 0.0 58.3333313 -63.8888896
v 0.0 61.1111104 -63.8888896
v 0.0 63.8888896 -63.8888896
v 0.0 66.6666687 -63.8888896
v 0.0 69.4444418 -63.8888896
v 0.0 72.2222209 -63.8888896
v 0.0 75.0 -63.8888896
v 0.0 77.7777791 -63.8888896
v 0.0 80.5555582 -63.8888896
v 0.0 83.3333313 -63.8888896
v 0.0 86.1111104 -63.8888896
v 0.0 88.8888896 -63.8888896
v 0.0 91.6666687 -63.8888896
v 0.0 94.4444418 -63.8888896
v 0.0 97.2222209 -63.8888896
v 0.0 100.0 -63.8888896
v 0.0 -100.0 -66.6666687
v 0.0 -97.2222209 -66.6666687
v 0.0 -94.4444418 -66.6666687
v 0.0 -91.6666687 -66.6666687
v 0.0 -88.8888896 -66.6666687
v 0.0 -86.1111104 -66.6666687
v 0.0 -83.3333313 -66.6666687
v 0.0 -80.5555582 -66.6666687
v 0.0 -77.7777791 -66.6666687
v 0.0 -75.0 -66.6666687
v 0.0 -72.2222209 -66.6666687
v 0.0 -69.4444418 -66.6666687
v 0.0 -66.6666687 -66.6666687
v 0.0 -63.8888896 -66.6666687
v 0.0 -61.1111104 -66.6666687
v 0.0 -58.3333313 -66.6666687
v 0.0 -55.5555582 -66.6666687
v 0.0 -52.7777791 -66.6666687
v 0.0 -50.0 -66.6666687
v 0.0 -47.2222209 -66.6666687
v 0.0 -44.4444448 -66.6666687
v 0.0 -41.6666657 -66.6666687
v 0.0 -38.8888896 -66.6666687
v 0.0 -36.1111104 -66.6666687
v 0.0 -33.3333343 -66.6666687
v 0.0 -30.5555552 -66.6666687
v 0.0 -27.7777791 -66.6666687
v 0.0 -25.0 -66.6666687
v 0.0 -22.2222224 -66.6666687
v 0.0 -19.4444448 -66.6666687
v 0.0 -16.6666672 -66.6666687
v 0.0 -13.8888896 -66.6666687
v 0.0 -11.1111112 -66.6666687
v 0.0 -8.33333358 -66.6666687
v 0.0 -5.5555556 -66.6666687
v 0.0 -2.7777778 -66.6666687
v 0.0 0.0 -66.6666687
v 0.0 2.7777778 -66.6666687
v 0.0 5.5555556 -66.6666687
v 0.0 8.33333358 -66.6666687
v 0.0 11.1111112 -66.6666687
v 0.0 13.8888896 -66.6666687
v 0.0 16.6666672 -66.6666687
v 0.0 19.4444448 -66.6666687
v 0.0 22.2222224 -66.6666687
v 0.0 25.0 -66.6666687
v 0.0 27.7777791 -66.6666687
v 0.0 30.5555552 -66.6666687
v 0.0 33.3333343 -66.6666687
v 0.0 36.1111104 -66.6666687
v 0.0 38.8888896 -66.6666687
v 0.0 41.6666657 -66.6666687
v 0.0 44.4444448 -66.6666687
v 0.0 47.2222209 -66.6666687
v 0.0 50.0 -66.6666687
v 0.0 52.7777791 -66.6666687
v 0.0 55.5555582 -66.6666687
v 0.0 58.3333313 -66.6666687
v 0.0 61.1111104 -66.6666687
v 0.0 63.8888896 -66.6666687
v 0.0 66.6666687 -66.6666687
v 0.0 69.4444418 -66.6666687
v 0.0 72.2222209 -66.6666687
v 0.0 75.0 -66.6666687
v 0.0 77.7777791 -66.6666687
v 0.0 80.5555582 -66.6666687
v 0.0 83.3333313 -66.6666687
v 0.0 86.1111104 -66.6666687
v 0.0 88.8888896 -66.6666687
v 0.0 91.6666687 -66.6666687
v 0.0 94.4444418 -66.6666687
v 0.0 97.2222209 -66.6666687
v 0.0 100.0 -66.6666687
v 0.0 -100.0 -69.4444418
v 0.0 -97.2222209 -69.4444418
v 0.0 -94.4444418 -69.4444418
v 0.0 -91.6666687 -69.4444418
v 0.0 -88.8888896 -69.4444418
v 0.0 -86.1111104 -69.4444418
v 0.0 -83.3333313 -69.4444418
v 0.0 -80.5555582 -69.4444418
v 0.0 -77.7777791 -69.4444418
v 0.0 -75.0 -69.4444418
v 0.0 -72.2222209 -69.4444418
v 0.0 -69.4444418 -69.4444418
v 0.0 -66.6666687 -69.4444418
v 0.0 -63.8888896 -69.4444418
v 0.0 -61.1111104 -69.4444418
v 0.0 -58.3333313 -69.4444418
v 0.0 -55.5555582 -69.4444418
v 0.0 -52.7777791 -69.4444418
v 0.0 -50.0 -69.4444418
v 0.0 -47.2222209 -69.4444418
v 0.0 -44.4444448 -69.4444418
v 0.0 -41.6666657 -69.4444418
v 0.0 -38.8888896 -69.4444418
v 0.0 -36.1111104 -69.4444418
v 0.0 -33.3333343 -69.4444418
v 0.0 -30.5555552 -69.4444418
v 0.0 -27.7777791 -69.4444418
v 0.0 -25.0 -69.4444418
v 0.0 -22.2222224 -69.4444418
v 0.0 -19.4444448 -69.4444418
v 0.0 -16.6666672 -69.4444418
v 0.0 -13.8888896 -69.4444418
v 0.0 -11.1111112 -69.4444418
v 0.0 -8.33333358 -69.4444418
v 0.0 -5.5555556 -69.4444418
v 0.0 -2.7777778 -69.4444418
v 0.0 0.0 -69.4444418
v 0.0 2.7777778 -69.4444418
v 0.0 5.5555556 -69.4444418
v 0.0 8.33333358 -69.4444418
v 0.0 11.1111112 -69.4444418
v 0.0 13.8888896 -69.4444418
v 0.0 16.6666672 -69.4444418
v 0.0 19.4444448 -69.4444418
v 0.0 22.2222224 -69.4444418
v 0.0 25.0 -69.4444418
v 0.0 27.7777791 -69.4444418
v 0.0 30.5555552 -69.4444418
v 0.0 33.3333343 -69.4444418
v 0.0 36.1111104 -69.4444418
v 0.0 38.8888896 -69.4444418
v 0.0 41.6666657 -69.4444418
v 0.0 44.4444448 -69.4444418
v 0.0 47.2222209 -69.4444418
v 0.0 50.0 -69.4444418
v 0.0 52.7777791 -69.4444418
v 0.0 55.5555582 -69.4444418
v 0.0 58.3333313 -69.4444418
v 0.0 61.1111104 -69.4444418
v 0.0 63.8888896 -69.4444418
v 0.0 66.6666687 -69.4444418
v 0.0 69.4444418 -69.4444418
v 0.0 72.2222209 -69.4444418
v 0.0 75.0 -69.4444418
v 0.0 77.7777791 -69.4444418
v 0.0 80.5555582 -69.4444418
v 0.0 83.3333313 -69.4444418
v 0.0 86.1111104 -69.4444418
v 0.0 88.8888896 -69.4444418
v 0.0 91.6666687 -69.4444418
v 0.0 94.4444418 -69.4444418
v 0.0 97.2222209 -69.4444418
v 0.0 100.0 -69.4444418
v 0.0 -100.0 -72.2222209
v 0.0 -97.2222209 -72.2222209
v 0.0 -94.4444418 -72.2222209
v 0.0 -91.6666687 -72.2222209
v 0.0 -88.8888896 -72.2222209
v 0.0 -86.1111104 -72.2222209
v 0.0 -83.3333313 -72.2222209
v 0.0 -80.5555582 -72.2222209
v 0.0 -77.7777791 -72.2222209
v 0.0 -75.0 -72.2222209
v 0.0 -72.2222209 -72.2222209
v 0.0 -69.4444418 -72.2222209
v 0.0 -66.6666687 -72.2222209
v 0.0 -63.8888896 -72.2222209
v 0.0 -61.1111104 -72.2222209
v 0.0 -58.3333313 -72.2222209
v 0.0 -55.5555582 -72.2222209
v 0.0 -52.7777791 -72.2222209
v 0.0 -50.0 -72.2222209
v 0.0 -47.2222209 -72.2222209
v 0.0 -44.4444448 -72.2222209
v 0.0 -41.6666657 -72.2222209
v 0.0 -38.8888896 -72.2222209
v 0.0 -36.1111104 -72.2222209
v 0.0 -33.3333343 -72.2222209
v 0.0 -30.5555552 -72.2222209
v 0.0 -27.7777791 -72.2222209
v 0.0 -25.0 -72.2222209
v 0.0 -22.2222224 -72.2222209
v 0.0 -19.4444448 -72.2222209
v 0.0 -16.6666672 -72.2222209
v 0.0 -13.8888896 -72.2222209
v 0.0 -11.1111112 -72.2222209
v 0.0 -8.33333358 -72.2222209
v 0.0 -5.5555556 -72.2222209
v 0.0 -2.7777778 -72.2222209
v 0.0 0.0 -72.2222209
v 0.0 2.7777778 -72.2222209
v 0.0 5.5555556 -72.2222209
v 0.0 8.33333358 -72.2222209
v 0.0 11.1111112 -72.2222209
v 0.0 13.8888896 -72.2222209
v 0.0 16.6666672 -72.2222209
v 0.0 19.4444448 -72.2222209
v 0.0 22.2222224 -72.2222209
v 0.0 25.0 -72.2222209
v 0.0 27.7777791 -72.2222209
v 0.0 30.5555552 -72.2222209
v 0.0 33.3333343 -72.2222209
v 0.0 36.1111104 -72.2222209
v 0.0 38.8888896 -72.2222209
v 0.0 41.6666657 -72.2222209
v 0.0 44.4444448 -72.2222209
v 0.0 47.2222209 -72.2222209
v 0.0 50.0 -72.2222209
v 0.0 52.7777791 -72.2222209
v 0.0 55.5555582 -72.2222209
v 0.0 58.3333313 -72.2222209
v 0.0 61.1111104 -72.2222209
v 0.0 63.8888896 -72.2222209
v 0.0 66.6666687 -72.2222209
v 0.0 69.4444418 -72.2222209
v 0.0 72.2222209 -72.2222209
v 0.0 75.0 -72.2222209
v 0.0 77.7777791 -72.2222209
v 0.0 80.5555582 -72.2222209
v 0.0 83.3333313 -72.2222209
v 0.0 86.1111104 -72.2222209
v 0.0 88.8888896 -72.2222209
v 0.0 91.6666687 -72.2222209
v 0.0 94.4444418 -72.2222209
v 0.0 97.2222209 -72.2222209
v 0.0 100.0 -72.2222209
v 0.0 -100.0 -75.0
v 0.0 -97.2222209 -75.0
v 0.0 -94.4444418 -75.0
v 0.0 -91.6666687 -75.0
v 0.0 -88.8888896 -75.0
v 0.0 -86.1111104 -75.0
v 0.0 -83.3333313 -75.0
v 0.0 -80.5555582 -75.0
v 0.0 -77.7777791 -75.0
v 0.0 -75.0 -75.0
v 0.0 -72.2222209 -75.0
v 0.0 -69.4444418 -75.0
v 0.0 -66.6666687 -75.0
v 0.0 -63.8888896 -75.0
v 0.0 -61.1111104 -75.0
v 0.0 -58.3333313 -75.0
v 0.0 -55.5555582 -75.0
v 0.0 -52.7777791 -75.0
v 0.0 -50.0 -75.0
v 0.0 -47.2222209 -75.0
v 0.0 -44.4444448 -75.0
v 0.0 -41.6666657 -75.0
v 0.0 -38.8888896 -75.0
v 0.0 -36.1111104 -75.0
v 0.0 -33.3333343 -75.0
v 0.0 -30.5555552 -75.0
v 0.0 -27.7777791 -75.0
v 0.0 -25.0 -75.0
v 0.0 -22.2222224 -75.0
v 0.0 -19.4444448 -75.0
v 0.0 -16.6666672 -75.0
v 0.0 -13.8888896 -75.0
v 0.0 -11.1111112 -75.0
v 0.0 -8.33333358 -75.0
v 0.0 -5.5555556 -75.0
v 0.0 -2.7777778 -75.0
v 0.0 0.0 -75.0
v 0.0 2.7777778 -75.0
v 0.0 5.5555556 -75.0
v 0.0 8.33333358 -75.0
v 0.0 11.1111112 -75.0
v 0.0 13.8888896 -75.0
v 0.0 16.6666672 -75.0
v 0.0 19.4444448 -75.0
v 0.0 22.2222224 -75.0
v 0.0 25.0 -75.0
v 0.0 27.7777791 -75.0
v 0.0 30.5555552 -75.0
v 0.0 33.3333343 -75.0
v 0.0 36.1111104 -75.0
v 0.0 38.8888896 -75.0
v 0.0 41.6666657 -75.0
v 0.0 44.4444448 -75.0
v 0.0 47.2222209 -75.0
v 0.0 50.0 -75.0
v 0.0 52.7777791 -75.0
v 0.0 55.5555582 -75.0
v 0.0 58.3333313 -75.0
v 0.0 61.1111104 -75.0
v 0.0 63.8888896 -75.0
v 0.0 66.6666687 -75.0
v 0.0 69.4444418 -75.0
v 0.0 72.2222209 -75.0
v 0.0 75.0 -75.0
v 0.0 77.7777791 -75.0
v 0.0 80.5555582 -75.0
v 0.0 83.3333313 -75.0
v 0.0 86.1111104 -75.0
v 0.0 88.8888896 -75.0
v 0.0 91.6666687 -75.0
v 0.0 94.4444418 -75.0
v 0.0 97.2222209 -75.0
v 0.0 100.0 -75.0
v 0.0 -100.0 -77.7777791
v 0.0 -97.2222209 -77.7777791
v 0.0 -94.4444418 -77.7777791
v 0.0 -91.6666687 -77.7777791
v 0.0 -88.8888896 -77.7777791
v 0.0 -86.1111104 -77.7777791
v 0.0 -83.3333313 -77.7777791
v 0.0 -80.5555582 -77.7777791
v 0.0 -77.7777791 -77.7777791
v 0.0 -75.0 -77.7777791
v 0.0 -72.2222209 -77.7777791
v 0.0 -69.4444418 -77.7777791
v 0.0 -66.6666687 -77.7777791
v 0.0 -63.8888896 -77.7777791
v 0.0 -61.1111104 -77.7777791
v 0.0 -58.3333313 -77.7777791
v 0.0 -55.5555582 -77.7777791
v 0.0 -52.7777791 -77.7777791
v 0.0 -50.0 -77.7777791
v 0.0 -47.2222209 -77.7777791
v 0.0 -44.4444448 -77.7777791
v 0.0 -41.6666657 -77.7777791
v 0.0 -38.8888896 -77.7777791
v 0.0 -36.1111104 -77.7777791
v 0.0 -33.3333343 -77.7777791
v 0.0 -30.5555552 -77.7777791
v 0.0 -27.7777791 -77.7777791
v 0.0 -25.0 -77.7777791
v 0.0 -22.2222224 -77.7777791
v 0.0 -19.4444448 -77.7777791
v 0.0 -16.6666672 -77.7777791
v 0.0 -13.8888896 -77.7777791
v 0.0 -11.1111112 -77.7777791
v 0.0 -8.33333358 -77.7777791
v 0.0 -5.5555556 -77.7777791
v 0.0 -2.7777778 -77.7777791
v 0.0 0.0 -77.7777791
v 0.0 2.7777778 -77.7777791
v 0.0 5.5555556 -77.7777791
v 0.0 8.33333358 -77.7777791
v 0.0 11.1111112 -77.7777791
v 0.0 13.8888896 -77.7777791
v 0.0 16.6666672 -77.7777791
v 0.0 19.4444448 -77.7777791
v 0.0 22.2222224 -77.7777791
v 0.0 25.0 -77.7777791
v 0.0 27.7777791 -77.7777791
v 0.0 30.5555552 -77.7777791
v 0.0 33.3333343 -77.7777791
v 0.0 36.1111104 -77.7777791
v 0.0 38.8888896 -77.7777791
v 0.0 41.6666657 -77.7777791
v 0.0 44.4444448 -77.7777791
v 0.0 47.2222209 -77.7777791
v 0.0 50.0 -77.7777791
v 0.0 52.7777791 -77.7777791
v 0.0 55.5555582 -77.7777791
v 0.0 58.3333313 -77.7777791
v 0.0 61.1111104 -77.7777791
v 0.0 63.8888896 -77.7777791
v 0.0 66.6666687 -77.7777791
v 0.0 69.4444418 -77.7777791
v 0.0 72.2222209 -77.7777791
v 0.0 75.0 -77.7777791
v 0.0 77.7777791 -77.7777791
v 0.0 80.5555582 -77.7777791
v 0.0 83.3333313 -77.7777791
v 0.0 86.1111104 -77.7777791
v 0.0 88.8888896 -77.7777791
v 0.0 91.6666687 -77.7777791
v 0.0 94.4444418 -77.7777791
v 0.0 97.2222209 -77.7777791
v 0.0 100.0 -77.7777791
v 0.0 -100.0 -80.5555582
v 0.0 -97.2222209 -80.5555582
v 0.0 -94.4444418 -80.5555582
v 0.0 -91.6666687 -80.5555582
v 0.0 -88.8888896 -80.5555582
v 0.0 -86.1111104 -80.5555582
v 0.0 -83.3333313 -80.5555582
v 0.0 -80.5555582 -80.5555582
v 0.0 -77.7777791 -80.5555582
v 0.0 -75.0 -80.5555582
v 0.0 -72.2222209 -80.5555582
v 0.0 -69.4444418 -80.5555582
v 0.0 -66.6666687 -80.5555582
v 0.0 -63.8888896 -80.5555582
v 0.0 -61.1111104 -80.5555582
v 0.0 -58.3333313 -80.5555582
v 0.0 -55.5555582 -80.5555582
v 0.0 -52.7777791 -80.5555582
v 0.0 -50.0 -80.5555582
v 0.0 -47.2222209 -80.5555582
v 0.0 -44.4444448 -80.5555582
v 0.0 -41.6666657 -80.5555582
v 0.0 -38.8888896 -80.5555582
v 0.0 -36.1111104 -80.5555582
v 0.0 -33.3333343 -80.5555582
v 0.0 -30.5555552 -80.5555582
v 0.0 -27.7777791 -80.5555582
v 0.0 -25.0 -80.5555582
v 0.0 -22.2222224 -80.5555582
v 0.0 -19.4444448 -80.5555582
v 0.0 -16.6666672 -80.5555582
v 0.0 -13.8888896 -80.5555582
v 0.0 -11.1111112 -80.5555582
v 0.0 -8.33333358 -80.5555582
v 0.0 -5.5555556 -80.5555582
v 0.0 -2.7777778 -80.5555582
v 0.0 0.0 -80.5555582
v 0.0 2.7777778 -80.5555582
v 0.0 5.5555556 -80.5555582
v 0.0 8.33333358 -80.5555582
v 0.0 11.1111112 -80.5555582
v 0.0 13.8888896 -80.5555582
v 0.0 16.6666672 -80.5555582
v 0.0 19.4444448 -80.5555582
v 0.0 22.2222224 -80.5555582
v 0.0 25.0 -80.5555582
v 0.0 27.7777791 -80.5555582
v 0.0 30.5555552 -80.5555582
v 0.0 33.3333343 -80.5555582
v 0.0 36.1111104 -80.5555582
v 0.0 38.8888896 -80.5555582
v 0.0 41.6666657 -80.5555582
v 0.0 44.4444448 -80.5555582
v 0.0 47.2222209 -80.5555582
v 0.0 50.0 -80.5555582
v 0.0 52.7777791 -80.5555582
v 0.0 55.5555582 -80.5555582
v 0.0 58.3333313 -80.5555582
v 0.0 61.1111104 -80.5555582
v 0.0 63.8888896 -80.5555582
v 0.0 66.6666687 -80.5555582
v 0.0 69.4444418 -80.5555582
v 0.0 72.2222209 -80.5555582
v 0.0 75.0 -80.5555582
v 0.0 77.7777791 -80.5555582
v 0.0 80.5555582 -80.5555582
v 0.0 83.3333313 -80.5555582
v 0.0 86.1111104 -80.5555582
v 0.0 88.8888896 -80.5555582
v 0.0 91.6666687 -80.5555582
v 0.0 94.4444418 -80.5555582
v 0.0 97.2222209 -80.5555582
v 0.0 100.0 -80.5555582
v 0.0 -100.0 -83.3333313
v 0.0 -97.2222209 -83.3333313
v 0.0 -94.4444418 -83.3333313
v 0.0 -91.6666687 -83.3333313
v 0.0 -88.8888896 -83.3333313
v 0.0 -86.1111104 -83.3333313
v 0.0 -83.3333313 -83.3333313
v 0.0 -80.5555582 -83.3333313
v 0.0 -77.7777791 -83.3333313
v 0.0 -75.0 -83.3333313
v 0.0 -72.2222209 -83.3333313
v 0.0 -69.4444418 -83.3333313
v 0.0 -66.6666687 -83.3333313
v 0.0 -63.8888896 -83.3333313
v 0.0 -61.1111104 -83.3333313
v 0.0 -58.3333313 -83.3333313
v 0.0 -55.5555582 -83.3333313
v 0.0 -52.7777791 -83.3333313
v 0.0 -50.0 -83.3333313
v 0.0 -47.2222209 -83.3333313
v 0.0 -44.4444448 -83.3333313
v 0.0 -41.6666657 -83.3333313
v 0.0 -38.8888896 -83.3333313
v 0.0 -36.1111104 -83.3333313
v 0.0 -33.3333343 -83.3333313
v 0.0 -30.5555552 -83.3333313
v 0.0 -27.7777791 -83.3333313
v 0.0 -25.0 -83.3333313
v 0.0 -22.2222224 -83.3333313
v 0.0 -19.4444448 -83.3333313
v 0.0 -16.6666672 -83.3333313
v 0.0 -13.8888896 -83.3333313
v 0.0 -11.1111112 -83.3333313
v 0.0 -8.33333358 -83.3333313
v 0.0 -5.5555556 -83.3333313
v 0.0 -2.7777778 -83.3333313
v 0.0 0.0 -83.3333313
v 0.0 2.7777778 -83.3333313
v 0.0 5.5555556 -83.3333313
v 0.0 8.33333358 -83.3333313
v 0.0 11.1111112 -83.3333313
v 0.0 13.8888896 -83.3333313
v 0.0 16.6666672 -83.3333313
v 0.0 19.4444448 -83.3333313
v 0.0 22.2222224 -83.3333313
v 0.0 25.0 -83.3333313
v 0.0 27.7777791 -83.3333313
v 0.0 30.5555552 -83.3333313
v 0.0 33.3333343 -83.3333313
v 0.0 36.1111104 -83.3333313
v 0.0 38.8888896 -83.3333313
v 0.0 41.6666657 -83.3333313
v 0.0 44.4444448 -83.3333313
v 0.0 47.2222209 -83.3333313
v 0.0 50.0 -83.3333313
v 0.0 52.7777791 -83.3333313
v 0.0 55.5555582 -83.3333313
v 0.0 58.3333313 -83.3333313
v 0.0 61.1111104 -83.3333313
v 0.0 63.8888896 -83.3333313
v 0.0 66.6666687 -83.3333313
v 0.0 69.4444418 -83.3333313
v 0.0 72.2222209 -83.3333313
v 0.0 75.0 -83.3333313
v 0.0 77.7777791 -83.3333313
v 0.0 80.5555582 -83.3333313
v 0.0 83.3333313 -83.3333313
v 0.0 86.1111104 -83.3333313
v 0.0 88.8888896 -83.3333313
v 0.0 91.6666687 -83.3333313
v 0.0 94.4444418 -83.3333313
v 0.0 97.2222209 -83.3333313
v 0.0 100.0 -83.3333313
v 0.0 -100.0 -86.1111104
v 0.0 -97.2222209 -86.1111104
v 0.0 -94.4444418 -86.1111104
v 0.0 -91.6666687 -86.1111104
v 0.0 -88.8888896 -86.1111104
v 0.0 -86.1111104 -86.1111104
v 0.0 -83.3333313 -86.1111104
v 0.0 -80.5555582 -86.1111104
v 0.0 -77.7777791 -86.1111104
v 0.0 -75.0 -86.1111104
v 0.0 -72.2222209 -86.1111104
v 0.0 -69.4444418 -86.1111104
v 0.0 -66.6666687 -86.1111104
v 0.0 -63.8888896 -86.1111104
v 0.0 -61.1111104 -86.1111104
v 0.0 -58.3333313 -86.1111104
v 0.0 -55.5555582 -86.1111104
v 0.0 -52.7777791 -86.1111104
v 0.0 -50.0 -86.1111104
v 0.0 -47.2222209 -86.1111104
v 0.0 -44.4444448 -86.1111104
v 0.0 -41.6666657 -86.1111104
v 0.0 -38.8888896 -86.1111104
v 0.0 -36.1111104 -86.1111104
v 0.0 -33.3333343 -86.1111104
v 0.0 -30.5555552 -86.1111104
v 0.0 -27.7777791 -86.1111104
v 0.0 -25.0 -86.1111104
v 0.0 -22.2222224 -86.1111104
v 0.0 -19.4444448 -86.1111104
v 0.0 -16.6666672 -86.1111104
v 0.0 -13.8888896 -86.1111104
v 0.0 -11.1111112 -86.1111104
v 0.0 -8.33333358 -86.1111104
v 0.0 -5.5555556 -86.1111104
v 0.0 -2.7777778 -86.1111104
v 0.0 0.0 -86.1111104
v 0.0 2.7777778 -86.1111104
v 0.0 5.5555556 -86.1111104
v 0.0 8.33333358 -86.1111104
v 0.0 11.1111112 -86.1111104
v 0.0 13.8888896 -86.1111104
v 0.0 16.6666672 -86.1111104
v 0.0 19.4444448 -86.1111104
v 0.0 22.2222224 -86.1111104
v 0.0 25.0 -86.1111104
v 0.0 27.7777791 -86.1111104
v 0.0 30.5555552 -86.1111104
v 0.0 33.3333343 -86.1111104
v 0.0 36.1111104 -86.1111104
v 0.0 38.8888896 -86.1111104
v 0.0 41.6666657 -86.1111104
v 0.0 44.4444448 -86.1111104
v 0.0 47.2222209 -86.1111104
v 0.0 50.0 -86.1111104
v 0.0 52.7777791 -86.1111104
v 0.0 55.5555582 -86.1111104
v 0.0 58.3333313 -86.1111104
v 0.0 61.1111104 -86.1111104
v 0.0 63.8888896 -86.1111104
v 0.0 66.6666687 -86.1111104
v 0.0 69.4444418 -86.1111104
v 0.0 72.2222209 -86.1111104
v 0.0 75.0 -86.1111104
v 0.0 77.7777791 -86.1111104
v 0.0 80.5555582 -86.1111104
v 0.0 83.3333313 -86.1111104
v 0.0 86.1111104 -86.1111104
v 0.0 88.8888896 -86.1111104
v 0.0 91.6666687 -86.1111104
v 0.0 94.4444418 -86.1111104
v 0.0 97.2222209 -86.1111104
v 0.0 100.0 -86.1111104
v 0.0 -100.0 -88.8888896
v 0.0 -97.2222209 -88.8888896
v 0.0 -94.4444418 -88.8888896
v 0.0 -91.6666687 -88.8888896
v 0.0 -88.8888896 -88.8888896
v 0.0 -86.1111104 -88.8888896
v 0.0 -83.3333313 -88.8888896
v 0.0 -80.5555582 -88.8888896
v 0.0 -77.7777791 -88.8888896
v 0.0 -75.0 -88.8888896
v 0.0 -72.2222209 -88.8888896
v 0.0 -69.4444418 -88.8888896
v 0.0 -66.6666687 -88.8888896
v 0.0 -63.8888896 -88.8888896
v 0.0 -61.1111104 -88.8888896
v 0.0 -58.3333313 -88.8888896
v 0.0 -55.5555582 -88.8888896
v 0.0 -52.7777791 -88.8888896
v 0.0 -50.0 -88.8888896
v 0.0 -47.2222209 -88.8888896
v 0.0 -44.4444448 -88.8888896
v 0.0 -41.6666657 -88.8888896
v 0.0 -38.8888896 -88.8888896
v 0.0 -36.1111104 -88.8888896
v 0.0 -33.3333343 -88.8888896
v 0.0 -30.5555552 -88.8888896
v 0.0 -27.7777791 -88.8888896
v 0.0 -25.0 -88.8888896
v 0.0 -22.2222224 -88.8888896
v 0.0 -19.4444448 -88.8888896
v 0.0 -16.6666672 -88.8888896
v 0.0 -13.8888896 -88.8888896
v 0.0 -11.1111112 -88.8888896
v 0.0 -8.33333358 -88.8888896
v 0.0 -5.5555556 -88.8888896
v 0.0 -2.7777778 -88.8888896
v 0.0 0.0 -88.8888896
v 0.0 2.7777778 -88.8888896
v 0.0 5.5555556 -88.8888896
v 0.0 8.33333358 -88.8888896
v 0.0 11.1111112 -88.8888896
v 0.0 13.8888896 -88.8888896
v 0.0 16.6666672 -88.8888896
v 0.0 19.4444448 -88.8888896
v 0.0 22.2222224 -88.8888896
v 0.0 25.0 -88.8888896
v 0.0 27.7777791 -88.8888896
v 0.0 30.5555552 -88.8888896
v 0.0 33.3333343 -88.8888896
v 0.0 36.1111104 -88.8888896
v 0.0 38.8888896 -88.8888896
v 0.0 41.6666657 -88.8888896
v 0.0 44.4444448 -88.8888896
v 0.0 47.2222209 -88.8888896
v 0.0 50.0 -88.8888896
v 0.0 52.7777791 -88.8888896
v 0.0 55.5555582 -88.8888896
v 0.0 58.3333313 -88.8888896
v 0.0 61.1111104 -88.8888896
v 0.0 63.8888896 -88.8888896
v 0.0 66.6666687 -88.8888896
v 0.0 69.4444418 -88.8888896
v 0.0 72.2222209 -88.8888896
v 0.0 75.0 -88.8888896
v 0.0 77.7777791 -88.8888896
v 0.0 80.5555582 -88.8888896
v 0.0 83.3333313 -88.8888896
v 0.0 86.1111104 -88.8888896
v 0.0 88.8888896 -88.8888896
v 0.0 91.6666687 -88.8888896
v 0.0 94.4444418 -88.8888896
v 0.0 97.2222209 -88.8888896
v 0.0 100.0 -88.8888896
v 0.0 -100.0 -91.6666687
v 0.0 -97.2222209 -91.6666687
v 0.0 -94.4444418 -91.6666687
v 0.0 -91.6666687 -91.6666687
v 0.0 -88.8888896 -91.6666687
v 0.0 -86.1111104 -91.6666687
v 0.0 -83.3333313 -91.6666687
v 0.0 -80.5555582 -91.6666687
v 0.0 -77.7777791 -91.6666687
v 0.0 -75.0 -91.6666687
v 0.0 -72.2222209 -91.6666687
v 0.0 -69.4444418 -91.6666687
v 0.0 -66.6666687 -91.6666687
v 0.0 -63.8888896 -91.6666687
v 0.0 -61.1111104 -91.6666687
v 0.0 -58.3333313 -91.6666687
v 0.0 -55.5555582 -91.6666687
v 0.0 -52.7777791 -91.6666687
v 0.0 -50.0 -91.6666687
v 0.0 -47.2222209 -91.6666687
v 0.0 -44.4444448 -91.6666687
v 0.0 -41.6666657 -91.6666687
v 0.0 -38.8888896 -91.6666687
v 0.0 -36.1111104 -91.6666687
v 0.0 -33.3333343 -91.6666687
v 0.0 -30.5555552 -91.6666687
v 0.0 -27.7777791 -91.6666687
v 0.0 -25.0 -91.6666687
v 0.0 -22.2222224 -91.6666687
v 0.0 -19.4444448 -91.6666687
v 0.0 -16.6666672 -91.6666687
v 0.0 -13.8888896 -91.6666687
v 0.0 -11.1111112 -91.6666687
v 0.0 -8.33333358 -91.6666687
v 0.0 -5.5555556 -91.6666687
v 0.0 -2.7777778 -91.6666687
v 0.0 0.0 -91.6666687
v 0.0 2.7777778 -91.6666687
v 0.0 5.5555556 -91.6666687
v 0.0 8.33333358 -91.6666687
v 0.0 11.1111112 -91.6666687
v 0.0 13.8888896 -91.6666687
v 0.0 16.6666672 -91.6666687
v 0.0 19.4444448 -91.6666687
v 0.0 22.2222224 -91.6666687
v 0.0 25.0 -91.6666687
v 0.0 27.7777791 -91.6666687
v 0.0 30.5555552 -91.6666687
v 0.0 33.3333343 -91.6666687
v 0.0 36.1111104 -91.6666687
v 0.0 38.8888896 -91.6666687
v 0.0 41.6666657 -91.6666687
v 0.0 44.4444448 -91.6666687
v 0.0 47.2222209 -91.6666687
v 0.0 50.0 -91.6666687
v 0.0 52.7777791 -91.6666687
v 0.0 55.5555582 -91.6666687
v 0.0 58.3333313 -91.6666687
v 0.0 61.1111104 -91.6666687
v 0.0 63.8888896 -91.6666687
v 0.0 66.6666687 -91.6666687
v 0.0 69.4444418 -91.6666687
v 0.0 72.2222209 -91.6666687
v 0.0 75.0 -91.6666687
v 0.0 77.7777791 -91.6666687
v 0.0 80.5555582 -91.6666687
v 0.0 83.3333313 -91.6666687
v 0.0 86.1111104 -91.6666687
v 0.0 88.8888896 -91.6666687
v 0.0 91.6666687 -91.6666687
v 0.0 94.4444418 -91.6666687
v 0.0 97.2222209 -91.6666687
v 0.0 100.0 -91.6666687
v 0.0 -100.0 -94.4444418
v 0.0 -97.2222209 -94.4444418
v 0.0 -94.4444418 -94.4444418
v 0.0 -91.6666687 -94.4444418
v 0.0 -88.8888896 -94.4444418
v 0.0 -86.1111104 -94.4444418
v 0.0 -83.3333313 -94.4444418
v 0.0 -80.5555582 -94.4444418
v 0.0 -77.7777791 -94.4444418
v 0.0 -75.0 -94.4444418
v 0.0 -72.2222209 -94.4444418
v 0.0 -69.4444418 -94.4444418
v 0.0 -66.6666687 -94.4444418
v 0.0 -63.8888896 -94.4444418
v 0.0 -61.1111104 -94.4444418
v 0.0 -58.3333313 -94.4444418
v 0.0 -55.5555582 -94.4444418
v 0.0 -52.7777791 -94.4444418
v 0.0 -50.0 -94.4444418
v 0.0 -47.2222209 -94.4444418
v 0.0 -44.4444448 -94.4444418
v 0.0 -41.6666657 -94.4444418
v 0.0 -38.8888896 -94.4444418
v 0.0 -36.1111104 -94.4444418
v 0.0 -33.3333343 -94.4444418
v 0.0 -30.5555552 -94.4444418
v 0.0 -27.7777791 -94.4444418
v 0.0 -25.0 -94.4444418
v 0.0 -22.2222224 -94.4444418
v 0.0 -19.4444448 -94.4444418
v 0.0 -16.6666672 -94.4444418
v 0.0 -13.8888896 -94.4444418
v 0.0 -11.1111112 -94.4444418
v 0.0 -8.33333358 -94.4444418
v 0.0 -5.5555556 -94.4444418
v 0.0 -2.7777778 -94.4444418
v 0.0 0.0 -94.4444418
v 0.0 2.7777778 -94.4444418
v 0.0 5.5555556 -94.4444418
v 0.0 8.33333358 -94.4444418
v 0.0 11.1111112 -94.4444418
v 0.0 13.8888896 -94.4444418
v 0.0 16.6666672 -94.4444418
v 0.0 19.4444448 -94.4444418
v 0.0 22.2222224 -94.4444418
v 0.0 25.0 -94.4444418
v 0.0 27.7777791 -94.4444418
v 0.0 30.5555552 -94.4444418
v 0.0 33.3333343 -94.4444418
v 0.0 36.1111104 -94.4444418
v 0.0 38.8888896 -94.4444418
v 0.0 41.6666657 -94.4444418
v 0.0 44.4444448 -94.4444418
v 0.0 47.2222209 -94.4444418
v 0.0 50.0 -94.4444418
v 0.0 52.7777791 -94.4444418
v 0.0 55.5555582 -94.4444418
v 0.0 58.3333313 -94.4444418
v 0.0 61.1111104 -94.4444418
v 0.0 63.8888896 -94.4444418
v 0.0 66.6666687 -94.4444418
v 0.0 69.4444418 -94.4444418
v 0.0 72.2222209 -94.4444418
v 0.0 75.0 -94.4444418
v 0.0 77.7777791 -94.4444418
v 0.0 80.5555582 -94.4444418
v 0.0 83.3333313 -94.4444418
v 0.0 86.1111104 -94.4444418
v 0.0 88.8888896 -94.4444418
v 0.0 91.6666687 -94.4444418
v 0.0 94.4444418 -94.4444418
v 0.0 97.2222209 -94.4444418
v 0.0 100.0 -94.4444418
v 0.0 -100.0 -97.2222209
v 0.0 -97.2222209 -97.2222209
v 0.0 -94.4444418 -97.2222209
v 0.0 -91.6666687 -97.2222209
v 0.0 -88.8888896 -97.2222209
v 0.0 -86.1111104 -97.2222209
v 0.0 -83.3333313 -97.2222209
v 0.0 -80.5555582 -97.2222209
v 0.0 -77.7777791 -97.2222209
v 0.0 -75.0 -97.2222209
v 0.0 -72.2222209 -97.2222209
v 0.0 -69.4444418 -97.2222209
v 0.0 -66.6666687 -97.2222209
v 0.0 -63.8888896 -97.2222209
v 0.0 -61.1111104 -97.2222209
v 0.0 -58.3333313 -97.2222209
v 0.0 -55.5555582 -97.2222209
v 0.0 -52.7777791 -97.2222209
v 0.0 -50.0 -97.2222209
v 0.0 -47.2222209 -97.2222209
v 0.0 -44.4444448 -97.2222209
v 0.0 -41.6666657 -97.2222209
v 0.0 -38.8888896 -97.2222209
v 0.0 -36.1111104 -97.2222209
v 0.0 -33.3333343 -97.2222209
v 0.0 -30.5555552 -97.2222209
v 0.0 -27.7777791 -97.2222209
v 0.0 -25.0 -97.2222209
v 0.0 -22.2222224 -97.2222209
v 0.0 -19.4444448 -97.2222209
v 0.0 -16.6666672 -97.2222209
v 0.0 -13.8888896 -97.2222209
v 0.0 -11.1111112 -97.2222209
v 0.0 -8.33333358 -97.2222209
v 0.0 -5.5555556 -97.2222209
v 0.0 -2.7777778 -97.2222209
v 0.0 0.0 -97.2222209
v 0.0 2.7777778 -97.2222209
v 0.0 5.5555556 -97.2222209
v 0.0 8.33333358 -97.2222209
v 0.0 11.1111112 -97.2222209
v 0.0 13.8888896 -97.2222209
v 0.0 16.6666672 -97.2222209
v 0.0 19.4444448 -97.2222209
v 0.0 22.2222224 -97.2222209
v 0.0 25.0 -97.2222209
v 0.0 27.7777791 -97.2222209
v 0.0 30.5555552 -97.2222209
v 0.0 33.3333343 -97.2222209
v 0.0 36.1111104 -97.2222209
v 0.0 38.8888896 -97.2222209
v 0.0 41.6666657 -97.2222209
v 0.0 44.4444448 -97.2222209
v 0.0 47.2222209 -97.2222209
v 0.0 50.0 -97.2222209
v 0.0 52.7777791 -97.2222209
v 0.0 55.5555582 -97.2222209
v 0.0 58.3333313 -97.2222209
v 0.0 61.1111104 -97.2222209
v 0.0 63.8888896 -97.2222209
v 0.0 66.6666687 -97.2222209
v 0.0 69.4444418 -97.2222209
v 0.0 72.2222209 -97.2222209
v 0.0 75.0 -97.2222209
v 0.0 77.7777791 -97.2222209
v 0.0 80.5555582 -97.2222209
v 0.0 83.3333313 -97.2222209
v 0.0 86.1111104 -97.2222209
v 0.0 88.8888896 -97.2222209
v 0.0 91.6666687 -97.2222209
v 0.0 94.4444418 -97.2222209
v 0.0 97.2222209 -97.2222209
v 0.0 100.0 -97.2222209
v 0.0 -100.0 -100.0
v 0.0 -97.2222209 -100.0
v 0.0 -94.4444418 -100.0
v 0.0 -91.6666687 -100.0
v 0.0 -88.8888896 -100.0
v 0.0 -86.1111104 -100.0
v 0.0 -83.3333313 -100.0
v 0.0 -80.5555582 -100.0
v 0.0 -77.7777791 -100.0
v 0.0 -75.0 -100.0
v 0.0 -72.2222209 -100.0
v 0.0 -69.4444418 -100.0
v 0.0 -66.6666687 -100.0
v 0.0 -63.8888896 -100.0
v 0.0 -61.1111104 -100.0
v 0.0 -58.3333313 -100.0
v 0.0 -55.5555582 -100.0
v 0.0 -52.7777791 -100.0
v 0.0 -50.0 -100.0
v 0.0 -47.2222209 -100.0
v 0.0 -44.4444448 -100.0
v 0.0 -41.6666657 -100.0
v 0.0 -38.8888896 -100.0
v 0.0 -36.1111104 -100.0
v 0.0 -33.3333343 -100.0
v 0.0 -30.5555552 -100.0
v 0.0 -27.7777791 -100.0
v 0.0 -25.0 -100.0
v 0.0 -22.2222224 -100.0
v 0.0 -19.4444448 -100.0
v 0.0 -16.6666672 -100.0
v 0.0 -13.8888896 -100.0
v 0.0 -11.1111112 -100.0
v 0.0 -8.33333358 -100.0
v 0.0 -5.5555556 -100.0
v 0.0 -2.7777778 -100.0
v 0.0 0.0 -100.0
v 0.0 2.7777778 -100.0
v 0.0 5.5555556 -100.0
v 0.0 8.33333358 -100.0
v 0.0 11.1111112 -100.0
v 0.0 13.8888896 -100.0
v 0.0 16.6666672 -100.0
v 0.0 19.4444448 -100.0
v 0.0 22.2222224 -100.0
v 0.0 25.0 -100.0
v 0.0 27.7777791 -100.0
v 0.0 30.5555552 -100.0
v 0.0 33.3333343 -100.0
v 0.0 36.1111104 -100.0
v 0.0 38.8888896 -100.0
v 0.0 41.6666657 -100.0
v 0.0 44.4444448 -100.0
v 0.0 47.2222209 -100.0
v 0.0 50.0 -100.0
v 0.0 52.7777791 -100.0
v 0.0 55.5555582 -100.0
v 0.0 58.3333313 -100.0
v 0.0 61.1111104 -100.0
v 0.0 63.8888896 -100.0
v 0.0 66.6666687 -100.0
v 0.0 69.4444418 -100.0
v 0.0 72.2222209 -100.0
v 0.0 75.0 -100.0
v 0.0 77.7777791 -100.0
v 0.0 80.5555582 -100.0
v 0.0 83.3333313 -100.0
v 0.0 86.1111104 -100.0
v 0.0 88.8888896 -100.0
v 0.0 91.6666687 -100.0
v 0.0 94.4444418 -100.0
v 0.0 97.2222209 -100.0
v 0.0 100.0 -100.0
vt 0.0 0.0
vn -1.0 0.0 0.0
vt 0.013888889 0.0
vn -1.0 0.0 0.0
vt 0.027777778 0.0
vn -1.0 0.0 0.0
vt 0.0416666679 0.0
vn -1.0 0.0 0.0
vt 0.055555556 0.0
vn -1.0 0.0 0.0
vt 0.0694444478 0.0
vn -1.0 0.0 0.0
vt 0.0833333358 0.0
vn -1.0 0.0 0.0
vt 0.0972222239 0.0
vn -1.0 0.0 0.0
vt 0.111111112 0.0
vn -1.0 0.0 0.0
vt 0.125 0.0
vn -1.0 0.0 0.0
vt 0.138888896 0.0
vn -1.0 0.0 0.0
vt 0.152777776 0.0
vn -1.0 0.0 0.0
vt 0.166666672 0.0
vn -1.0 0.0 0.0
vt 0.180555552 0.0
vn -1.0 0.0 0.0
vt 0.194444448 0.0
vn -1.0 0.0 0.0
vt 0.208333328 0.0
vn -1.0 0.0 0.0
vt 0.222222224 0.0
vn -1.0 0.0 0.0
vt 0.236111104 0.0
vn -1.0 0.0 0.0
vt 0.25 0.0
vn -1.0 0.0 0.0
vt 0.263888896 0.0
vn -1.0 0.0 0.0
vt 0.277777791 0.0
vn -1.0 0.0 0.0
vt 0.291666657 0.0
vn -1.0 0.0 0.0
vt 0.305555552 0.0
vn -1.0 0.0 0.0
vt 0.319444448 0.0
vn -1.0 0.0 0.0
vt 0.333333343 0.0
vn -1.0 0.0 0.0
vt 0.347222209 0.0
vn -1.0 0.0 0.0
vt 0.361111104 0.0
vn -1.0 0.0 0.0
vt 0.375 0.0
vn -1.0 0.0 0.0
vt 0.388888896 0.0
vn -1.0 0.0 0.0
vt 0.402777791 0.0
vn -1.0 0.0 0.0
vt 0.416666657 0.0
vn -1.0 0.0 0.0
vt 0.430555552 0.0
vn -1.0 0.0 0.0
vt 0.444444448 0.0
vn -1.0 0.0 0.0
vt 0.458333343 0.0
vn -1.0 0.0 0.0
vt 0.472222209 0.0
vn -1.0 0.0 0.0
vt 0.486111104 0.0
vn -1.0 0.0 0.0
vt 0.5 0.0
vn -1.0 0.0 0.0
vt 0.513888896 0.0
vn -1.0 0.0 0.0
vt 0.527777791 0.0
vn -1.0 0.0 0.0
vt 0.541666687 0.0
vn -1.0 0.0 0.0
vt 0.555555582 0.0
vn -1.0 0.0 0.0
vt 0.569444418 0.0
vn -1.0 0.0 0.0
vt 0.583333313 0.0
vn -1.0 0.0 0.0
vt 0.597222209 0.0
vn -1.0 0.0 0.0
vt 0.611111104 0.0
vn -1.0 0.0 0.0
vt 0.625 0.0
vn -1.0 0.0 0.0
vt 0.638888896 0.0
vn -1.0 0.0 0.0
vt 0.652777791 0.0
vn -1.0 0.0 0.0
vt 0.666666687 0.0
vn -1.0 0.0 0.0
vt 0.680555582 0.0
vn -1.0 0.0 0.0
vt 0.694444418 0.0
vn -1.0 0.0 0.0
vt 0.708333313 0.0
vn -1.0 0.0 0.0
vt 0.722222209 0.0
vn -1.0 0.0 0.0
vt 0.736111104 0.0
vn -1.0 0.0 0.0
vt 0.75 0.0
vn -1.0 0.0 0.0
vt 0.763888896 0.0
vn -1.0 0.0 0.0
vt 0.777777791 0.0
vn -1.0 0.0 0.0
vt 0.791666687 0.0
vn -1.0 0.0 0.0
vt 0.805555582 0.0
vn -1.0 0.0 0.0
vt 0.819444418 0.0
vn -1.0 0.0 0.0
vt 0.833333313 0.0
vn -1.0 0.0 0.0
vt 0.847222209 0.0
vn -1.0 0.0 0.0
vt 0.861111104 0.0
vn -1.0 0.0 0.0
vt 0.875 0.0
vn -1.0 0.0 0.0
vt 0.888888896 0.0
vn -1.0 0.0 0.0
vt 0.902777791 0.0
vn -1.0 0.0 0.0
vt 0.916666687 0.0
vn -1.0 0.0 0.0
vt 0.930555582 0.0
vn -1.0 0.0 0.0
vt 0.944444418 0.0
vn -1.0 0.0 0.0
vt 0.958333313 0.0
vn -1.0 0.0 0.0
vt 0.972222209 0.0
vn -1.0 0.0 0.0
vt 0.986111104 0.0
vn -1.0 0.0 0.0
vt 1.0 0.0
vn -1.0 0.0 0.0
vt 0.0 0.0138888955
vn -1.0 0.0 0.0
vt 0.013888889 0.0138888955
vn -1.0 0.0 0.0
vt 0.027777778 0.0138888955
vn -1.0 0.0 0.0
vt 0.0416666679 0.0138888955
vn -1.0 0.0 0.0
vt 0.055555556 0.0138888955
vn -1.0 0.0 0.0
vt 0.0694444478 0.0138888955
vn -1.0 0.0 0.0
vt 0.0833333358 0.0138888955
vn -1.0 0.0 0.0
vt 0.0972222239 0.0138888955
vn -1.0 0.0 0.0
vt 0.111111112 0.0138888955
vn -1.0 0.0 0.0
vt 0.125 0.0138888955
vn -1.0 0.0 0.0
vt 0.138888896 0.0138888955
vn -1.0 0.0 0.0
vt 0.152777776 0.0138888955
vn -1.0 0.0 0.0
vt 0.166666672 0.0138888955
vn -1.0 0.0 0.0
vt 0.180555552 0.0138888955
vn -1.0 0.0 0.0
vt 0.194444448 0.0138888955
vn -1.0 0.0 0.0
vt 0.208333328 0.0138888955
vn -1.0 0.0 0.0
vt 0.222222224 0.0138888955
vn -1.0 0.0 0.0
vt 0.236111104 0.0138888955
vn -1.0 0.0 0.0
vt 0.25 0.0138888955
vn -1.0 0.0 0.0
vt 0.263888896 0.0138888955
vn -1.0 0.0 0.0
vt 0.277777791 0.0138888955
vn -1.0 0.0 0.0
vt 0.291666657 0.0138888955
vn -1.0 0.0 0.0
vt 0.305555552 0.0138888955
vn -1.0 0.0 0.0
vt 0.319444448 0.0138888955
vn -1.0 0.0 0.0
vt 0.333333343 0.0138888955
vn -1.0 0.0 0.0
vt 0.347222209 0.0138888955
vn -1.0 0.0 0.0
vt 0.361111104 0.0138888955
vn -1.0 0.0 0.0
vt 0.375 0.0138888955
vn -1.0 0.0 0.0
vt 0.388888896 0.0138888955
vn -1.0 0.0 0.0
vt 0.402777791 0.0138888955
vn -1.0 0.0 0.0
vt 0.416666657 0.0138888955
vn -1.0 0.0 0.0
vt 0.430555552 0.0138888955
vn -1.0 0.0 0.0
vt 0.444444448 0.0138888955
vn -1.0 0.0 0.0
vt 0.458333343 0.0138888955
vn -1.0 0.0 0.0
vt 0.472222209 0.0138888955
vn -1.0 0.0 0.0
vt 0.486111104 0.0138888955
vn -1.0 0.0 0.0
vt 0.5 0.0138888955
vn -1.0 0.0 0.0
vt 0.513888896 0.0138888955
vn -1.0 0.0 0.0
vt 0.527777791 0.0138888955
vn -1.0 0.0 0.0
vt 0.541666687 0.0138888955
vn -1.0 0.0 0.0
vt 0.555555582 0.0138888955
vn -1.0 0.0 0.0
vt 0.569444418 0.0138888955
vn -1.0 0.0 0.0
vt 0.583333313 0.0138888955
vn -1.0 0.0 0.0
vt 0.597222209 0.0138888955
vn -1.0 0.0 0.0
vt 0.611111104 0.0138888955
vn -1.0 0.0 0.0
vt 0.625 0.0138888955
vn -1.0 0.0 0.0
vt 0.638888896 0.0138888955
vn -1.0 0.0 0.0
vt 0.652777791 0.0138888955
vn -1.0 0.0 0.0
vt 0.666666687 0.0138888955
vn -1.0 0.0 0.0
vt 0.680555582 0.0138888955
vn -1.0 0.0 0.0
vt 0.694444418 0.0138888955
vn -1.0 0.0 0.0
vt 0.708333313 0.0138888955
vn -1.0 0.0 0.0
vt 0.722222209 0.0138888955
vn -1.0 0.0 0.0
vt 0.736111104 0.0138888955
vn -1.0 0.0 0.0
vt 0.75 0.0138888955
vn -1.0 0.0 0.0
vt 0.763888896 0.0138888955
vn -1.0 0.0 0.0
vt 0.777777791 0.0138888955
vn -1.0 0.0 0.0
vt 0.791666687 0.0138888955
vn -1.0 0.0 0.0
vt 0.805555582 0.0138888955
vn -1.0 0.0 0.0
vt 0.819444418 0.0138888955
vn -1.0 0.0 0.0
vt 0.833333313 0.0138888955
vn -1.0 0.0 0.0
vt 0.847222209 0.0138888955
vn -1.0 0.0 0.0
vt 0.861111104 0.0138888955
vn -1.0 0.0 0.0
vt 0.875 0.0138888955
vn -1.0 0.0 0.0
vt 0.888888896 0.0138888955
vn -1.0 0.0 0.0
vt 0.902777791 0.0138888955
vn -1.0 0.0 0.0
vt 0.916666687 0.0138888955
vn -1.0 0.0 0.0
vt 0.930555582 0.0138888955
vn -1.0 0.0 0.0
vt 0.944444418 0.0138888955
vn -1.0 0.0 0.0
vt 0.958333313 0.0138888955
vn -1.0 0.0 0.0
vt 0.972222209 0.0138888955
vn -1.0 0.0 0.0
vt 0.986111104 0.0138888955
vn -1.0 0.0 0.0
vt 1.0 0.0138888955
vn -1.0 0.0 0.0
vt 0.0 0.027777791
vn -1.0 0.0 0.0
vt 0.013888889 0.027777791
vn -1.0 0.0 0.0
vt 0.027777778 0.027777791
vn -1.0 0.0 0.0
vt 0.0416666679 0.027777791
vn -1.0 0.0 0.0
vt 0.055555556 0.027777791
vn -1.0 0.0 0.0
vt 0.0694444478 0.027777791
vn -1.0 0.0 0.0
vt 0.0833333358 0.027777791
vn -1.0 0.0 0.0
vt 0.0972222239 0.027777791
vn -1.0 0.0 0.0
vt 0.111111112 0.027777791
vn -1.0 0.0 0.0
vt 0.125 0.027777791
vn -1.0 0.0 0.0
vt 0.138888896 0.027777791
vn -1.0 0.0 0.0
vt 0.152777776 0.027777791
vn -1.0 0.0 0.0
vt 0.166666672 0.027777791
vn -1.0 0.0 0.0
vt 0.180555552 0.027777791
vn -1.0 0.0 0.0
vt 0.194444448 0.027777791
vn -1.0 0.0 0.0
vt 0.208333328 0.027777791
vn -1.0 0.0 0.0
vt 0.222222224 0.027777791
vn -1.0 0.0 0.0
vt 0.236111104 0.027777791
vn -1.0 0.0 0.0
vt 0.25 0.027777791
vn -1.0 0.0 0.0
vt 0.263888896 0.027777791
vn -1.0 0.0 0.0
vt 0.277777791 0.027777791
vn -1.0 0.0 0.0
vt 0.291666657 0.027777791
vn -1.0 0.0 0.0
vt 0.305555552 0.027777791
vn -1.0 0.0 0.0
vt 0.319444448 0.027777791
vn -1.0 0.0 0.0
vt 0.333333343 0.027777791
vn -1.0 0.0 0.0
vt 0.347222209 0.027777791
vn -1.0 0.0 0.0
vt 0.361111104 0.027777791
vn -1.0 0.0 0.0
vt 0.375 0.027777791
vn -1.0 0.0 0.0
vt 0.388888896 0.027777791
vn -1.0 0.0 0.0
vt 0.402777791 0.027777791
vn -1.0 0.0 0.0
vt 0.416666657 0.027777791
vn -1.0 0.0 0.0
vt 0.430555552 0.027777791
vn -1.0 0.0 0.0
vt 0.444444448 0.027777791
vn -1.0 0.0 0.0
vt 0.458333343 0.027777791
vn -1.0 0.0 0.0
vt 0.472222209 0.027777791
vn -1.0 0.0 0.0
vt 0.486111104 0.027777791
vn -1.0 0.0 0.0
vt 0.5 0.027777791
vn -1.0 0.0 0.0
vt 0.513888896 0.027777791
vn -1.0 0.0 0.0
vt 0.527777791 0.027777791
vn -1.0 0.0 0.0
vt 0.541666687 0.027777791
vn -1.0 0.0 0.0
vt 0.555555582 0.027777791
vn -1.0 0.0 0.0
vt 0.569444418 0.027777791
vn -1.0 0.0 0.0
vt 0.583333313 0.027777791
vn -1.0 0.0 0.0
vt 0.597222209 0.027777791
vn -1.0 0.0 0.0
vt 0.611111104 0.027777791
vn -1.0 0.0 0.0
vt 0.625 0.027777791
vn -1.0 0.0 0.0
vt 0.638888896 0.027777791
vn -1.0 0.0 0.0
vt 0.652777791 0.027777791
vn -1.0 0.0 0.0
vt 0.666666687 0.027777791
vn -1.0 0.0 0.0
vt 0.680555582 0.027777791
vn -1.0 0.0 0.0
vt 0.694444418 0.027777791
vn -1.0 0.0 0.0
vt 0.708333313 0.027777791
vn -1.0 0.0 0.0
vt 0.722222209 0.027777791
vn -1.0 0.0 0.0
vt 0.736111104 0.027777791
vn -1.0 0.0 0.0
vt 0.75 0.027777791
vn -1.0 0.0 0.0
vt 0.763888896 0.027777791
vn -1.0 0.0 0.0
vt 0.777777791 0.027777791
vn -1.0 0.0 0.0
vt 0.791666687 0.027777791
vn -1.0 0.0 0.0
vt 0.805555582 0.027777791
vn -1.0 0.0 0.0
vt 0.819444418 0.027777791
vn -1.0 0.0 0.0
vt 0.833333313 0.027777791
vn -1.0 0.0 0.0
vt 0.847222209 0.027777791
vn -1.0 0.0 0.0
vt 0.861111104 0.027777791
vn -1.0 0.0 0.0
vt 0.875 0.027777791
vn -1.0 0.0 0.0
vt 0.888888896 0.027777791
vn -1.0 0.0 0.0
vt 0.902777791 0.027777791
vn -1.0 0.0 0.0
vt 0.916666687 0.027777791
vn -1.0 0.0 0.0
vt 0.930555582 0.027777791
vn -1.0 0.0 0.0
vt 0.944444418 0.027777791
vn -1.0 0.0 0.0
vt 0.958333313 0.027777791
vn -1.0 0.0 0.0
vt 0.972222209 0.027777791
vn -1.0 0.0 0.0
vt 0.986111104 0.027777791
vn -1.0 0.0 0.0
vt 1.0 0.027777791
vn -1.0 0.0 0.0
vt 0.0 0.0416666865
vn -1.0 0.0 0.0
vt 0.013888889 0.0416666865
vn -1.0 0.0 0.0
vt 0.027777778 0.0416666865
vn -1.0 0.0 0.0
vt 0.0416666679 0.0416666865
vn -1.0 0.0 0.0
vt 0.055555556 0.0416666865
vn -1.0 0.0 0.0
vt 0.0694444478 0.0416666865
vn -1.0 0.0 0.0
vt 0.0833333358 0.0416666865
vn -1.0 0.0 0.0
vt 0.0972222239 0.0416666865
vn -1.0 0.0 0.0
vt 0.111111112 0.0416666865
vn -1.0 0.0 0.0
vt 0.125 0.0416666865
vn -1.0 0.0 0.0
vt 0.138888896 0.0416666865
vn -1.0 0.0 0.0
vt 0.152777776 0.0416666865
vn -1.0 0.0 0.0
vt 0.166666672 0.0416666865
vn -1.0 0.0 0.0
vt 0.180555552 0.0416666865
vn -1.0 0.0 0.0
vt 0.194444448 0.0416666865
vn -1.0 0.0 0.0
vt 0.208333328 0.0416666865
vn -1.0 0.0 0.0
vt 0.222222224 0.0416666865
vn -1.0 0.0 0.0
vt 0.236111104 0.0416666865
vn -1.0 0.0 0.0
vt 0.25 0.0416666865
vn -1.0 0.0 0.0
vt 0.263888896 0.0416666865
vn -1.0 0.0 0.0
vt 0.277777791 0.0416666865
vn -1.0 0.0 0.0
vt 0.291666657 0.0416666865
vn -1.0 0.0 0.0
vt 0.305555552 0.0416666865
vn -1.0 0.0 0.0
vt 0.319444448 0.0416666865
vn -1.0 0.0 0.0
vt 0.333333343 0.0416666865
vn -1.0 0.0 0.0
vt 0.347222209 0.0416666865
vn -1.0 0.0 0.0
vt 0.361111104 0.0416666865
vn -1.0 0.0 0.0
vt 0.375 0.0416666865
vn -1.0 0.0 0.0
vt 0.388888896 0.0416666865
vn -1.0 0.0 0.0
vt 0.402777791 0.0416666865
vn -1.0 0.0 0.0
vt 0.416666657 0.0416666865
vn -1.0 0.0 0.0
vt 0.430555552 0.0416666865
vn -1.0 0.0 0.0
vt 0.444444448 0.0416666865
vn -1.0 0.0 0.0
vt 0.458333343 0.0416666865
vn -1.0 0.0 0.0
vt 0.472222209 0.0416666865
vn -1.0 0.0 0.0
vt 0.486111104 0.0416666865
vn -1.0 0.0 0.0
vt 0.5 0.0416666865
vn -1.0 0.0 0.0
vt 0.513888896 0.0416666865
vn -1.0 0.0 0.0
vt 0.527777791 0.0416666865
vn -1.0 0.0 0.0
vt 0.541666687 0.0416666865
vn -1.0 0.0 0.0
vt 0.555555582 0.0416666865
vn -1.0 0.0 0.0
vt 0.569444418 0.0416666865
vn -1.0 0.0 0.0
vt 0.583333313 0.0416666865
vn -1.0 0.0 0.0
vt 0.597222209 0.0416666865
vn -1.0 0.0 0.0
vt 0.611111104 0.0416666865
vn -1.0 0.0 0.0
vt 0.625 0.0416666865
vn -1.0 0.0 0.0
vt 0.638888896 0.0416666865
vn -1.0 0.0 0.0
vt 0.652777791 0.0416666865
vn -1.0 0.0 0.0
vt 0.666666687 0.0416666865
vn -1.0 0.0 0.0
vt 0.680555582 0.0416666865
vn -1.0 0.0 0.0
vt 0.694444418 0.0416666865
vn -1.0 0.0 0.0
vt 0.708333313 0.0416666865
vn -1.0 0.0 0.0
vt 0.722222209 0.0416666865
vn -1.0 0.0 0.0
vt 0.736111104 0.0416666865
vn -1.0 0.0 0.0
vt 0.75 0.0416666865
vn -1.0 0.0 0.0
vt 0.763888896 0.0416666865
vn -1.0 0.0 0.0
vt 0.777777791 0.0416666865
vn -1.0 0.0 0.0
vt 0.791666687 0.0416666865
vn -1.0 0.0 0.0
vt 0.805555582 0.0416666865
vn -1.0 0.0 0.0
vt 0.819444418 0.0416666865
vn -1.0 0.0 0.0
vt 0.833333313 0.0416666865
vn -1.0 0.0 0.0
vt 0.847222209 0.0416666865
vn -1.0 0.0 0.0
vt 0.861111104 0.0416666865
vn -1.0 0.0 0.0
vt 0.875 0.0416666865
vn -1.0 0.0 0.0
vt 0.888888896 0.0416666865
vn -1.0 0.0 0.0
vt 0.902777791 0.0416666865
vn -1.0 0.0 0.0
vt 0.916666687 0.0416666865
vn -1.0 0.0 0.0
vt 0.930555582 0.0416666865
vn -1.0 0.0 0.0
vt 0.944444418 0.0416666865
vn -1.0 0.0 0.0
vt 0.958333313 0.0416666865
vn -1.0 0.0 0.0
vt 0.972222209 0.0416666865
vn -1.0 0.0 0.0
vt 0.986111104 0.0416666865
vn -1.0 0.0 0.0
vt 1.0 0.0416666865
vn -1.0 0.0 0.0
vt 0.0 0.055555582
vn -1.0 0.0 0.0
vt 0.013888889 0.055555582
vn -1.0 0.0 0.0
vt 0.027777778 0.055555582
vn -1.0 0.0 0.0
vt 0.0416666679 0.055555582
vn -1.0 0.0 0.0
vt 0.055555556 0.055555582
vn -1.0 0.0 0.0
vt 0.0694444478 0.055555582
vn -1.0 0.0 0.0
vt 0.0833333358 0.055555582
vn -1.0 0.0 0.0
vt 0.0972222239 0.055555582
vn -1.0 0.0 0.0
vt 0.111111112 0.055555582
vn -1.0 0.0 0.0
vt 0.125 0.055555582
vn -1.0 0.0 0.0
vt 0.138888896 0.055555582
vn -1.0 0.0 0.0
vt 0.152777776 0.055555582
vn -1.0 0.0 0.0
vt 0.166666672 0.055555582
vn -1.0 0.0 0.0
vt 0.180555552 0.055555582
vn -1.0 0.0 0.0
vt 0.194444448 0.055555582
vn -1.0 0.0 0.0
vt 0.208333328 0.055555582
vn -1.0 0.0 0.0
vt 0.222222224 0.055555582
vn -1.0 0.0 0.0
vt 0.236111104 0.055555582
vn -1.0 0.0 0.0
vt 0.25 0.055555582
vn -1.0 0.0 0.0
vt 0.263888896 0.055555582
vn -1.0 0.0 0.0
vt 0.277777791 0.055555582
vn -1.0 0.0 0.0
vt 0.291666657 0.055555582
vn -1.0 0.0 0.0
vt 0.305555552 0.055555582
vn -1.0 0.0 0.0
vt 0.319444448 0.055555582
vn -1.0 0.0 0.0
vt 0.333333343 0.055555582
vn -1.0 0.0 0.0
vt 0.347222209 0.055555582
vn -1.0 0.0 0.0
vt 0.361111104 0.055555582
vn -1.0 0.0 0.0
vt 0.375 0.055555582
vn -1.0 0.0 0.0
vt 0.388888896 0.055555582
vn -1.0 0.0 0.0
vt 0.402777791 0.055555582
vn -1.0 0.0 0.0
vt 0.416666657 0.055555582
vn -1.0 0.0 0.0
vt 0.430555552 0.055555582
vn -1.0 0.0 0.0
vt 0.444444448 0.055555582
vn -1.0 0.0 0.0
vt 0.458333343 0.055555582
vn -1.0 0.0 0.0
vt 0.472222209 0.055555582
vn -1.0 0.0 0.0
vt 0.486111104 0.055555582
vn -1.0 0.0 0.0
vt 0.5 0.055555582
vn -1.0 0.0 0.0
vt 0.513888896 0.055555582
vn -1.0 0.0 0.0
vt 0.527777791 0.055555582
vn -1.0 0.0 0.0
vt 0.541666687 0.055555582
vn -1.0 0.0 0.0
vt 0.555555582 0.055555582
vn -1.0 0.0 0.0
vt 0.569444418 0.055555582
vn -1.0 0.0 0.0
vt 0.583333313 0.055555582
vn -1.0 0.0 0.0
vt 0.597222209 0.055555582
vn -1.0 0.0 0.0
vt 0.611111104 0.055555582
vn -1.0 0.0 0.0
vt 0.625 0.055555582
vn -1.0 0.0 0.0
vt 0.638888896 0.055555582
vn -1.0 0.0 0.0
vt 0.652777791 0.055555582
vn -1.0 0.0 0.0
vt 0.666666687 0.055555582
vn -1.0 0.0 0.0
vt 0.680555582 0.055555582
vn -1.0 0.0 0.0
vt 0.694444418 0.055555582
vn -1.0 0.0 0.0
vt 0.708333313 0.055555582
vn -1.0 0.0 0.0
vt 0.722222209 0.055555582
vn -1.0 0.0 0.0
vt 0.736111104 0.055555582
vn -1.0 0.0 0.0
vt 0.75 0.055555582
vn -1.0 0.0 0.0
vt 0.763888896 0.055555582
vn -1.0 0.0 0.0
vt 0.777777791 0.055555582
vn -1.0 0.0 0.0
vt 0.791666687 0.055555582
vn -1.0 0.0 0.0
vt 0.805555582 0.055555582
vn -1.0 0.0 0.0
vt 0.819444418 0.055555582
vn -1.0 0.0 0.0
vt 0.833333313 0.055555582
vn -1.0 0.0 0.0
vt 0.847222209 0.055555582
vn -1.0 0.0 0.0
vt 0.861111104 0.055555582
vn -1.0 0.0 0.0
vt 0.875 0.055555582
vn -1.0 0.0 0.0
vt 0.888888896 0.055555582
vn -1.0 0.0 0.0
vt 0.902777791 0.055555582
vn -1.0 0.0 0.0
vt 0.916666687 0.055555582
vn -1.0 0.0 0.0
vt 0.930555582 0.055555582
vn -1.0 0.0 0.0
vt 0.944444418 0.055555582
vn -1.0 0.0 0.0
vt 0.958333313 0.055555582
vn -1.0 0.0 0.0
vt 0.972222209 0.055555582
vn -1.0 0.0 0.0
vt 0.986111104 0.055555582
vn -1.0 0.0 0.0
vt 1.0 0.055555582
vn -1.0 0.0 0.0
vt 0.0 0.069444418
vn -1.0 0.0 0.0
vt 0.013888889 0.069444418
vn -1.0 0.0 0.0
vt 0.027777778 0.069444418
vn -1.0 0.0 0.0
vt 0.0416666679 0.069444418
vn -1.0 0.0 0.0
vt 0.055555556 0.069444418
vn -1.0 0.0 0.0
vt 0.0694444478 0.069444418
vn -1.0 0.0 0.0
vt 0.0833333358 0.069444418
vn -1.0 0.0 0.0
vt 0.0972222239 0.069444418
vn -1.0 0.0 0.0
vt 0.111111112 0.069444418
vn -1.0 0.0 0.0
vt 0.125 0.069444418
vn -1.0 0.0 0.0
vt 0.138888896 0.069444418
vn -1.0 0.0 0.0
vt 0.152777776 0.069444418
vn -1.0 0.0 0.0
vt 0.166666672 0.069444418
vn -1.0 0.0 0.0
vt 0.180555552 0.069444418
vn -1.0 0.0 0.0
vt 0.194444448 0.069444418
vn -1.0 0.0 0.0
vt 0.208333328 0.069444418
vn -1.0 0.0 0.0
vt 0.222222224 0.069444418
vn -1.0 0.0 0.0
vt 0.236111104 0.069444418
vn -1.0 0.0 0.0
vt 0.25 0.069444418
vn -1.0 0.0 0.0
vt 0.263888896 0.069444418
vn -1.0 0.0 0.0
vt 0.277777791 0.069444418
vn -1.0 0.0 0.0
vt 0.291666657 0.069444418
vn -1.0 0.0 0.0
vt 0.305555552 0.069444418
vn -1.0 0.0 0.0
vt 0.319444448 0.069444418
vn -1.0 0.0 0.0
vt 0.333333343 0.069444418
vn -1.0 0.0 0.0
vt 0.347222209 0.069444418
vn -1.0 0.0 0.0
vt 0.361111104 0.069444418
vn -1.0 0.0 0.0
vt 0.375 0.069444418
vn -1.0 0.0 0.0
vt 0.388888896 0.069444418
vn -1.0 0.0 0.0
vt 0.402777791 0.069444418
vn -1.0 0.0 0.0
vt 0.416666657 0.069444418
vn -1.0 0.0 0.0
vt 0.430555552 0.069444418
vn -1.0 0.0 0.0
vt 0.444444448 0.069444418
vn -1.0 0.0 0.0
vt 0.458333343 0.069444418
vn -1.0 0.0 0.0
vt 0.472222209 0.069444418
vn -1.0 0.0 0.0
vt 0.486111104 0.069444418
vn -1.0 0.0 0.0
vt 0.5 0.069444418
vn -1.0 0.0 0.0
vt 0.513888896 0.069444418
vn -1.0 0.0 0.0
vt 0.527777791 0.069444418
vn -1.0 0.0 0.0
vt 0.541666687 0.069444418
vn -1.0 0.0 0.0
vt 0.555555582 0.069444418
vn -1.0 0.0 0.0
vt 0.569444418 0.069444418
vn -1.0 0.0 0.0
vt 0.583333313 0.069444418
vn -1.0 0.0 0.0
vt 0.597222209 0.069444418
vn -1.0 0.0 0.0
vt 0.611111104 0.069444418
vn -1.0 0.0 0.0
vt 0.625 0.069444418
vn -1.0 0.0 0.0
vt 0.638888896 0.069444418
vn -1.0 0.0 0.0
vt 0.652777791 0.069444418
vn -1.0 0.0 0.0
vt 0.666666687 0.069444418
vn -1.0 0.0 0.0
vt 0.680555582 0.069444418
vn -1.0 0.0 0.0
vt 0.694444418 0.069444418
vn -1.0 0.0 0.0
vt 0.708333313 0.069444418
vn -1.0 0.0 0.0
vt 0.722222209 0.069444418
vn -1.0 0.0 0.0
vt 0.736111104 0.069444418
vn -1.0 0.0 0.0
vt 0.75 0.069444418
vn -1.0 0.0 0.0
vt 0.763888896 0.069444418
vn -1.0 0.0 0.0
vt 0.777777791 0.069444418
vn -1.0 0.0 0.0
vt 0.791666687 0.069444418
vn -1.0 0.0 0.0
vt 0.805555582 0.069444418
vn -1.0 0.0 0.0
vt 0.819444418 0.069444418
vn -1.0 0.0 0.0
vt 0.833333313 0.069444418
vn -1.0 0.0 0.0
vt 0.847222209 0.069444418
vn -1.0 0.0 0.0
vt 0.861111104 0.069444418
vn -1.0 0.0 0.0
vt 0.875 0.069444418
vn -1.0 0.0 0.0
vt 0.888888896 0.069444418
vn -1.0 0.0 0.0
vt 0.902777791 0.069444418
vn -1.0 0.0 0.0
vt 0.916666687 0.069444418
vn -1.0 0.0 0.0
vt 0.930555582 0.069444418
vn -1.0 0.0 0.0
vt 0.944444418 0.069444418
vn -1.0 0.0 0.0
vt 0.958333313 0.069444418
vn -1.0 0.0 0.0
vt 0.972222209 0.069444418
vn -1.0 0.0 0.0
vt 0.986111104 0.069444418
vn -1.0 0.0 0.0
vt 1.0 0.069444418
vn -1.0 0.0 0.0
vt 0.0 0.0833333135
vn -1.0 0.0 0.0
vt 0.013888889 0.0833333135
vn -1.0 0.0 0.0
vt 0.027777778 0.0833333135
vn -1.0 0.0 0.0
vt 0.0416666679 0.0833333135
vn -1.0 0.0 0.0
vt 0.055555556 0.0833333135
vn -1.0 0.0 0.0
vt 0.0694444478 0.0833333135
vn -1.0 0.0 0.0
vt 0.0833333358 0.0833333135
vn -1.0 0.0 0.0
vt 0.0972222239 0.0833333135
vn -1.0 0.0 0.0
vt 0.111111112 0.0833333135
vn -1.0 0.0 0.0
vt 0.125 0.0833333135
vn -1.0 0.0 0.0
vt 0.138888896 0.0833333135
vn -1.0 0.0 0.0
vt 0.152777776 0.0833333135
vn -1.0 0.0 0.0
vt 0.166666672 0.0833333135
vn -1.0 0.0 0.0
vt 0.180555552 0.0833333135
vn -1.0 0.0 0.0
vt 0.194444448 0.0833333135
vn -1.0 0.0 0.0
vt 0.208333328 0.0833333135
vn -1.0 0.0 0.0
vt 0.222222224 0.0833333135
vn -1.0 0.0 0.0
vt 0.236111104 0.0833333135
vn -1.0 0.0 0.0
vt 0.25 0.0833333135
vn -1.0 0.0 0.0
vt 0.263888896 0.0833333135
vn -1.0 0.0 0.0
vt 0.277777791 0.0833333135
vn -1.0 0.0 0.0
vt 0.291666657 0.0833333135
vn -1.0 0.0 0.0
vt 0.305555552 0.0833333135
vn -1.0 0.0 0.0
vt 0.319444448 0.0833333135
vn -1.0 0.0 0.0
vt 0.333333343 0.0833333135
vn -1.0 0.0 0.0
vt 0.347222209 0.0833333135
vn -1.0 0.0 0.0
vt 0.361111104 0.0833333135
vn -1.0 0.0 0.0
vt 0.375 0.0833333135
vn -1.0 0.0 0.0
vt 0.388888896 0.0833333135
vn -1.0 0.0 0.0
vt 0.402777791 0.0833333135
vn -1.0 0.0 0.0
vt 0.416666657 0.0833333135
vn -1.0 0.0 0.0
vt 0.430555552 0.0833333135
vn -1.0 0.0 0.0
vt 0.444444448 0.0833333135
vn -1.0 0.0 0.0
vt 0.458333343 0.0833333135
vn -1.0 0.0 0.0
vt 0.472222209 0.0833333135
vn -1.0 0.0 0.0
vt 0.486111104 0.0833333135
vn -1.0 0.0 0.0
vt 0.5 0.0833333135
vn -1.0 0.0 0.0
vt 0.513888896 0.0833333135
vn -1.0 0.0 0.0
vt 0.527777791 0.0833333135
vn -1.0 0.0 0.0
vt 0.541666687 0.0833333135
vn -1.0 0.0 0.0
vt 0.555555582 0.0833333135
vn -1.0 0.0 0.0
vt 0.569444418 0.0833333135
vn -1.0 0.0 0.0
vt 0.583333313 0.0833333135
vn -1.0 0.0 0.0
vt 0.597222209 0.0833333135
vn -1.0 0.0 0.0
vt 0.611111104 0.0833333135
vn -1.0 0.0 0.0
vt 0.625 0.0833333135
vn -1.0 0.0 0.0
vt 0.638888896 0.0833333135
vn -1.0 0.0 0.0
vt 0.652777791 0.0833333135
vn -1.0 0.0 0.0
vt 0.666666687 0.0833333135
vn -1.0 0.0 0.0
vt 0.680555582 0.0833333135
vn -1.0 0.0 0.0
vt 0.694444418 0.0833333135
vn -1.0 0.0 0.0
vt 0.708333313 0.0833333135
vn -1.0 0.0 0.0
vt 0.722222209 0.0833333135
vn -1.0 0.0 0.0
vt 0.736111104 0.0833333135
vn -1.0 0.0 0.0
vt 0.75 0.0833333135
vn -1.0 0.0 0.0
vt 0.763888896 0.0833333135
vn -1.0 0.0 0.0
vt 0.777777791 0.0833333135
vn -1.0 0.0 0.0
vt 0.791666687 0.0833333135
vn -1.0 0.0 0.0
vt 0.805555582 0.0833333135
vn -1.0 0.0 0.0
vt 0.819444418 0.0833333135
vn -1.0 0.0 0.0
vt 0.833333313 0.0833333135
vn -1.0 0.0 0.0
vt 0.847222209 0.0833333135
vn -1.0 0.0 0.0
vt 0.861111104 0.0833333135
vn -1.0 0.0 0.0
vt 0.875 0.0833333135
vn -1.0 0.0 0.0
vt 0.888888896 0.0833333135
vn -1.0 0.0 0.0
vt 0.902777791 0.0833333135
vn -1.0 0.0 0.0
vt 0.916666687 0.0833333135
vn -1.0 0.0 0.0
vt 0.930555582 0.0833333135
vn -1.0 0.0 0.0
vt 0.944444418 0.0833333135
vn -1.0 0.0 0.0
vt 0.958333313 0.0833333135
vn -1.0 0.0 0.0
vt 0.972222209 0.0833333135
vn -1.0 0.0 0.0
vt 0.986111104 0.0833333135
vn -1.0 0.0 0.0
vt 1.0 0.0833333135
vn -1.0 0.0 0.0
vt 0.0 0.097222209
vn -1.0 0.0 0.0
vt 0.013888889 0.097222209
vn -1.0 0.0 0.0
vt 0.027777778 0.097222209
vn -1.0 0.0 0.0
vt 0.0416666679 0.097222209
vn -1.0 0.0 0.0
vt 0.055555556 0.097222209
vn -1.0 0.0 0.0
vt 0.0694444478 0.097222209
vn -1.0 0.0 0.0
vt 0.0833333358 0.097222209
vn -1.0 0.0 0.0
vt 0.0972222239 0.097222209
vn -1.0 0.0 0.0
vt 0.111111112 0.097222209
vn -1.0 0.0 0.0
vt 0.125 0.097222209
vn -1.0 0.0 0.0
vt 0.138888896 0.097222209
vn -1.0 0.0 0.0
vt 0.152777776 0.097222209
vn -1.0 0.0 0.0
vt 0.166666672 0.097222209
vn -1.0 0.0 0.0
vt 0.180555552 0.097222209
vn -1.0 0.0 0.0
vt 0.194444448 0.097222209
vn -1.0 0.0 0.0
vt 0.208333328 0.097222209
vn -1.0 0.0 0.0
vt 0.222222224 0.097222209
vn -1.0 0.0 0.0
vt 0.236111104 0.097222209
vn -1.0 0.0 0.0
vt 0.25 0.097222209
vn -1.0 0.0 0.0
vt 0.263888896 0.097222209
vn -1.0 0.0 0.0
vt 0.277777791 0.097222209
vn -1.0 0.0 0.0
vt 0.291666657 0.097222209
vn -1.0 0.0 0.0
vt 0.305555552 0.097222209
vn -1.0 0.0 0.0
vt 0.319444448 0.097222209
vn -1.0 0.0 0.0
vt 0.333333343 0.097222209
vn -1.0 0.0 0.0
vt 0.347222209 0.097222209
vn -1.0 0.0 0.0
vt 0.361111104 0.097222209
vn -1.0 0.0 0.0
vt 0.375 0.097222209
vn -1.0 0.0 0.0
vt 0.388888896 0.097222209
vn -1.0 0.0 0.0
vt 0.402777791 0.097222209
vn -1.0 0.0 0.0
vt 0.416666657 0.097222209
vn -1.0 0.0 0.0
vt 0.430555552 0.097222209
vn -1.0 0.0 0.0
vt 0.444444448 0.097222209
vn -1.0 0.0 0.0
vt 0.458333343 0.097222209
vn -1.0 0.0 0.0
vt 0.472222209 0.097222209
vn -1.0 0.0 0.0
vt 0.486111104 0.097222209
vn -1.0 0.0 0.0
vt 0.5 0.097222209
vn -1.0 0.0 0.0
vt 0.513888896 0.097222209
vn -1.0 0.0 0.0
vt 0.527777791 0.097222209
vn -1.0 0.0 0.0
vt 0.541666687 0.097222209
vn -1.0 0.0 0.0
vt 0.555555582 0.097222209
vn -1.0 0.0 0.0
vt 0.569444418 0.097222209
vn -1.0 0.0 0.0
vt 0.583333313 0.097222209
vn -1.0 0.0 0.0
vt 0.597222209 0.097222209
vn -1.0 0.0 0.0
vt 0.611111104 0.097222209
vn -1.0 0.0 0.0
vt 0.625 0.097222209
vn -1.0 0.0 0.0
vt 0.638888896 0.097222209
vn -1.0 0.0 0.0
vt 0.652777791 0.097222209
vn -1.0 0.0 0.0
vt 0.666666687 0.097222209
vn -1.0 0.0 0.0
vt 0.680555582 0.097222209
vn -1.0 0.0 0.0
vt 0.694444418 0.097222209
vn -1.0 0.0 0.0
vt 0.708333313 0.097222209
vn -1.0 0.0 0.0
vt 0.722222209 0.097222209
vn -1.0 0.0 0.0
vt 0.736111104 0.097222209
vn -1.0 0.0 0.0
vt 0.75 0.097222209
vn -1.0 0.0 0.0
vt 0.763888896 0.097222209
vn -1.0 0.0 0.0
vt 0.777777791 0.097222209
vn -1.0 0.0 0.0
vt 0.791666687 0.097222209
vn -1.0 0.0 0.0
vt 0.805555582 0.097222209
vn -1.0 0.0 0.0
vt 0.819444418 0.097222209
vn -1.0 0.0 0.0
vt 0.833333313 0.097222209
vn -1.0 0.0 0.0
vt 0.847222209 0.097222209
vn -1.0 0.0 0.0
vt 0.861111104 0.097222209
vn -1.0 0.0 0.0
vt 0.875 0.097222209
vn -1.0 0.0 0.0
vt 0.888888896 0.097222209
vn -1.0 0.0 0.0
vt 0.902777791 0.097222209
vn -1.0 0.0 0.0
vt 0.916666687 0.097222209
vn -1.0 0.0 0.0
vt 0.930555582 0.097222209
vn -1.0 0.0 0.0
vt 0.944444418 0.097222209
vn -1.0 0.0 0.0
vt 0.958333313 0.097222209
vn -1.0 0.0 0.0
vt 0.972222209 0.097222209
vn -1.0 0.0 0.0
vt 0.986111104 0.097222209
vn -1.0 0.0 0.0
vt 1.0 0.097222209
vn -1.0 0.0 0.0
vt 0.0 0.111111104
vn -1.0 0.0 0.0
vt 0.013888889 0.111111104
vn -1.0 0.0 0.0
vt 0.027777778 0.111111104
vn -1.0 0.0 0.0
vt 0.0416666679 0.111111104
vn -1.0 0.0 0.0
vt 0.055555556 0.111111104
vn -1.0 0.0 0.0
vt 0.0694444478 0.111111104
vn -1.0 0.0 0.0
vt 0.0833333358 0.111111104
vn -1.0 0.0 0.0
vt 0.0972222239 0.111111104
vn -1.0 0.0 0.0
vt 0.111111112 0.111111104
vn -1.0 0.0 0.0
vt 0.125 0.111111104
vn -1.0 0.0 0.0
vt 0.138888896 0.111111104
vn -1.0 0.0 0.0
vt 0.152777776 0.111111104
vn -1.0 0.0 0.0
vt 0.166666672 0.111111104
vn -1.0 0.0 0.0
vt 0.180555552 0.111111104
vn -1.0 0.0 0.0
vt 0.194444448 0.111111104
vn -1.0 0.0 0.0
vt 0.208333328 0.111111104
vn -1.0 0.0 0.0
vt 0.222222224 0.111111104
vn -1.0 0.0 0.0
vt 0.236111104 0.111111104
vn -1.0 0.0 0.0
vt 0.25 0.111111104
vn -1.0 0.0 0.0
vt 0.263888896 0.111111104
vn -1.0 0.0 0.0
vt 0.277777791 0.111111104
vn -1.0 0.0 0.0
vt 0.291666657 0.111111104
vn -1.0 0.0 0.0
vt 0.305555552 0.111111104
vn -1.0 0.0 0.0
vt 0.319444448 0.111111104
vn -1.0 0.0 0.0
vt 0.333333343 0.111111104
vn -1.0 0.0 0.0
vt 0.347222209 0.111111104
vn -1.0 0.0 0.0
vt 0.361111104 0.111111104
vn -1.0 0.0 0.0
vt 0.375 0.111111104
vn -1.0 0.0 0.0
vt 0.388888896 0.111111104
vn -1.0 0.0 0.0
vt 0.402777791 0.111111104
vn -1.0 0.0 0.0
vt 0.416666657 0.111111104
vn -1.0 0.0 0.0
vt 0.430555552 0.111111104
vn -1.0 0.0 0.0
vt 0.444444448 0.111111104
vn -1.0 0.0 0.0
vt 0.458333343 0.111111104
vn -1.0 0.0 0.0
vt 0.472222209 0.111111104
vn -1.0 0.0 0.0
vt 0.486111104 0.111111104
vn -1.0 0.0 0.0
vt 0.5 0.111111104
vn -1.0 0.0 0.0
vt 0.513888896 0.111111104
vn -1.0 0.0 0.0
vt 0.527777791 0.111111104
vn -1.0 0.0 0.0
vt 0.541666687 0.111111104
vn -1.0 0.0 0.0
vt 0.555555582 0.111111104
vn -1.0 0.0 0.0
vt 0.569444418 0.111111104
vn -1.0 0.0 0.0
vt 0.583333313 0.111111104
vn -1.0 0.0 0.0
vt 0.597222209 0.111111104
vn -1.0 0.0 0.0
vt 0.611111104 0.111111104
vn -1.0 0.0 0.0
vt 0.625 0.111111104
vn -1.0 0.0 0.0
vt 0.638888896 0.111111104
vn -1.0 0.0 0.0
vt 0.652777791 0.111111104
vn -1.0 0.0 0.0
vt 0.666666687 0.111111104
vn -1.0 0.0 0.0
vt 0.680555582 0.111111104
vn -1.0 0.0 0.0
vt 0.694444418 0.111111104
vn -1.0 0.0 0.0
vt 0.708333313 0.111111104
vn -1.0 0.0 0.0
vt 0.722222209 0.111111104
vn -1.0 0.0 0.0
vt 0.736111104 0.111111104
vn -1.0 0.0 0.0
vt 0.75 0.111111104
vn -1.0 0.0 0.0
vt 0.763888896 0.111111104
vn -1.0 0.0 0.0
vt 0.777777791 0.111111104
vn -1.0 0.0 0.0
vt 0.791666687 0.111111104
vn -1.0 0.0 0.0
vt 0.805555582 0.111111104
vn -1.0 0.0 0.0
vt 0.819444418 0.111111104
vn -1.0 0.0 0.0
vt 0.833333313 0.111111104
vn -1.0 0.0 0.0
vt 0.847222209 0.111111104
vn -1.0 0.0 0.0
vt 0.861111104 0.111111104
vn -1.0 0.0 0.0
vt 0.875 0.111111104
vn -1.0 0.0 0.0
vt 0.888888896 0.111111104
vn -1.0 0.0 0.0
vt 0.902777791 0.111111104
vn -1.0 0.0 0.0
vt 0.916666687 0.111111104
vn -1.0 0.0 0.0
vt 0.930555582 0.111111104
vn -1.0 0.0 0.0
vt 0.944444418 0.111111104
vn -1.0 0.0 0.0
vt 0.958333313 0.111111104
vn -1.0 0.0 0.0
vt 0.972222209 0.111111104
vn -1.0 0.0 0.0
vt 0.986111104 0.111111104
vn -1.0 0.0 0.0
vt 1.0 0.111111104
vn -1.0 0.0 0.0
vt 0.0 0.125
vn -1.0 0.0 0.0
vt 0.013888889 0.125
vn -1.0 0.0 0.0
vt 0.027777778 0.125
vn -1.0 0.0 0.0
vt 0.0416666679 0.125
vn -1.0 0.0 0.0
vt 0.055555556 0.125
vn -1.0 0.0 0.0
vt 0.0694444478 0.125
vn -1.0 0.0 0.0
vt 0.0833333358 0.125
vn -1.0 0.0 0.0
vt 0.0972222239 0.125
vn -1.0 0.0 0.0
vt 0.111111112 0.125
vn -1.0 0.0 0.0
vt 0.125 0.125
vn -1.0 0.0 0.0
vt 0.138888896 0.125
vn -1.0 0.0 0.0
vt 0.152777776 0.125
vn -1.0 0.0 0.0
vt 0.166666672 0.125
vn -1.0 0.0 0.0
vt 0.180555552 0.125
vn -1.0 0.0 0.0
vt 0.194444448 0.125
vn -1.0 0.0 0.0
vt 0.208333328 0.125
vn -1.0 0.0 0.0
vt 0.222222224 0.125
vn -1.0 0.0 0.0
vt 0.236111104 0.125
vn -1.0 0.0 0.0
vt 0.25 0.125
vn -1.0 0.0 0.0
vt 0.263888896 0.125
vn -1.0 0.0 0.0
vt 0.277777791 0.125
vn -1.0 0.0 0.0
vt 0.291666657 0.125
vn -1.0 0.0 0.0
vt 0.305555552 0.125
vn -1.0 0.0 0.0
vt 0.319444448 0.125
vn -1.0 0.0 0.0
vt 0.333333343 0.125
vn -1.0 0.0 0.0
vt 0.347222209 0.125
vn -1.0 0.0 0.0
vt 0.361111104 0.125
vn -1.0 0.0 0.0
vt 0.375 0.125
vn -1.0 0.0 0.0
vt 0.388888896 0.125
vn -1.0 0.0 0.0
vt 0.402777791 0.125
vn -1.0 0.0 0.0
vt 0.416666657 0.125
vn -1.0 0.0 0.0
vt 0.430555552 0.125
vn -1.0 0.0 0.0
vt 0.444444448 0.125
vn -1.0 0.0 0.0
vt 0.458333343 0.125
vn -1.0 0.0 0.0
vt 0.472222209 0.125
vn -1.0 0.0 0.0
vt 0.486111104 0.125
vn -1.0 0.0 0.0
vt 0.5 0.125
vn -1.0 0.0 0.0
vt 0.513888896 0.125
vn -1.0 0.0 0.0
vt 0.527777791 0.125
vn -1.0 0.0 0.0
vt 0.541666687 0.125
vn -1.0 0.0 0.0
vt 0.555555582 0.125
vn -1.0 0.0 0.0
vt 0.569444418 0.125
vn -1.0 0.0 0.0
vt 0.583333313 0.125
vn -1.0 0.0 0.0
vt 0.597222209 0.125
vn -1.0 0.0 0.0
vt 0.611111104 0.125
vn -1.0 0.0 0.0
vt 0.625 0.125
vn -1.0 0.0 0.0
vt 0.638888896 0.125
vn -1.0 0.0 0.0
vt 0.652777791 0.125
vn -1.0 0.0 0.0
vt 0.666666687 0.125
vn -1.0 0.0 0.0
vt 0.680555582 0.125
vn -1.0 0.0 0.0
vt 0.694444418 0.125
vn -1.0 0.0 0.0
vt 0.708333313 0.125
vn -1.0 0.0 0.0
vt 0.722222209 0.125
vn -1.0 0.0 0.0
vt 0.736111104 0.125
vn -1.0 0.0 0.0
vt 0.75 0.125
vn -1.0 0.0 0.0
vt 0.763888896 0.125
vn -1.0 0.0 0.0
vt 0.777777791 0.125
vn -1.0 0.0 0.0
vt 0.791666687 0.125
vn -1.0 0.0 0.0
vt 0.805555582 0.125
vn -1.0 0.0 0.0
vt 0.819444418 0.125
vn -1.0 0.0 0.0
vt 0.833333313 0.125
vn -1.0 0.0 0.0
vt 0.847222209 0.125
vn -1.0 0.0 0.0
vt 0.861111104 0.125
vn -1.0 0.0 0.0
vt 0.875 0.125
vn -1.0 0.0 0.0
vt 0.888888896 0.125
vn -1.0 0.0 0.0
vt 0.902777791 0.125
vn -1.0 0.0 0.0
vt 0.916666687 0.125
vn -1.0 0.0 0.0
vt 0.930555582 0.125
vn -1.0 0.0 0.0
vt 0.944444418 0.125
vn -1.0 0.0 0.0
vt 0.958333313 0.125
vn -1.0 0.0 0.0
vt 0.972222209 0.125
vn -1.0 0.0 0.0
vt 0.986111104 0.125
vn -1.0 0.0 0.0
vt 1.0 0.125
vn -1.0 0.0 0.0
vt 0.0 0.138888896
vn -1.0 0.0 0.0
vt 0.013888889 0.138888896
vn -1.0 0.0 0.0
vt 0.027777778 0.138888896
vn -1.0 0.0 0.0
vt 0.0416666679 0.138888896
vn -1.0 0.0 0.0
vt 0.055555556 0.138888896
vn -1.0 0.0 0.0
vt 0.0694444478 0.138888896
vn -1.0 0.0 0.0
vt 0.0833333358 0.138888896
vn -1.0 0.0 0.0
vt 0.0972222239 0.138888896
vn -1.0 0.0 0.0
vt 0.111111112 0.138888896
vn -1.0 0.0 0.0
vt 0.125 0.138888896
vn -1.0 0.0 0.0
vt 0.138888896 0.138888896
vn -1.0 0.0 0.0
vt 0.152777776 0.138888896
vn -1.0 0.0 0.0
vt 0.166666672 0.138888896
vn -1.0 0.0 0.0
vt 0.180555552 0.138888896
vn -1.0 0.0 0.0
vt 0.194444448 0.138888896
vn -1.0 0.0 0.0
vt 0.208333328 0.138888896
vn -1.0 0.0 0.0
vt 0.222222224 0.138888896
vn -1.0 0.0 0.0
vt 0.236111104 0.138888896
vn -1.0 0.0 0.0
vt 0.25 0.138888896
vn -1.0 0.0 0.0
vt 0.263888896 0.138888896
vn -1.0 0.0 0.0
vt 0.277777791 0.138888896
vn -1.0 0.0 0.0
vt 0.291666657 0.138888896
vn -1.0 0.0 0.0
vt 0.305555552 0.138888896
vn -1.0 0.0 0.0
vt 0.319444448 0.138888896
vn -1.0 0.0 0.0
vt 0.333333343 0.138888896
vn -1.0 0.0 0.0
vt 0.347222209 0.138888896
vn -1.0 0.0 0.0
vt 0.361111104 0.138888896
vn -1.0 0.0 0.0
vt 0.375 0.138888896
vn -1.0 0.0 0.0
vt 0.388888896 0.138888896
vn -1.0 0.0 0.0
vt 0.402777791 0.138888896
vn -1.0 0.0 0.0
vt 0.416666657 0.138888896
vn -1.0 0.0 0.0
vt 0.430555552 0.138888896
vn -1.0 0.0 0.0
vt 0.444444448 0.138888896
vn -1.0 0.0 0.0
vt 0.458333343 0.138888896
vn -1.0 0.0 0.0
vt 0.472222209 0.138888896
vn -1.0 0.0 0.0
vt 0.486111104 0.138888896
vn -1.0 0.0 0.0
vt 0.5 0.138888896
vn -1.0 0.0 0.0
vt 0.513888896 0.138888896
vn -1.0 0.0 0.0
vt 0.527777791 0.138888896
vn -1.0 0.0 0.0
vt 0.541666687 0.138888896
vn -1.0 0.0 0.0
vt 0.555555582 0.138888896
vn -1.0 0.0 0.0
vt 0.569444418 0.138888896
vn -1.0 0.0 0.0
vt 0.583333313 0.138888896
vn -1.0 0.0 0.0
vt 0.597222209 0.138888896
vn -1.0 0.0 0.0
vt 0.611111104 0.138888896
vn -1.0 0.0 0.0
vt 0.625 0.138888896
vn -1.0 0.0 0.0
vt 0.638888896 0.138888896
vn -1.0 0.0 0.0
vt 0.652777791 0.138888896
vn -1.0 0.0 0.0
vt 0.666666687 0.138888896
vn -1.0 0.0 0.0
vt 0.680555582 0.138888896
vn -1.0 0.0 0.0
vt 0.694444418 0.138888896
vn -1.0 0.0 0.0
vt 0.708333313 0.138888896
vn -1.0 0.0 0.0
vt 0.722222209 0.138888896
vn -1.0 0.0 0.0
vt 0.736111104 0.138888896
vn -1.0 0.0 0.0
vt 0.75 0.138888896
vn -1.0 0.0 0.0
vt 0.763888896 0.138888896
vn -1.0 0.0 0.0
vt 0.777777791 0.138888896
vn -1.0 0.0 0.0
vt 0.791666687 0.138888896
vn -1.0 0.0 0.0
vt 0.805555582 0.138888896
vn -1.0 0.0 0.0
vt 0.819444418 0.138888896
vn -1.0 0.0 0.0
vt 0.833333313 0.138888896
vn -1.0 0.0 0.0
vt 0.847222209 0.138888896
vn -1.0 0.0 0.0
vt 0.861111104 0.138888896
vn -1.0 0.0 0.0
vt 0.875 0.138888896
vn -1.0 0.0 0.0
vt 0.888888896 0.138888896
vn -1.0 0.0 0.0
vt 0.902777791 0.138888896
vn -1.0 0.0 0.0
vt 0.916666687 0.138888896
vn -1.0 0.0 0.0
vt 0.930555582 0.138888896
vn -1.0 0.0 0.0
vt 0.944444418 0.138888896
vn -1.0 0.0 0.0
vt 0.958333313 0.138888896
vn -1.0 0.0 0.0
vt 0.972222209 0.138888896
vn -1.0 0.0 0.0
vt 0.986111104 0.138888896
vn -1.0 0.0 0.0
vt 1.0 0.138888896
vn -1.0 0.0 0.0
vt 0.0 0.152777791
vn -1.0 0.0 0.0
vt 0.013888889 0.152777791
vn -1.0 0.0 0.0
vt 0.027777778 0.152777791
vn -1.0 0.0 0.0
vt 0.0416666679 0.152777791
vn -1.0 0.0 0.0
vt 0.055555556 0.152777791
vn -1.0 0.0 0.0
vt 0.0694444478 0.152777791
vn -1.0 0.0 0.0
vt 0.0833333358 0.152777791
vn -1.0 0.0 0.0
vt 0.0972222239 0.152777791
vn -1.0 0.0 0.0
vt 0.111111112 0.152777791
vn -1.0 0.0 0.0
vt 0.125 0.152777791
vn -1.0 0.0 0.0
vt 0.138888896 0.152777791
vn -1.0 0.0 0.0
vt 0.152777776 0.152777791
vn -1.0 0.0 0.0
vt 0.166666672 0.152777791
vn -1.0 0.0 0.0
vt 0.180555552 0.152777791
vn -1.0 0.0 0.0
vt 0.194444448 0.152777791
vn -1.0 0.0 0.0
vt 0.208333328 0.152777791
vn -1.0 0.0 0.0
vt 0.222222224 0.152777791
vn -1.0 0.0 0.0
vt 0.236111104 0.152777791
vn -1.0 0.0 0.0
vt 0.25 0.152777791
vn -1.0 0.0 0.0
vt 0.263888896 0.152777791
vn -1.0 0.0 0.0
vt 0.277777791 0.152777791
vn -1.0 0.0 0.0
vt 0.291666657 0.152777791
vn -1.0 0.0 0.0
vt 0.305555552 0.152777791
vn -1.0 0.0 0.0
vt 0.319444448 0.152777791
vn -1.0 0.0 0.0
vt 0.333333343 0.152777791
vn -1.0 0.0 0.0
vt 0.347222209 0.152777791
vn -1.0 0.0 0.0
vt 0.361111104 0.152777791
vn -1.0 0.0 0.0
vt 0.375 0.152777791
vn -1.0 0.0 0.0
vt 0.388888896 0.152777791
vn -1.0 0.0 0.0
vt 0.402777791 0.152777791
vn -1.0 0.0 0.0
vt 0.416666657 0.152777791
vn -1.0 0.0 0.0
vt 0.430555552 0.152777791
vn -1.0 0.0 0.0
vt 0.444444448 0.152777791
vn -1.0 0.0 0.0
vt 0.458333343 0.152777791
vn -1.0 0.0 0.0
vt 0.472222209 0.152777791
vn -1.0 0.0 0.0
vt 0.486111104 0.152777791
vn -1.0 0.0 0.0
vt 0.5 0.152777791
vn -1.0 0.0 0.0
vt 0.513888896 0.152777791
vn -1.0 0.0 0.0
vt 0.527777791 0.152777791
vn -1.0 0.0 0.0
vt 0.541666687 0.152777791
vn -1.0 0.0 0.0
vt 0.555555582 0.152777791
vn -1.0 0.0 0.0
vt 0.569444418 0.152777791
vn -1.0 0.0 0.0
vt 0.583333313 0.152777791
vn -1.0 0.0 0.0
vt 0.597222209 0.152777791
vn -1.0 0.0 0.0
vt 0.611111104 0.152777791
vn -1.0 0.0 0.0
vt 0.625 0.152777791
vn -1.0 0.0 0.0
vt 0.638888896 0.152777791
vn -1.0 0.0 0.0
vt 0.652777791 0.152777791
vn -1.0 0.0 0.0
vt 0.666666687 0.152777791
vn -1.0 0.0 0.0
vt 0.680555582 0.152777791
vn -1.0 0.0 0.0
vt 0.694444418 0.152777791
vn -1.0 0.0 0.0
vt 0.708333313 0.152777791
vn -1.0 0.0 0.0
vt 0.722222209 0.152777791
vn -1.0 0.0 0.0
vt 0.736111104 0.152777791
vn -1.0 0.0 0.0
vt 0.75 0.152777791
vn -1.0 0.0 0.0
vt 0.763888896 0.152777791
vn -1.0 0.0 0.0
vt 0.777777791 0.152777791
vn -1.0 0.0 0.0
vt 0.791666687 0.152777791
vn -1.0 0.0 0.0
vt 0.805555582 0.152777791
vn -1.0 0.0 0.0
vt 0.819444418 0.152777791
vn -1.0 0.0 0.0
vt 0.833333313 0.152777791
vn -1.0 0.0 0.0
vt 0.847222209 0.152777791
vn -1.0 0.0 0.0
vt 0.861111104 0.152777791
vn -1.0 0.0 0.0
vt 0.875 0.152777791
vn -1.0 0.0 0.0
vt 0.888888896 0.152777791
vn -1.0 0.0 0.0
vt 0.902777791 0.152777791
vn -1.0 0.0 0.0
vt 0.916666687 0.152777791
vn -1.0 0.0 0.0
vt 0.930555582 0.152777791
vn -1.0 0.0 0.0
vt 0.944444418 0.152777791
vn -1.0 0.0 0.0
vt 0.958333313 0.152777791
vn -1.0 0.0 0.0
vt 0.972222209 0.152777791
vn -1.0 0.0 0.0
vt 0.986111104 0.152777791
vn -1.0 0.0 0.0
vt 1.0 0.152777791
vn -1.0 0.0 0.0
vt 0.0 0.166666687
vn -1.0 0.0 0.0
vt 0.013888889 0.166666687
vn -1.0 0.0 0.0
vt 0.027777778 0.166666687
vn -1.0 0.0 0.0
vt 0.0416666679 0.166666687
vn -1.0 0.0 0.0
vt 0.055555556 0.166666687
vn -1.0 0.0 0.0
vt 0.0694444478 0.166666687
vn -1.0 0.0 0.0
vt 0.0833333358 0.166666687
vn -1.0 0.0 0.0
vt 0.0972222239 0.166666687
vn -1.0 0.0 0.0
vt 0.111111112 0.166666687
vn -1.0 0.0 0.0
vt 0.125 0.166666687
vn -1.0 0.0 0.0
vt 0.138888896 0.166666687
vn -1.0 0.0 0.0
vt 0.152777776 0.166666687
vn -1.0 0.0 0.0
vt 0.166666672 0.166666687
vn -1.0 0.0 0.0
vt 0.180555552 0.166666687
vn -1.0 0.0 0.0
vt 0.194444448 0.166666687
vn -1.0 0.0 0.0
vt 0.208333328 0.166666687
vn -1.0 0.0 0.0
vt 0.222222224 0.166666687
vn -1.0 0.0 0.0
vt 0.236111104 0.166666687
vn -1.0 0.0 0.0
vt 0.25 0.166666687
vn -1.0 0.0 0.0
vt 0.263888896 0.166666687
vn -1.0 0.0 0.0
vt 0.277777791 0.166666687
vn -1.0 0.0 0.0
vt 0.291666657 0.166666687
vn -1.0 0.0 0.0
vt 0.305555552 0.166666687
vn -1.0 0.0 0.0
vt 0.319444448 0.166666687
vn -1.0 0.0 0.0
vt 0.333333343 0.166666687
vn -1.0 0.0 0.0
vt 0.347222209 0.166666687
vn -1.0 0.0 0.0
vt 0.361111104 0.166666687
vn -1.0 0.0 0.0
vt 0.375 0.166666687
vn -1.0 0.0 0.0
vt 0.388888896 0.166666687
vn -1.0 0.0 0.0
vt 0.402777791 0.166666687
vn -1.0 0.0 0.0
vt 0.416666657 0.166666687
vn -1.0 0.0 0.0
vt 0.430555552 0.166666687
vn -1.0 0.0 0.0
vt 0.444444448 0.166666687
vn -1.0 0.0 0.0
vt 0.458333343 0.166666687
vn -1.0 0.0 0.0
vt 0.472222209 0.166666687
vn -1.0 0.0 0.0
vt 0.486111104 0.166666687
vn -1.0 0.0 0.0
vt 0.5 0.166666687
vn -1.0 0.0 0.0
vt 0.513888896 0.166666687
vn -1.0 0.0 0.0
vt 0.527777791 0.166666687
vn -1.0 0.0 0.0
vt 0.541666687 0.166666687
vn -1.0 0.0 0.0
vt 0.555555582 0.166666687
vn -1.0 0.0 0.0
vt 0.569444418 0.166666687
vn -1.0 0.0 0.0
vt 0.583333313 0.166666687
vn -1.0 0.0 0.0
vt 0.597222209 0.166666687
vn -1.0 0.0 0.0
vt 0.611111104 0.166666687
vn -1.0 0.0 0.0
vt 0.625 0.166666687
vn -1.0 0.0 0.0
vt 0.638888896 0.166666687
vn -1.0 0.0 0.0
vt 0.652777791 0.166666687
vn -1.0 0.0 0.0
vt 0.666666687 0.166666687
vn -1.0 0.0 0.0
vt 0.680555582 0.166666687
vn -1.0 0.0 0.0
vt 0.694444418 0.166666687
vn -1.0 0.0 0.0
vt 0.708333313 0.166666687
vn -1.0 0.0 0.0
vt 0.722222209 0.166666687
vn -1.0 0.0 0.0
vt 0.736111104 0.166666687
vn -1.0 0.0 0.0
vt 0.75 0.166666687
vn -1.0 0.0 0.0
vt 0.763888896 0.166666687
vn -1.0 0.0 0.0
vt 0.777777791 0.166666687
vn -1.0 0.0 0.0
vt 0.791666687 0.166666687
vn -1.0 0.0 0.0
vt 0.805555582 0.166666687
vn -1.0 0.0 0.0
vt 0.819444418 0.166666687
vn -1.0 0.0 0.0
vt 0.833333313 0.166666687
vn -1.0 0.0 0.0
vt 0.847222209 0.166666687
vn -1.0 0.0 0.0
vt 0.861111104 0.166666687
vn -1.0 0.0 0.0
vt 0.875 0.166666687
vn -1.0 0.0 0.0
vt 0.888888896 0.166666687
vn -1.0 0.0 0.0
vt 0.902777791 0.166666687
vn -1.0 0.0 0.0
vt 0.916666687 0.166666687
vn -1.0 0.0 0.0
vt 0.930555582 0.166666687
vn -1.0 0.0 0.0
vt 0.944444418 0.166666687
vn -1.0 0.0 0.0
vt 0.958333313 0.166666687
vn -1.0 0.0 0.0
vt 0.972222209 0.166666687
vn -1.0 0.0 0.0
vt 0.986111104 0.166666687
vn -1.0 0.0 0.0
vt 1.0 0.166666687
vn -1.0 0.0 0.0
vt 0.0 0.180555582
vn -1.0 0.0 0.0
vt 0.013888889 0.180555582
vn -1.0 0.0 0.0
vt 0.027777778 0.180555582
vn -1.0 0.0 0.0
vt 0.0416666679 0.180555582
vn -1.0 0.0 0.0
vt 0.055555556 0.180555582
vn -1.0 0.0 0.0
vt 0.0694444478 0.180555582
vn -1.0 0.0 0.0
vt 0.0833333358 0.180555582
vn -1.0 0.0 0.0
vt 0.0972222239 0.180555582
vn -1.0 0.0 0.0
vt 0.111111112 0.180555582
vn -1.0 0.0 0.0
vt 0.125 0.180555582
vn -1.0 0.0 0.0
vt 0.138888896 0.180555582
vn -1.0 0.0 0.0
vt 0.152777776 0.180555582
vn -1.0 0.0 0.0
vt 0.166666672 0.180555582
vn -1.0 0.0 0.0
vt 0.180555552 0.180555582
vn -1.0 0.0 0.0
vt 0.194444448 0.180555582
vn -1.0 0.0 0.0
vt 0.208333328 0.180555582
vn -1.0 0.0 0.0
vt 0.222222224 0.180555582
vn -1.0 0.0 0.0
vt 0.236111104 0.180555582
vn -1.0 0.0 0.0
vt 0.25 0.180555582
vn -1.0 0.0 0.0
vt 0.263888896 0.180555582
vn -1.0 0.0 0.0
vt 0.277777791 0.180555582
vn -1.0 0.0 0.0
vt 0.291666657 0.180555582
vn -1.0 0.0 0.0
vt 0.305555552 0.180555582
vn -1.0 0.0 0.0
vt 0.319444448 0.180555582
vn -1.0 0.0 0.0
vt 0.333333343 0.180555582
vn -1.0 0.0 0.0
vt 0.347222209 0.180555582
vn -1.0 0.0 0.0
vt 0.361111104 0.180555582
vn -1.0 0.0 0.0
vt 0.375 0.180555582
vn -1.0 0.0 0.0
vt 0.388888896 0.180555582
vn -1.0 0.0 0.0
vt 0.402777791 0.180555582
vn -1.0 0.0 0.0
vt 0.416666657 0.180555582
vn -1.0 0.0 0.0
vt 0.430555552 0.180555582
vn -1.0 0.0 0.0
vt 0.444444448 0.180555582
vn -1.0 0.0 0.0
vt 0.458333343 0.180555582
vn -1.0 0.0 0.0
vt 0.472222209 0.180555582
vn -1.0 0.0 0.0
vt 0.486111104 0.180555582
vn -1.0 0.0 0.0
vt 0.5 0.180555582
vn -1.0 0.0 0.0
vt 0.513888896 0.180555582
vn -1.0 0.0 0.0
vt 0.527777791 0.180555582
vn -1.0 0.0 0.0
vt 0.541666687 0.180555582
vn -1.0 0.0 0.0
vt 0.555555582 0.180555582
vn -1.0 0.0 0.0
vt 0.569444418 0.180555582
vn -1.0 0.0 0.0
vt 0.583333313 0.180555582
vn -1.0 0.0 0.0
vt 0.597222209 0.180555582
vn -1.0 0.0 0.0
vt 0.611111104 0.180555582
vn -1.0 0.0 0.0
vt 0.625 0.180555582
vn -1.0 0.0 0.0
vt 0.638888896 0.180555582
vn -1.0 0.0 0.0
vt 0.652777791 0.180555582
vn -1.0 0.0 0.0
vt 0.666666687 0.180555582
vn -1.0 0.0 0.0
vt 0.680555582 0.180555582
vn -1.0 0.0 0.0
vt 0.694444418 0.180555582
vn -1.0 0.0 0.0
vt 0.708333313 0.180555582
vn -1.0 0.0 0.0
vt 0.722222209 0.180555582
vn -1.0 0.0 0.0
vt 0.736111104 0.180555582
vn -1.0 0.0 0.0
vt 0.75 0.180555582
vn -1.0 0.0 0.0
vt 0.763888896 0.180555582
vn -1.0 0.0 0.0
vt 0.777777791 0.180555582
vn -1.0 0.0 0.0
vt 0.791666687 0.180555582
vn -1.0 0.0 0.0
vt 0.805555582 0.180555582
vn -1.0 0.0 0.0
vt 0.819444418 0.180555582
vn -1.0 0.0 0.0
vt 0.833333313 0.180555582
vn -1.0 0.0 0.0
vt 0.847222209 0.180555582
vn -1.0 0.0 0.0
vt 0.861111104 0.180555582
vn -1.0 0.0 0.0
vt 0.875 0.180555582
vn -1.0 0.0 0.0
vt 0.888888896 0.180555582
vn -1.0 0.0 0.0
vt 0.902777791 0.180555582
vn -1.0 0.0 0.0
vt 0.916666687 0.180555582
vn -1.0 0.0 0.0
vt 0.930555582 0.180555582
vn -1.0 0.0 0.0
vt 0.944444418 0.180555582
vn -1.0 0.0 0.0
vt 0.958333313 0.180555582
vn -1.0 0.0 0.0
vt 0.972222209 0.180555582
vn -1.0 0.0 0.0
vt 0.986111104 0.180555582
vn -1.0 0.0 0.0
vt 1.0 0.180555582
vn -1.0 0.0 0.0
vt 0.0 0.194444418
vn -1.0 0.0 0.0
vt 0.013888889 0.194444418
vn -1.0 0.0 0.0
vt 0.027777778 0.194444418
vn -1.0 0.0 0.0
vt 0.0416666679 0.194444418
vn -1.0 0.0 0.0
vt 0.055555556 0.194444418
vn -1.0 0.0 0.0
vt 0.0694444478 0.194444418
vn -1.0 0.0 0.0
vt 0.0833333358 0.194444418
vn -1.0 0.0 0.0
vt 0.0972222239 0.194444418
vn -1.0 0.0 0.0
vt 0.111111112 0.194444418
vn -1.0 0.0 0.0
vt 0.125 0.194444418
vn -1.0 0.0 0.0
vt 0.138888896 0.194444418
vn -1.0 0.0 0.0
vt 0.152777776 0.194444418
vn -1.0 0.0 0.0
vt 0.166666672 0.194444418
vn -1.0 0.0 0.0
vt 0.180555552 0.194444418
vn -1.0 0.0 0.0
vt 0.194444448 0.194444418
vn -1.0 0.0 0.0
vt 0.208333328 0.194444418
vn -1.0 0.0 0.0
vt 0.222222224 0.194444418
vn -1.0 0.0 0.0
vt 0.236111104 0.194444418
vn -1.0 0.0 0.0
vt 0.25 0.194444418
vn -1.0 0.0 0.0
vt 0.263888896 0.194444418
vn -1.0 0.0 0.0
vt 0.277777791 0.194444418
vn -1.0 0.0 0.0
vt 0.291666657 0.194444418
vn -1.0 0.0 0.0
vt 0.305555552 0.194444418
vn -1.0 0.0 0.0
vt 0.319444448 0.194444418
vn -1.0 0.0 0.0
vt 0.333333343 0.194444418
vn -1.0 0.0 0.0
vt 0.347222209 0.194444418
vn -1.0 0.0 0.0
vt 0.361111104 0.194444418
vn -1.0 0.0 0.0
vt 0.375 0.194444418
vn -1.0 0.0 0.0
vt 0.388888896 0.194444418
vn -1.0 0.0 0.0
vt 0.402777791 0.194444418
vn -1.0 0.0 0.0
vt 0.416666657 0.194444418
vn -1.0 0.0 0.0
vt 0.430555552 0.194444418
vn -1.0 0.0 0.0
vt 0.444444448 0.194444418
vn -1.0 0.0 0.0
vt 0.458333343 0.194444418
vn -1.0 0.0 0.0
vt 0.472222209 0.194444418
vn -1.0 0.0 0.0
vt 0.486111104 0.194444418
vn -1.0 0.0 0.0
vt 0.5 0.194444418
vn -1.0 0.0 0.0
vt 0.513888896 0.194444418
vn -1.0 0.0 0.0
vt 0.527777791 0.194444418
vn -1.0 0.0 0.0
vt 0.541666687 0.194444418
vn -1.0 0.0 0.0
vt 0.555555582 0.194444418
vn -1.0 0.0 0.0
vt 0.569444418 0.194444418
vn -1.0 0.0 0.0
vt 0.583333313 0.194444418
vn -1.0 0.0 0.0
vt 0.597222209 0.194444418
vn -1.0 0.0 0.0
vt 0.611111104 0.194444418
vn -1.0 0.0 0.0
vt 0.625 0.194444418
vn -1.0 0.0 0.0
vt 0.638888896 0.194444418
vn -1.0 0.0 0.0
vt 0.652777791 0.194444418
vn -1.0 0.0 0.0
vt 0.666666687 0.194444418
vn -1.0 0.0 0.0
vt 0.680555582 0.194444418
vn -1.0 0.0 0.0
vt 0.694444418 0.194444418
vn -1.0 0.0 0.0
vt 0.708333313 0.194444418
vn -1.0 0.0 0.0
vt 0.722222209 0.194444418
vn -1.0 0.0 0.0
vt 0.736111104 0.194444418
vn -1.0 0.0 0.0
vt 0.75 0.194444418
vn -1.0 0.0 0.0
vt 0.763888896 0.194444418
vn -1.0 0.0 0.0
vt 0.777777791 0.194444418
vn -1.0 0.0 0.0
vt 0.791666687 0.194444418
vn -1.0 0.0 0.0
vt 0.805555582 0.194444418
vn -1.0 0.0 0.0
vt 0.819444418 0.194444418
vn -1.0 0.0 0.0
vt 0.833333313 0.194444418
vn -1.0 0.0 0.0
vt 0.847222209 0.194444418
vn -1.0 0.0 0.0
vt 0.861111104 0.194444418
vn -1.0 0.0 0.0
vt 0.875 0.194444418
vn -1.0 0.0 0.0
vt 0.888888896 0.194444418
vn -1.0 0.0 0.0
vt 0.902777791 0.194444418
vn -1.0 0.0 0.0
vt 0.916666687 0.194444418
vn -1.0 0.0 0.0
vt 0.930555582 0.194444418
vn -1.0 0.0 0.0
vt 0.944444418 0.194444418
vn -1.0 0.0 0.0
vt 0.958333313 0.194444418
vn -1.0 0.0 0.0
vt 0.972222209 0.194444418
vn -1.0 0.0 0.0
vt 0.986111104 0.194444418
vn -1.0 0.0 0.0
vt 1.0 0.194444418
vn -1.0 0.0 0.0
vt 0.0 0.208333313
vn -1.0 0.0 0.0
vt 0.013888889 0.208333313
vn -1.0 0.0 0.0
vt 0.027777778 0.208333313
vn -1.0 0.0 0.0
vt 0.0416666679 0.208333313
vn -1.0 0.0 0.0
vt 0.055555556 0.208333313
vn -1.0 0.0 0.0
vt 0.0694444478 0.208333313
vn -1.0 0.0 0.0
vt 0.0833333358 0.208333313
vn -1.0 0.0 0.0
vt 0.0972222239 0.208333313
vn -1.0 0.0 0.0
vt 0.111111112 0.208333313
vn -1.0 0.0 0.0
vt 0.125 0.208333313
vn -1.0 0.0 0.0
vt 0.138888896 0.208333313
vn -1.0 0.0 0.0
vt 0.152777776 0.208333313
vn -1.0 0.0 0.0
vt 0.166666672 0.208333313
vn -1.0 0.0 0.0
vt 0.180555552 0.208333313
vn -1.0 0.0 0.0
vt 0.194444448 0.208333313
vn -1.0 0.0 0.0
vt 0.208333328 0.208333313
vn -1.0 0.0 0.0
vt 0.222222224 0.208333313
vn -1.0 0.0 0.0
vt 0.236111104 0.208333313
vn -1.0 0.0 0.0
vt 0.25 0.208333313
vn -1.0 0.0 0.0
vt 0.263888896 0.208333313
vn -1.0 0.0 0.0
vt 0.277777791 0.208333313
vn -1.0 0.0 0.0
vt 0.291666657 0.208333313
vn -1.0 0.0 0.0
vt 0.305555552 0.208333313
vn -1.0 0.0 0.0
vt 0.319444448 0.208333313
vn -1.0 0.0 0.0
vt 0.333333343 0.208333313
vn -1.0 0.0 0.0
vt 0.347222209 0.208333313
vn -1.0 0.0 0.0
vt 0.361111104 0.208333313
vn -1.0 0.0 0.0
vt 0.375 0.208333313
vn -1.0 0.0 0.0
vt 0.388888896 0.208333313
vn -1.0 0.0 0.0
vt 0.402777791 0.208333313
vn -1.0 0.0 0.0
vt 0.416666657 0.208333313
vn -1.0 0.0 0.0
vt 0.430555552 0.208333313
vn -1.0 0.0 0.0
vt 0.444444448 0.208333313
vn -1.0 0.0 0.0
vt 0.458333343 0.208333313
vn -1.0 0.0 0.0
vt 0.472222209 0.208333313
vn -1.0 0.0 0.0
vt 0.486111104 0.208333313
vn -1.0 0.0 0.0
vt 0.5 0.208333313
vn -1.0 0.0 0.0
vt 0.513888896 0.208333313
vn -1.0 0.0 0.0
vt 0.527777791 0.208333313
vn -1.0 0.0 0.0
vt 0.541666687 0.208333313
vn -1.0 0.0 0.0
vt 0.555555582 0.208333313
vn -1.0 0.0 0.0
vt 0.569444418 0.208333313
vn -1.0 0.0 0.0
vt 0.583333313 0.208333313
vn -1.0 0.0 0.0
vt 0.597222209 0.208333313
vn -1.0 0.0 0.0
vt 0.611111104 0.208333313
vn -1.0 0.0 0.0
vt 0.625 0.208333313
vn -1.0 0.0 0.0
vt 0.638888896 0.208333313
vn -1.0 0.0 0.0
vt 0.652777791 0.208333313
vn -1.0 0.0 0.0
vt 0.666666687 0.208333313
vn -1.0 0.0 0.0
vt 0.680555582 0.208333313
vn -1.0 0.0 0.0
vt 0.694444418 0.208333313
vn -1.0 0.0 0.0
vt 0.708333313 0.208333313
vn -1.0 0.0 0.0
vt 0.722222209 0.208333313
vn -1.0 0.0 0.0
vt 0.736111104 0.208333313
vn -1.0 0.0 0.0
vt 0.75 0.208333313
vn -1.0 0.0 0.0
vt 0.763888896 0.208333313
vn -1.0 0.0 0.0
vt 0.777777791 0.208333313
vn -1.0 0.0 0.0
vt 0.791666687 0.208333313
vn -1.0 0.0 0.0
vt 0.805555582 0.208333313
vn -1.0 0.0 0.0
vt 0.819444418 0.208333313
vn -1.0 0.0 0.0
vt 0.833333313 0.208333313
vn -1.0 0.0 0.0
vt 0.847222209 0.208333313
vn -1.0 0.0 0.0
vt 0.861111104 0.208333313
vn -1.0 0.0 0.0
vt 0.875 0.208333313
vn -1.0 0.0 0.0
vt 0.888888896 0.208333313
vn -1.0 0.0 0.0
vt 0.902777791 0.208333313
vn -1.0 0.0 0.0
vt 0.916666687 0.208333313
vn -1.0 0.0 0.0
vt 0.930555582 0.208333313
vn -1.0 0.0 0.0
vt 0.944444418 0.208333313
vn -1.0 0.0 0.0
vt 0.958333313 0.208333313
vn -1.0 0.0 0.0
vt 0.972222209 0.208333313
vn -1.0 0.0 0.0
vt 0.986111104 0.208333313
vn -1.0 0.0 0.0
vt 1.0 0.208333313
vn -1.0 0.0 0.0
vt 0.0 0.222222209
vn -1.0 0.0 0.0
vt 0.013888889 0.222222209
vn -1.0 0.0 0.0
vt 0.027777778 0.222222209
vn -1.0 0.0 0.0
vt 0.0416666679 0.222222209
vn -1.0 0.0 0.0
vt 0.055555556 0.222222209
vn -1.0 0.0 0.0
vt 0.0694444478 0.222222209
vn -1.0 0.0 0.0
vt 0.0833333358 0.222222209
vn -1.0 0.0 0.0
vt 0.0972222239 0.222222209
vn -1.0 0.0 0.0
vt 0.111111112 0.222222209
vn -1.0 0.0 0.0
vt 0.125 0.222222209
vn -1.0 0.0 0.0
vt 0.138888896 0.222222209
vn -1.0 0.0 0.0
vt 0.152777776 0.222222209
vn -1.0 0.0 0.0
vt 0.166666672 0.222222209
vn -1.0 0.0 0.0
vt 0.180555552 0.222222209
vn -1.0 0.0 0.0
vt 0.194444448 0.222222209
vn -1.0 0.0 0.0
vt 0.208333328 0.222222209
vn -1.0 0.0 0.0
vt 0.222222224 0.222222209
vn -1.0 0.0 0.0
vt 0.236111104 0.222222209
vn -1.0 0.0 0.0
vt 0.25 0.222222209
vn -1.0 0.0 0.0
vt 0.263888896 0.222222209
vn -1.0 0.0 0.0
vt 0.277777791 0.222222209
vn -1.0 0.0 0.0
vt 0.291666657 0.222222209
vn -1.0 0.0 0.0
vt 0.305555552 0.222222209
vn -1.0 0.0 0.0
vt 0.319444448 0.222222209
vn -1.0 0.0 0.0
vt 0.333333343 0.222222209
vn -1.0 0.0 0.0
vt 0.347222209 0.222222209
vn -1.0 0.0 0.0
vt 0.361111104 0.222222209
vn -1.0 0.0 0.0
vt 0.375 0.222222209
vn -1.0 0.0 0.0
vt 0.388888896 0.222222209
vn -1.0 0.0 0.0
vt 0.402777791 0.222222209
vn -1.0 0.0 0.0
vt 0.416666657 0.222222209
vn -1.0 0.0 0.0
vt 0.430555552 0.222222209
vn -1.0 0.0 0.0
vt 0.444444448 0.222222209
vn -1.0 0.0 0.0
vt 0.458333343 0.222222209
vn -1.0 0.0 0.0
vt 0.472222209 0.222222209
vn -1.0 0.0 0.0
vt 0.486111104 0.222222209
vn -1.0 0.0 0.0
vt 0.5 0.222222209
vn -1.0 0.0 0.0
vt 0.513888896 0.222222209
vn -1.0 0.0 0.0
vt 0.527777791 0.222222209
vn -1.0 0.0 0.0
vt 0.541666687 0.222222209
vn -1.0 0.0 0.0
vt 0.555555582 0.222222209
vn -1.0 0.0 0.0
vt 0.569444418 0.222222209
vn -1.0 0.0 0.0
vt 0.583333313 0.222222209
vn -1.0 0.0 0.0
vt 0.597222209 0.222222209
vn -1.0 0.0 0.0
vt 0.611111104 0.222222209
vn -1.0 0.0 0.0
vt 0.625 0.222222209
vn -1.0 0.0 0.0
vt 0.638888896 0.222222209
vn -1.0 0.0 0.0
vt 0.652777791 0.222222209
vn -1.0 0.0 0.0
vt 0.666666687 0.222222209
vn -1.0 0.0 0.0
vt 0.680555582 0.222222209
vn -1.0 0.0 0.0
vt 0.694444418 0.222222209
vn -1.0 0.0 0.0
vt 0.708333313 0.222222209
vn -1.0 0.0 0.0
vt 0.722222209 0.222222209
vn -1.0 0.0 0.0
vt 0.736111104 0.222222209
vn -1.0 0.0 0.0
vt 0.75 0.222222209
vn -1.0 0.0 0.0
vt 0.763888896 0.222222209
vn -1.0 0.0 0.0
vt 0.777777791 0.222222209
vn -1.0 0.0 0.0
vt 0.791666687 0.222222209
vn -1.0 0.0 0.0
vt 0.805555582 0.222222209
vn -1.0 0.0 0.0
vt 0.819444418 0.222222209
vn -1.0 0.0 0.0
vt 0.833333313 0.222222209
vn -1.0 0.0 0.0
vt 0.847222209 0.222222209
vn -1.0 0.0 0.0
vt 0.861111104 0.222222209
vn -1.0 0.0 0.0
vt 0.875 0.222222209
vn -1.0 0.0 0.0
vt 0.888888896 0.222222209
vn -1.0 0.0 0.0
vt 0.902777791 0.222222209
vn -1.0 0.0 0.0
vt 0.916666687 0.222222209
vn -1.0 0.0 0.0
vt 0.930555582 0.222222209
vn -1.0 0.0 0.0
vt 0.944444418 0.222222209
vn -1.0 0.0 0.0
vt 0.958333313 0.222222209
vn -1.0 0.0 0.0
vt 0.972222209 0.222222209
vn -1.0 0.0 0.0
vt 0.986111104 0.222222209
vn -1.0 0.0 0.0
vt 1.0 0.222222209
vn -1.0 0.0 0.0
vt 0.0 0.236111104
vn -1.0 0.0 0.0
vt 0.013888889 0.236111104
vn -1.0 0.0 0.0
vt 0.027777778 0.236111104
vn -1.0 0.0 0.0
vt 0.0416666679 0.236111104
vn -1.0 0.0 0.0
vt 0.055555556 0.236111104
vn -1.0 0.0 0.0
vt 0.0694444478 0.236111104
vn -1.0 0.0 0.0
vt 0.0833333358 0.236111104
vn -1.0 0.0 0.0
vt 0.0972222239 0.236111104
vn -1.0 0.0 0.0
vt 0.111111112 0.236111104
vn -1.0 0.0 0.0
vt 0.125 0.236111104
vn -1.0 0.0 0.0
vt 0.138888896 0.236111104
vn -1.0 0.0 0.0
vt 0.152777776 0.236111104
vn -1.0 0.0 0.0
vt 0.166666672 0.236111104
vn -1.0 0.0 0.0
vt 0.180555552 0.236111104
vn -1.0 0.0 0.0
vt 0.194444448 0.236111104
vn -1.0 0.0 0.0
vt 0.208333328 0.236111104
vn -1.0 0.0 0.0
vt 0.222222224 0.236111104
vn -1.0 0.0 0.0
vt 0.236111104 0.236111104
vn -1.0 0.0 0.0
vt 0.25 0.236111104
vn -1.0 0.0 0.0
vt 0.263888896 0.236111104
vn -1.0 0.0 0.0
vt 0.277777791 0.236111104
vn -1.0 0.0 0.0
vt 0.291666657 0.236111104
vn -1.0 0.0 0.0
vt 0.305555552 0.236111104
vn -1.0 0.0 0.0
vt 0.319444448 0.236111104
vn -1.0 0.0 0.0
vt 0.333333343 0.236111104
vn -1.0 0.0 0.0
vt 0.347222209 0.236111104
vn -1.0 0.0 0.0
vt 0.361111104 0.236111104
vn -1.0 0.0 0.0
vt 0.375 0.236111104
vn -1.0 0.0 0.0
vt 0.388888896 0.236111104
vn -1.0 0.0 0.0
vt 0.402777791 0.236111104
vn -1.0 0.0 0.0
vt 0.416666657 0.236111104
vn -1.0 0.0 0.0
vt 0.430555552 0.236111104
vn -1.0 0.0 0.0
vt 0.444444448 0.236111104
vn -1.0 0.0 0.0
vt 0.458333343 0.236111104
vn -1.0 0.0 0.0
vt 0.472222209 0.236111104
vn -1.0 0.0 0.0
vt 0.486111104 0.236111104
vn -1.0 0.0 0.0
vt 0.5 0.236111104
vn -1.0 0.0 0.0
vt 0.513888896 0.236111104
vn -1.0 0.0 0.0
vt 0.527777791 0.236111104
vn -1.0 0.0 0.0
vt 0.541666687 0.236111104
vn -1.0 0.0 0.0
vt 0.555555582 0.236111104
vn -1.0 0.0 0.0
vt 0.569444418 0.236111104
vn -1.0 0.0 0.0
vt 0.583333313 0.236111104
vn -1.0 0.0 0.0
vt 0.597222209 0.236111104
vn -1.0 0.0 0.0
vt 0.611111104 0.236111104
vn -1.0 0.0 0.0
vt 0.625 0.236111104
vn -1.0 0.0 0.0
vt 0.638888896 0.236111104
vn -1.0 0.0 0.0
vt 0.652777791 0.236111104
vn -1.0 0.0 0.0
vt 0.666666687 0.236111104
vn -1.0 0.0 0.0
vt 0.680555582 0.236111104
vn -1.0 0.0 0.0
vt 0.694444418 0.236111104
vn -1.0 0.0 0.0
vt 0.708333313 0.236111104
vn -1.0 0.0 0.0
vt 0.722222209 0.236111104
vn -1.0 0.0 0.0
vt 0.736111104 0.236111104
vn -1.0 0.0 0.0
vt 0.75 0.236111104
vn -1.0 0.0 0.0
vt 0.763888896 0.236111104
vn -1.0 0.0 0.0
vt 0.777777791 0.236111104
vn -1.0 0.0 0.0
vt 0.791666687 0.236111104
vn -1.0 0.0 0.0
vt 0.805555582 0.236111104
vn -1.0 0.0 0.0
vt 0.819444418 0.236111104
vn -1.0 0.0 0.0
vt 0.833333313 0.236111104
vn -1.0 0.0 0.0
vt 0.847222209 0.236111104
vn -1.0 0.0 0.0
vt 0.861111104 0.236111104
vn -1.0 0.0 0.0
vt 0.875 0.236111104
vn -1.0 0.0 0.0
vt 0.888888896 0.236111104
vn -1.0 0.0 0.0
vt 0.902777791 0.236111104
vn -1.0 0.0 0.0
vt 0.916666687 0.236111104
vn -1.0 0.0 0.0
vt 0.930555582 0.236111104
vn -1.0 0.0 0.0
vt 0.944444418 0.236111104
vn -1.0 0.0 0.0
vt 0.958333313 0.236111104
vn -1.0 0.0 0.0
vt 0.972222209 0.236111104
vn -1.0 0.0 0.0
vt 0.986111104 0.236111104
vn -1.0 0.0 0.0
vt 1.0 0.236111104
vn -1.0 0.0 0.0
vt 0.0 0.25
vn -1.0 0.0 0.0
vt 0.013888889 0.25
vn -1.0 0.0 0.0
vt 0.027777778 0.25
vn -1.0 0.0 0.0
vt 0.0416666679 0.25
vn -1.0 0.0 0.0
vt 0.055555556 0.25
vn -1.0 0.0 0.0
vt 0.0694444478 0.25
vn -1.0 0.0 0.0
vt 0.0833333358 0.25
vn -1.0 0.0 0.0
vt 0.0972222239 0.25
vn -1.0 0.0 0.0
vt 0.111111112 0.25
vn -1.0 0.0 0.0
vt 0.125 0.25
vn -1.0 0.0 0.0
vt 0.138888896 0.25
vn -1.0 0.0 0.0
vt 0.152777776 0.25
vn -1.0 0.0 0.0
vt 0.166666672 0.25
vn -1.0 0.0 0.0
vt 0.180555552 0.25
vn -1.0 0.0 0.0
vt 0.194444448 0.25
vn -1.0 0.0 0.0
vt 0.208333328 0.25
vn -1.0 0.0 0.0
vt 0.222222224 0.25
vn -1.0 0.0 0.0
vt 0.236111104 0.25
vn -1.0 0.0 0.0
vt 0.25 0.25
vn -1.0 0.0 0.0
vt 0.263888896 0.25
vn -1.0 0.0 0.0
vt 0.277777791 0.25
vn -1.0 0.0 0.0
vt 0.291666657 0.25
vn -1.0 0.0 0.0
vt 0.305555552 0.25
vn -1.0 0.0 0.0
vt 0.319444448 0.25
vn -1.0 0.0 0.0
vt 0.333333343 0.25
vn -1.0 0.0 0.0
vt 0.347222209 0.25
vn -1.0 0.0 0.0
vt 0.361111104 0.25
vn -1.0 0.0 0.0
vt 0.375 0.25
vn -1.0 0.0 0.0
vt 0.388888896 0.25
vn -1.0 0.0 0.0
vt 0.402777791 0.25
vn -1.0 0.0 0.0
vt 0.416666657 0.25
vn -1.0 0.0 0.0
vt 0.430555552 0.25
vn -1.0 0.0 0.0
vt 0.444444448 0.25
vn -1.0 0.0 0.0
vt 0.458333343 0.25
vn -1.0 0.0 0.0
vt 0.472222209 0.25
vn -1.0 0.0 0.0
vt 0.486111104 0.25
vn -1.0 0.0 0.0
vt 0.5 0.25
vn -1.0 0.0 0.0
vt 0.513888896 0.25
vn -1.0 0.0 0.0
vt 0.527777791 0.25
vn -1.0 0.0 0.0
vt 0.541666687 0.25
vn -1.0 0.0 0.0
vt 0.555555582 0.25
vn -1.0 0.0 0.0
vt 0.569444418 0.25
vn -1.0 0.0 0.0
vt 0.583333313 0.25
vn -1.0 0.0 0.0
vt 0.597222209 0.25
vn -1.0 0.0 0.0
vt 0.611111104 0.25
vn -1.0 0.0 0.0
vt 0.625 0.25
vn -1.0 0.0 0.0
vt 0.638888896 0.25
vn -1.0 0.0 0.0
vt 0.652777791 0.25
vn -1.0 0.0 0.0
vt 0.666666687 0.25
vn -1.0 0.0 0.0
vt 0.680555582 0.25
vn -1.0 0.0 0.0
vt 0.694444418 0.25
vn -1.0 0.0 0.0
vt 0.708333313 0.25
vn -1.0 0.0 0.0
vt 0.722222209 0.25
vn -1.0 0.0 0.0
vt 0.736111104 0.25
vn -1.0 0.0 0.0
vt 0.75 0.25
vn -1.0 0.0 0.0
vt 0.763888896 0.25
vn -1.0 0.0 0.0
vt 0.777777791 0.25
vn -1.0 0.0 0.0
vt 0.791666687 0.25
vn -1.0 0.0 0.0
vt 0.805555582 0.25
vn -1.0 0.0 0.0
vt 0.819444418 0.25
vn -1.0 0.0 0.0
vt 0.833333313 0.25
vn -1.0 0.0 0.0
vt 0.847222209 0.25
vn -1.0 0.0 0.0
vt 0.861111104 0.25
vn -1.0 0.0 0.0
vt 0.875 0.25
vn -1.0 0.0 0.0
vt 0.888888896 0.25
vn -1.0 0.0 0.0
vt 0.902777791 0.25
vn -1.0 0.0 0.0
vt 0.916666687 0.25
vn -1.0 0.0 0.0
vt 0.930555582 0.25
vn -1.0 0.0 0.0
vt 0.944444418 0.25
vn -1.0 0.0 0.0
vt 0.958333313 0.25
vn -1.0 0.0 0.0
vt 0.972222209 0.25
vn -1.0 0.0 0.0
vt 0.986111104 0.25
vn -1.0 0.0 0.0
vt 1.0 0.25
vn -1.0 0.0 0.0
vt 0.0 0.263888896
vn -1.0 0.0 0.0
vt 0.013888889 0.263888896
vn -1.0 0.0 0.0
vt 0.027777778 0.263888896
vn -1.0 0.0 0.0
vt 0.0416666679 0.263888896
vn -1.0 0.0 0.0
vt 0.055555556 0.263888896
vn -1.0 0.0 0.0
vt 0.0694444478 0.263888896
vn -1.0 0.0 0.0
vt 0.0833333358 0.263888896
vn -1.0 0.0 0.0
vt 0.0972222239 0.263888896
vn -1.0 0.0 0.0
vt 0.111111112 0.263888896
vn -1.0 0.0 0.0
vt 0.125 0.263888896
vn -1.0 0.0 0.0
vt 0.138888896 0.263888896
vn -1.0 0.0 0.0
vt 0.152777776 0.263888896
vn -1.0 0.0 0.0
vt 0.166666672 0.263888896
vn -1.0 0.0 0.0
vt 0.180555552 0.263888896
vn -1.0 0.0 0.0
vt 0.194444448 0.263888896
vn -1.0 0.0 0.0
vt 0.208333328 0.263888896
vn -1.0 0.0 0.0
vt 0.222222224 0.263888896
vn -1.0 0.0 0.0
vt 0.236111104 0.263888896
vn -1.0 0.0 0.0
vt 0.25 0.263888896
vn -1.0 0.0 0.0
vt 0.263888896 0.263888896
vn -1.0 0.0 0.0
vt 0.277777791 0.263888896
vn -1.0 0.0 0.0
vt 0.291666657 0.263888896
vn -1.0 0.0 0.0
vt 0.305555552 0.263888896
vn -1.0 0.0 0.0
vt 0.319444448 0.263888896
vn -1.0 0.0 0.0
vt 0.333333343 0.263888896
vn -1.0 0.0 0.0
vt 0.347222209 0.263888896
vn -1.0 0.0 0.0
vt 0.361111104 0.263888896
vn -1.0 0.0 0.0
vt 0.375 0.263888896
vn -1.0 0.0 0.0
vt 0.388888896 0.263888896
vn -1.0 0.0 0.0
vt 0.402777791 0.263888896
vn -1.0 0.0 0.0
vt 0.416666657 0.263888896
vn -1.0 0.0 0.0
vt 0.430555552 0.263888896
vn -1.0 0.0 0.0
vt 0.444444448 0.263888896
vn -1.0 0.0 0.0
vt 0.458333343 0.263888896
vn -1.0 0.0 0.0
vt 0.472222209 0.263888896
vn -1.0 0.0 0.0
vt 0.486111104 0.263888896
vn -1.0 0.0 0.0
vt 0.5 0.263888896
vn -1.0 0.0 0.0
vt 0.513888896 0.263888896
vn -1.0 0.0 0.0
vt 0.527777791 0.263888896
vn -1.0 0.0 0.0
vt 0.541666687 0.263888896
vn -1.0 0.0 0.0
vt 0.555555582 0.263888896
vn -1.0 0.0 0.0
vt 0.569444418 0.263888896
vn -1.0 0.0 0.0
vt 0.583333313 0.263888896
vn -1.0 0.0 0.0
vt 0.597222209 0.263888896
vn -1.0 0.0 0.0
vt 0.611111104 0.263888896
vn -1.0 0.0 0.0
vt 0.625 0.263888896
vn -1.0 0.0 0.0
vt 0.638888896 0.263888896
vn -1.0 0.0 0.0
vt 0.652777791 0.263888896
vn -1.0 0.0 0.0
vt 0.666666687 0.263888896
vn -1.0 0.0 0.0
vt 0.680555582 0.263888896
vn -1.0 0.0 0.0
vt 0.694444418 0.263888896
vn -1.0 0.0 0.0
vt 0.708333313 0.263888896
vn -1.0 0.0 0.0
vt 0.722222209 0.263888896
vn -1.0 0.0 0.0
vt 0.736111104 0.263888896
vn -1.0 0.0 0.0
vt 0.75 0.263888896
vn -1.0 0.0 0.0
vt 0.763888896 0.263888896
vn -1.0 0.0 0.0
vt 0.777777791 0.263888896
vn -1.0 0.0 0.0
vt 0.791666687 0.263888896
vn -1.0 0.0 0.0
vt 0.805555582 0.263888896
vn -1.0 0.0 0.0
vt 0.819444418 0.263888896
vn -1.0 0.0 0.0
vt 0.833333313 0.263888896
vn -1.0 0.0 0.0
vt 0.847222209 0.263888896
vn -1.0 0.0 0.0
vt 0.861111104 0.263888896
vn -1.0 0.0 0.0
vt 0.875 0.263888896
vn -1.0 0.0 0.0
vt 0.888888896 0.263888896
vn -1.0 0.0 0.0
vt 0.902777791 0.263888896
vn -1.0 0.0 0.0
vt 0.916666687 0.263888896
vn -1.0 0.0 0.0
vt 0.930555582 0.263888896
vn -1.0 0.0 0.0
vt 0.944444418 0.263888896
vn -1.0 0.0 0.0
vt 0.958333313 0.263888896
vn -1.0 0.0 0.0
vt 0.972222209 0.263888896
vn -1.0 0.0 0.0
vt 0.986111104 0.263888896
vn -1.0 0.0 0.0
vt 1.0 0.263888896
vn -1.0 0.0 0.0
vt 0.0 0.277777791
vn -1.0 0.0 0.0
vt 0.013888889 0.277777791
vn -1.0 0.0 0.0
vt 0.027777778 0.277777791
vn -1.0 0.0 0.0
vt 0.0416666679 0.277777791
vn -1.0 0.0 0.0
vt 0.055555556 0.277777791
vn -1.0 0.0 0.0
vt 0.0694444478 0.277777791
vn -1.0 0.0 0.0
vt 0.0833333358 0.277777791
vn -1.0 0.0 0.0
vt 0.0972222239 0.277777791
vn -1.0 0.0 0.0
vt 0.111111112 0.277777791
vn -1.0 0.0 0.0
vt 0.125 0.277777791
vn -1.0 0.0 0.0
vt 0.138888896 0.277777791
vn -1.0 0.0 0.0
vt 0.152777776 0.277777791
vn -1.0 0.0 0.0
vt 0.166666672 0.277777791
vn -1.0 0.0 0.0
vt 0.180555552 0.277777791
vn -1.0 0.0 0.0
vt 0.194444448 0.277777791
vn -1.0 0.0 0.0
vt 0.208333328 0.277777791
vn -1.0 0.0 0.0
vt 0.222222224 0.277777791
vn -1.0 0.0 0.0
vt 0.236111104 0.277777791
vn -1.0 0.0 0.0
vt 0.25 0.277777791
vn -1.0 0.0 0.0
vt 0.263888896 0.277777791
vn -1.0 0.0 0.0
vt 0.277777791 0.277777791
vn -1.0 0.0 0.0
vt 0.291666657 0.277777791
vn -1.0 0.0 0.0
vt 0.305555552 0.277777791
vn -1.0 0.0 0.0
vt 0.319444448 0.277777791
vn -1.0 0.0 0.0
vt 0.333333343 0.277777791
vn -1.0 0.0 0.0
vt 0.347222209 0.277777791
vn -1.0 0.0 0.0
vt 0.361111104 0.277777791
vn -1.0 0.0 0.0
vt 0.375 0.277777791
vn -1.0 0.0 0.0
vt 0.388888896 0.277777791
vn -1.0 0.0 0.0
vt 0.402777791 0.277777791
vn -1.0 0.0 0.0
vt 0.416666657 0.277777791
vn -1.0 0.0 0.0
vt 0.430555552 0.277777791
vn -1.0 0.0 0.0
vt 0.444444448 0.277777791
vn -1.0 0.0 0.0
vt 0.458333343 0.277777791
vn -1.0 0.0 0.0
vt 0.472222209 0.277777791
vn -1.0 0.0 0.0
vt 0.486111104 0.277777791
vn -1.0 0.0 0.0
vt 0.5 0.277777791
vn -1.0 0.0 0.0
vt 0.513888896 0.277777791
vn -1.0 0.0 0.0
vt 0.527777791 0.277777791
vn -1.0 0.0 0.0
vt 0.541666687 0.277777791
vn -1.0 0.0 0.0
vt 0.555555582 0.277777791
vn -1.0 0.0 0.0
vt 0.569444418 0.277777791
vn -1.0 0.0 0.0
vt 0.583333313 0.277777791
vn -1.0 0.0 0.0
vt 0.597222209 0.277777791
vn -1.0 0.0 0.0
vt 0.611111104 0.277777791
vn -1.0 0.0 0.0
vt 0.625 0.277777791
vn -1.0 0.0 0.0
vt 0.638888896 0.277777791
vn -1.0 0.0 0.0
vt 0.652777791 0.277777791
vn -1.0 0.0 0.0
vt 0.666666687 0.277777791
vn -1.0 0.0 0.0
vt 0.680555582 0.277777791
vn -1.0 0.0 0.0
vt 0.694444418 0.277777791
vn -1.0 0.0 0.0
vt 0.708333313 0.277777791
vn -1.0 0.0 0.0
vt 0.722222209 0.277777791
vn -1.0 0.0 0.0
vt 0.736111104 0.277777791
vn -1.0 0.0 0.0
vt 0.75 0.277777791
vn -1.0 0.0 0.0
vt 0.763888896 0.277777791
vn -1.0 0.0 0.0
vt 0.777777791 0.277777791
vn -1.0 0.0 0.0
vt 0.791666687 0.277777791
vn -1.0 0.0 0.0
vt 0.805555582 0.277777791
vn -1.0 0.0 0.0
vt 0.819444418 0.277777791
vn -1.0 0.0 0.0
vt 0.833333313 0.277777791
vn -1.0 0.0 0.0
vt 0.847222209 0.277777791
vn -1.0 0.0 0.0
vt 0.861111104 0.277777791
vn -1.0 0.0 0.0
vt 0.875 0.277777791
vn -1.0 0.0 0.0
vt 0.888888896 0.277777791
vn -1.0 0.0 0.0
vt 0.902777791 0.277777791
vn -1.0 0.0 0.0
vt 0.916666687 0.277777791
vn -1.0 0.0 0.0
vt 0.930555582 0.277777791
vn -1.0 0.0 0.0
vt 0.944444418 0.277777791
vn -1.0 0.0 0.0
vt 0.958333313 0.277777791
vn -1.0 0.0 0.0
vt 0.972222209 0.277777791
vn -1.0 0.0 0.0
vt 0.986111104 0.277777791
vn -1.0 0.0 0.0
vt 1.0 0.277777791
vn -1.0 0.0 0.0
vt 0.0 0.291666687
vn -1.0 0.0 0.0
vt 0.013888889 0.291666687
vn -1.0 0.0 0.0
vt 0.027777778 0.291666687
vn -1.0 0.0 0.0
vt 0.0416666679 0.291666687
vn -1.0 0.0 0.0
vt 0.055555556 0.291666687
vn -1.0 0.0 0.0
vt 0.0694444478 0.291666687
vn -1.0 0.0 0.0
vt 0.0833333358 0.291666687
vn -1.0 0.0 0.0
vt 0.0972222239 0.291666687
vn -1.0 0.0 0.0
vt 0.111111112 0.291666687
vn -1.0 0.0 0.0
vt 0.125 0.291666687
vn -1.0 0.0 0.0
vt 0.138888896 0.291666687
vn -1.0 0.0 0.0
vt 0.152777776 0.291666687
vn -1.0 0.0 0.0
vt 0.166666672 0.291666687
vn -1.0 0.0 0.0
vt 0.180555552 0.291666687
vn -1.0 0.0 0.0
vt 0.194444448 0.291666687
vn -1.0 0.0 0.0
vt 0.208333328 0.291666687
vn -1.0 0.0 0.0
vt 0.222222224 0.291666687
vn -1.0 0.0 0.0
vt 0.236111104 0.291666687
vn -1.0 0.0 0.0
vt 0.25 0.291666687
vn -1.0 0.0 0.0
vt 0.263888896 0.291666687
vn -1.0 0.0 0.0
vt 0.277777791 0.291666687
vn -1.0 0.0 0.0
vt 0.291666657 0.291666687
vn -1.0 0.0 0.0
vt 0.305555552 0.291666687
vn -1.0 0.0 0.0
vt 0.319444448 0.291666687
vn -1.0 0.0 0.0
vt 0.333333343 0.291666687
vn -1.0 0.0 0.0
vt 0.347222209 0.291666687
vn -1.0 0.0 0.0
vt 0.361111104 0.291666687
vn -1.0 0.0 0.0
vt 0.375 0.291666687
vn -1.0 0.0 0.0
vt 0.388888896 0.291666687
vn -1.0 0.0 0.0
vt 0.402777791 0.291666687
vn -1.0 0.0 0.0
vt 0.416666657 0.291666687
vn -1.0 0.0 0.0
vt 0.430555552 0.291666687
vn -1.0 0.0 0.0
vt 0.444444448 0.291666687
vn -1.0 0.0 0.0
vt 0.458333343 0.291666687
vn -1.0 0.0 0.0
vt 0.472222209 0.291666687
vn -1.0 0.0 0.0
vt 0.486111104 0.291666687
vn -1.0 0.0 0.0
vt 0.5 0.291666687
vn -1.0 0.0 0.0
vt 0.513888896 0.291666687
vn -1.0 0.0 0.0
vt 0.527777791 0.291666687
vn -1.0 0.0 0.0
vt 0.541666687 0.291666687
vn -1.0 0.0 0.0
vt 0.555555582 0.291666687
vn -1.0 0.0 0.0
vt 0.569444418 0.291666687
vn -1.0 0.0 0.0
vt 0.583333313 0.291666687
vn -1.0 0.0 0.0
vt 0.597222209 0.291666687
vn -1.0 0.0 0.0
vt 0.611111104 0.291666687
vn -1.0 0.0 0.0
vt 0.625 0.291666687
vn -1.0 0.0 0.0
vt 0.638888896 0.291666687
vn -1.0 0.0 0.0
vt 0.652777791 0.291666687
vn -1.0 0.0 0.0
vt 0.666666687 0.291666687
vn -1.0 0.0 0.0
vt 0.680555582 0.291666687
vn -1.0 0.0 0.0
vt 0.694444418 0.291666687
vn -1.0 0.0 0.0
vt 0.708333313 0.291666687
vn -1.0 0.0 0.0
vt 0.722222209 0.291666687
vn -1.0 0.0 0.0
vt 0.736111104 0.291666687
vn -1.0 0.0 0.0
vt 0.75 0.291666687
vn -1.0 0.0 0.0
vt 0.763888896 0.291666687
vn -1.0 0.0 0.0
vt 0.777777791 0.291666687
vn -1.0 0.0 0.0
vt 0.791666687 0.291666687
vn -1.0 0.0 0.0
vt 0.805555582 0.291666687
vn -1.0 0.0 0.0
vt 0.819444418 0.291666687
vn -1.0 0.0 0.0
vt 0.833333313 0.291666687
vn -1.0 0.0 0.0
vt 0.847222209 0.291666687
vn -1.0 0.0 0.0
vt 0.861111104 0.291666687
vn -1.0 0.0 0.0
vt 0.875 0.291666687
vn -1.0 0.0 0.0
vt 0.888888896 0.291666687
vn -1.0 0.0 0.0
vt 0.902777791 0.291666687
vn -1.0 0.0 0.0
vt 0.916666687 0.291666687
vn -1.0 0.0 0.0
vt 0.930555582 0.291666687
vn -1.0 0.0 0.0
vt 0.944444418 0.291666687
vn -1.0 0.0 0.0
vt 0.958333313 0.291666687
vn -1.0 0.0 0.0
vt 0.972222209 0.291666687
vn -1.0 0.0 0.0
vt 0.986111104 0.291666687
vn -1.0 0.0 0.0
vt 1.0 0.291666687
vn -1.0 0.0 0.0
vt 0.0 0.305555582
vn -1.0 0.0 0.0
vt 0.013888889 0.305555582
vn -1.0 0.0 0.0
vt 0.027777778 0.305555582
vn -1.0 0.0 0.0
vt 0.0416666679 0.305555582
vn -1.0 0.0 0.0
vt 0.055555556 0.305555582
vn -1.0 0.0 0.0
vt 0.0694444478 0.305555582
vn -1.0 0.0 0.0
vt 0.0833333358 0.305555582
vn -1.0 0.0 0.0
vt 0.0972222239 0.305555582
vn -1.0 0.0 0.0
vt 0.111111112 0.305555582
vn -1.0 0.0 0.0
vt 0.125 0.305555582
vn -1.0 0.0 0.0
vt 0.138888896 0.305555582
vn -1.0 0.0 0.0
vt 0.152777776 0.305555582
vn -1.0 0.0 0.0
vt 0.166666672 0.305555582
vn -1.0 0.0 0.0
vt 0.180555552 0.305555582
vn -1.0 0.0 0.0
vt 0.194444448 0.305555582
vn -1.0 0.0 0.0
vt 0.208333328 0.305555582
vn -1.0 0.0 0.0
vt 0.222222224 0.305555582
vn -1.0 0.0 0.0
vt 0.236111104 0.305555582
vn -1.0 0.0 0.0
vt 0.25 0.305555582
vn -1.0 0.0 0.0
vt 0.263888896 0.305555582
vn -1.0 0.0 0.0
vt 0.277777791 0.305555582
vn -1.0 0.0 0.0
vt 0.291666657 0.305555582
vn -1.0 0.0 0.0
vt 0.305555552 0.305555582
vn -1.0 0.0 0.0
vt 0.319444448 0.305555582
vn -1.0 0.0 0.0
vt 0.333333343 0.305555582
vn -1.0 0.0 0.0
vt 0.347222209 0.305555582
vn -1.0 0.0 0.0
vt 0.361111104 0.305555582
vn -1.0 0.0 0.0
vt 0.375 0.305555582
vn -1.0 0.0 0.0
vt 0.388888896 0.305555582
vn -1.0 0.0 0.0
vt 0.402777791 0.305555582
vn -1.0 0.0 0.0
vt 0.416666657 0.305555582
vn -1.0 0.0 0.0
vt 0.430555552 0.305555582
vn -1.0 0.0 0.0
vt 0.444444448 0.305555582
vn -1.0 0.0 0.0
vt 0.458333343 0.305555582
vn -1.0 0.0 0.0
vt 0.472222209 0.305555582
vn -1.0 0.0 0.0
vt 0.486111104 0.305555582
vn -1.0 0.0 0.0
vt 0.5 0.305555582
vn -1.0 0.0 0.0
vt 0.513888896 0.305555582
vn -1.0 0.0 0.0
vt 0.527777791 0.305555582
vn -1.0 0.0 0.0
vt 0.541666687 0.305555582
vn -1.0 0.0 0.0
vt 0.555555582 0.305555582
vn -1.0 0.0 0.0
vt 0.569444418 0.305555582
vn -1.0 0.0 0.0
vt 0.583333313 0.305555582
vn -1.0 0.0 0.0
vt 0.597222209 0.305555582
vn -1.0 0.0 0.0
vt 0.611111104 0.305555582
vn -1.0 0.0 0.0
vt 0.625 0.305555582
vn -1.0 0.0 0.0
vt 0.638888896 0.305555582
vn -1.0 0.0 0.0
vt 0.652777791 0.305555582
vn -1.0 0.0 0.0
vt 0.666666687 0.305555582
vn -1.0 0.0 0.0
vt 0.680555582 0.305555582
vn -1.0 0.0 0.0
vt 0.694444418 0.305555582
vn -1.0 0.0 0.0
vt 0.708333313 0.305555582
vn -1.0 0.0 0.0
vt 0.722222209 0.305555582
vn -1.0 0.0 0.0
vt 0.736111104 0.305555582
vn -1.0 0.0 0.0
vt 0.75 0.305555582
vn -1.0 0.0 0.0
vt 0.763888896 0.305555582
vn -1.0 0.0 0.0
vt 0.777777791 0.305555582
vn -1.0 0.0 0.0
vt 0.791666687 0.305555582
vn -1.0 0.0 0.0
vt 0.805555582 0.305555582
vn -1.0 0.0 0.0
vt 0.819444418 0.305555582
vn -1.0 0.0 0.0
vt 0.833333313 0.305555582
vn -1.0 0.0 0.0
vt 0.847222209 0.305555582
vn -1.0 0.0 0.0
vt 0.861111104 0.305555582
vn -1.0 0.0 0.0
vt 0.875 0.305555582
vn -1.0 0.0 0.0
vt 0.888888896 0.305555582
vn -1.0 0.0 0.0
vt 0.902777791 0.305555582
vn -1.0 0.0 0.0
vt 0.916666687 0.305555582
vn -1.0 0.0 0.0
vt 0.930555582 0.305555582
vn -1.0 0.0 0.0
vt 0.944444418 0.305555582
vn -1.0 0.0 0.0
vt 0.958333313 0.305555582
vn -1.0 0.0 0.0
vt 0.972222209 0.305555582
vn -1.0 0.0 0.0
vt 0.986111104 0.305555582
vn -1.0 0.0 0.0
vt 1.0 0.305555582
vn -1.0 0.0 0.0
vt 0.0 0.319444418
vn -1.0 0.0 0.0
vt 0.013888889 0.319444418
vn -1.0 0.0 0.0
vt 0.027777778 0.319444418
vn -1.0 0.0 0.0
vt 0.0416666679 0.319444418
vn -1.0 0.0 0.0
vt 0.055555556 0.319444418
vn -1.0 0.0 0.0
vt 0.0694444478 0.319444418
vn -1.0 0.0 0.0
vt 0.0833333358 0.319444418
vn -1.0 0.0 0.0
vt 0.0972222239 0.319444418
vn -1.0 0.0 0.0
vt 0.111111112 0.319444418
vn -1.0 0.0 0.0
vt 0.125 0.319444418
vn -1.0 0.0 0.0
vt 0.138888896 0.319444418
vn -1.0 0.0 0.0
vt 0.152777776 0.319444418
vn -1.0 0.0 0.0
vt 0.166666672 0.319444418
vn -1.0 0.0 0.0
vt 0.180555552 0.319444418
vn -1.0 0.0 0.0
vt 0.194444448 0.319444418
vn -1.0 0.0 0.0
vt 0.208333328 0.319444418
vn -1.0 0.0 0.0
vt 0.222222224 0.319444418
vn -1.0 0.0 0.0
vt 0.236111104 0.319444418
vn -1.0 0.0 0.0
vt 0.25 0.319444418
vn -1.0 0.0 0.0
vt 0.263888896 0.319444418
vn -1.0 0.0 0.0
vt 0.277777791 0.319444418
vn -1.0 0.0 0.0
vt 0.291666657 0.319444418
vn -1.0 0.0 0.0
vt 0.305555552 0.319444418
vn -1.0 0.0 0.0
vt 0.319444448 0.319444418
vn -1.0 0.0 0.0
vt 0.333333343 0.319444418
vn -1.0 0.0 0.0
vt 0.347222209 0.319444418
vn -1.0 0.0 0.0
vt 0.361111104 0.319444418
vn -1.0 0.0 0.0
vt 0.375 0.319444418
vn -1.0 0.0 0.0
vt 0.388888896 0.319444418
vn -1.0 0.0 0.0
vt 0.402777791 0.319444418
vn -1.0 0.0 0.0
vt 0.416666657 0.319444418
vn -1.0 0.0 0.0
vt 0.430555552 0.319444418
vn -1.0 0.0 0.0
vt 0.444444448 0.319444418
vn -1.0 0.0 0.0
vt 0.458333343 0.319444418
vn -1.0 0.0 0.0
vt 0.472222209 0.319444418
vn -1.0 0.0 0.0
vt 0.486111104 0.319444418
vn -1.0 0.0 0.0
vt 0.5 0.319444418
vn -1.0 0.0 0.0
vt 0.513888896 0.319444418
vn -1.0 0.0 0.0
vt 0.527777791 0.319444418
vn -1.0 0.0 0.0
vt 0.541666687 0.319444418
vn -1.0 0.0 0.0
vt 0.555555582 0.319444418
vn -1.0 0.0 0.0
vt 0.569444418 0.319444418
vn -1.0 0.0 0.0
vt 0.583333313 0.319444418
vn -1.0 0.0 0.0
vt 0.597222209 0.319444418
vn -1.0 0.0 0.0
vt 0.611111104 0.319444418
vn -1.0 0.0 0.0
vt 0.625 0.319444418
vn -1.0 0.0 0.0
vt 0.638888896 0.319444418
vn -1.0 0.0 0.0
vt 0.652777791 0.319444418
vn -1.0 0.0 0.0
vt 0.666666687 0.319444418
vn -1.0 0.0 0.0
vt 0.680555582 0.319444418
vn -1.0 0.0 0.0
vt 0.694444418 0.319444418
vn -1.0 0.0 0.0
vt 0.708333313 0.319444418
vn -1.0 0.0 0.0
vt 0.722222209 0.319444418
vn -1.0 0.0 0.0
vt 0.736111104 0.319444418
vn -1.0 0.0 0.0
vt 0.75 0.319444418
vn -1.0 0.0 0.0
vt 0.763888896 0.319444418
vn -1.0 0.0 0.0
vt 0.777777791 0.319444418
vn -1.0 0.0 0.0
vt 0.791666687 0.319444418
vn -1.0 0.0 0.0
vt 0.805555582 0.319444418
vn -1.0 0.0 0.0
vt 0.819444418 0.319444418
vn -1.0 0.0 0.0
vt 0.833333313 0.319444418
vn -1.0 0.0 0.0
vt 0.847222209 0.319444418
vn -1.0 0.0 0.0
vt 0.861111104 0.319444418
vn -1.0 0.0 0.0
vt 0.875 0.319444418
vn -1.0 0.0 0.0
vt 0.888888896 0.319444418
vn -1.0 0.0 0.0
vt 0.902777791 0.319444418
vn -1.0 0.0 0.0
vt 0.916666687 0.319444418
vn -1.0 0.0 0.0
vt 0.930555582 0.319444418
vn -1.0 0.0 0.0
vt 0.944444418 0.319444418
vn -1.0 0.0 0.0
vt 0.958333313 0.319444418
vn -1.0 0.0 0.0
vt 0.972222209 0.319444418
vn -1.0 0.0 0.0
vt 0.986111104 0.319444418
vn -1.0 0.0 0.0
vt 1.0 0.319444418
vn -1.0 0.0 0.0
vt 0.0 0.333333313
vn -1.0 0.0 0.0
vt 0.013888889 0.333333313
vn -1.0 0.0 0.0
vt 0.027777778 0.333333313
vn -1.0 0.0 0.0
vt 0.0416666679 0.333333313
vn -1.0 0.0 0.0
vt 0.055555556 0.333333313
vn -1.0 0.0 0.0
vt 0.0694444478 0.333333313
vn -1.0 0.0 0.0
vt 0.0833333358 0.333333313
vn -1.0 0.0 0.0
vt 0.0972222239 0.333333313
vn -1.0 0.0 0.0
vt 0.111111112 0.333333313
vn -1.0 0.0 0.0
vt 0.125 0.333333313
vn -1.0 0.0 0.0
vt 0.138888896 0.333333313
vn -1.0 0.0 0.0
vt 0.152777776 0.333333313
vn -1.0 0.0 0.0
vt 0.166666672 0.333333313
vn -1.0 0.0 0.0
vt 0.180555552 0.333333313
vn -1.0 0.0 0.0
vt 0.194444448 0.333333313
vn -1.0 0.0 0.0
vt 0.208333328 0.333333313
vn -1.0 0.0 0.0
vt 0.222222224 0.333333313
vn -1.0 0.0 0.0
vt 0.236111104 0.333333313
vn -1.0 0.0 0.0
vt 0.25 0.333333313
vn -1.0 0.0 0.0
vt 0.263888896 0.333333313
vn -1.0 0.0 0.0
vt 0.277777791 0.333333313
vn -1.0 0.0 0.0
vt 0.291666657 0.333333313
vn -1.0 0.0 0.0
vt 0.305555552 0.333333313
vn -1.0 0.0 0.0
vt 0.319444448 0.333333313
vn -1.0 0.0 0.0
vt 0.333333343 0.333333313
vn -1.0 0.0 0.0
vt 0.347222209 0.333333313
vn -1.0 0.0 0.0
vt 0.361111104 0.333333313
vn -1.0 0.0 0.0
vt 0.375 0.333333313
vn -1.0 0.0 0.0
vt 0.388888896 0.333333313
vn -1.0 0.0 0.0
vt 0.402777791 0.333333313
vn -1.0 0.0 0.0
vt 0.416666657 0.333333313
vn -1.0 0.0 0.0
vt 0.430555552 0.333333313
vn -1.0 0.0 0.0
vt 0.444444448 0.333333313
vn -1.0 0.0 0.0
vt 0.458333343 0.333333313
vn -1.0 0.0 0.0
vt 0.472222209 0.333333313
vn -1.0 0.0 0.0
vt 0.486111104 0.333333313
vn -1.0 0.0 0.0
vt 0.5 0.333333313
vn -1.0 0.0 0.0
vt 0.513888896 0.333333313
vn -1.0 0.0 0.0
vt 0.527777791 0.333333313
vn -1.0 0.0 0.0
vt 0.541666687 0.333333313
vn -1.0 0.0 0.0
vt 0.555555582 0.333333313
vn -1.0 0.0 0.0
vt 0.569444418 0.333333313
vn -1.0 0.0 0.0
vt 0.583333313 0.333333313
vn -1.0 0.0 0.0
vt 0.597222209 0.333333313
vn -1.0 0.0 0.0
vt 0.611111104 0.333333313
vn -1.0 0.0 0.0
vt 0.625 0.333333313
vn -1.0 0.0 0.0
vt 0.638888896 0.333333313
vn -1.0 0.0 0.0
vt 0.652777791 0.333333313
vn -1.0 0.0 0.0
vt 0.666666687 0.333333313
vn -1.0 0.0 0.0
vt 0.680555582 0.333333313
vn -1.0 0.0 0.0
vt 0.694444418 0.333333313
vn -1.0 0.0 0.0
vt 0.708333313 0.333333313
vn -1.0 0.0 0.0
vt 0.722222209 0.333333313
vn -1.0 0.0 0.0
vt 0.736111104 0.333333313
vn -1.0 0.0 0.0
vt 0.75 0.333333313
vn -1.0 0.0 0.0
vt 0.763888896 0.333333313
vn -1.0 0.0 0.0
vt 0.777777791 0.333333313
vn -1.0 0.0 0.0
vt 0.791666687 0.333333313
vn -1.0 0.0 0.0
vt 0.805555582 0.333333313
vn -1.0 0.0 0.0
vt 0.819444418 0.333333313
vn -1.0 0.0 0.0
vt 0.833333313 0.333333313
vn -1.0 0.0 0.0
vt 0.847222209 0.333333313
vn -1.0 0.0 0.0
vt 0.861111104 0.333333313
vn -1.0 0.0 0.0
vt 0.875 0.333333313
vn -1.0 0.0 0.0
vt 0.888888896 0.333333313
vn -1.0 0.0 0.0
vt 0.902777791 0.333333313
vn -1.0 0.0 0.0
vt 0.916666687 0.333333313
vn -1.0 0.0 0.0
vt 0.930555582 0.333333313
vn -1.0 0.0 0.0
vt 0.944444418 0.333333313
vn -1.0 0.0 0.0
vt 0.958333313 0.333333313
vn -1.0 0.0 0.0
vt 0.972222209 0.333333313
vn -1.0 0.0 0.0
vt 0.986111104 0.333333313
vn -1.0 0.0 0.0
vt 1.0 0.333333313
vn -1.0 0.0 0.0
vt 0.0 0.347222209
vn -1.0 0.0 0.0
vt 0.013888889 0.347222209
vn -1.0 0.0 0.0
vt 0.027777778 0.347222209
vn -1.0 0.0 0.0
vt 0.0416666679 0.347222209
vn -1.0 0.0 0.0
vt 0.055555556 0.347222209
vn -1.0 0.0 0.0
vt 0.0694444478 0.347222209
vn -1.0 0.0 0.0
vt 0.0833333358 0.347222209
vn -1.0 0.0 0.0
vt 0.0972222239 0.347222209
vn -1.0 0.0 0.0
vt 0.111111112 0.347222209
vn -1.0 0.0 0.0
vt 0.125 0.347222209
vn -1.0 0.0 0.0
vt 0.138888896 0.347222209
vn -1.0 0.0 0.0
vt 0.152777776 0.347222209
vn -1.0 0.0 0.0
vt 0.166666672 0.347222209
vn -1.0 0.0 0.0
vt 0.180555552 0.347222209
vn -1.0 0.0 0.0
vt 0.194444448 0.347222209
vn -1.0 0.0 0.0
vt 0.208333328 0.347222209
vn -1.0 0.0 0.0
vt 0.222222224 0.347222209
vn -1.0 0.0 0.0
vt 0.236111104 0.347222209
vn -1.0 0.0 0.0
vt 0.25 0.347222209
vn -1.0 0.0 0.0
vt 0.263888896 0.347222209
vn -1.0 0.0 0.0
vt 0.277777791 0.347222209
vn -1.0 0.0 0.0
vt 0.291666657 0.347222209
vn -1.0 0.0 0.0
vt 0.305555552 0.347222209
vn -1.0 0.0 0.0
vt 0.319444448 0.347222209
vn -1.0 0.0 0.0
vt 0.333333343 0.347222209
vn -1.0 0.0 0.0
vt 0.347222209 0.347222209
vn -1.0 0.0 0.0
vt 0.361111104 0.347222209
vn -1.0 0.0 0.0
vt 0.375 0.347222209
vn -1.0 0.0 0.0
vt 0.388888896 0.347222209
vn -1.0 0.0 0.0
vt 0.402777791 0.347222209
vn -1.0 0.0 0.0
vt 0.416666657 0.347222209
vn -1.0 0.0 0.0
vt 0.430555552 0.347222209
vn -1.0 0.0 0.0
vt 0.444444448 0.347222209
vn -1.0 0.0 0.0
vt 0.458333343 0.347222209
vn -1.0 0.0 0.0
vt 0.472222209 0.347222209
vn -1.0 0.0 0.0
vt 0.486111104 0.347222209
vn -1.0 0.0 0.0
vt 0.5 0.347222209
vn -1.0 0.0 0.0
vt 0.513888896 0.347222209
vn -1.0 0.0 0.0
vt 0.527777791 0.347222209
vn -1.0 0.0 0.0
vt 0.541666687 0.347222209
vn -1.0 0.0 0.0
vt 0.555555582 0.347222209
vn -1.0 0.0 0.0
vt 0.569444418 0.347222209
vn -1.0 0.0 0.0
vt 0.583333313 0.347222209
vn -1.0 0.0 0.0
vt 0.597222209 0.347222209
vn -1.0 0.0 0.0
vt 0.611111104 0.347222209
vn -1.0 0.0 0.0
vt 0.625 0.347222209
vn -1.0 0.0 0.0
vt 0.638888896 0.347222209
vn -1.0 0.0 0.0
vt 0.652777791 0.347222209
vn -1.0 0.0 0.0
vt 0.666666687 0.347222209
vn -1.0 0.0 0.0
vt 0.680555582 0.347222209
vn -1.0 0.0 0.0
vt 0.694444418 0.347222209
vn -1.0 0.0 0.0
vt 0.708333313 0.347222209
vn -1.0 0.0 0.0
vt 0.722222209 0.347222209
vn -1.0 0.0 0.0
vt 0.736111104 0.347222209
vn -1.0 0.0 0.0
vt 0.75 0.347222209
vn -1.0 0.0 0.0
vt 0.763888896 0.347222209
vn -1.0 0.0 0.0
vt 0.777777791 0.347222209
vn -1.0 0.0 0.0
vt 0.791666687 0.347222209
vn -1.0 0.0 0.0
vt 0.805555582 0.347222209
vn -1.0 0.0 0.0
vt 0.819444418 0.347222209
vn -1.0 0.0 0.0
vt 0.833333313 0.347222209
vn -1.0 0.0 0.0
vt 0.847222209 0.347222209
vn -1.0 0.0 0.0
vt 0.861111104 0.347222209
vn -1.0 0.0 0.0
vt 0.875 0.347222209
vn -1.0 0.0 0.0
vt 0.888888896 0.347222209
vn -1.0 0.0 0.0
vt 0.902777791 0.347222209
vn -1.0 0.0 0.0
vt 0.916666687 0.347222209
vn -1.0 0.0 0.0
vt 0.930555582 0.347222209
vn -1.0 0.0 0.0
vt 0.944444418 0.347222209
vn -1.0 0.0 0.0
vt 0.958333313 0.347222209
vn -1.0 0.0 0.0
vt 0.972222209 0.347222209
vn -1.0 0.0 0.0
vt 0.986111104 0.347222209
vn -1.0 0.0 0.0
vt 1.0 0.347222209
vn -1.0 0.0 0.0
vt 0.0 0.361111104
vn -1.0 0.0 0.0
vt 0.013888889 0.361111104
vn -1.0 0.0 0.0
vt 0.027777778 0.361111104
vn -1.0 0.0 0.0
vt 0.0416666679 0.361111104
vn -1.0 0.0 0.0
vt 0.055555556 0.361111104
vn -1.0 0.0 0.0
vt 0.0694444478 0.361111104
vn -1.0 0.0 0.0
vt 0.0833333358 0.361111104
vn -1.0 0.0 0.0
vt 0.0972222239 0.361111104
vn -1.0 0.0 0.0
vt 0.111111112 0.361111104
vn -1.0 0.0 0.0
vt 0.125 0.361111104
vn -1.0 0.0 0.0
vt 0.138888896 0.361111104
vn -1.0 0.0 0.0
vt 0.152777776 0.361111104
vn -1.0 0.0 0.0
vt 0.166666672 0.361111104
vn -1.0 0.0 0.0
vt 0.180555552 0.361111104
vn -1.0 0.0 0.0
vt 0.194444448 0.361111104
vn -1.0 0.0 0.0
vt 0.208333328 0.361111104
vn -1.0 0.0 0.0
vt 0.222222224 0.361111104
vn -1.0 0.0 0.0
vt 0.236111104 0.361111104
vn -1.0 0.0 0.0
vt 0.25 0.361111104
vn -1.0 0.0 0.0
vt 0.263888896 0.361111104
vn -1.0 0.0 0.0
vt 0.277777791 0.361111104
vn -1.0 0.0 0.0
vt 0.291666657 0.361111104
vn -1.0 0.0 0.0
vt 0.305555552 0.361111104
vn -1.0 0.0 0.0
vt 0.319444448 0.361111104
vn -1.0 0.0 0.0
vt 0.333333343 0.361111104
vn -1.0 0.0 0.0
vt 0.347222209 0.361111104
vn -1.0 0.0 0.0
vt 0.361111104 0.361111104
vn -1.0 0.0 0.0
vt 0.375 0.361111104
vn -1.0 0.0 0.0
vt 0.388888896 0.361111104
vn -1.0 0.0 0.0
vt 0.402777791 0.361111104
vn -1.0 0.0 0.0
vt 0.416666657 0.361111104
vn -1.0 0.0 0.0
vt 0.430555552 0.361111104
vn -1.0 0.0 0.0
vt 0.444444448 0.361111104
vn -1.0 0.0 0.0
vt 0.458333343 0.361111104
vn -1.0 0.0 0.0
vt 0.472222209 0.361111104
vn -1.0 0.0 0.0
vt 0.486111104 0.361111104
vn -1.0 0.0 0.0
vt 0.5 0.361111104
vn -1.0 0.0 0.0
vt 0.513888896 0.361111104
vn -1.0 0.0 0.0
vt 0.527777791 0.361111104
vn -1.0 0.0 0.0
vt 0.541666687 0.361111104
vn -1.0 0.0 0.0
vt 0.555555582 0.361111104
vn -1.0 0.0 0.0
vt 0.569444418 0.361111104
vn -1.0 0.0 0.0
vt 0.583333313 0.361111104
vn -1.0 0.0 0.0
vt 0.597222209 0.361111104
vn -1.0 0.0 0.0
vt 0.611111104 0.361111104
vn -1.0 0.0 0.0
vt 0.625 0.361111104
vn -1.0 0.0 0.0
vt 0.638888896 0.361111104
vn -1.0 0.0 0.0
vt 0.652777791 0.361111104
vn -1.0 0.0 0.0
vt 0.666666687 0.361111104
vn -1.0 0.0 0.0
vt 0.680555582 0.361111104
vn -1.0 0.0 0.0
vt 0.694444418 0.361111104
vn -1.0 0.0 0.0
vt 0.708333313 0.361111104
vn -1.0 0.0 0.0
vt 0.722222209 0.361111104
vn -1.0 0.0 0.0
vt 0.736111104 0.361111104
vn -1.0 0.0 0.0
vt 0.75 0.361111104
vn -1.0 0.0 0.0
vt 0.763888896 0.361111104
vn -1.0 0.0 0.0
vt 0.777777791 0.361111104
vn -1.0 0.0 0.0
vt 0.791666687 0.361111104
vn -1.0 0.0 0.0
vt 0.805555582 0.361111104
vn -1.0 0.0 0.0
vt 0.819444418 0.361111104
vn -1.0 0.0 0.0
vt 0.833333313 0.361111104
vn -1.0 0.0 0.0
vt 0.847222209 0.361111104
vn -1.0 0.0 0.0
vt 0.861111104 0.361111104
vn -1.0 0.0 0.0
vt 0.875 0.361111104
vn -1.0 0.0 0.0
vt 0.888888896 0.361111104
vn -1.0 0.0 0.0
vt 0.902777791 0.361111104
vn -1.0 0.0 0.0
vt 0.916666687 0.361111104
vn -1.0 0.0 0.0
vt 0.930555582 0.361111104
vn -1.0 0.0 0.0
vt 0.944444418 0.361111104
vn -1.0 0.0 0.0
vt 0.958333313 0.361111104
vn -1.0 0.0 0.0
vt 0.972222209 0.361111104
vn -1.0 0.0 0.0
vt 0.986111104 0.361111104
vn -1.0 0.0 0.0
vt 1.0 0.361111104
vn -1.0 0.0 0.0
vt 0.0 0.375
vn -1.0 0.0 0.0
vt 0.013888889 0.375
vn -1.0 0.0 0.0
vt 0.027777778 0.375
vn -1.0 0.0 0.0
vt 0.0416666679 0.375
vn -1.0 0.0 0.0
vt 0.055555556 0.375
vn -1.0 0.0 0.0
vt 0.0694444478 0.375
vn -1.0 0.0 0.0
vt 0.0833333358 0.375
vn -1.0 0.0 0.0
vt 0.0972222239 0.375
vn -1.0 0.0 0.0
vt 0.111111112 0.375
vn -1.0 0.0 0.0
vt 0.125 0.375
vn -1.0 0.0 0.0
vt 0.138888896 0.375
vn -1.0 0.0 0.0
vt 0.152777776 0.375
vn -1.0 0.0 0.0
vt 0.166666672 0.375
vn -1.0 0.0 0.0
vt 0.180555552 0.375
vn -1.0 0.0 0.0
vt 0.194444448 0.375
vn -1.0 0.0 0.0
vt 0.208333328 0.375
vn -1.0 0.0 0.0
vt 0.222222224 0.375
vn -1.0 0.0 0.0
vt 0.236111104 0.375
vn -1.0 0.0 0.0
vt 0.25 0.375
vn -1.0 0.0 0.0
vt 0.263888896 0.375
vn -1.0 0.0 0.0
vt 0.277777791 0.375
vn -1.0 0.0 0.0
vt 0.291666657 0.375
vn -1.0 0.0 0.0
vt 0.305555552 0.375
vn -1.0 0.0 0.0
vt 0.319444448 0.375
vn -1.0 0.0 0.0
vt 0.333333343 0.375
vn -1.0 0.0 0.0
vt 0.347222209 0.375
vn -1.0 0.0 0.0
vt 0.361111104 0.375
vn -1.0 0.0 0.0
vt 0.375 0.375
vn -1.0 0.0 0.0
vt 0.388888896 0.375
vn -1.0 0.0 0.0
vt 0.402777791 0.375
vn -1.0 0.0 0.0
vt 0.416666657 0.375
vn -1.0 0.0 0.0
vt 0.430555552 0.375
vn -1.0 0.0 0.0
vt 0.444444448 0.375
vn -1.0 0.0 0.0
vt 0.458333343 0.375
vn -1.0 0.0 0.0
vt 0.472222209 0.375
vn -1.0 0.0 0.0
vt 0.486111104 0.375
vn -1.0 0.0 0.0
vt 0.5 0.375
vn -1.0 0.0 0.0
vt 0.513888896 0.375
vn -1.0 0.0 0.0
vt 0.527777791 0.375
vn -1.0 0.0 0.0
vt 0.541666687 0.375
vn -1.0 0.0 0.0
vt 0.555555582 0.375
vn -1.0 0.0 0.0
vt 0.569444418 0.375
vn -1.0 0.0 0.0
vt 0.583333313 0.375
vn -1.0 0.0 0.0
vt 0.597222209 0.375
vn -1.0 0.0 0.0
vt 0.611111104 0.375
vn -1.0 0.0 0.0
vt 0.625 0.375
vn -1.0 0.0 0.0
vt 0.638888896 0.375
vn -1.0 0.0 0.0
vt 0.652777791 0.375
vn -1.0 0.0 0.0
vt 0.666666687 0.375
vn -1.0 0.0 0.0
vt 0.680555582 0.375
vn -1.0 0.0 0.0
vt 0.694444418 0.375
vn -1.0 0.0 0.0
vt 0.708333313 0.375
vn -1.0 0.0 0.0
vt 0.722222209 0.375
vn -1.0 0.0 0.0
vt 0.736111104 0.375
vn -1.0 0.0 0.0
vt 0.75 0.375
vn -1.0 0.0 0.0
vt 0.763888896 0.375
vn -1.0 0.0 0.0
vt 0.777777791 0.375
vn -1.0 0.0 0.0
vt 0.791666687 0.375
vn -1.0 0.0 0.0
vt 0.805555582 0.375
vn -1.0 0.0 0.0
vt 0.819444418 0.375
vn -1.0 0.0 0.0
vt 0.833333313 0.375
vn -1.0 0.0 0.0
vt 0.847222209 0.375
vn -1.0 0.0 0.0
vt 0.861111104 0.375
vn -1.0 0.0 0.0
vt 0.875 0.375
vn -1.0 0.0 0.0
vt 0.888888896 0.375
vn -1.0 0.0 0.0
vt 0.902777791 0.375
vn -1.0 0.0 0.0
vt 0.916666687 0.375
vn -1.0 0.0 0.0
vt 0.930555582 0.375
vn -1.0 0.0 0.0
vt 0.944444418 0.375
vn -1.0 0.0 0.0
vt 0.958333313 0.375
vn -1.0 0.0 0.0
vt 0.972222209 0.375
vn -1.0 0.0 0.0
vt 0.986111104 0.375
vn -1.0 0.0 0.0
vt 1.0 0.375
vn -1.0 0.0 0.0
vt 0.0 0.388888896
vn -1.0 0.0 0.0
vt 0.013888889 0.388888896
vn -1.0 0.0 0.0
vt 0.027777778 0.388888896
vn -1.0 0.0 0.0
vt 0.0416666679 0.388888896
vn -1.0 0.0 0.0
vt 0.055555556 0.388888896
vn -1.0 0.0 0.0
vt 0.0694444478 0.388888896
vn -1.0 0.0 0.0
vt 0.0833333358 0.388888896
vn -1.0 0.0 0.0
vt 0.0972222239 0.388888896
vn -1.0 0.0 0.0
vt 0.111111112 0.388888896
vn -1.0 0.0 0.0
vt 0.125 0.388888896
vn -1.0 0.0 0.0
vt 0.138888896 0.388888896
vn -1.0 0.0 0.0
vt 0.152777776 0.388888896
vn -1.0 0.0 0.0
vt 0.166666672 0.388888896
vn -1.0 0.0 0.0
vt 0.180555552 0.388888896
vn -1.0 0.0 0.0
vt 0.194444448 0.388888896
vn -1.0 0.0 0.0
vt 0.208333328 0.388888896
vn -1.0 0.0 0.0
vt 0.222222224 0.388888896
vn -1.0 0.0 0.0
vt 0.236111104 0.388888896
vn -1.0 0.0 0.0
vt 0.25 0.388888896
vn -1.0 0.0 0.0
vt 0.263888896 0.388888896
vn -1.0 0.0 0.0
vt 0.277777791 0.388888896
vn -1.0 0.0 0.0
vt 0.291666657 0.388888896
vn -1.0 0.0 0.0
vt 0.305555552 0.388888896
vn -1.0 0.0 0.0
vt 0.319444448 0.388888896
vn -1.0 0.0 0.0
vt 0.333333343 0.388888896
vn -1.0 0.0 0.0
vt 0.347222209 0.388888896
vn -1.0 0.0 0.0
vt 0.361111104 0.388888896
vn -1.0 0.0 0.0
vt 0.375 0.388888896
vn -1.0 0.0 0.0
vt 0.388888896 0.388888896
vn -1.0 0.0 0.0
vt 0.402777791 0.388888896
vn -1.0 0.0 0.0
vt 0.416666657 0.388888896
vn -1.0 0.0 0.0
vt 0.430555552 0.388888896
vn -1.0 0.0 0.0
vt 0.444444448 0.388888896
vn -1.0 0.0 0.0
vt 0.458333343 0.388888896
vn -1.0 0.0 0.0
vt 0.472222209 0.388888896
vn -1.0 0.0 0.0
vt 0.486111104 0.388888896
vn -1.0 0.0 0.0
vt 0.5 0.388888896
vn -1.0 0.0 0.0
vt 0.513888896 0.388888896
vn -1.0 0.0 0.0
vt 0.527777791 0.388888896
vn -1.0 0.0 0.0
vt 0.541666687 0.388888896
vn -1.0 0.0 0.0
vt 0.555555582 0.388888896
vn -1.0 0.0 0.0
vt 0.569444418 0.388888896
vn -1.0 0.0 0.0
vt 0.583333313 0.388888896
vn -1.0 0.0 0.0
vt 0.597222209 0.388888896
vn -1.0 0.0 0.0
vt 0.611111104 0.388888896
vn -1.0 0.0 0.0
vt 0.625 0.388888896
vn -1.0 0.0 0.0
vt 0.638888896 0.388888896
vn -1.0 0.0 0.0
vt 0.652777791 0.388888896
vn -1.0 0.0 0.0
vt 0.666666687 0.388888896
vn -1.0 0.0 0.0
vt 0.680555582 0.388888896
vn -1.0 0.0 0.0
vt 0.694444418 0.388888896
vn -1.0 0.0 0.0
vt 0.708333313 0.388888896
vn -1.0 0.0 0.0
vt 0.722222209 0.388888896
vn -1.0 0.0 0.0
vt 0.736111104 0.388888896
vn -1.0 0.0 0.0
vt 0.75 0.388888896
vn -1.0 0.0 0.0
vt 0.763888896 0.388888896
vn -1.0 0.0 0.0
vt 0.777777791 0.388888896
vn -1.0 0.0 0.0
vt 0.791666687 0.388888896
vn -1.0 0.0 0.0
vt 0.805555582 0.388888896
vn -1.0 0.0 0.0
vt 0.819444418 0.388888896
vn -1.0 0.0 0.0
vt 0.833333313 0.388888896
vn -1.0 0.0 0.0
vt 0.847222209 0.388888896
vn -1.0 0.0 0.0
vt 0.861111104 0.388888896
vn -1.0 0.0 0.0
vt 0.875 0.388888896
vn -1.0 0.0 0.0
vt 0.888888896 0.388888896
vn -1.0 0.0 0.0
vt 0.902777791 0.388888896
vn -1.0 0.0 0.0
vt 0.916666687 0.388888896
vn -1.0 0.0 0.0
vt 0.930555582 0.388888896
vn -1.0 0.0 0.0
vt 0.944444418 0.388888896
vn -1.0 0.0 0.0
vt 0.958333313 0.388888896
vn -1.0 0.0 0.0
vt 0.972222209 0.388888896
vn -1.0 0.0 0.0
vt 0.986111104 0.388888896
vn -1.0 0.0 0.0
vt 1.0 0.388888896
vn -1.0 0.0 0.0
vt 0.0 0.402777791
vn -1.0 0.0 0.0
vt 0.013888889 0.402777791
vn -1.0 0.0 0.0
vt 0.027777778 0.402777791
vn -1.0 0.0 0.0
vt 0.0416666679 0.402777791
vn -1.0 0.0 0.0
vt 0.055555556 0.402777791
vn -1.0 0.0 0.0
vt 0.0694444478 0.402777791
vn -1.0 0.0 0.0
vt 0.0833333358 0.402777791
vn -1.0 0.0 0.0
vt 0.0972222239 0.402777791
vn -1.0 0.0 0.0
vt 0.111111112 0.402777791
vn -1.0 0.0 0.0
vt 0.125 0.402777791
vn -1.0 0.0 0.0
vt 0.138888896 0.402777791
vn -1.0 0.0 0.0
vt 0.152777776 0.402777791
vn -1.0 0.0 0.0
vt 0.166666672 0.402777791
vn -1.0 0.0 0.0
vt 0.180555552 0.402777791
vn -1.0 0.0 0.0
vt 0.194444448 0.402777791
vn -1.0 0.0 0.0
vt 0.208333328 0.402777791
vn -1.0 0.0 0.0
vt 0.222222224 0.402777791
vn -1.0 0.0 0.0
vt 0.236111104 0.402777791
vn -1.0 0.0 0.0
vt 0.25 0.402777791
vn -1.0 0.0 0.0
vt 0.263888896 0.402777791
vn -1.0 0.0 0.0
vt 0.277777791 0.402777791
vn -1.0 0.0 0.0
vt 0.291666657 0.402777791
vn -1.0 0.0 0.0
vt 0.305555552 0.402777791
vn -1.0 0.0 0.0
vt 0.319444448 0.402777791
vn -1.0 0.0 0.0
vt 0.333333343 0.402777791
vn -1.0 0.0 0.0
vt 0.347222209 0.402777791
vn -1.0 0.0 0.0
vt 0.361111104 0.402777791
vn -1.0 0.0 0.0
vt 0.375 0.402777791
vn -1.0 0.0 0.0
vt 0.388888896 0.402777791
vn -1.0 0.0 0.0
vt 0.402777791 0.402777791
vn -1.0 0.0 0.0
vt 0.416666657 0.402777791
vn -1.0 0.0 0.0
vt 0.430555552 0.402777791
vn -1.0 0.0 0.0
vt 0.444444448 0.402777791
vn -1.0 0.0 0.0
vt 0.458333343 0.402777791
vn -1.0 0.0 0.0
vt 0.472222209 0.402777791
vn -1.0 0.0 0.0
vt 0.486111104 0.402777791
vn -1.0 0.0 0.0
vt 0.5 0.402777791
vn -1.0 0.0 0.0
vt 0.513888896 0.402777791
vn -1.0 0.0 0.0
vt 0.527777791 0.402777791
vn -1.0 0.0 0.0
vt 0.541666687 0.402777791
vn -1.0 0.0 0.0
vt 0.555555582 0.402777791
vn -1.0 0.0 0.0
vt 0.569444418 0.402777791
vn -1.0 0.0 0.0
vt 0.583333313 0.402777791
vn -1.0 0.0 0.0
vt 0.597222209 0.402777791
vn -1.0 0.0 0.0
vt 0.611111104 0.402777791
vn -1.0 0.0 0.0
vt 0.625 0.402777791
vn -1.0 0.0 0.0
vt 0.638888896 0.402777791
vn -1.0 0.0 0.0
vt 0.652777791 0.402777791
vn -1.0 0.0 0.0
vt 0.666666687 0.402777791
vn -1.0 0.0 0.0
vt 0.680555582 0.402777791
vn -1.0 0.0 0.0
vt 0.694444418 0.402777791
vn -1.0 0.0 0.0
vt 0.708333313 0.402777791
vn -1.0 0.0 0.0
vt 0.722222209 0.402777791
vn -1.0 0.0 0.0
vt 0.736111104 0.402777791
vn -1.0 0.0 0.0
vt 0.75 0.402777791
vn -1.0 0.0 0.0
vt 0.763888896 0.402777791
vn -1.0 0.0 0.0
vt 0.777777791 0.402777791
vn -1.0 0.0 0.0
vt 0.791666687 0.402777791
vn -1.0 0.0 0.0
vt 0.805555582 0.402777791
vn -1.0 0.0 0.0
vt 0.819444418 0.402777791
vn -1.0 0.0 0.0
vt 0.833333313 0.402777791
vn -1.0 0.0 0.0
vt 0.847222209 0.402777791
vn -1.0 0.0 0.0
vt 0.861111104 0.402777791
vn -1.0 0.0 0.0
vt 0.875 0.402777791
vn -1.0 0.0 0.0
vt 0.888888896 0.402777791
vn -1.0 0.0 0.0
vt 0.902777791 0.402777791
vn -1.0 0.0 0.0
vt 0.916666687 0.402777791
vn -1.0 0.0 0.0
vt 0.930555582 0.402777791
vn -1.0 0.0 0.0
vt 0.944444418 0.402777791
vn -1.0 0.0 0.0
vt 0.958333313 0.402777791
vn -1.0 0.0 0.0
vt 0.972222209 0.402777791
vn -1.0 0.0 0.0
vt 0.986111104 0.402777791
vn -1.0 0.0 0.0
vt 1.0 0.402777791
vn -1.0 0.0 0.0
vt 0.0 0.416666687
vn -1.0 0.0 0.0
vt 0.013888889 0.416666687
vn -1.0 0.0 0.0
vt 0.027777778 0.416666687
vn -1.0 0.0 0.0
vt 0.0416666679 0.416666687
vn -1.0 0.0 0.0
vt 0.055555556 0.416666687
vn -1.0 0.0 0.0
vt 0.0694444478 0.416666687
vn -1.0 0.0 0.0
vt 0.0833333358 0.416666687
vn -1.0 0.0 0.0
vt 0.0972222239 0.416666687
vn -1.0 0.0 0.0
vt 0.111111112 0.416666687
vn -1.0 0.0 0.0
vt 0.125 0.416666687
vn -1.0 0.0 0.0
vt 0.138888896 0.416666687
vn -1.0 0.0 0.0
vt 0.152777776 0.416666687
vn -1.0 0.0 0.0
vt 0.166666672 0.416666687
vn -1.0 0.0 0.0
vt 0.180555552 0.416666687
vn -1.0 0.0 0.0
vt 0.194444448 0.416666687
vn -1.0 0.0 0.0
vt 0.208333328 0.416666687
vn -1.0 0.0 0.0
vt 0.222222224 0.416666687
vn -1.0 0.0 0.0
vt 0.236111104 0.416666687
vn -1.0 0.0 0.0
vt 0.25 0.416666687
vn -1.0 0.0 0.0
vt 0.263888896 0.416666687
vn -1.0 0.0 0.0
vt 0.277777791 0.416666687
vn -1.0 0.0 0.0
vt 0.291666657 0.416666687
vn -1.0 0.0 0.0
vt 0.305555552 0.416666687
vn -1.0 0.0 0.0
vt 0.319444448 0.416666687
vn -1.0 0.0 0.0
vt 0.333333343 0.416666687
vn -1.0 0.0 0.0
vt 0.347222209 0.416666687
vn -1.0 0.0 0.0
vt 0.361111104 0.416666687
vn -1.0 0.0 0.0
vt 0.375 0.416666687
vn -1.0 0.0 0.0
vt 0.388888896 0.416666687
vn -1.0 0.0 0.0
vt 0.402777791 0.416666687
vn -1.0 0.0 0.0
vt 0.416666657 0.416666687
vn -1.0 0.0 0.0
vt 0.430555552 0.416666687
vn -1.0 0.0 0.0
vt 0.444444448 0.416666687
vn -1.0 0.0 0.0
vt 0.458333343 0.416666687
vn -1.0 0.0 0.0
vt 0.472222209 0.416666687
vn -1.0 0.0 0.0
vt 0.486111104 0.416666687
vn -1.0 0.0 0.0
vt 0.5 0.416666687
vn -1.0 0.0 0.0
vt 0.513888896 0.416666687
vn -1.0 0.0 0.0
vt 0.527777791 0.416666687
vn -1.0 0.0 0.0
vt 0.541666687 0.416666687
vn -1.0 0.0 0.0
vt 0.555555582 0.416666687
vn -1.0 0.0 0.0
vt 0.569444418 0.416666687
vn -1.0 0.0 0.0
vt 0.583333313 0.416666687
vn -1.0 0.0 0.0
vt 0.597222209 0.416666687
vn -1.0 0.0 0.0
vt 0.611111104 0.416666687
vn -1.0 0.0 0.0
vt 0.625 0.416666687
vn -1.0 0.0 0.0
vt 0.638888896 0.416666687
vn -1.0 0.0 0.0
vt 0.652777791 0.416666687
vn -1.0 0.0 0.0
vt 0.666666687 0.416666687
vn -1.0 0.0 0.0
vt 0.680555582 0.416666687
vn -1.0 0.0 0.0
vt 0.694444418 0.416666687
vn -1.0 0.0 0.0
vt 0.708333313 0.416666687
vn -1.0 0.0 0.0
vt 0.722222209 0.416666687
vn -1.0 0.0 0.0
vt 0.736111104 0.416666687
vn -1.0 0.0 0.0
vt 0.75 0.416666687
vn -1.0 0.0 0.0
vt 0.763888896 0.416666687
vn -1.0 0.0 0.0
vt 0.777777791 0.416666687
vn -1.0 0.0 0.0
vt 0.791666687 0.416666687
vn -1.0 0.0 0.0
vt 0.805555582 0.416666687
vn -1.0 0.0 0.0
vt 0.819444418 0.416666687
vn -1.0 0.0 0.0
vt 0.833333313 0.416666687
vn -1.0 0.0 0.0
vt 0.847222209 0.416666687
vn -1.0 0.0 0.0
vt 0.861111104 0.416666687
vn -1.0 0.0 0.0
vt 0.875 0.416666687
vn -1.0 0.0 0.0
vt 0.888888896 0.416666687
vn -1.0 0.0 0.0
vt 0.902777791 0.416666687
vn -1.0 0.0 0.0
vt 0.916666687 0.416666687
vn -1.0 0.0 0.0
vt 0.930555582 0.416666687
vn -1.0 0.0 0.0
vt 0.944444418 0.416666687
vn -1.0 0.0 0.0
vt 0.958333313 0.416666687
vn -1.0 0.0 0.0
vt 0.972222209 0.416666687
vn -1.0 0.0 0.0
vt 0.986111104 0.416666687
vn -1.0 0.0 0.0
vt 1.0 0.416666687
vn -1.0 0.0 0.0
vt 0.0 0.430555582
vn -1.0 0.0 0.0
vt 0.013888889 0.430555582
vn -1.0 0.0 0.0
vt 0.027777778 0.430555582
vn -1.0 0.0 0.0
vt 0.0416666679 0.430555582
vn -1.0 0.0 0.0
vt 0.055555556 0.430555582
vn -1.0 0.0 0.0
vt 0.0694444478 0.430555582
vn -1.0 0.0 0.0
vt 0.0833333358 0.430555582
vn -1.0 0.0 0.0
vt 0.0972222239 0.430555582
vn -1.0 0.0 0.0
vt 0.111111112 0.430555582
vn -1.0 0.0 0.0
vt 0.125 0.430555582
vn -1.0 0.0 0.0
vt 0.138888896 0.430555582
vn -1.0 0.0 0.0
vt 0.152777776 0.430555582
vn -1.0 0.0 0.0
vt 0.166666672 0.430555582
vn -1.0 0.0 0.0
vt 0.180555552 0.430555582
vn -1.0 0.0 0.0
vt 0.194444448 0.430555582
vn -1.0 0.0 0.0
vt 0.208333328 0.430555582
vn -1.0 0.0 0.0
vt 0.222222224 0.430555582
vn -1.0 0.0 0.0
vt 0.236111104 0.430555582
vn -1.0 0.0 0.0
vt 0.25 0.430555582
vn -1.0 0.0 0.0
vt 0.263888896 0.430555582
vn -1.0 0.0 0.0
vt 0.277777791 0.430555582
vn -1.0 0.0 0.0
vt 0.291666657 0.430555582
vn -1.0 0.0 0.0
vt 0.305555552 0.430555582
vn -1.0 0.0 0.0
vt 0.319444448 0.430555582
vn -1.0 0.0 0.0
vt 0.333333343 0.430555582
vn -1.0 0.0 0.0
vt 0.347222209 0.430555582
vn -1.0 0.0 0.0
vt 0.361111104 0.430555582
vn -1.0 0.0 0.0
vt 0.375 0.430555582
vn -1.0 0.0 0.0
vt 0.388888896 0.430555582
vn -1.0 0.0 0.0
vt 0.402777791 0.430555582
vn -1.0 0.0 0.0
vt 0.416666657 0.430555582
vn -1.0 0.0 0.0
vt 0.430555552 0.430555582
vn -1.0 0.0 0.0
vt 0.444444448 0.430555582
vn -1.0 0.0 0.0
vt 0.458333343 0.430555582
vn -1.0 0.0 0.0
vt 0.472222209 0.430555582
vn -1.0 0.0 0.0
vt 0.486111104 0.430555582
vn -1.0 0.0 0.0
vt 0.5 0.430555582
vn -1.0 0.0 0.0
vt 0.513888896 0.430555582
vn -1.0 0.0 0.0
vt 0.527777791 0.430555582
vn -1.0 0.0 0.0
vt 0.541666687 0.430555582
vn -1.0 0.0 0.0
vt 0.555555582 0.430555582
vn -1.0 0.0 0.0
vt 0.569444418 0.430555582
vn -1.0 0.0 0.0
vt 0.583333313 0.430555582
vn -1.0 0.0 0.0
vt 0.597222209 0.430555582
vn -1.0 0.0 0.0
vt 0.611111104 0.430555582
vn -1.0 0.0 0.0
vt 0.625 0.430555582
vn -1.0 0.0 0.0
vt 0.638888896 0.430555582
vn -1.0 0.0 0.0
vt 0.652777791 0.430555582
vn -1.0 0.0 0.0
vt 0.666666687 0.430555582
vn -1.0 0.0 0.0
vt 0.680555582 0.430555582
vn -1.0 0.0 0.0
vt 0.694444418 0.430555582
vn -1.0 0.0 0.0
vt 0.708333313 0.430555582
vn -1.0 0.0 0.0
vt 0.722222209 0.430555582
vn -1.0 0.0 0.0
vt 0.736111104 0.430555582
vn -1.0 0.0 0.0
vt 0.75 0.430555582
vn -1.0 0.0 0.0
vt 0.763888896 0.430555582
vn -1.0 0.0 0.0
vt 0.777777791 0.430555582
vn -1.0 0.0 0.0
vt 0.791666687 0.430555582
vn -1.0 0.0 0.0
vt 0.805555582 0.430555582
vn -1.0 0.0 0.0
vt 0.819444418 0.430555582
vn -1.0 0.0 0.0
vt 0.833333313 0.430555582
vn -1.0 0.0 0.0
vt 0.847222209 0.430555582
vn -1.0 0.0 0.0
vt 0.861111104 0.430555582
vn -1.0 0.0 0.0
vt 0.875 0.430555582
vn -1.0 0.0 0.0
vt 0.888888896 0.430555582
vn -1.0 0.0 0.0
vt 0.902777791 0.430555582
vn -1.0 0.0 0.0
vt 0.916666687 0.430555582
vn -1.0 0.0 0.0
vt 0.930555582 0.430555582
vn -1.0 0.0 0.0
vt 0.944444418 0.430555582
vn -1.0 0.0 0.0
vt 0.958333313 0.430555582
vn -1.0 0.0 0.0
vt 0.972222209 0.430555582
vn -1.0 0.0 0.0
vt 0.986111104 0.430555582
vn -1.0 0.0 0.0
vt 1.0 0.430555582
vn -1.0 0.0 0.0
vt 0.0 0.444444418
vn -1.0 0.0 0.0
vt 0.013888889 0.444444418
vn -1.0 0.0 0.0
vt 0.027777778 0.444444418
vn -1.0 0.0 0.0
vt 0.0416666679 0.444444418
vn -1.0 0.0 0.0
vt 0.055555556 0.444444418
vn -1.0 0.0 0.0
vt 0.0694444478 0.444444418
vn -1.0 0.0 0.0
vt 0.0833333358 0.444444418
vn -1.0 0.0 0.0
vt 0.0972222239 0.444444418
vn -1.0 0.0 0.0
vt 0.111111112 0.444444418
vn -1.0 0.0 0.0
vt 0.125 0.444444418
vn -1.0 0.0 0.0
vt 0.138888896 0.444444418
vn -1.0 0.0 0.0
vt 0.152777776 0.444444418
vn -1.0 0.0 0.0
vt 0.166666672 0.444444418
vn -1.0 0.0 0.0
vt 0.180555552 0.444444418
vn -1.0 0.0 0.0
vt 0.194444448 0.444444418
vn -1.0 0.0 0.0
vt 0.208333328 0.444444418
vn -1.0 0.0 0.0
vt 0.222222224 0.444444418
vn -1.0 0.0 0.0
vt 0.236111104 0.444444418
vn -1.0 0.0 0.0
vt 0.25 0.444444418
vn -1.0 0.0 0.0
vt 0.263888896 0.444444418
vn -1.0 0.0 0.0
vt 0.277777791 0.444444418
vn -1.0 0.0 0.0
vt 0.291666657 0.444444418
vn -1.0 0.0 0.0
vt 0.305555552 0.444444418
vn -1.0 0.0 0.0
vt 0.319444448 0.444444418
vn -1.0 0.0 0.0
vt 0.333333343 0.444444418
vn -1.0 0.0 0.0
vt 0.347222209 0.444444418
vn -1.0 0.0 0.0
vt 0.361111104 0.444444418
vn -1.0 0.0 0.0
vt 0.375 0.444444418
vn -1.0 0.0 0.0
vt 0.388888896 0.444444418
vn -1.0 0.0 0.0
vt 0.402777791 0.444444418
vn -1.0 0.0 0.0
vt 0.416666657 0.444444418
vn -1.0 0.0 0.0
vt 0.430555552 0.444444418
vn -1.0 0.0 0.0
vt 0.444444448 0.444444418
vn -1.0 0.0 0.0
vt 0.458333343 0.444444418
vn -1.0 0.0 0.0
vt 0.472222209 0.444444418
vn -1.0 0.0 0.0
vt 0.486111104 0.444444418
vn -1.0 0.0 0.0
vt 0.5 0.444444418
vn -1.0 0.0 0.0
vt 0.513888896 0.444444418
vn -1.0 0.0 0.0
vt 0.527777791 0.444444418
vn -1.0 0.0 0.0
vt 0.541666687 0.444444418
vn -1.0 0.0 0.0
vt 0.555555582 0.444444418
vn -1.0 0.0 0.0
vt 0.569444418 0.444444418
vn -1.0 0.0 0.0
vt 0.583333313 0.444444418
vn -1.0 0.0 0.0
vt 0.597222209 0.444444418
vn -1.0 0.0 0.0
vt 0.611111104 0.444444418
vn -1.0 0.0 0.0
vt 0.625 0.444444418
vn -1.0 0.0 0.0
vt 0.638888896 0.444444418
vn -1.0 0.0 0.0
vt 0.652777791 0.444444418
vn -1.0 0.0 0.0
vt 0.666666687 0.444444418
vn -1.0 0.0 0.0
vt 0.680555582 0.444444418
vn -1.0 0.0 0.0
vt 0.694444418 0.444444418
vn -1.0 0.0 0.0
vt 0.708333313 0.444444418
vn -1.0 0.0 0.0
vt 0.722222209 0.444444418
vn -1.0 0.0 0.0
vt 0.736111104 0.444444418
vn -1.0 0.0 0.0
vt 0.75 0.444444418
vn -1.0 0.0 0.0
vt 0.763888896 0.444444418
vn -1.0 0.0 0.0
vt 0.777777791 0.444444418
vn -1.0 0.0 0.0
vt 0.791666687 0.444444418
vn -1.0 0.0 0.0
vt 0.805555582 0.444444418
vn -1.0 0.0 0.0
vt 0.819444418 0.444444418
vn -1.0 0.0 0.0
vt 0.833333313 0.444444418
vn -1.0 0.0 0.0
vt 0.847222209 0.444444418
vn -1.0 0.0 0.0
vt 0.861111104 0.444444418
vn -1.0 0.0 0.0
vt 0.875 0.444444418
vn -1.0 0.0 0.0
vt 0.888888896 0.444444418
vn -1.0 0.0 0.0
vt 0.902777791 0.444444418
vn -1.0 0.0 0.0
vt 0.916666687 0.444444418
vn -1.0 0.0 0.0
vt 0.930555582 0.444444418
vn -1.0 0.0 0.0
vt 0.944444418 0.444444418
vn -1.0 0.0 0.0
vt 0.958333313 0.444444418
vn -1.0 0.0 0.0
vt 0.972222209 0.444444418
vn -1.0 0.0 0.0
vt 0.986111104 0.444444418
vn -1.0 0.0 0.0
vt 1.0 0.444444418
vn -1.0 0.0 0.0
vt 0.0 0.458333313
vn -1.0 0.0 0.0
vt 0.013888889 0.458333313
vn -1.0 0.0 0.0
vt 0.027777778 0.458333313
vn -1.0 0.0 0.0
vt 0.0416666679 0.458333313
vn -1.0 0.0 0.0
vt 0.055555556 0.458333313
vn -1.0 0.0 0.0
vt 0.0694444478 0.458333313
vn -1.0 0.0 0.0
vt 0.0833333358 0.458333313
vn -1.0 0.0 0.0
vt 0.0972222239 0.458333313
vn -1.0 0.0 0.0
vt 0.111111112 0.458333313
vn -1.0 0.0 0.0
vt 0.125 0.458333313
vn -1.0 0.0 0.0
vt 0.138888896 0.458333313
vn -1.0 0.0 0.0
vt 0.152777776 0.458333313
vn -1.0 0.0 0.0
vt 0.166666672 0.458333313
vn -1.0 0.0 0.0
vt 0.180555552 0.458333313
vn -1.0 0.0 0.0
vt 0.194444448 0.458333313
vn -1.0 0.0 0.0
vt 0.208333328 0.458333313
vn -1.0 0.0 0.0
vt 0.222222224 0.458333313
vn -1.0 0.0 0.0
vt 0.236111104 0.458333313
vn -1.0 0.0 0.0
vt 0.25 0.458333313
vn -1.0 0.0 0.0
vt 0.263888896 0.458333313
vn -1.0 0.0 0.0
vt 0.277777791 0.458333313
vn -1.0 0.0 0.0
vt 0.291666657 0.458333313
vn -1.0 0.0 0.0
vt 0.305555552 0.458333313
vn -1.0 0.0 0.0
vt 0.319444448 0.458333313
vn -1.0 0.0 0.0
vt 0.333333343 0.458333313
vn -1.0 0.0 0.0
vt 0.347222209 0.458333313
vn -1.0 0.0 0.0
vt 0.361111104 0.458333313
vn -1.0 0.0 0.0
vt 0.375 0.458333313
vn -1.0 0.0 0.0
vt 0.388888896 0.458333313
vn -1.0 0.0 0.0
vt 0.402777791 0.458333313
vn -1.0 0.0 0.0
vt 0.416666657 0.458333313
vn -1.0 0.0 0.0
vt 0.430555552 0.458333313
vn -1.0 0.0 0.0
vt 0.444444448 0.458333313
vn -1.0 0.0 0.0
vt 0.458333343 0.458333313
vn -1.0 0.0 0.0
vt 0.472222209 0.458333313
vn -1.0 0.0 0.0
vt 0.486111104 0.458333313
vn -1.0 0.0 0.0
vt 0.5 0.458333313
vn -1.0 0.0 0.0
vt 0.513888896 0.458333313
vn -1.0 0.0 0.0
vt 0.527777791 0.458333313
vn -1.0 0.0 0.0
vt 0.541666687 0.458333313
vn -1.0 0.0 0.0
vt 0.555555582 0.458333313
vn -1.0 0.0 0.0
vt 0.569444418 0.458333313
vn -1.0 0.0 0.0
vt 0.583333313 0.458333313
vn -1.0 0.0 0.0
vt 0.597222209 0.458333313
vn -1.0 0.0 0.0
vt 0.611111104 0.458333313
vn -1.0 0.0 0.0
vt 0.625 0.458333313
vn -1.0 0.0 0.0
vt 0.638888896 0.458333313
vn -1.0 0.0 0.0
vt 0.652777791 0.458333313
vn -1.0 0.0 0.0
vt 0.666666687 0.458333313
vn -1.0 0.0 0.0
vt 0.680555582 0.458333313
vn -1.0 0.0 0.0
vt 0.694444418 0.458333313
vn -1.0 0.0 0.0
vt 0.708333313 0.458333313
vn -1.0 0.0 0.0
vt 0.722222209 0.458333313
vn -1.0 0.0 0.0
vt 0.736111104 0.458333313
vn -1.0 0.0 0.0
vt 0.75 0.458333313
vn -1.0 0.0 0.0
vt 0.763888896 0.458333313
vn -1.0 0.0 0.0
vt 0.777777791 0.458333313
vn -1.0 0.0 0.0
vt 0.791666687 0.458333313
vn -1.0 0.0 0.0
vt 0.805555582 0.458333313
vn -1.0 0.0 0.0
vt 0.819444418 0.458333313
vn -1.0 0.0 0.0
vt 0.833333313 0.458333313
vn -1.0 0.0 0.0
vt 0.847222209 0.458333313
vn -1.0 0.0 0.0
vt 0.861111104 0.458333313
vn -1.0 0.0 0.0
vt 0.875 0.458333313
vn -1.0 0.0 0.0
vt 0.888888896 0.458333313
vn -1.0 0.0 0.0
vt 0.902777791 0.458333313
vn -1.0 0.0 0.0
vt 0.916666687 0.458333313
vn -1.0 0.0 0.0
vt 0.930555582 0.458333313
vn -1.0 0.0 0.0
vt 0.944444418 0.458333313
vn -1.0 0.0 0.0
vt 0.958333313 0.458333313
vn -1.0 0.0 0.0
vt 0.972222209 0.458333313
vn -1.0 0.0 0.0
vt 0.986111104 0.458333313
vn -1.0 0.0 0.0
vt 1.0 0.458333313
vn -1.0 0.0 0.0
vt 0.0 0.472222209
vn -1.0 0.0 0.0
vt 0.013888889 0.472222209
vn -1.0 0.0 0.0
vt 0.027777778 0.472222209
vn -1.0 0.0 0.0
vt 0.0416666679 0.472222209
vn -1.0 0.0 0.0
vt 0.055555556 0.472222209
vn -1.0 0.0 0.0
vt 0.0694444478 0.472222209
vn -1.0 0.0 0.0
vt 0.0833333358 0.472222209
vn -1.0 0.0 0.0
vt 0.0972222239 0.472222209
vn -1.0 0.0 0.0
vt 0.111111112 0.472222209
vn -1.0 0.0 0.0
vt 0.125 0.472222209
vn -1.0 0.0 0.0
vt 0.138888896 0.472222209
vn -1.0 0.0 0.0
vt 0.152777776 0.472222209
vn -1.0 0.0 0.0
vt 0.166666672 0.472222209
vn -1.0 0.0 0.0
vt 0.180555552 0.472222209
vn -1.0 0.0 0.0
vt 0.194444448 0.472222209
vn -1.0 0.0 0.0
vt 0.208333328 0.472222209
vn -1.0 0.0 0.0
vt 0.222222224 0.472222209
vn -1.0 0.0 0.0
vt 0.236111104 0.472222209
vn -1.0 0.0 0.0
vt 0.25 0.472222209
vn -1.0 0.0 0.0
vt 0.263888896 0.472222209
vn -1.0 0.0 0.0
vt 0.277777791 0.472222209
vn -1.0 0.0 0.0
vt 0.291666657 0.472222209
vn -1.0 0.0 0.0
vt 0.305555552 0.472222209
vn -1.0 0.0 0.0
vt 0.319444448 0.472222209
vn -1.0 0.0 0.0
vt 0.333333343 0.472222209
vn -1.0 0.0 0.0
vt 0.347222209 0.472222209
vn -1.0 0.0 0.0
vt 0.361111104 0.472222209
vn -1.0 0.0 0.0
vt 0.375 0.472222209
vn -1.0 0.0 0.0
vt 0.388888896 0.472222209
vn -1.0 0.0 0.0
vt 0.402777791 0.472222209
vn -1.0 0.0 0.0
vt 0.416666657 0.472222209
vn -1.0 0.0 0.0
vt 0.430555552 0.472222209
vn -1.0 0.0 0.0
vt 0.444444448 0.472222209
vn -1.0 0.0 0.0
vt 0.458333343 0.472222209
vn -1.0 0.0 0.0
vt 0.472222209 0.472222209
vn -1.0 0.0 0.0
vt 0.486111104 0.472222209
vn -1.0 0.0 0.0
vt 0.5 0.472222209
vn -1.0 0.0 0.0
vt 0.513888896 0.472222209
vn -1.0 0.0 0.0
vt 0.527777791 0.472222209
vn -1.0 0.0 0.0
vt 0.541666687 0.472222209
vn -1.0 0.0 0.0
vt 0.555555582 0.472222209
vn -1.0 0.0 0.0
vt 0.569444418 0.472222209
vn -1.0 0.0 0.0
vt 0.583333313 0.472222209
vn -1.0 0.0 0.0
vt 0.597222209 0.472222209
vn -1.0 0.0 0.0
vt 0.611111104 0.472222209
vn -1.0 0.0 0.0
vt 0.625 0.472222209
vn -1.0 0.0 0.0
vt 0.638888896 0.472222209
vn -1.0 0.0 0.0
vt 0.652777791 0.472222209
vn -1.0 0.0 0.0
vt 0.666666687 0.472222209
vn -1.0 0.0 0.0
vt 0.680555582 0.472222209
vn -1.0 0.0 0.0
vt 0.694444418 0.472222209
vn -1.0 0.0 0.0
vt 0.708333313 0.472222209
vn -1.0 0.0 0.0
vt 0.722222209 0.472222209
vn -1.0 0.0 0.0
vt 0.736111104 0.472222209
vn -1.0 0.0 0.0
vt 0.75 0.472222209
vn -1.0 0.0 0.0
vt 0.763888896 0.472222209
vn -1.0 0.0 0.0
vt 0.777777791 0.472222209
vn -1.0 0.0 0.0
vt 0.791666687 0.472222209
vn -1.0 0.0 0.0
vt 0.805555582 0.472222209
vn -1.0 0.0 0.0
vt 0.819444418 0.472222209
vn -1.0 0.0 0.0
vt 0.833333313 0.472222209
vn -1.0 0.0 0.0
vt 0.847222209 0.472222209
vn -1.0 0.0 0.0
vt 0.861111104 0.472222209
vn -1.0 0.0 0.0
vt 0.875 0.472222209
vn -1.0 0.0 0.0
vt 0.888888896 0.472222209
vn -1.0 0.0 0.0
vt 0.902777791 0.472222209
vn -1.0 0.0 0.0
vt 0.916666687 0.472222209
vn -1.0 0.0 0.0
vt 0.930555582 0.472222209
vn -1.0 0.0 0.0
vt 0.944444418 0.472222209
vn -1.0 0.0 0.0
vt 0.958333313 0.472222209
vn -1.0 0.0 0.0
vt 0.972222209 0.472222209
vn -1.0 0.0 0.0
vt 0.986111104 0.472222209
vn -1.0 0.0 0.0
vt 1.0 0.472222209
vn -1.0 0.0 0.0
vt 0.0 0.486111104
vn -1.0 0.0 0.0
vt 0.013888889 0.486111104
vn -1.0 0.0 0.0
vt 0.027777778 0.486111104
vn -1.0 0.0 0.0
vt 0.0416666679 0.486111104
vn -1.0 0.0 0.0
vt 0.055555556 0.486111104
vn -1.0 0.0 0.0
vt 0.0694444478 0.486111104
vn -1.0 0.0 0.0
vt 0.0833333358 0.486111104
vn -1.0 0.0 0.0
vt 0.0972222239 0.486111104
vn -1.0 0.0 0.0
vt 0.111111112 0.486111104
vn -1.0 0.0 0.0
vt 0.125 0.486111104
vn -1.0 0.0 0.0
vt 0.138888896 0.486111104
vn -1.0 0.0 0.0
vt 0.152777776 0.486111104
vn -1.0 0.0 0.0
vt 0.166666672 0.486111104
vn -1.0 0.0 0.0
vt 0.180555552 0.486111104
vn -1.0 0.0 0.0
vt 0.194444448 0.486111104
vn -1.0 0.0 0.0
vt 0.208333328 0.486111104
vn -1.0 0.0 0.0
vt 0.222222224 0.486111104
vn -1.0 0.0 0.0
vt 0.236111104 0.486111104
vn -1.0 0.0 0.0
vt 0.25 0.486111104
vn -1.0 0.0 0.0
vt 0.263888896 0.486111104
vn -1.0 0.0 0.0
vt 0.277777791 0.486111104
vn -1.0 0.0 0.0
vt 0.291666657 0.486111104
vn -1.0 0.0 0.0
vt 0.305555552 0.486111104
vn -1.0 0.0 0.0
vt 0.319444448 0.486111104
vn -1.0 0.0 0.0
vt 0.333333343 0.486111104
vn -1.0 0.0 0.0
vt 0.347222209 0.486111104
vn -1.0 0.0 0.0
vt 0.361111104 0.486111104
vn -1.0 0.0 0.0
vt 0.375 0.486111104
vn -1.0 0.0 0.0
vt 0.388888896 0.486111104
vn -1.0 0.0 0.0
vt 0.402777791 0.486111104
vn -1.0 0.0 0.0
vt 0.416666657 0.486111104
vn -1.0 0.0 0.0
vt 0.430555552 0.486111104
vn -1.0 0.0 0.0
vt 0.444444448 0.486111104
vn -1.0 0.0 0.0
vt 0.458333343 0.486111104
vn -1.0 0.0 0.0
vt 0.472222209 0.486111104
vn -1.0 0.0 0.0
vt 0.486111104 0.486111104
vn -1.0 0.0 0.0
vt 0.5 0.486111104
vn -1.0 0.0 0.0
vt 0.513888896 0.486111104
vn -1.0 0.0 0.0
vt 0.527777791 0.486111104
vn -1.0 0.0 0.0
vt 0.541666687 0.486111104
vn -1.0 0.0 0.0
vt 0.555555582 0.486111104
vn -1.0 0.0 0.0
vt 0.569444418 0.486111104
vn -1.0 0.0 0.0
vt 0.583333313 0.486111104
vn -1.0 0.0 0.0
vt 0.597222209 0.486111104
vn -1.0 0.0 0.0
vt 0.611111104 0.486111104
vn -1.0 0.0 0.0
vt 0.625 0.486111104
vn -1.0 0.0 0.0
vt 0.638888896 0.486111104
vn -1.0 0.0 0.0
vt 0.652777791 0.486111104
vn -1.0 0.0 0.0
vt 0.666666687 0.486111104
vn -1.0 0.0 0.0
vt 0.680555582 0.486111104
vn -1.0 0.0 0.0
vt 0.694444418 0.486111104
vn -1.0 0.0 0.0
vt 0.708333313 0.486111104
vn -1.0 0.0 0.0
vt 0.722222209 0.486111104
vn -1.0 0.0 0.0
vt 0.736111104 0.486111104
vn -1.0 0.0 0.0
vt 0.75 0.486111104
vn -1.0 0.0 0.0
vt 0.763888896 0.486111104
vn -1.0 0.0 0.0
vt 0.777777791 0.486111104
vn -1.0 0.0 0.0
vt 0.791666687 0.486111104
vn -1.0 0.0 0.0
vt 0.805555582 0.486111104
vn -1.0 0.0 0.0
vt 0.819444418 0.486111104
vn -1.0 0.0 0.0
vt 0.833333313 0.486111104
vn -1.0 0.0 0.0
vt 0.847222209 0.486111104
vn -1.0 0.0 0.0
vt 0.861111104 0.486111104
vn -1.0 0.0 0.0
vt 0.875 0.486111104
vn -1.0 0.0 0.0
vt 0.888888896 0.486111104
vn -1.0 0.0 0.0
vt 0.902777791 0.486111104
vn -1.0 0.0 0.0
vt 0.916666687 0.486111104
vn -1.0 0.0 0.0
vt 0.930555582 0.486111104
vn -1.0 0.0 0.0
vt 0.944444418 0.486111104
vn -1.0 0.0 0.0
vt 0.958333313 0.486111104
vn -1.0 0.0 0.0
vt 0.972222209 0.486111104
vn -1.0 0.0 0.0
vt 0.986111104 0.486111104
vn -1.0 0.0 0.0
vt 1.0 0.486111104
vn -1.0 0.0 0.0
vt 0.0 0.5
vn -1.0 0.0 0.0
vt 0.013888889 0.5
vn -1.0 0.0 0.0
vt 0.027777778 0.5
vn -1.0 0.0 0.0
vt 0.0416666679 0.5
vn -1.0 0.0 0.0
vt 0.055555556 0.5
vn -1.0 0.0 0.0
vt 0.0694444478 0.5
vn -1.0 0.0 0.0
vt 0.0833333358 0.5
vn -1.0 0.0 0.0
vt 0.0972222239 0.5
vn -1.0 0.0 0.0
vt 0.111111112 0.5
vn -1.0 0.0 0.0
vt 0.125 0.5
vn -1.0 0.0 0.0
vt 0.138888896 0.5
vn -1.0 0.0 0.0
vt 0.152777776 0.5
vn -1.0 0.0 0.0
vt 0.166666672 0.5
vn -1.0 0.0 0.0
vt 0.180555552 0.5
vn -1.0 0.0 0.0
vt 0.194444448 0.5
vn -1.0 0.0 0.0
vt 0.208333328 0.5
vn -1.0 0.0 0.0
vt 0.222222224 0.5
vn -1.0 0.0 0.0
vt 0.236111104 0.5
vn -1.0 0.0 0.0
vt 0.25 0.5
vn -1.0 0.0 0.0
vt 0.263888896 0.5
vn -1.0 0.0 0.0
vt 0.277777791 0.5
vn -1.0 0.0 0.0
vt 0.291666657 0.5
vn -1.0 0.0 0.0
vt 0.305555552 0.5
vn -1.0 0.0 0.0
vt 0.319444448 0.5
vn -1.0 0.0 0.0
vt 0.333333343 0.5
vn -1.0 0.0 0.0
vt 0.347222209 0.5
vn -1.0 0.0 0.0
vt 0.361111104 0.5
vn -1.0 0.0 0.0
vt 0.375 0.5
vn -1.0 0.0 0.0
vt 0.388888896 0.5
vn -1.0 0.0 0.0
vt 0.402777791 0.5
vn -1.0 0.0 0.0
vt 0.416666657 0.5
vn -1.0 0.0 0.0
vt 0.430555552 0.5
vn -1.0 0.0 0.0
vt 0.444444448 0.5
vn -1.0 0.0 0.0
vt 0.458333343 0.5
vn -1.0 0.0 0.0
vt 0.472222209 0.5
vn -1.0 0.0 0.0
vt 0.486111104 0.5
vn -1.0 0.0 0.0
vt 0.5 0.5
vn -1.0 0.0 0.0
vt 0.513888896 0.5
vn -1.0 0.0 0.0
vt 0.527777791 0.5
vn -1.0 0.0 0.0
vt 0.541666687 0.5
vn -1.0 0.0 0.0
vt 0.555555582 0.5
vn -1.0 0.0 0.0
vt 0.569444418 0.5
vn -1.0 0.0 0.0
vt 0.583333313 0.5
vn -1.0 0.0 0.0
vt 0.597222209 0.5
vn -1.0 0.0 0.0
vt 0.611111104 0.5
vn -1.0 0.0 0.0
vt 0.625 0.5
vn -1.0 0.0 0.0
vt 0.638888896 0.5
vn -1.0 0.0 0.0
vt 0.652777791 0.5
vn -1.0 0.0 0.0
vt 0.666666687 0.5
vn -1.0 0.0 0.0
vt 0.680555582 0.5
vn -1.0 0.0 0.0
vt 0.694444418 0.5
vn -1.0 0.0 0.0
vt 0.708333313 0.5
vn -1.0 0.0 0.0
vt 0.722222209 0.5
vn -1.0 0.0 0.0
vt 0.736111104 0.5
vn -1.0 0.0 0.0
vt 0.75 0.5
vn -1.0 0.0 0.0
vt 0.763888896 0.5
vn -1.0 0.0 0.0
vt 0.777777791 0.5
vn -1.0 0.0 0.0
vt 0.791666687 0.5
vn -1.0 0.0 0.0
vt 0.805555582 0.5
vn -1.0 0.0 0.0
vt 0.819444418 0.5
vn -1.0 0.0 0.0
vt 0.833333313 0.5
vn -1.0 0.0 0.0
vt 0.847222209 0.5
vn -1.0 0.0 0.0
vt 0.861111104 0.5
vn -1.0 0.0 0.0
vt 0.875 0.5
vn -1.0 0.0 0.0
vt 0.888888896 0.5
vn -1.0 0.0 0.0
vt 0.902777791 0.5
vn -1.0 0.0 0.0
vt 0.916666687 0.5
vn -1.0 0.0 0.0
vt 0.930555582 0.5
vn -1.0 0.0 0.0
vt 0.944444418 0.5
vn -1.0 0.0 0.0
vt 0.958333313 0.5
vn -1.0 0.0 0.0
vt 0.972222209 0.5
vn -1.0 0.0 0.0
vt 0.986111104 0.5
vn -1.0 0.0 0.0
vt 1.0 0.5
vn -1.0 0.0 0.0
vt 0.0 0.513888896
vn -1.0 0.0 0.0
vt 0.013888889 0.513888896
vn -1.0 0.0 0.0
vt 0.027777778 0.513888896
vn -1.0 0.0 0.0
vt 0.0416666679 0.513888896
vn -1.0 0.0 0.0
vt 0.055555556 0.513888896
vn -1.0 0.0 0.0
vt 0.0694444478 0.513888896
vn -1.0 0.0 0.0
vt 0.0833333358 0.513888896
vn -1.0 0.0 0.0
vt 0.0972222239 0.513888896
vn -1.0 0.0 0.0
vt 0.111111112 0.513888896
vn -1.0 0.0 0.0
vt 0.125 0.513888896
vn -1.0 0.0 0.0
vt 0.138888896 0.513888896
vn -1.0 0.0 0.0
vt 0.152777776 0.513888896
vn -1.0 0.0 0.0
vt 0.166666672 0.513888896
vn -1.0 0.0 0.0
vt 0.180555552 0.513888896
vn -1.0 0.0 0.0
vt 0.194444448 0.513888896
vn -1.0 0.0 0.0
vt 0.208333328 0.513888896
vn -1.0 0.0 0.0
vt 0.222222224 0.513888896
vn -1.0 0.0 0.0
vt 0.236111104 0.513888896
vn -1.0 0.0 0.0
vt 0.25 0.513888896
vn -1.0 0.0 0.0
vt 0.263888896 0.513888896
vn -1.0 0.0 0.0
vt 0.277777791 0.513888896
vn -1.0 0.0 0.0
vt 0.291666657 0.513888896
vn -1.0 0.0 0.0
vt 0.305555552 0.513888896
vn -1.0 0.0 0.0
vt 0.319444448 0.513888896
vn -1.0 0.0 0.0
vt 0.333333343 0.513888896
vn -1.0 0.0 0.0
vt 0.347222209 0.513888896
vn -1.0 0.0 0.0
vt 0.361111104 0.513888896
vn -1.0 0.0 0.0
vt 0.375 0.513888896
vn -1.0 0.0 0.0
vt 0.388888896 0.513888896
vn -1.0 0.0 0.0
vt 0.402777791 0.513888896
vn -1.0 0.0 0.0
vt 0.416666657 0.513888896
vn -1.0 0.0 0.0
vt 0.430555552 0.513888896
vn -1.0 0.0 0.0
vt 0.444444448 0.513888896
vn -1.0 0.0 0.0
vt 0.458333343 0.513888896
vn -1.0 0.0 0.0
vt 0.472222209 0.513888896
vn -1.0 0.0 0.0
vt 0.486111104 0.513888896
vn -1.0 0.0 0.0
vt 0.5 0.513888896
vn -1.0 0.0 0.0
vt 0.513888896 0.513888896
vn -1.0 0.0 0.0
vt 0.527777791 0.513888896
vn -1.0 0.0 0.0
vt 0.541666687 0.513888896
vn -1.0 0.0 0.0
vt 0.555555582 0.513888896
vn -1.0 0.0 0.0
vt 0.569444418 0.513888896
vn -1.0 0.0 0.0
vt 0.583333313 0.513888896
vn -1.0 0.0 0.0
vt 0.597222209 0.513888896
vn -1.0 0.0 0.0
vt 0.611111104 0.513888896
vn -1.0 0.0 0.0
vt 0.625 0.513888896
vn -1.0 0.0 0.0
vt 0.638888896 0.513888896
vn -1.0 0.0 0.0
vt 0.652777791 0.513888896
vn -1.0 0.0 0.0
vt 0.666666687 0.513888896
vn -1.0 0.0 0.0
vt 0.680555582 0.513888896
vn -1.0 0.0 0.0
vt 0.694444418 0.513888896
vn -1.0 0.0 0.0
vt 0.708333313 0.513888896
vn -1.0 0.0 0.0
vt 0.722222209 0.513888896
vn -1.0 0.0 0.0
vt 0.736111104 0.513888896
vn -1.0 0.0 0.0
vt 0.75 0.513888896
vn -1.0 0.0 0.0
vt 0.763888896 0.513888896
vn -1.0 0.0 0.0
vt 0.777777791 0.513888896
vn -1.0 0.0 0.0
vt 0.791666687 0.513888896
vn -1.0 0.0 0.0
vt 0.805555582 0.513888896
vn -1.0 0.0 0.0
vt 0.819444418 0.513888896
vn -1.0 0.0 0.0
vt 0.833333313 0.513888896
vn -1.0 0.0 0.0
vt 0.847222209 0.513888896
vn -1.0 0.0 0.0
vt 0.861111104 0.513888896
vn -1.0 0.0 0.0
vt 0.875 0.513888896
vn -1.0 0.0 0.0
vt 0.888888896 0.513888896
vn -1.0 0.0 0.0
vt 0.902777791 0.513888896
vn -1.0 0.0 0.0
vt 0.916666687 0.513888896
vn -1.0 0.0 0.0
vt 0.930555582 0.513888896
vn -1.0 0.0 0.0
vt 0.944444418 0.513888896
vn -1.0 0.0 0.0
vt 0.958333313 0.513888896
vn -1.0 0.0 0.0
vt 0.972222209 0.513888896
vn -1.0 0.0 0.0
vt 0.986111104 0.513888896
vn -1.0 0.0 0.0
vt 1.0 0.513888896
vn -1.0 0.0 0.0
vt 0.0 0.527777791
vn -1.0 0.0 0.0
vt 0.013888889 0.527777791
vn -1.0 0.0 0.0
vt 0.027777778 0.527777791
vn -1.0 0.0 0.0
vt 0.0416666679 0.527777791
vn -1.0 0.0 0.0
vt 0.055555556 0.527777791
vn -1.0 0.0 0.0
vt 0.0694444478 0.527777791
vn -1.0 0.0 0.0
vt 0.0833333358 0.527777791
vn -1.0 0.0 0.0
vt 0.0972222239 0.527777791
vn -1.0 0.0 0.0
vt 0.111111112 0.527777791
vn -1.0 0.0 0.0
vt 0.125 0.527777791
vn -1.0 0.0 0.0
vt 0.138888896 0.527777791
vn -1.0 0.0 0.0
vt 0.152777776 0.527777791
vn -1.0 0.0 0.0
vt 0.166666672 0.527777791
vn -1.0 0.0 0.0
vt 0.180555552 0.527777791
vn -1.0 0.0 0.0
vt 0.194444448 0.527777791
vn -1.0 0.0 0.0
vt 0.208333328 0.527777791
vn -1.0 0.0 0.0
vt 0.222222224 0.527777791
vn -1.0 0.0 0.0
vt 0.236111104 0.527777791
vn -1.0 0.0 0.0
vt 0.25 0.527777791
vn -1.0 0.0 0.0
vt 0.263888896 0.527777791
vn -1.0 0.0 0.0
vt 0.277777791 0.527777791
vn -1.0 0.0 0.0
vt 0.291666657 0.527777791
vn -1.0 0.0 0.0
vt 0.305555552 0.527777791
vn -1.0 0.0 0.0
vt 0.319444448 0.527777791
vn -1.0 0.0 0.0
vt 0.333333343 0.527777791
vn -1.0 0.0 0.0
vt 0.347222209 0.527777791
vn -1.0 0.0 0.0
vt 0.361111104 0.527777791
vn -1.0 0.0 0.0
vt 0.375 0.527777791
vn -1.0 0.0 0.0
vt 0.388888896 0.527777791
vn -1.0 0.0 0.0
vt 0.402777791 0.527777791
vn -1.0 0.0 0.0
vt 0.416666657 0.527777791
vn -1.0 0.0 0.0
vt 0.430555552 0.527777791
vn -1.0 0.0 0.0
vt 0.444444448 0.527777791
vn -1.0 0.0 0.0
vt 0.458333343 0.527777791
vn -1.0 0.0 0.0
vt 0.472222209 0.527777791
vn -1.0 0.0 0.0
vt 0.486111104 0.527777791
vn -1.0 0.0 0.0
vt 0.5 0.527777791
vn -1.0 0.0 0.0
vt 0.513888896 0.527777791
vn -1.0 0.0 0.0
vt 0.527777791 0.527777791
vn -1.0 0.0 0.0
vt 0.541666687 0.527777791
vn -1.0 0.0 0.0
vt 0.555555582 0.527777791
vn -1.0 0.0 0.0
vt 0.569444418 0.527777791
vn -1.0 0.0 0.0
vt 0.583333313 0.527777791
vn -1.0 0.0 0.0
vt 0.597222209 0.527777791
vn -1.0 0.0 0.0
vt 0.611111104 0.527777791
vn -1.0 0.0 0.0
vt 0.625 0.527777791
vn -1.0 0.0 0.0
vt 0.638888896 0.527777791
vn -1.0 0.0 0.0
vt 0.652777791 0.527777791
vn -1.0 0.0 0.0
vt 0.666666687 0.527777791
vn -1.0 0.0 0.0
vt 0.680555582 0.527777791
vn -1.0 0.0 0.0
vt 0.694444418 0.527777791
vn -1.0 0.0 0.0
vt 0.708333313 0.527777791
vn -1.0 0.0 0.0
vt 0.722222209 0.527777791
vn -1.0 0.0 0.0
vt 0.736111104 0.527777791
vn -1.0 0.0 0.0
vt 0.75 0.527777791
vn -1.0 0.0 0.0
vt 0.763888896 0.527777791
vn -1.0 0.0 0.0
vt 0.777777791 0.527777791
vn -1.0 0.0 0.0
vt 0.791666687 0.527777791
vn -1.0 0.0 0.0
vt 0.805555582 0.527777791
vn -1.0 0.0 0.0
vt 0.819444418 0.527777791
vn -1.0 0.0 0.0
vt 0.833333313 0.527777791
vn -1.0 0.0 0.0
vt 0.847222209 0.527777791
vn -1.0 0.0 0.0
vt 0.861111104 0.527777791
vn -1.0 0.0 0.0
vt 0.875 0.527777791
vn -1.0 0.0 0.0
vt 0.888888896 0.527777791
vn -1.0 0.0 0.0
vt 0.902777791 0.527777791
vn -1.0 0.0 0.0
vt 0.916666687 0.527777791
vn -1.0 0.0 0.0
vt 0.930555582 0.527777791
vn -1.0 0.0 0.0
vt 0.944444418 0.527777791
vn -1.0 0.0 0.0
vt 0.958333313 0.527777791
vn -1.0 0.0 0.0
vt 0.972222209 0.527777791
vn -1.0 0.0 0.0
vt 0.986111104 0.527777791
vn -1.0 0.0 0.0
vt 1.0 0.527777791
vn -1.0 0.0 0.0
vt 0.0 0.541666657
vn -1.0 0.0 0.0
vt 0.013888889 0.541666657
vn -1.0 0.0 0.0
vt 0.027777778 0.541666657
vn -1.0 0.0 0.0
vt 0.0416666679 0.541666657
vn -1.0 0.0 0.0
vt 0.055555556 0.541666657
vn -1.0 0.0 0.0
vt 0.0694444478 0.541666657
vn -1.0 0.0 0.0
vt 0.0833333358 0.541666657
vn -1.0 0.0 0.0
vt 0.0972222239 0.541666657
vn -1.0 0.0 0.0
vt 0.111111112 0.541666657
vn -1.0 0.0 0.0
vt 0.125 0.541666657
vn -1.0 0.0 0.0
vt 0.138888896 0.541666657
vn -1.0 0.0 0.0
vt 0.152777776 0.541666657
vn -1.0 0.0 0.0
vt 0.166666672 0.541666657
vn -1.0 0.0 0.0
vt 0.180555552 0.541666657
vn -1.0 0.0 0.0
vt 0.194444448 0.541666657
vn -1.0 0.0 0.0
vt 0.208333328 0.541666657
vn -1.0 0.0 0.0
vt 0.222222224 0.541666657
vn -1.0 0.0 0.0
vt 0.236111104 0.541666657
vn -1.0 0.0 0.0
vt 0.25 0.541666657
vn -1.0 0.0 0.0
vt 0.263888896 0.541666657
vn -1.0 0.0 0.0
vt 0.277777791 0.541666657
vn -1.0 0.0 0.0
vt 0.291666657 0.541666657
vn -1.0 0.0 0.0
vt 0.305555552 0.541666657
vn -1.0 0.0 0.0
vt 0.319444448 0.541666657
vn -1.0 0.0 0.0
vt 0.333333343 0.541666657
vn -1.0 0.0 0.0
vt 0.347222209 0.541666657
vn -1.0 0.0 0.0
vt 0.361111104 0.541666657
vn -1.0 0.0 0.0
vt 0.375 0.541666657
vn -1.0 0.0 0.0
vt 0.388888896 0.541666657
vn -1.0 0.0 0.0
vt 0.402777791 0.541666657
vn -1.0 0.0 0.0
vt 0.416666657 0.541666657
vn -1.0 0.0 0.0
vt 0.430555552 0.541666657
vn -1.0 0.0 0.0
vt 0.444444448 0.541666657
vn -1.0 0.0 0.0
vt 0.458333343 0.541666657
vn -1.0 0.0 0.0
vt 0.472222209 0.541666657
vn -1.0 0.0 0.0
vt 0.486111104 0.541666657
vn -1.0 0.0 0.0
vt 0.5 0.541666657
vn -1.0 0.0 0.0
vt 0.513888896 0.541666657
vn -1.0 0.0 0.0
vt 0.527777791 0.541666657
vn -1.0 0.0 0.0
vt 0.541666687 0.541666657
vn -1.0 0.0 0.0
vt 0.555555582 0.541666657
vn -1.0 0.0 0.0
vt 0.569444418 0.541666657
vn -1.0 0.0 0.0
vt 0.583333313 0.541666657
vn -1.0 0.0 0.0
vt 0.597222209 0.541666657
vn -1.0 0.0 0.0
vt 0.611111104 0.541666657
vn -1.0 0.0 0.0
vt 0.625 0.541666657
vn -1.0 0.0 0.0
vt 0.638888896 0.541666657
vn -1.0 0.0 0.0
vt 0.652777791 0.541666657
vn -1.0 0.0 0.0
vt 0.666666687 0.541666657
vn -1.0 0.0 0.0
vt 0.680555582 0.541666657
vn -1.0 0.0 0.0
vt 0.694444418 0.541666657
vn -1.0 0.0 0.0
vt 0.708333313 0.541666657
vn -1.0 0.0 0.0
vt 0.722222209 0.541666657
vn -1.0 0.0 0.0
vt 0.736111104 0.541666657
vn -1.0 0.0 0.0
vt 0.75 0.541666657
vn -1.0 0.0 0.0
vt 0.763888896 0.541666657
vn -1.0 0.0 0.0
vt 0.777777791 0.541666657
vn -1.0 0.0 0.0
vt 0.791666687 0.541666657
vn -1.0 0.0 0.0
vt 0.805555582 0.541666657
vn -1.0 0.0 0.0
vt 0.819444418 0.541666657
vn -1.0 0.0 0.0
vt 0.833333313 0.541666657
vn -1.0 0.0 0.0
vt 0.847222209 0.541666657
vn -1.0 0.0 0.0
vt 0.861111104 0.541666657
vn -1.0 0.0 0.0
vt 0.875 0.541666657
vn -1.0 0.0 0.0
vt 0.888888896 0.541666657
vn -1.0 0.0 0.0
vt 0.902777791 0.541666657
vn -1.0 0.0 0.0
vt 0.916666687 0.541666657
vn -1.0 0.0 0.0
vt 0.930555582 0.541666657
vn -1.0 0.0 0.0
vt 0.944444418 0.541666657
vn -1.0 0.0 0.0
vt 0.958333313 0.541666657
vn -1.0 0.0 0.0
vt 0.972222209 0.541666657
vn -1.0 0.0 0.0
vt 0.986111104 0.541666657
vn -1.0 0.0 0.0
vt 1.0 0.541666657
vn -1.0 0.0 0.0
vt 0.0 0.555555552
vn -1.0 0.0 0.0
vt 0.013888889 0.555555552
vn -1.0 0.0 0.0
vt 0.027777778 0.555555552
vn -1.0 0.0 0.0
vt 0.0416666679 0.555555552
vn -1.0 0.0 0.0
vt 0.055555556 0.555555552
vn -1.0 0.0 0.0
vt 0.0694444478 0.555555552
vn -1.0 0.0 0.0
vt 0.0833333358 0.555555552
vn -1.0 0.0 0.0
vt 0.0972222239 0.555555552
vn -1.0 0.0 0.0
vt 0.111111112 0.555555552
vn -1.0 0.0 0.0
vt 0.125 0.555555552
vn -1.0 0.0 0.0
vt 0.138888896 0.555555552
vn -1.0 0.0 0.0
vt 0.152777776 0.555555552
vn -1.0 0.0 0.0
vt 0.166666672 0.555555552
vn -1.0 0.0 0.0
vt 0.180555552 0.555555552
vn -1.0 0.0 0.0
vt 0.194444448 0.555555552
vn -1.0 0.0 0.0
vt 0.208333328 0.555555552
vn -1.0 0.0 0.0
vt 0.222222224 0.555555552
vn -1.0 0.0 0.0
vt 0.236111104 0.555555552
vn -1.0 0.0 0.0
vt 0.25 0.555555552
vn -1.0 0.0 0.0
vt 0.263888896 0.555555552
vn -1.0 0.0 0.0
vt 0.277777791 0.555555552
vn -1.0 0.0 0.0
vt 0.291666657 0.555555552
vn -1.0 0.0 0.0
vt 0.305555552 0.555555552
vn -1.0 0.0 0.0
vt 0.319444448 0.555555552
vn -1.0 0.0 0.0
vt 0.333333343 0.555555552
vn -1.0 0.0 0.0
vt 0.347222209 0.555555552
vn -1.0 0.0 0.0
vt 0.361111104 0.555555552
vn -1.0 0.0 0.0
vt 0.375 0.555555552
vn -1.0 0.0 0.0
vt 0.388888896 0.555555552
vn -1.0 0.0 0.0
vt 0.402777791 0.555555552
vn -1.0 0.0 0.0
vt 0.416666657 0.555555552
vn -1.0 0.0 0.0
vt 0.430555552 0.555555552
vn -1.0 0.0 0.0
vt 0.444444448 0.555555552
vn -1.0 0.0 0.0
vt 0.458333343 0.555555552
vn -1.0 0.0 0.0
vt 0.472222209 0.555555552
vn -1.0 0.0 0.0
vt 0.486111104 0.555555552
vn -1.0 0.0 0.0
vt 0.5 0.555555552
vn -1.0 0.0 0.0
vt 0.513888896 0.555555552
vn -1.0 0.0 0.0
vt 0.527777791 0.555555552
vn -1.0 0.0 0.0
vt 0.541666687 0.555555552
vn -1.0 0.0 0.0
vt 0.555555582 0.555555552
vn -1.0 0.0 0.0
vt 0.569444418 0.555555552
vn -1.0 0.0 0.0
vt 0.583333313 0.555555552
vn -1.0 0.0 0.0
vt 0.597222209 0.555555552
vn -1.0 0.0 0.0
vt 0.611111104 0.555555552
vn -1.0 0.0 0.0
vt 0.625 0.555555552
vn -1.0 0.0 0.0
vt 0.638888896 0.555555552
vn -1.0 0.0 0.0
vt 0.652777791 0.555555552
vn -1.0 0.0 0.0
vt 0.666666687 0.555555552
vn -1.0 0.0 0.0
vt 0.680555582 0.555555552
vn -1.0 0.0 0.0
vt 0.694444418 0.555555552
vn -1.0 0.0 0.0
vt 0.708333313 0.555555552
vn -1.0 0.0 0.0
vt 0.722222209 0.555555552
vn -1.0 0.0 0.0
vt 0.736111104 0.555555552
vn -1.0 0.0 0.0
vt 0.75 0.555555552
vn -1.0 0.0 0.0
vt 0.763888896 0.555555552
vn -1.0 0.0 0.0
vt 0.777777791 0.555555552
vn -1.0 0.0 0.0
vt 0.791666687 0.555555552
vn -1.0 0.0 0.0
vt 0.805555582 0.555555552
vn -1.0 0.0 0.0
vt 0.819444418 0.555555552
vn -1.0 0.0 0.0
vt 0.833333313 0.555555552
vn -1.0 0.0 0.0
vt 0.847222209 0.555555552
vn -1.0 0.0 0.0
vt 0.861111104 0.555555552
vn -1.0 0.0 0.0
vt 0.875 0.555555552
vn -1.0 0.0 0.0
vt 0.888888896 0.555555552
vn -1.0 0.0 0.0
vt 0.902777791 0.555555552
vn -1.0 0.0 0.0
vt 0.916666687 0.555555552
vn -1.0 0.0 0.0
vt 0.930555582 0.555555552
vn -1.0 0.0 0.0
vt 0.944444418 0.555555552
vn -1.0 0.0 0.0
vt 0.958333313 0.555555552
vn -1.0 0.0 0.0
vt 0.972222209 0.555555552
vn -1.0 0.0 0.0
vt 0.986111104 0.555555552
vn -1.0 0.0 0.0
vt 1.0 0.555555552
vn -1.0 0.0 0.0
vt 0.0 0.569444448
vn -1.0 0.0 0.0
vt 0.013888889 0.569444448
vn -1.0 0.0 0.0
vt 0.027777778 0.569444448
vn -1.0 0.0 0.0
vt 0.0416666679 0.569444448
vn -1.0 0.0 0.0
vt 0.055555556 0.569444448
vn -1.0 0.0 0.0
vt 0.0694444478 0.569444448
vn -1.0 0.0 0.0
vt 0.0833333358 0.569444448
vn -1.0 0.0 0.0
vt 0.0972222239 0.569444448
vn -1.0 0.0 0.0
vt 0.111111112 0.569444448
vn -1.0 0.0 0.0
vt 0.125 0.569444448
vn -1.0 0.0 0.0
vt 0.138888896 0.569444448
vn -1.0 0.0 0.0
vt 0.152777776 0.569444448
vn -1.0 0.0 0.0
vt 0.166666672 0.569444448
vn -1.0 0.0 0.0
vt 0.180555552 0.569444448
vn -1.0 0.0 0.0
vt 0.194444448 0.569444448
vn -1.0 0.0 0.0
vt 0.208333328 0.569444448
vn -1.0 0.0 0.0
vt 0.222222224 0.569444448
vn -1.0 0.0 0.0
vt 0.236111104 0.569444448
vn -1.0 0.0 0.0
vt 0.25 0.569444448
vn -1.0 0.0 0.0
vt 0.263888896 0.569444448
vn -1.0 0.0 0.0
vt 0.277777791 0.569444448
vn -1.0 0.0 0.0
vt 0.291666657 0.569444448
vn -1.0 0.0 0.0
vt 0.305555552 0.569444448
vn -1.0 0.0 0.0
vt 0.319444448 0.569444448
vn -1.0 0.0 0.0
vt 0.333333343 0.569444448
vn -1.0 0.0 0.0
vt 0.347222209 0.569444448
vn -1.0 0.0 0.0
vt 0.361111104 0.569444448
vn -1.0 0.0 0.0
vt 0.375 0.569444448
vn -1.0 0.0 0.0
vt 0.388888896 0.569444448
vn -1.0 0.0 0.0
vt 0.402777791 0.569444448
vn -1.0 0.0 0.0
vt 0.416666657 0.569444448
vn -1.0 0.0 0.0
vt 0.430555552 0.569444448
vn -1.0 0.0 0.0
vt 0.444444448 0.569444448
vn -1.0 0.0 0.0
vt 0.458333343 0.569444448
vn -1.0 0.0 0.0
vt 0.472222209 0.569444448
vn -1.0 0.0 0.0
vt 0.486111104 0.569444448
vn -1.0 0.0 0.0
vt 0.5 0.569444448
vn -1.0 0.0 0.0
vt 0.513888896 0.569444448
vn -1.0 0.0 0.0
vt 0.527777791 0.569444448
vn -1.0 0.0 0.0
vt 0.541666687 0.569444448
vn -1.0 0.0 0.0
vt 0.555555582 0.569444448
vn -1.0 0.0 0.0
vt 0.569444418 0.569444448
vn -1.0 0.0 0.0
vt 0.583333313 0.569444448
vn -1.0 0.0 0.0
vt 0.597222209 0.569444448
vn -1.0 0.0 0.0
vt 0.611111104 0.569444448
vn -1.0 0.0 0.0
vt 0.625 0.569444448
vn -1.0 0.0 0.0
vt 0.638888896 0.569444448
vn -1.0 0.0 0.0
vt 0.652777791 0.569444448
vn -1.0 0.0 0.0
vt 0.666666687 0.569444448
vn -1.0 0.0 0.0
vt 0.680555582 0.569444448
vn -1.0 0.0 0.0
vt 0.694444418 0.569444448
vn -1.0 0.0 0.0
vt 0.708333313 0.569444448
vn -1.0 0.0 0.0
vt 0.722222209 0.569444448
vn -1.0 0.0 0.0
vt 0.736111104 0.569444448
vn -1.0 0.0 0.0
vt 0.75 0.569444448
vn -1.0 0.0 0.0
vt 0.763888896 0.569444448
vn -1.0 0.0 0.0
vt 0.777777791 0.569444448
vn -1.0 0.0 0.0
vt 0.791666687 0.569444448
vn -1.0 0.0 0.0
vt 0.805555582 0.569444448
vn -1.0 0.0 0.0
vt 0.819444418 0.569444448
vn -1.0 0.0 0.0
vt 0.833333313 0.569444448
vn -1.0 0.0 0.0
vt 0.847222209 0.569444448
vn -1.0 0.0 0.0
vt 0.861111104 0.569444448
vn -1.0 0.0 0.0
vt 0.875 0.569444448
vn -1.0 0.0 0.0
vt 0.888888896 0.569444448
vn -1.0 0.0 0.0
vt 0.902777791 0.569444448
vn -1.0 0.0 0.0
vt 0.916666687 0.569444448
vn -1.0 0.0 0.0
vt 0.930555582 0.569444448
vn -1.0 0.0 0.0
vt 0.944444418 0.569444448
vn -1.0 0.0 0.0
vt 0.958333313 0.569444448
vn -1.0 0.0 0.0
vt 0.972222209 0.569444448
vn -1.0 0.0 0.0
vt 0.986111104 0.569444448
vn -1.0 0.0 0.0
vt 1.0 0.569444448
vn -1.0 0.0 0.0
vt 0.0 0.583333343
vn -1.0 0.0 0.0
vt 0.013888889 0.583333343
vn -1.0 0.0 0.0
vt 0.027777778 0.583333343
vn -1.0 0.0 0.0
vt 0.0416666679 0.583333343
vn -1.0 0.0 0.0
vt 0.055555556 0.583333343
vn -1.0 0.0 0.0
vt 0.0694444478 0.583333343
vn -1.0 0.0 0.0
vt 0.0833333358 0.583333343
vn -1.0 0.0 0.0
vt 0.0972222239 0.583333343
vn -1.0 0.0 0.0
vt 0.111111112 0.583333343
vn -1.0 0.0 0.0
vt 0.125 0.583333343
vn -1.0 0.0 0.0
vt 0.138888896 0.583333343
vn -1.0 0.0 0.0
vt 0.152777776 0.583333343
vn -1.0 0.0 0.0
vt 0.166666672 0.583333343
vn -1.0 0.0 0.0
vt 0.180555552 0.583333343
vn -1.0 0.0 0.0
vt 0.194444448 0.583333343
vn -1.0 0.0 0.0
vt 0.208333328 0.583333343
vn -1.0 0.0 0.0
vt 0.222222224 0.583333343
vn -1.0 0.0 0.0
vt 0.236111104 0.583333343
vn -1.0 0.0 0.0
vt 0.25 0.583333343
vn -1.0 0.0 0.0
vt 0.263888896 0.583333343
vn -1.0 0.0 0.0
vt 0.277777791 0.583333343
vn -1.0 0.0 0.0
vt 0.291666657 0.583333343
vn -1.0 0.0 0.0
vt 0.305555552 0.583333343
vn -1.0 0.0 0.0
vt 0.319444448 0.583333343
vn -1.0 0.0 0.0
vt 0.333333343 0.583333343
vn -1.0 0.0 0.0
vt 0.347222209 0.583333343
vn -1.0 0.0 0.0
vt 0.361111104 0.583333343
vn -1.0 0.0 0.0
vt 0.375 0.583333343
vn -1.0 0.0 0.0
vt 0.388888896 0.583333343
vn -1.0 0.0 0.0
vt 0.402777791 0.583333343
vn -1.0 0.0 0.0
vt 0.416666657 0.583333343
vn -1.0 0.0 0.0
vt 0.430555552 0.583333343
vn -1.0 0.0 0.0
vt 0.444444448 0.583333343
vn -1.0 0.0 0.0
vt 0.458333343 0.583333343
vn -1.0 0.0 0.0
vt 0.472222209 0.583333343
vn -1.0 0.0 0.0
vt 0.486111104 0.583333343
vn -1.0 0.0 0.0
vt 0.5 0.583333343
vn -1.0 0.0 0.0
vt 0.513888896 0.583333343
vn -1.0 0.0 0.0
vt 0.527777791 0.583333343
vn -1.0 0.0 0.0
vt 0.541666687 0.583333343
vn -1.0 0.0 0.0
vt 0.555555582 0.583333343
vn -1.0 0.0 0.0
vt 0.569444418 0.583333343
vn -1.0 0.0 0.0
vt 0.583333313 0.583333343
vn -1.0 0.0 0.0
vt 0.597222209 0.583333343
vn -1.0 0.0 0.0
vt 0.611111104 0.583333343
vn -1.0 0.0 0.0
vt 0.625 0.583333343
vn -1.0 0.0 0.0
vt 0.638888896 0.583333343
vn -1.0 0.0 0.0
vt 0.652777791 0.583333343
vn -1.0 0.0 0.0
vt 0.666666687 0.583333343
vn -1.0 0.0 0.0
vt 0.680555582 0.583333343
vn -1.0 0.0 0.0
vt 0.694444418 0.583333343
vn -1.0 0.0 0.0
vt 0.708333313 0.583333343
vn -1.0 0.0 0.0
vt 0.722222209 0.583333343
vn -1.0 0.0 0.0
vt 0.736111104 0.583333343
vn -1.0 0.0 0.0
vt 0.75 0.583333343
vn -1.0 0.0 0.0
vt 0.763888896 0.583333343
vn -1.0 0.0 0.0
vt 0.777777791 0.583333343
vn -1.0 0.0 0.0
vt 0.791666687 0.583333343
vn -1.0 0.0 0.0
vt 0.805555582 0.583333343
vn -1.0 0.0 0.0
vt 0.819444418 0.583333343
vn -1.0 0.0 0.0
vt 0.833333313 0.583333343
vn -1.0 0.0 0.0
vt 0.847222209 0.583333343
vn -1.0 0.0 0.0
vt 0.861111104 0.583333343
vn -1.0 0.0 0.0
vt 0.875 0.583333343
vn -1.0 0.0 0.0
vt 0.888888896 0.583333343
vn -1.0 0.0 0.0
vt 0.902777791 0.583333343
vn -1.0 0.0 0.0
vt 0.916666687 0.583333343
vn -1.0 0.0 0.0
vt 0.930555582 0.583333343
vn -1.0 0.0 0.0
vt 0.944444418 0.583333343
vn -1.0 0.0 0.0
vt 0.958333313 0.583333343
vn -1.0 0.0 0.0
vt 0.972222209 0.583333343
vn -1.0 0.0 0.0
vt 0.986111104 0.583333343
vn -1.0 0.0 0.0
vt 1.0 0.583333343
vn -1.0 0.0 0.0
vt 0.0 0.597222209
vn -1.0 0.0 0.0
vt 0.013888889 0.597222209
vn -1.0 0.0 0.0
vt 0.027777778 0.597222209
vn -1.0 0.0 0.0
vt 0.0416666679 0.597222209
vn -1.0 0.0 0.0
vt 0.055555556 0.597222209
vn -1.0 0.0 0.0
vt 0.0694444478 0.597222209
vn -1.0 0.0 0.0
vt 0.0833333358 0.597222209
vn -1.0 0.0 0.0
vt 0.0972222239 0.597222209
vn -1.0 0.0 0.0
vt 0.111111112 0.597222209
vn -1.0 0.0 0.0
vt 0.125 0.597222209
vn -1.0 0.0 0.0
vt 0.138888896 0.597222209
vn -1.0 0.0 0.0
vt 0.152777776 0.597222209
vn -1.0 0.0 0.0
vt 0.166666672 0.597222209
vn -1.0 0.0 0.0
vt 0.180555552 0.597222209
vn -1.0 0.0 0.0
vt 0.194444448 0.597222209
vn -1.0 0.0 0.0
vt 0.208333328 0.597222209
vn -1.0 0.0 0.0
vt 0.222222224 0.597222209
vn -1.0 0.0 0.0
vt 0.236111104 0.597222209
vn -1.0 0.0 0.0
vt 0.25 0.597222209
vn -1.0 0.0 0.0
vt 0.263888896 0.597222209
vn -1.0 0.0 0.0
vt 0.277777791 0.597222209
vn -1.0 0.0 0.0
vt 0.291666657 0.597222209
vn -1.0 0.0 0.0
vt 0.305555552 0.597222209
vn -1.0 0.0 0.0
vt 0.319444448 0.597222209
vn -1.0 0.0 0.0
vt 0.333333343 0.597222209
vn -1.0 0.0 0.0
vt 0.347222209 0.597222209
vn -1.0 0.0 0.0
vt 0.361111104 0.597222209
vn -1.0 0.0 0.0
vt 0.375 0.597222209
vn -1.0 0.0 0.0
vt 0.388888896 0.597222209
vn -1.0 0.0 0.0
vt 0.402777791 0.597222209
vn -1.0 0.0 0.0
vt 0.416666657 0.597222209
vn -1.0 0.0 0.0
vt 0.430555552 0.597222209
vn -1.0 0.0 0.0
vt 0.444444448 0.597222209
vn -1.0 0.0 0.0
vt 0.458333343 0.597222209
vn -1.0 0.0 0.0
vt 0.472222209 0.597222209
vn -1.0 0.0 0.0
vt 0.486111104 0.597222209
vn -1.0 0.0 0.0
vt 0.5 0.597222209
vn -1.0 0.0 0.0
vt 0.513888896 0.597222209
vn -1.0 0.0 0.0
vt 0.527777791 0.597222209
vn -1.0 0.0 0.0
vt 0.541666687 0.597222209
vn -1.0 0.0 0.0
vt 0.555555582 0.597222209
vn -1.0 0.0 0.0
vt 0.569444418 0.597222209
vn -1.0 0.0 0.0
vt 0.583333313 0.597222209
vn -1.0 0.0 0.0
vt 0.597222209 0.597222209
vn -1.0 0.0 0.0
vt 0.611111104 0.597222209
vn -1.0 0.0 0.0
vt 0.625 0.597222209
vn -1.0 0.0 0.0
vt 0.638888896 0.597222209
vn -1.0 0.0 0.0
vt 0.652777791 0.597222209
vn -1.0 0.0 0.0
vt 0.666666687 0.597222209
vn -1.0 0.0 0.0
vt 0.680555582 0.597222209
vn -1.0 0.0 0.0
vt 0.694444418 0.597222209
vn -1.0 0.0 0.0
vt 0.708333313 0.597222209
vn -1.0 0.0 0.0
vt 0.722222209 0.597222209
vn -1.0 0.0 0.0
vt 0.736111104 0.597222209
vn -1.0 0.0 0.0
vt 0.75 0.597222209
vn -1.0 0.0 0.0
vt 0.763888896 0.597222209
vn -1.0 0.0 0.0
vt 0.777777791 0.597222209
vn -1.0 0.0 0.0
vt 0.791666687 0.597222209
vn -1.0 0.0 0.0
vt 0.805555582 0.597222209
vn -1.0 0.0 0.0
vt 0.819444418 0.597222209
vn -1.0 0.0 0.0
vt 0.833333313 0.597222209
vn -1.0 0.0 0.0
vt 0.847222209 0.597222209
vn -1.0 0.0 0.0
vt 0.861111104 0.597222209
vn -1.0 0.0 0.0
vt 0.875 0.597222209
vn -1.0 0.0 0.0
vt 0.888888896 0.597222209
vn -1.0 0.0 0.0
vt 0.902777791 0.597222209
vn -1.0 0.0 0.0
vt 0.916666687 0.597222209
vn -1.0 0.0 0.0
vt 0.930555582 0.597222209
vn -1.0 0.0 0.0
vt 0.944444418 0.597222209
vn -1.0 0.0 0.0
vt 0.958333313 0.597222209
vn -1.0 0.0 0.0
vt 0.972222209 0.597222209
vn -1.0 0.0 0.0
vt 0.986111104 0.597222209
vn -1.0 0.0 0.0
vt 1.0 0.597222209
vn -1.0 0.0 0.0
vt 0.0 0.611111104
vn -1.0 0.0 0.0
vt 0.013888889 0.611111104
vn -1.0 0.0 0.0
vt 0.027777778 0.611111104
vn -1.0 0.0 0.0
vt 0.0416666679 0.611111104
vn -1.0 0.0 0.0
vt 0.055555556 0.611111104
vn -1.0 0.0 0.0
vt 0.0694444478 0.611111104
vn -1.0 0.0 0.0
vt 0.0833333358 0.611111104
vn -1.0 0.0 0.0
vt 0.0972222239 0.611111104
vn -1.0 0.0 0.0
vt 0.111111112 0.611111104
vn -1.0 0.0 0.0
vt 0.125 0.611111104
vn -1.0 0.0 0.0
vt 0.138888896 0.611111104
vn -1.0 0.0 0.0
vt 0.152777776 0.611111104
vn -1.0 0.0 0.0
vt 0.166666672 0.611111104
vn -1.0 0.0 0.0
vt 0.180555552 0.611111104
vn -1.0 0.0 0.0
vt 0.194444448 0.611111104
vn -1.0 0.0 0.0
vt 0.208333328 0.611111104
vn -1.0 0.0 0.0
vt 0.222222224 0.611111104
vn -1.0 0.0 0.0
vt 0.236111104 0.611111104
vn -1.0 0.0 0.0
vt 0.25 0.611111104
vn -1.0 0.0 0.0
vt 0.263888896 0.611111104
vn -1.0 0.0 0.0
vt 0.277777791 0.611111104
vn -1.0 0.0 0.0
vt 0.291666657 0.611111104
vn -1.0 0.0 0.0
vt 0.305555552 0.611111104
vn -1.0 0.0 0.0
vt 0.319444448 0.611111104
vn -1.0 0.0 0.0
vt 0.333333343 0.611111104
vn -1.0 0.0 0.0
vt 0.347222209 0.611111104
vn -1.0 0.0 0.0
vt 0.361111104 0.611111104
vn -1.0 0.0 0.0
vt 0.375 0.611111104
vn -1.0 0.0 0.0
vt 0.388888896 0.611111104
vn -1.0 0.0 0.0
vt 0.402777791 0.611111104
vn -1.0 0.0 0.0
vt 0.416666657 0.611111104
vn -1.0 0.0 0.0
vt 0.430555552 0.611111104
vn -1.0 0.0 0.0
vt 0.444444448 0.611111104
vn -1.0 0.0 0.0
vt 0.458333343 0.611111104
vn -1.0 0.0 0.0
vt 0.472222209 0.611111104
vn -1.0 0.0 0.0
vt 0.486111104 0.611111104
vn -1.0 0.0 0.0
vt 0.5 0.611111104
vn -1.0 0.0 0.0
vt 0.513888896 0.611111104
vn -1.0 0.0 0.0
vt 0.527777791 0.611111104
vn -1.0 0.0 0.0
vt 0.541666687 0.611111104
vn -1.0 0.0 0.0
vt 0.555555582 0.611111104
vn -1.0 0.0 0.0
vt 0.569444418 0.611111104
vn -1.0 0.0 0.0
vt 0.583333313 0.611111104
vn -1.0 0.0 0.0
vt 0.597222209 0.611111104
vn -1.0 0.0 0.0
vt 0.611111104 0.611111104
vn -1.0 0.0 0.0
vt 0.625 0.611111104
vn -1.0 0.0 0.0
vt 0.638888896 0.611111104
vn -1.0 0.0 0.0
vt 0.652777791 0.611111104
vn -1.0 0.0 0.0
vt 0.666666687 0.611111104
vn -1.0 0.0 0.0
vt 0.680555582 0.611111104
vn -1.0 0.0 0.0
vt 0.694444418 0.611111104
vn -1.0 0.0 0.0
vt 0.708333313 0.611111104
vn -1.0 0.0 0.0
vt 0.722222209 0.611111104
vn -1.0 0.0 0.0
vt 0.736111104 0.611111104
vn -1.0 0.0 0.0
vt 0.75 0.611111104
vn -1.0 0.0 0.0
vt 0.763888896 0.611111104
vn -1.0 0.0 0.0
vt 0.777777791 0.611111104
vn -1.0 0.0 0.0
vt 0.791666687 0.611111104
vn -1.0 0.0 0.0
vt 0.805555582 0.611111104
vn -1.0 0.0 0.0
vt 0.819444418 0.611111104
vn -1.0 0.0 0.0
vt 0.833333313 0.611111104
vn -1.0 0.0 0.0
vt 0.847222209 0.611111104
vn -1.0 0.0 0.0
vt 0.861111104 0.611111104
vn -1.0 0.0 0.0
vt 0.875 0.611111104
vn -1.0 0.0 0.0
vt 0.888888896 0.611111104
vn -1.0 0.0 0.0
vt 0.902777791 0.611111104
vn -1.0 0.0 0.0
vt 0.916666687 0.611111104
vn -1.0 0.0 0.0
vt 0.930555582 0.611111104
vn -1.0 0.0 0.0
vt 0.944444418 0.611111104
vn -1.0 0.0 0.0
vt 0.958333313 0.611111104
vn -1.0 0.0 0.0
vt 0.972222209 0.611111104
vn -1.0 0.0 0.0
vt 0.986111104 0.611111104
vn -1.0 0.0 0.0
vt 1.0 0.611111104
vn -1.0 0.0 0.0
vt 0.0 0.625
vn -1.0 0.0 0.0
vt 0.013888889 0.625
vn -1.0 0.0 0.0
vt 0.027777778 0.625
vn -1.0 0.0 0.0
vt 0.0416666679 0.625
vn -1.0 0.0 0.0
vt 0.055555556 0.625
vn -1.0 0.0 0.0
vt 0.0694444478 0.625
vn -1.0 0.0 0.0
vt 0.0833333358 0.625
vn -1.0 0.0 0.0
vt 0.0972222239 0.625
vn -1.0 0.0 0.0
vt 0.111111112 0.625
vn -1.0 0.0 0.0
vt 0.125 0.625
vn -1.0 0.0 0.0
vt 0.138888896 0.625
vn -1.0 0.0 0.0
vt 0.152777776 0.625
vn -1.0 0.0 0.0
vt 0.166666672 0.625
vn -1.0 0.0 0.0
vt 0.180555552 0.625
vn -1.0 0.0 0.0
vt 0.194444448 0.625
vn -1.0 0.0 0.0
vt 0.208333328 0.625
vn -1.0 0.0 0.0
vt 0.222222224 0.625
vn -1.0 0.0 0.0
vt 0.236111104 0.625
vn -1.0 0.0 0.0
vt 0.25 0.625
vn -1.0 0.0 0.0
vt 0.263888896 0.625
vn -1.0 0.0 0.0
vt 0.277777791 0.625
vn -1.0 0.0 0.0
vt 0.291666657 0.625
vn -1.0 0.0 0.0
vt 0.305555552 0.625
vn -1.0 0.0 0.0
vt 0.319444448 0.625
vn -1.0 0.0 0.0
vt 0.333333343 0.625
vn -1.0 0.0 0.0
vt 0.347222209 0.625
vn -1.0 0.0 0.0
vt 0.361111104 0.625
vn -1.0 0.0 0.0
vt 0.375 0.625
vn -1.0 0.0 0.0
vt 0.388888896 0.625
vn -1.0 0.0 0.0
vt 0.402777791 0.625
vn -1.0 0.0 0.0
vt 0.416666657 0.625
vn -1.0 0.0 0.0
vt 0.430555552 0.625
vn -1.0 0.0 0.0
vt 0.444444448 0.625
vn -1.0 0.0 0.0
vt 0.458333343 0.625
vn -1.0 0.0 0.0
vt 0.472222209 0.625
vn -1.0 0.0 0.0
vt 0.486111104 0.625
vn -1.0 0.0 0.0
vt 0.5 0.625
vn -1.0 0.0 0.0
vt 0.513888896 0.625
vn -1.0 0.0 0.0
vt 0.527777791 0.625
vn -1.0 0.0 0.0
vt 0.541666687 0.625
vn -1.0 0.0 0.0
vt 0.555555582 0.625
vn -1.0 0.0 0.0
vt 0.569444418 0.625
vn -1.0 0.0 0.0
vt 0.583333313 0.625
vn -1.0 0.0 0.0
vt 0.597222209 0.625
vn -1.0 0.0 0.0
vt 0.611111104 0.625
vn -1.0 0.0 0.0
vt 0.625 0.625
vn -1.0 0.0 0.0
vt 0.638888896 0.625
vn -1.0 0.0 0.0
vt 0.652777791 0.625
vn -1.0 0.0 0.0
vt 0.666666687 0.625
vn -1.0 0.0 0.0
vt 0.680555582 0.625
vn -1.0 0.0 0.0
vt 0.694444418 0.625
vn -1.0 0.0 0.0
vt 0.708333313 0.625
vn -1.0 0.0 0.0
vt 0.722222209 0.625
vn -1.0 0.0 0.0
vt 0.736111104 0.625
vn -1.0 0.0 0.0
vt 0.75 0.625
vn -1.0 0.0 0.0
vt 0.763888896 0.625
vn -1.0 0.0 0.0
vt 0.777777791 0.625
vn -1.0 0.0 0.0
vt 0.791666687 0.625
vn -1.0 0.0 0.0
vt 0.805555582 0.625
vn -1.0 0.0 0.0
vt 0.819444418 0.625
vn -1.0 0.0 0.0
vt 0.833333313 0.625
vn -1.0 0.0 0.0
vt 0.847222209 0.625
vn -1.0 0.0 0.0
vt 0.861111104 0.625
vn -1.0 0.0 0.0
vt 0.875 0.625
vn -1.0 0.0 0.0
vt 0.888888896 0.625
vn -1.0 0.0 0.0
vt 0.902777791 0.625
vn -1.0 0.0 0.0
vt 0.916666687 0.625
vn -1.0 0.0 0.0
vt 0.930555582 0.625
vn -1.0 0.0 0.0
vt 0.944444418 0.625
vn -1.0 0.0 0.0
vt 0.958333313 0.625
vn -1.0 0.0 0.0
vt 0.972222209 0.625
vn -1.0 0.0 0.0
vt 0.986111104 0.625
vn -1.0 0.0 0.0
vt 1.0 0.625
vn -1.0 0.0 0.0
vt 0.0 0.638888896
vn -1.0 0.0 0.0
vt 0.013888889 0.638888896
vn -1.0 0.0 0.0
vt 0.027777778 0.638888896
vn -1.0 0.0 0.0
vt 0.0416666679 0.638888896
vn -1.0 0.0 0.0
vt 0.055555556 0.638888896
vn -1.0 0.0 0.0
vt 0.0694444478 0.638888896
vn -1.0 0.0 0.0
vt 0.0833333358 0.638888896
vn -1.0 0.0 0.0
vt 0.0972222239 0.638888896
vn -1.0 0.0 0.0
vt 0.111111112 0.638888896
vn -1.0 0.0 0.0
vt 0.125 0.638888896
vn -1.0 0.0 0.0
vt 0.138888896 0.638888896
vn -1.0 0.0 0.0
vt 0.152777776 0.638888896
vn -1.0 0.0 0.0
vt 0.166666672 0.638888896
vn -1.0 0.0 0.0
vt 0.180555552 0.638888896
vn -1.0 0.0 0.0
vt 0.194444448 0.638888896
vn -1.0 0.0 0.0
vt 0.208333328 0.638888896
vn -1.0 0.0 0.0
vt 0.222222224 0.638888896
vn -1.0 0.0 0.0
vt 0.236111104 0.638888896
vn -1.0 0.0 0.0
vt 0.25 0.638888896
vn -1.0 0.0 0.0
vt 0.263888896 0.638888896
vn -1.0 0.0 0.0
vt 0.277777791 0.638888896
vn -1.0 0.0 0.0
vt 0.291666657 0.638888896
vn -1.0 0.0 0.0
vt 0.305555552 0.638888896
vn -1.0 0.0 0.0
vt 0.319444448 0.638888896
vn -1.0 0.0 0.0
vt 0.333333343 0.638888896
vn -1.0 0.0 0.0
vt 0.347222209 0.638888896
vn -1.0 0.0 0.0
vt 0.361111104 0.638888896
vn -1.0 0.0 0.0
vt 0.375 0.638888896
vn -1.0 0.0 0.0
vt 0.388888896 0.638888896
vn -1.0 0.0 0.0
vt 0.402777791 0.638888896
vn -1.0 0.0 0.0
vt 0.416666657 0.638888896
vn -1.0 0.0 0.0
vt 0.430555552 0.638888896
vn -1.0 0.0 0.0
vt 0.444444448 0.638888896
vn -1.0 0.0 0.0
vt 0.458333343 0.638888896
vn -1.0 0.0 0.0
vt 0.472222209 0.638888896
vn -1.0 0.0 0.0
vt 0.486111104 0.638888896
vn -1.0 0.0 0.0
vt 0.5 0.638888896
vn -1.0 0.0 0.0
vt 0.513888896 0.638888896
vn -1.0 0.0 0.0
vt 0.527777791 0.638888896
vn -1.0 0.0 0.0
vt 0.541666687 0.638888896
vn -1.0 0.0 0.0
vt 0.555555582 0.638888896
vn -1.0 0.0 0.0
vt 0.569444418 0.638888896
vn -1.0 0.0 0.0
vt 0.583333313 0.638888896
vn -1.0 0.0 0.0
vt 0.597222209 0.638888896
vn -1.0 0.0 0.0
vt 0.611111104 0.638888896
vn -1.0 0.0 0.0
vt 0.625 0.638888896
vn -1.0 0.0 0.0
vt 0.638888896 0.638888896
vn -1.0 0.0 0.0
vt 0.652777791 0.638888896
vn -1.0 0.0 0.0
vt 0.666666687 0.638888896
vn -1.0 0.0 0.0
vt 0.680555582 0.638888896
vn -1.0 0.0 0.0
vt 0.694444418 0.638888896
vn -1.0 0.0 0.0
vt 0.708333313 0.638888896
vn -1.0 0.0 0.0
vt 0.722222209 0.638888896
vn -1.0 0.0 0.0
vt 0.736111104 0.638888896
vn -1.0 0.0 0.0
vt 0.75 0.638888896
vn -1.0 0.0 0.0
vt 0.763888896 0.638888896
vn -1.0 0.0 0.0
vt 0.777777791 0.638888896
vn -1.0 0.0 0.0
vt 0.791666687 0.638888896
vn -1.0 0.0 0.0
vt 0.805555582 0.638888896
vn -1.0 0.0 0.0
vt 0.819444418 0.638888896
vn -1.0 0.0 0.0
vt 0.833333313 0.638888896
vn -1.0 0.0 0.0
vt 0.847222209 0.638888896
vn -1.0 0.0 0.0
vt 0.861111104 0.638888896
vn -1.0 0.0 0.0
vt 0.875 0.638888896
vn -1.0 0.0 0.0
vt 0.888888896 0.638888896
vn -1.0 0.0 0.0
vt 0.902777791 0.638888896
vn -1.0 0.0 0.0
vt 0.916666687 0.638888896
vn -1.0 0.0 0.0
vt 0.930555582 0.638888896
vn -1.0 0.0 0.0
vt 0.944444418 0.638888896
vn -1.0 0.0 0.0
vt 0.958333313 0.638888896
vn -1.0 0.0 0.0
vt 0.972222209 0.638888896
vn -1.0 0.0 0.0
vt 0.986111104 0.638888896
vn -1.0 0.0 0.0
vt 1.0 0.638888896
vn -1.0 0.0 0.0
vt 0.0 0.652777791
vn -1.0 0.0 0.0
vt 0.013888889 0.652777791
vn -1.0 0.0 0.0
vt 0.027777778 0.652777791
vn -1.0 0.0 0.0
vt 0.0416666679 0.652777791
vn -1.0 0.0 0.0
vt 0.055555556 0.652777791
vn -1.0 0.0 0.0
vt 0.0694444478 0.652777791
vn -1.0 0.0 0.0
vt 0.0833333358 0.652777791
vn -1.0 0.0 0.0
vt 0.0972222239 0.652777791
vn -1.0 0.0 0.0
vt 0.111111112 0.652777791
vn -1.0 0.0 0.0
vt 0.125 0.652777791
vn -1.0 0.0 0.0
vt 0.138888896 0.652777791
vn -1.0 0.0 0.0
vt 0.152777776 0.652777791
vn -1.0 0.0 0.0
vt 0.166666672 0.652777791
vn -1.0 0.0 0.0
vt 0.180555552 0.652777791
vn -1.0 0.0 0.0
vt 0.194444448 0.652777791
vn -1.0 0.0 0.0
vt 0.208333328 0.652777791
vn -1.0 0.0 0.0
vt 0.222222224 0.652777791
vn -1.0 0.0 0.0
vt 0.236111104 0.652777791
vn -1.0 0.0 0.0
vt 0.25 0.652777791
vn -1.0 0.0 0.0
vt 0.263888896 0.652777791
vn -1.0 0.0 0.0
vt 0.277777791 0.652777791
vn -1.0 0.0 0.0
vt 0.291666657 0.652777791
vn -1.0 0.0 0.0
vt 0.305555552 0.652777791
vn -1.0 0.0 0.0
vt 0.319444448 0.652777791
vn -1.0 0.0 0.0
vt 0.333333343 0.652777791
vn -1.0 0.0 0.0
vt 0.347222209 0.652777791
vn -1.0 0.0 0.0
vt 0.361111104 0.652777791
vn -1.0 0.0 0.0
vt 0.375 0.652777791
vn -1.0 0.0 0.0
vt 0.388888896 0.652777791
vn -1.0 0.0 0.0
vt 0.402777791 0.652777791
vn -1.0 0.0 0.0
vt 0.416666657 0.652777791
vn -1.0 0.0 0.0
vt 0.430555552 0.652777791
vn -1.0 0.0 0.0
vt 0.444444448 0.652777791
vn -1.0 0.0 0.0
vt 0.458333343 0.652777791
vn -1.0 0.0 0.0
vt 0.472222209 0.652777791
vn -1.0 0.0 0.0
vt 0.486111104 0.652777791
vn -1.0 0.0 0.0
vt 0.5 0.652777791
vn -1.0 0.0 0.0
vt 0.513888896 0.652777791
vn -1.0 0.0 0.0
vt 0.527777791 0.652777791
vn -1.0 0.0 0.0
vt 0.541666687 0.652777791
vn -1.0 0.0 0.0
vt 0.555555582 0.652777791
vn -1.0 0.0 0.0
vt 0.569444418 0.652777791
vn -1.0 0.0 0.0
vt 0.583333313 0.652777791
vn -1.0 0.0 0.0
vt 0.597222209 0.652777791
vn -1.0 0.0 0.0
vt 0.611111104 0.652777791
vn -1.0 0.0 0.0
vt 0.625 0.652777791
vn -1.0 0.0 0.0
vt 0.638888896 0.652777791
vn -1.0 0.0 0.0
vt 0.652777791 0.652777791
vn -1.0 0.0 0.0
vt 0.666666687 0.652777791
vn -1.0 0.0 0.0
vt 0.680555582 0.652777791
vn -1.0 0.0 0.0
vt 0.694444418 0.652777791
vn -1.0 0.0 0.0
vt 0.708333313 0.652777791
vn -1.0 0.0 0.0
vt 0.722222209 0.652777791
vn -1.0 0.0 0.0
vt 0.736111104 0.652777791
vn -1.0 0.0 0.0
vt 0.75 0.652777791
vn -1.0 0.0 0.0
vt 0.763888896 0.652777791
vn -1.0 0.0 0.0
vt 0.777777791 0.652777791
vn -1.0 0.0 0.0
vt 0.791666687 0.652777791
vn -1.0 0.0 0.0
vt 0.805555582 0.652777791
vn -1.0 0.0 0.0
vt 0.819444418 0.652777791
vn -1.0 0.0 0.0
vt 0.833333313 0.652777791
vn -1.0 0.0 0.0
vt 0.847222209 0.652777791
vn -1.0 0.0 0.0
vt 0.861111104 0.652777791
vn -1.0 0.0 0.0
vt 0.875 0.652777791
vn -1.0 0.0 0.0
vt 0.888888896 0.652777791
vn -1.0 0.0 0.0
vt 0.902777791 0.652777791
vn -1.0 0.0 0.0
vt 0.916666687 0.652777791
vn -1.0 0.0 0.0
vt 0.930555582 0.652777791
vn -1.0 0.0 0.0
vt 0.944444418 0.652777791
vn -1.0 0.0 0.0
vt 0.958333313 0.652777791
vn -1.0 0.0 0.0
vt 0.972222209 0.652777791
vn -1.0 0.0 0.0
vt 0.986111104 0.652777791
vn -1.0 0.0 0.0
vt 1.0 0.652777791
vn -1.0 0.0 0.0
vt 0.0 0.666666657
vn -1.0 0.0 0.0
vt 0.013888889 0.666666657
vn -1.0 0.0 0.0
vt 0.027777778 0.666666657
vn -1.0 0.0 0.0
vt 0.0416666679 0.666666657
vn -1.0 0.0 0.0
vt 0.055555556 0.666666657
vn -1.0 0.0 0.0
vt 0.0694444478 0.666666657
vn -1.0 0.0 0.0
vt 0.0833333358 0.666666657
vn -1.0 0.0 0.0
vt 0.0972222239 0.666666657
vn -1.0 0.0 0.0
vt 0.111111112 0.666666657
vn -1.0 0.0 0.0
vt 0.125 0.666666657
vn -1.0 0.0 0.0
vt 0.138888896 0.666666657
vn -1.0 0.0 0.0
vt 0.152777776 0.666666657
vn -1.0 0.0 0.0
vt 0.166666672 0.666666657
vn -1.0 0.0 0.0
vt 0.180555552 0.666666657
vn -1.0 0.0 0.0
vt 0.194444448 0.666666657
vn -1.0 0.0 0.0
vt 0.208333328 0.666666657
vn -1.0 0.0 0.0
vt 0.222222224 0.666666657
vn -1.0 0.0 0.0
vt 0.236111104 0.666666657
vn -1.0 0.0 0.0
vt 0.25 0.666666657
vn -1.0 0.0 0.0
vt 0.263888896 0.666666657
vn -1.0 0.0 0.0
vt 0.277777791 0.666666657
vn -1.0 0.0 0.0
vt 0.291666657 0.666666657
vn -1.0 0.0 0.0
vt 0.305555552 0.666666657
vn -1.0 0.0 0.0
vt 0.319444448 0.666666657
vn -1.0 0.0 0.0
vt 0.333333343 0.666666657
vn -1.0 0.0 0.0
vt 0.347222209 0.666666657
vn -1.0 0.0 0.0
vt 0.361111104 0.666666657
vn -1.0 0.0 0.0
vt 0.375 0.666666657
vn -1.0 0.0 0.0
vt 0.388888896 0.666666657
vn -1.0 0.0 0.0
vt 0.402777791 0.666666657
vn -1.0 0.0 0.0
vt 0.416666657 0.666666657
vn -1.0 0.0 0.0
vt 0.430555552 0.666666657
vn -1.0 0.0 0.0
vt 0.444444448 0.666666657
vn -1.0 0.0 0.0
vt 0.458333343 0.666666657
vn -1.0 0.0 0.0
vt 0.472222209 0.666666657
vn -1.0 0.0 0.0
vt 0.486111104 0.666666657
vn -1.0 0.0 0.0
vt 0.5 0.666666657
vn -1.0 0.0 0.0
vt 0.513888896 0.666666657
vn -1.0 0.0 0.0
vt 0.527777791 0.666666657
vn -1.0 0.0 0.0
vt 0.541666687 0.666666657
vn -1.0 0.0 0.0
vt 0.555555582 0.666666657
vn -1.0 0.0 0.0
vt 0.569444418 0.666666657
vn -1.0 0.0 0.0
vt 0.583333313 0.666666657
vn -1.0 0.0 0.0
vt 0.597222209 0.666666657
vn -1.0 0.0 0.0
vt 0.611111104 0.666666657
vn -1.0 0.0 0.0
vt 0.625 0.666666657
vn -1.0 0.0 0.0
vt 0.638888896 0.666666657
vn -1.0 0.0 0.0
vt 0.652777791 0.666666657
vn -1.0 0.0 0.0
vt 0.666666687 0.666666657
vn -1.0 0.0 0.0
vt 0.680555582 0.666666657
vn -1.0 0.0 0.0
vt 0.694444418 0.666666657
vn -1.0 0.0 0.0
vt 0.708333313 0.666666657
vn -1.0 0.0 0.0
vt 0.722222209 0.666666657
vn -1.0 0.0 0.0
vt 0.736111104 0.666666657
vn -1.0 0.0 0.0
vt 0.75 0.666666657
vn -1.0 0.0 0.0
vt 0.763888896 0.666666657
vn -1.0 0.0 0.0
vt 0.777777791 0.666666657
vn -1.0 0.0 0.0
vt 0.791666687 0.666666657
vn -1.0 0.0 0.0
vt 0.805555582 0.666666657
vn -1.0 0.0 0.0
vt 0.819444418 0.666666657
vn -1.0 0.0 0.0
vt 0.833333313 0.666666657
vn -1.0 0.0 0.0
vt 0.847222209 0.666666657
vn -1.0 0.0 0.0
vt 0.861111104 0.666666657
vn -1.0 0.0 0.0
vt 0.875 0.666666657
vn -1.0 0.0 0.0
vt 0.888888896 0.666666657
vn -1.0 0.0 0.0
vt 0.902777791 0.666666657
vn -1.0 0.0 0.0
vt 0.916666687 0.666666657
vn -1.0 0.0 0.0
vt 0.930555582 0.666666657
vn -1.0 0.0 0.0
vt 0.944444418 0.666666657
vn -1.0 0.0 0.0
vt 0.958333313 0.666666657
vn -1.0 0.0 0.0
vt 0.972222209 0.666666657
vn -1.0 0.0 0.0
vt 0.986111104 0.666666657
vn -1.0 0.0 0.0
vt 1.0 0.666666657
vn -1.0 0.0 0.0
vt 0.0 0.680555552
vn -1.0 0.0 0.0
vt 0.013888889 0.680555552
vn -1.0 0.0 0.0
vt 0.027777778 0.680555552
vn -1.0 0.0 0.0
vt 0.0416666679 0.680555552
vn -1.0 0.0 0.0
vt 0.055555556 0.680555552
vn -1.0 0.0 0.0
vt 0.0694444478 0.680555552
vn -1.0 0.0 0.0
vt 0.0833333358 0.680555552
vn -1.0 0.0 0.0
vt 0.0972222239 0.680555552
vn -1.0 0.0 0.0
vt 0.111111112 0.680555552
vn -1.0 0.0 0.0
vt 0.125 0.680555552
vn -1.0 0.0 0.0
vt 0.138888896 0.680555552
vn -1.0 0.0 0.0
vt 0.152777776 0.680555552
vn -1.0 0.0 0.0
vt 0.166666672 0.680555552
vn -1.0 0.0 0.0
vt 0.180555552 0.680555552
vn -1.0 0.0 0.0
vt 0.194444448 0.680555552
vn -1.0 0.0 0.0
vt 0.208333328 0.680555552
vn -1.0 0.0 0.0
vt 0.222222224 0.680555552
vn -1.0 0.0 0.0
vt 0.236111104 0.680555552
vn -1.0 0.0 0.0
vt 0.25 0.680555552
vn -1.0 0.0 0.0
vt 0.263888896 0.680555552
vn -1.0 0.0 0.0
vt 0.277777791 0.680555552
vn -1.0 0.0 0.0
vt 0.291666657 0.680555552
vn -1.0 0.0 0.0
vt 0.305555552 0.680555552
vn -1.0 0.0 0.0
vt 0.319444448 0.680555552
vn -1.0 0.0 0.0
vt 0.333333343 0.680555552
vn -1.0 0.0 0.0
vt 0.347222209 0.680555552
vn -1.0 0.0 0.0
vt 0.361111104 0.680555552
vn -1.0 0.0 0.0
vt 0.375 0.680555552
vn -1.0 0.0 0.0
vt 0.388888896 0.680555552
vn -1.0 0.0 0.0
vt 0.402777791 0.680555552
vn -1.0 0.0 0.0
vt 0.416666657 0.680555552
vn -1.0 0.0 0.0
vt 0.430555552 0.680555552
vn -1.0 0.0 0.0
vt 0.444444448 0.680555552
vn -1.0 0.0 0.0
vt 0.458333343 0.680555552
vn -1.0 0.0 0.0
vt 0.472222209 0.680555552
vn -1.0 0.0 0.0
vt 0.486111104 0.680555552
vn -1.0 0.0 0.0
vt 0.5 0.680555552
vn -1.0 0.0 0.0
vt 0.513888896 0.680555552
vn -1.0 0.0 0.0
vt 0.527777791 0.680555552
vn -1.0 0.0 0.0
vt 0.541666687 0.680555552
vn -1.0 0.0 0.0
vt 0.555555582 0.680555552
vn -1.0 0.0 0.0
vt 0.569444418 0.680555552
vn -1.0 0.0 0.0
vt 0.583333313 0.680555552
vn -1.0 0.0 0.0
vt 0.597222209 0.680555552
vn -1.0 0.0 0.0
vt 0.611111104 0.680555552
vn -1.0 0.0 0.0
vt 0.625 0.680555552
vn -1.0 0.0 0.0
vt 0.638888896 0.680555552
vn -1.0 0.0 0.0
vt 0.652777791 0.680555552
vn -1.0 0.0 0.0
vt 0.666666687 0.680555552
vn -1.0 0.0 0.0
vt 0.680555582 0.680555552
vn -1.0 0.0 0.0
vt 0.694444418 0.680555552
vn -1.0 0.0 0.0
vt 0.708333313 0.680555552
vn -1.0 0.0 0.0
vt 0.722222209 0.680555552
vn -1.0 0.0 0.0
vt 0.736111104 0.680555552
vn -1.0 0.0 0.0
vt 0.75 0.680555552
vn -1.0 0.0 0.0
vt 0.763888896 0.680555552
vn -1.0 0.0 0.0
vt 0.777777791 0.680555552
vn -1.0 0.0 0.0
vt 0.791666687 0.680555552
vn -1.0 0.0 0.0
vt 0.805555582 0.680555552
vn -1.0 0.0 0.0
vt 0.819444418 0.680555552
vn -1.0 0.0 0.0
vt 0.833333313 0.680555552
vn -1.0 0.0 0.0
vt 0.847222209 0.680555552
vn -1.0 0.0 0.0
vt 0.861111104 0.680555552
vn -1.0 0.0 0.0
vt 0.875 0.680555552
vn -1.0 0.0 0.0
vt 0.888888896 0.680555552
vn -1.0 0.0 0.0
vt 0.902777791 0.680555552
vn -1.0 0.0 0.0
vt 0.916666687 0.680555552
vn -1.0 0.0 0.0
vt 0.930555582 0.680555552
vn -1.0 0.0 0.0
vt 0.944444418 0.680555552
vn -1.0 0.0 0.0
vt 0.958333313 0.680555552
vn -1.0 0.0 0.0
vt 0.972222209 0.680555552
vn -1.0 0.0 0.0
vt 0.986111104 0.680555552
vn -1.0 0.0 0.0
vt 1.0 0.680555552
vn -1.0 0.0 0.0
vt 0.0 0.694444448
vn -1.0 0.0 0.0
vt 0.013888889 0.694444448
vn -1.0 0.0 0.0
vt 0.027777778 0.694444448
vn -1.0 0.0 0.0
vt 0.0416666679 0.694444448
vn -1.0 0.0 0.0
vt 0.055555556 0.694444448
vn -1.0 0.0 0.0
vt 0.0694444478 0.694444448
vn -1.0 0.0 0.0
vt 0.0833333358 0.694444448
vn -1.0 0.0 0.0
vt 0.0972222239 0.694444448
vn -1.0 0.0 0.0
vt 0.111111112 0.694444448
vn -1.0 0.0 0.0
vt 0.125 0.694444448
vn -1.0 0.0 0.0
vt 0.138888896 0.694444448
vn -1.0 0.0 0.0
vt 0.152777776 0.694444448
vn -1.0 0.0 0.0
vt 0.166666672 0.694444448
vn -1.0 0.0 0.0
vt 0.180555552 0.694444448
vn -1.0 0.0 0.0
vt 0.194444448 0.694444448
vn -1.0 0.0 0.0
vt 0.208333328 0.694444448
vn -1.0 0.0 0.0
vt 0.222222224 0.694444448
vn -1.0 0.0 0.0
vt 0.236111104 0.694444448
vn -1.0 0.0 0.0
vt 0.25 0.694444448
vn -1.0 0.0 0.0
vt 0.263888896 0.694444448
vn -1.0 0.0 0.0
vt 0.277777791 0.694444448
vn -1.0 0.0 0.0
vt 0.291666657 0.694444448
vn -1.0 0.0 0.0
vt 0.305555552 0.694444448
vn -1.0 0.0 0.0
vt 0.319444448 0.694444448
vn -1.0 0.0 0.0
vt 0.333333343 0.694444448
vn -1.0 0.0 0.0
vt 0.347222209 0.694444448
vn -1.0 0.0 0.0
vt 0.361111104 0.694444448
vn -1.0 0.0 0.0
vt 0.375 0.694444448
vn -1.0 0.0 0.0
vt 0.388888896 0.694444448
vn -1.0 0.0 0.0
vt 0.402777791 0.694444448
vn -1.0 0.0 0.0
vt 0.416666657 0.694444448
vn -1.0 0.0 0.0
vt 0.430555552 0.694444448
vn -1.0 0.0 0.0
vt 0.444444448 0.694444448
vn -1.0 0.0 0.0
vt 0.458333343 0.694444448
vn -1.0 0.0 0.0
vt 0.472222209 0.694444448
vn -1.0 0.0 0.0
vt 0.486111104 0.694444448
vn -1.0 0.0 0.0
vt 0.5 0.694444448
vn -1.0 0.0 0.0
vt 0.513888896 0.694444448
vn -1.0 0.0 0.0
vt 0.527777791 0.694444448
vn -1.0 0.0 0.0
vt 0.541666687 0.694444448
vn -1.0 0.0 0.0
vt 0.555555582 0.694444448
vn -1.0 0.0 0.0
vt 0.569444418 0.694444448
vn -1.0 0.0 0.0
vt 0.583333313 0.694444448
vn -1.0 0.0 0.0
vt 0.597222209 0.694444448
vn -1.0 0.0 0.0
vt 0.611111104 0.694444448
vn -1.0 0.0 0.0
vt 0.625 0.694444448
vn -1.0 0.0 0.0
vt 0.638888896 0.694444448
vn -1.0 0.0 0.0
vt 0.652777791 0.694444448
vn -1.0 0.0 0.0
vt 0.666666687 0.694444448
vn -1.0 0.0 0.0
vt 0.680555582 0.694444448
vn -1.0 0.0 0.0
vt 0.694444418 0.694444448
vn -1.0 0.0 0.0
vt 0.708333313 0.694444448
vn -1.0 0.0 0.0
vt 0.722222209 0.694444448
vn -1.0 0.0 0.0
vt 0.736111104 0.694444448
vn -1.0 0.0 0.0
vt 0.75 0.694444448
vn -1.0 0.0 0.0
vt 0.763888896 0.694444448
vn -1.0 0.0 0.0
vt 0.777777791 0.694444448
vn -1.0 0.0 0.0
vt 0.791666687 0.694444448
vn -1.0 0.0 0.0
vt 0.805555582 0.694444448
vn -1.0 0.0 0.0
vt 0.819444418 0.694444448
vn -1.0 0.0 0.0
vt 0.833333313 0.694444448
vn -1.0 0.0 0.0
vt 0.847222209 0.694444448
vn -1.0 0.0 0.0
vt 0.861111104 0.694444448
vn -1.0 0.0 0.0
vt 0.875 0.694444448
vn -1.0 0.0 0.0
vt 0.888888896 0.694444448
vn -1.0 0.0 0.0
vt 0.902777791 0.694444448
vn -1.0 0.0 0.0
vt 0.916666687 0.694444448
vn -1.0 0.0 0.0
vt 0.930555582 0.694444448
vn -1.0 0.0 0.0
vt 0.944444418 0.694444448
vn -1.0 0.0 0.0
vt 0.958333313 0.694444448
vn -1.0 0.0 0.0
vt 0.972222209 0.694444448
vn -1.0 0.0 0.0
vt 0.986111104 0.694444448
vn -1.0 0.0 0.0
vt 1.0 0.694444448
vn -1.0 0.0 0.0
vt 0.0 0.708333343
vn -1.0 0.0 0.0
vt 0.013888889 0.708333343
vn -1.0 0.0 0.0
vt 0.027777778 0.708333343
vn -1.0 0.0 0.0
vt 0.0416666679 0.708333343
vn -1.0 0.0 0.0
vt 0.055555556 0.708333343
vn -1.0 0.0 0.0
vt 0.0694444478 0.708333343
vn -1.0 0.0 0.0
vt 0.0833333358 0.708333343
vn -1.0 0.0 0.0
vt 0.0972222239 0.708333343
vn -1.0 0.0 0.0
vt 0.111111112 0.708333343
vn -1.0 0.0 0.0
vt 0.125 0.708333343
vn -1.0 0.0 0.0
vt 0.138888896 0.708333343
vn -1.0 0.0 0.0
vt 0.152777776 0.708333343
vn -1.0 0.0 0.0
vt 0.166666672 0.708333343
vn -1.0 0.0 0.0
vt 0.180555552 0.708333343
vn -1.0 0.0 0.0
vt 0.194444448 0.708333343
vn -1.0 0.0 0.0
vt 0.208333328 0.708333343
vn -1.0 0.0 0.0
vt 0.222222224 0.708333343
vn -1.0 0.0 0.0
vt 0.236111104 0.708333343
vn -1.0 0.0 0.0
vt 0.25 0.708333343
vn -1.0 0.0 0.0
vt 0.263888896 0.708333343
vn -1.0 0.0 0.0
vt 0.277777791 0.708333343
vn -1.0 0.0 0.0
vt 0.291666657 0.708333343
vn -1.0 0.0 0.0
vt 0.305555552 0.708333343
vn -1.0 0.0 0.0
vt 0.319444448 0.708333343
vn -1.0 0.0 0.0
vt 0.333333343 0.708333343
vn -1.0 0.0 0.0
vt 0.347222209 0.708333343
vn -1.0 0.0 0.0
vt 0.361111104 0.708333343
vn -1.0 0.0 0.0
vt 0.375 0.708333343
vn -1.0 0.0 0.0
vt 0.388888896 0.708333343
vn -1.0 0.0 0.0
vt 0.402777791 0.708333343
vn -1.0 0.0 0.0
vt 0.416666657 0.708333343
vn -1.0 0.0 0.0
vt 0.430555552 0.708333343
vn -1.0 0.0 0.0
vt 0.444444448 0.708333343
vn -1.0 0.0 0.0
vt 0.458333343 0.708333343
vn -1.0 0.0 0.0
vt 0.472222209 0.708333343
vn -1.0 0.0 0.0
vt 0.486111104 0.708333343
vn -1.0 0.0 0.0
vt 0.5 0.708333343
vn -1.0 0.0 0.0
vt 0.513888896 0.708333343
vn -1.0 0.0 0.0
vt 0.527777791 0.708333343
vn -1.0 0.0 0.0
vt 0.541666687 0.708333343
vn -1.0 0.0 0.0
vt 0.555555582 0.708333343
vn -1.0 0.0 0.0
vt 0.569444418 0.708333343
vn -1.0 0.0 0.0
vt 0.583333313 0.708333343
vn -1.0 0.0 0.0
vt 0.597222209 0.708333343
vn -1.0 0.0 0.0
vt 0.611111104 0.708333343
vn -1.0 0.0 0.0
vt 0.625 0.708333343
vn -1.0 0.0 0.0
vt 0.638888896 0.708333343
vn -1.0 0.0 0.0
vt 0.652777791 0.708333343
vn -1.0 0.0 0.0
vt 0.666666687 0.708333343
vn -1.0 0.0 0.0
vt 0.680555582 0.708333343
vn -1.0 0.0 0.0
vt 0.694444418 0.708333343
vn -1.0 0.0 0.0
vt 0.708333313 0.708333343
vn -1.0 0.0 0.0
vt 0.722222209 0.708333343
vn -1.0 0.0 0.0
vt 0.736111104 0.708333343
vn -1.0 0.0 0.0
vt 0.75 0.708333343
vn -1.0 0.0 0.0
vt 0.763888896 0.708333343
vn -1.0 0.0 0.0
vt 0.777777791 0.708333343
vn -1.0 0.0 0.0
vt 0.791666687 0.708333343
vn -1.0 0.0 0.0
vt 0.805555582 0.708333343
vn -1.0 0.0 0.0
vt 0.819444418 0.708333343
vn -1.0 0.0 0.0
vt 0.833333313 0.708333343
vn -1.0 0.0 0.0
vt 0.847222209 0.708333343
vn -1.0 0.0 0.0
vt 0.861111104 0.708333343
vn -1.0 0.0 0.0
vt 0.875 0.708333343
vn -1.0 0.0 0.0
vt 0.888888896 0.708333343
vn -1.0 0.0 0.0
vt 0.902777791 0.708333343
vn -1.0 0.0 0.0
vt 0.916666687 0.708333343
vn -1.0 0.0 0.0
vt 0.930555582 0.708333343
vn -1.0 0.0 0.0
vt 0.944444418 0.708333343
vn -1.0 0.0 0.0
vt 0.958333313 0.708333343
vn -1.0 0.0 0.0
vt 0.972222209 0.708333343
vn -1.0 0.0 0.0
vt 0.986111104 0.708333343
vn -1.0 0.0 0.0
vt 1.0 0.708333343
vn -1.0 0.0 0.0
vt 0.0 0.722222209
vn -1.0 0.0 0.0
vt 0.013888889 0.722222209
vn -1.0 0.0 0.0
vt 0.027777778 0.722222209
vn -1.0 0.0 0.0
vt 0.0416666679 0.722222209
vn -1.0 0.0 0.0
vt 0.055555556 0.722222209
vn -1.0 0.0 0.0
vt 0.0694444478 0.722222209
vn -1.0 0.0 0.0
vt 0.0833333358 0.722222209
vn -1.0 0.0 0.0
vt 0.0972222239 0.722222209
vn -1.0 0.0 0.0
vt 0.111111112 0.722222209
vn -1.0 0.0 0.0
vt 0.125 0.722222209
vn -1.0 0.0 0.0
vt 0.138888896 0.722222209
vn -1.0 0.0 0.0
vt 0.152777776 0.722222209
vn -1.0 0.0 0.0
vt 0.166666672 0.722222209
vn -1.0 0.0 0.0
vt 0.180555552 0.722222209
vn -1.0 0.0 0.0
vt 0.194444448 0.722222209
vn -1.0 0.0 0.0
vt 0.208333328 0.722222209
vn -1.0 0.0 0.0
vt 0.222222224 0.722222209
vn -1.0 0.0 0.0
vt 0.236111104 0.722222209
vn -1.0 0.0 0.0
vt 0.25 0.722222209
vn -1.0 0.0 0.0
vt 0.263888896 0.722222209
vn -1.0 0.0 0.0
vt 0.277777791 0.722222209
vn -1.0 0.0 0.0
vt 0.291666657 0.722222209
vn -1.0 0.0 0.0
vt 0.305555552 0.722222209
vn -1.0 0.0 0.0
vt 0.319444448 0.722222209
vn -1.0 0.0 0.0
vt 0.333333343 0.722222209
vn -1.0 0.0 0.0
vt 0.347222209 0.722222209
vn -1.0 0.0 0.0
vt 0.361111104 0.722222209
vn -1.0 0.0 0.0
vt 0.375 0.722222209
vn -1.0 0.0 0.0
vt 0.388888896 0.722222209
vn -1.0 0.0 0.0
vt 0.402777791 0.722222209
vn -1.0 0.0 0.0
vt 0.416666657 0.722222209
vn -1.0 0.0 0.0
vt 0.430555552 0.722222209
vn -1.0 0.0 0.0
vt 0.444444448 0.722222209
vn -1.0 0.0 0.0
vt 0.458333343 0.722222209
vn -1.0 0.0 0.0
vt 0.472222209 0.722222209
vn -1.0 0.0 0.0
vt 0.486111104 0.722222209
vn -1.0 0.0 0.0
vt 0.5 0.722222209
vn -1.0 0.0 0.0
vt 0.513888896 0.722222209
vn -1.0 0.0 0.0
vt 0.527777791 0.722222209
vn -1.0 0.0 0.0
vt 0.541666687 0.722222209
vn -1.0 0.0 0.0
vt 0.555555582 0.722222209
vn -1.0 0.0 0.0
vt 0.569444418 0.722222209
vn -1.0 0.0 0.0
vt 0.583333313 0.722222209
vn -1.0 0.0 0.0
vt 0.597222209 0.722222209
vn -1.0 0.0 0.0
vt 0.611111104 0.722222209
vn -1.0 0.0 0.0
vt 0.625 0.722222209
vn -1.0 0.0 0.0
vt 0.638888896 0.722222209
vn -1.0 0.0 0.0
vt 0.652777791 0.722222209
vn -1.0 0.0 0.0
vt 0.666666687 0.722222209
vn -1.0 0.0 0.0
vt 0.680555582 0.722222209
vn -1.0 0.0 0.0
vt 0.694444418 0.722222209
vn -1.0 0.0 0.0
vt 0.708333313 0.722222209
vn -1.0 0.0 0.0
vt 0.722222209 0.722222209
vn -1.0 0.0 0.0
vt 0.736111104 0.722222209
vn -1.0 0.0 0.0
vt 0.75 0.722222209
vn -1.0 0.0 0.0
vt 0.763888896 0.722222209
vn -1.0 0.0 0.0
vt 0.777777791 0.722222209
vn -1.0 0.0 0.0
vt 0.791666687 0.722222209
vn -1.0 0.0 0.0
vt 0.805555582 0.722222209
vn -1.0 0.0 0.0
vt 0.819444418 0.722222209
vn -1.0 0.0 0.0
vt 0.833333313 0.722222209
vn -1.0 0.0 0.0
vt 0.847222209 0.722222209
vn -1.0 0.0 0.0
vt 0.861111104 0.722222209
vn -1.0 0.0 0.0
vt 0.875 0.722222209
vn -1.0 0.0 0.0
vt 0.888888896 0.722222209
vn -1.0 0.0 0.0
vt 0.902777791 0.722222209
vn -1.0 0.0 0.0
vt 0.916666687 0.722222209
vn -1.0 0.0 0.0
vt 0.930555582 0.722222209
vn -1.0 0.0 0.0
vt 0.944444418 0.722222209
vn -1.0 0.0 0.0
vt 0.958333313 0.722222209
vn -1.0 0.0 0.0
vt 0.972222209 0.722222209
vn -1.0 0.0 0.0
vt 0.986111104 0.722222209
vn -1.0 0.0 0.0
vt 1.0 0.722222209
vn -1.0 0.0 0.0
vt 0.0 0.736111104
vn -1.0 0.0 0.0
vt 0.013888889 0.736111104
vn -1.0 0.0 0.0
vt 0.027777778 0.736111104
vn -1.0 0.0 0.0
vt 0.0416666679 0.736111104
vn -1.0 0.0 0.0
vt 0.055555556 0.736111104
vn -1.0 0.0 0.0
vt 0.0694444478 0.736111104
vn -1.0 0.0 0.0
vt 0.0833333358 0.736111104
vn -1.0 0.0 0.0
vt 0.0972222239 0.736111104
vn -1.0 0.0 0.0
vt 0.111111112 0.736111104
vn -1.0 0.0 0.0
vt 0.125 0.736111104
vn -1.0 0.0 0.0
vt 0.138888896 0.736111104
vn -1.0 0.0 0.0
vt 0.152777776 0.736111104
vn -1.0 0.0 0.0
vt 0.166666672 0.736111104
vn -1.0 0.0 0.0
vt 0.180555552 0.736111104
vn -1.0 0.0 0.0
vt 0.194444448 0.736111104
vn -1.0 0.0 0.0
vt 0.208333328 0.736111104
vn -1.0 0.0 0.0
vt 0.222222224 0.736111104
vn -1.0 0.0 0.0
vt 0.236111104 0.736111104
vn -1.0 0.0 0.0
vt 0.25 0.736111104
vn -1.0 0.0 0.0
vt 0.263888896 0.736111104
vn -1.0 0.0 0.0
vt 0.277777791 0.736111104
vn -1.0 0.0 0.0
vt 0.291666657 0.736111104
vn -1.0 0.0 0.0
vt 0.305555552 0.736111104
vn -1.0 0.0 0.0
vt 0.319444448 0.736111104
vn -1.0 0.0 0.0
vt 0.333333343 0.736111104
vn -1.0 0.0 0.0
vt 0.347222209 0.736111104
vn -1.0 0.0 0.0
vt 0.361111104 0.736111104
vn -1.0 0.0 0.0
vt 0.375 0.736111104
vn -1.0 0.0 0.0
vt 0.388888896 0.736111104
vn -1.0 0.0 0.0
vt 0.402777791 0.736111104
vn -1.0 0.0 0.0
vt 0.416666657 0.736111104
vn -1.0 0.0 0.0
vt 0.430555552 0.736111104
vn -1.0 0.0 0.0
vt 0.444444448 0.736111104
vn -1.0 0.0 0.0
vt 0.458333343 0.736111104
vn -1.0 0.0 0.0
vt 0.472222209 0.736111104
vn -1.0 0.0 0.0
vt 0.486111104 0.736111104
vn -1.0 0.0 0.0
vt 0.5 0.736111104
vn -1.0 0.0 0.0
vt 0.513888896 0.736111104
vn -1.0 0.0 0.0
vt 0.527777791 0.736111104
vn -1.0 0.0 0.0
vt 0.541666687 0.736111104
vn -1.0 0.0 0.0
vt 0.555555582 0.736111104
vn -1.0 0.0 0.0
vt 0.569444418 0.736111104
vn -1.0 0.0 0.0
vt 0.583333313 0.736111104
vn -1.0 0.0 0.0
vt 0.597222209 0.736111104
vn -1.0 0.0 0.0
vt 0.611111104 0.736111104
vn -1.0 0.0 0.0
vt 0.625 0.736111104
vn -1.0 0.0 0.0
vt 0.638888896 0.736111104
vn -1.0 0.0 0.0
vt 0.652777791 0.736111104
vn -1.0 0.0 0.0
vt 0.666666687 0.736111104
vn -1.0 0.0 0.0
vt 0.680555582 0.736111104
vn -1.0 0.0 0.0
vt 0.694444418 0.736111104
vn -1.0 0.0 0.0
vt 0.708333313 0.736111104
vn -1.0 0.0 0.0
vt 0.722222209 0.736111104
vn -1.0 0.0 0.0
vt 0.736111104 0.736111104
vn -1.0 0.0 0.0
vt 0.75 0.736111104
vn -1.0 0.0 0.0
vt 0.763888896 0.736111104
vn -1.0 0.0 0.0
vt 0.777777791 0.736111104
vn -1.0 0.0 0.0
vt 0.791666687 0.736111104
vn -1.0 0.0 0.0
vt 0.805555582 0.736111104
vn -1.0 0.0 0.0
vt 0.819444418 0.736111104
vn -1.0 0.0 0.0
vt 0.833333313 0.736111104
vn -1.0 0.0 0.0
vt 0.847222209 0.736111104
vn -1.0 0.0 0.0
vt 0.861111104 0.736111104
vn -1.0 0.0 0.0
vt 0.875 0.736111104
vn -1.0 0.0 0.0
vt 0.888888896 0.736111104
vn -1.0 0.0 0.0
vt 0.902777791 0.736111104
vn -1.0 0.0 0.0
vt 0.916666687 0.736111104
vn -1.0 0.0 0.0
vt 0.930555582 0.736111104
vn -1.0 0.0 0.0
vt 0.944444418 0.736111104
vn -1.0 0.0 0.0
vt 0.958333313 0.736111104
vn -1.0 0.0 0.0
vt 0.972222209 0.736111104
vn -1.0 0.0 0.0
vt 0.986111104 0.736111104
vn -1.0 0.0 0.0
vt 1.0 0.736111104
vn -1.0 0.0 0.0
vt 0.0 0.75
vn -1.0 0.0 0.0
vt 0.013888889 0.75
vn -1.0 0.0 0.0
vt 0.027777778 0.75
vn -1.0 0.0 0.0
vt 0.0416666679 0.75
vn -1.0 0.0 0.0
vt 0.055555556 0.75
vn -1.0 0.0 0.0
vt 0.0694444478 0.75
vn -1.0 0.0 0.0
vt 0.0833333358 0.75
vn -1.0 0.0 0.0
vt 0.0972222239 0.75
vn -1.0 0.0 0.0
vt 0.111111112 0.75
vn -1.0 0.0 0.0
vt 0.125 0.75
vn -1.0 0.0 0.0
vt 0.138888896 0.75
vn -1.0 0.0 0.0
vt 0.152777776 0.75
vn -1.0 0.0 0.0
vt 0.166666672 0.75
vn -1.0 0.0 0.0
vt 0.180555552 0.75
vn -1.0 0.0 0.0
vt 0.194444448 0.75
vn -1.0 0.0 0.0
vt 0.208333328 0.75
vn -1.0 0.0 0.0
vt 0.222222224 0.75
vn -1.0 0.0 0.0
vt 0.236111104 0.75
vn -1.0 0.0 0.0
vt 0.25 0.75
vn -1.0 0.0 0.0
vt 0.263888896 0.75
vn -1.0 0.0 0.0
vt 0.277777791 0.75
vn -1.0 0.0 0.0
vt 0.291666657 0.75
vn -1.0 0.0 0.0
vt 0.305555552 0.75
vn -1.0 0.0 0.0
vt 0.319444448 0.75
vn -1.0 0.0 0.0
vt 0.333333343 0.75
vn -1.0 0.0 0.0
vt 0.347222209 0.75
vn -1.0 0.0 0.0
vt 0.361111104 0.75
vn -1.0 0.0 0.0
vt 0.375 0.75
vn -1.0 0.0 0.0
vt 0.388888896 0.75
vn -1.0 0.0 0.0
vt 0.402777791 0.75
vn -1.0 0.0 0.0
vt 0.416666657 0.75
vn -1.0 0.0 0.0
vt 0.430555552 0.75
vn -1.0 0.0 0.0
vt 0.444444448 0.75
vn -1.0 0.0 0.0
vt 0.458333343 0.75
vn -1.0 0.0 0.0
vt 0.472222209 0.75
vn -1.0 0.0 0.0
vt 0.486111104 0.75
vn -1.0 0.0 0.0
vt 0.5 0.75
vn -1.0 0.0 0.0
vt 0.513888896 0.75
vn -1.0 0.0 0.0
vt 0.527777791 0.75
vn -1.0 0.0 0.0
vt 0.541666687 0.75
vn -1.0 0.0 0.0
vt 0.555555582 0.75
vn -1.0 0.0 0.0
vt 0.569444418 0.75
vn -1.0 0.0 0.0
vt 0.583333313 0.75
vn -1.0 0.0 0.0
vt 0.597222209 0.75
vn -1.0 0.0 0.0
vt 0.611111104 0.75
vn -1.0 0.0 0.0
vt 0.625 0.75
vn -1.0 0.0 0.0
vt 0.638888896 0.75
vn -1.0 0.0 0.0
vt 0.652777791 0.75
vn -1.0 0.0 0.0
vt 0.666666687 0.75
vn -1.0 0.0 0.0
vt 0.680555582 0.75
vn -1.0 0.0 0.0
vt 0.694444418 0.75
vn -1.0 0.0 0.0
vt 0.708333313 0.75
vn -1.0 0.0 0.0
vt 0.722222209 0.75
vn -1.0 0.0 0.0
vt 0.736111104 0.75
vn -1.0 0.0 0.0
vt 0.75 0.75
vn -1.0 0.0 0.0
vt 0.763888896 0.75
vn -1.0 0.0 0.0
vt 0.777777791 0.75
vn -1.0 0.0 0.0
vt 0.791666687 0.75
vn -1.0 0.0 0.0
vt 0.805555582 0.75
vn -1.0 0.0 0.0
vt 0.819444418 0.75
vn -1.0 0.0 0.0
vt 0.833333313 0.75
vn -1.0 0.0 0.0
vt 0.847222209 0.75
vn -1.0 0.0 0.0
vt 0.861111104 0.75
vn -1.0 0.0 0.0
vt 0.875 0.75
vn -1.0 0.0 0.0
vt 0.888888896 0.75
vn -1.0 0.0 0.0
vt 0.902777791 0.75
vn -1.0 0.0 0.0
vt 0.916666687 0.75
vn -1.0 0.0 0.0
vt 0.930555582 0.75
vn -1.0 0.0 0.0
vt 0.944444418 0.75
vn -1.0 0.0 0.0
vt 0.958333313 0.75
vn -1.0 0.0 0.0
vt 0.972222209 0.75
vn -1.0 0.0 0.0
vt 0.986111104 0.75
vn -1.0 0.0 0.0
vt 1.0 0.75
vn -1.0 0.0 0.0
vt 0.0 0.763888896
vn -1.0 0.0 0.0
vt 0.013888889 0.763888896
vn -1.0 0.0 0.0
vt 0.027777778 0.763888896
vn -1.0 0.0 0.0
vt 0.0416666679 0.763888896
vn -1.0 0.0 0.0
vt 0.055555556 0.763888896
vn -1.0 0.0 0.0
vt 0.0694444478 0.763888896
vn -1.0 0.0 0.0
vt 0.0833333358 0.763888896
vn -1.0 0.0 0.0
vt 0.0972222239 0.763888896
vn -1.0 0.0 0.0
vt 0.111111112 0.763888896
vn -1.0 0.0 0.0
vt 0.125 0.763888896
vn -1.0 0.0 0.0
vt 0.138888896 0.763888896
vn -1.0 0.0 0.0
vt 0.152777776 0.763888896
vn -1.0 0.0 0.0
vt 0.166666672 0.763888896
vn -1.0 0.0 0.0
vt 0.180555552 0.763888896
vn -1.0 0.0 0.0
vt 0.194444448 0.763888896
vn -1.0 0.0 0.0
vt 0.208333328 0.763888896
vn -1.0 0.0 0.0
vt 0.222222224 0.763888896
vn -1.0 0.0 0.0
vt 0.236111104 0.763888896
vn -1.0 0.0 0.0
vt 0.25 0.763888896
vn -1.0 0.0 0.0
vt 0.263888896 0.763888896
vn -1.0 0.0 0.0
vt 0.277777791 0.763888896
vn -1.0 0.0 0.0
vt 0.291666657 0.763888896
vn -1.0 0.0 0.0
vt 0.305555552 0.763888896
vn -1.0 0.0 0.0
vt 0.319444448 0.763888896
vn -1.0 0.0 0.0
vt 0.333333343 0.763888896
vn -1.0 0.0 0.0
vt 0.347222209 0.763888896
vn -1.0 0.0 0.0
vt 0.361111104 0.763888896
vn -1.0 0.0 0.0
vt 0.375 0.763888896
vn -1.0 0.0 0.0
vt 0.388888896 0.763888896
vn -1.0 0.0 0.0
vt 0.402777791 0.763888896
vn -1.0 0.0 0.0
vt 0.416666657 0.763888896
vn -1.0 0.0 0.0
vt 0.430555552 0.763888896
vn -1.0 0.0 0.0
vt 0.444444448 0.763888896
vn -1.0 0.0 0.0
vt 0.458333343 0.763888896
vn -1.0 0.0 0.0
vt 0.472222209 0.763888896
vn -1.0 0.0 0.0
vt 0.486111104 0.763888896
vn -1.0 0.0 0.0
vt 0.5 0.763888896
vn -1.0 0.0 0.0
vt 0.513888896 0.763888896
vn -1.0 0.0 0.0
vt 0.527777791 0.763888896
vn -1.0 0.0 0.0
vt 0.541666687 0.763888896
vn -1.0 0.0 0.0
vt 0.555555582 0.763888896
vn -1.0 0.0 0.0
vt 0.569444418 0.763888896
vn -1.0 0.0 0.0
vt 0.583333313 0.763888896
vn -1.0 0.0 0.0
vt 0.597222209 0.763888896
vn -1.0 0.0 0.0
vt 0.611111104 0.763888896
vn -1.0 0.0 0.0
vt 0.625 0.763888896
vn -1.0 0.0 0.0
vt 0.638888896 0.763888896
vn -1.0 0.0 0.0
vt 0.652777791 0.763888896
vn -1.0 0.0 0.0
vt 0.666666687 0.763888896
vn -1.0 0.0 0.0
vt 0.680555582 0.763888896
vn -1.0 0.0 0.0
vt 0.694444418 0.763888896
vn -1.0 0.0 0.0
vt 0.708333313 0.763888896
vn -1.0 0.0 0.0
vt 0.722222209 0.763888896
vn -1.0 0.0 0.0
vt 0.736111104 0.763888896
vn -1.0 0.0 0.0
vt 0.75 0.763888896
vn -1.0 0.0 0.0
vt 0.763888896 0.763888896
vn -1.0 0.0 0.0
vt 0.777777791 0.763888896
vn -1.0 0.0 0.0
vt 0.791666687 0.763888896
vn -1.0 0.0 0.0
vt 0.805555582 0.763888896
vn -1.0 0.0 0.0
vt 0.819444418 0.763888896
vn -1.0 0.0 0.0
vt 0.833333313 0.763888896
vn -1.0 0.0 0.0
vt 0.847222209 0.763888896
vn -1.0 0.0 0.0
vt 0.861111104 0.763888896
vn -1.0 0.0 0.0
vt 0.875 0.763888896
vn -1.0 0.0 0.0
vt 0.888888896 0.763888896
vn -1.0 0.0 0.0
vt 0.902777791 0.763888896
vn -1.0 0.0 0.0
vt 0.916666687 0.763888896
vn -1.0 0.0 0.0
vt 0.930555582 0.763888896
vn -1.0 0.0 0.0
vt 0.944444418 0.763888896
vn -1.0 0.0 0.0
vt 0.958333313 0.763888896
vn -1.0 0.0 0.0
vt 0.972222209 0.763888896
vn -1.0 0.0 0.0
vt 0.986111104 0.763888896
vn -1.0 0.0 0.0
vt 1.0 0.763888896
vn -1.0 0.0 0.0
vt 0.0 0.777777776
vn -1.0 0.0 0.0
vt 0.013888889 0.777777776
vn -1.0 0.0 0.0
vt 0.027777778 0.777777776
vn -1.0 0.0 0.0
vt 0.0416666679 0.777777776
vn -1.0 0.0 0.0
vt 0.055555556 0.777777776
vn -1.0 0.0 0.0
vt 0.0694444478 0.777777776
vn -1.0 0.0 0.0
vt 0.0833333358 0.777777776
vn -1.0 0.0 0.0
vt 0.0972222239 0.777777776
vn -1.0 0.0 0.0
vt 0.111111112 0.777777776
vn -1.0 0.0 0.0
vt 0.125 0.777777776
vn -1.0 0.0 0.0
vt 0.138888896 0.777777776
vn -1.0 0.0 0.0
vt 0.152777776 0.777777776
vn -1.0 0.0 0.0
vt 0.166666672 0.777777776
vn -1.0 0.0 0.0
vt 0.180555552 0.777777776
vn -1.0 0.0 0.0
vt 0.194444448 0.777777776
vn -1.0 0.0 0.0
vt 0.208333328 0.777777776
vn -1.0 0.0 0.0
vt 0.222222224 0.777777776
vn -1.0 0.0 0.0
vt 0.236111104 0.777777776
vn -1.0 0.0 0.0
vt 0.25 0.777777776
vn -1.0 0.0 0.0
vt 0.263888896 0.777777776
vn -1.0 0.0 0.0
vt 0.277777791 0.777777776
vn -1.0 0.0 0.0
vt 0.291666657 0.777777776
vn -1.0 0.0 0.0
vt 0.305555552 0.777777776
vn -1.0 0.0 0.0
vt 0.319444448 0.777777776
vn -1.0 0.0 0.0
vt 0.333333343 0.777777776
vn -1.0 0.0 0.0
vt 0.347222209 0.777777776
vn -1.0 0.0 0.0
vt 0.361111104 0.777777776
vn -1.0 0.0 0.0
vt 0.375 0.777777776
vn -1.0 0.0 0.0
vt 0.388888896 0.777777776
vn -1.0 0.0 0.0
vt 0.402777791 0.777777776
vn -1.0 0.0 0.0
vt 0.416666657 0.777777776
vn -1.0 0.0 0.0
vt 0.430555552 0.777777776
vn -1.0 0.0 0.0
vt 0.444444448 0.777777776
vn -1.0 0.0 0.0
vt 0.458333343 0.777777776
vn -1.0 0.0 0.0
vt 0.472222209 0.777777776
vn -1.0 0.0 0.0
vt 0.486111104 0.777777776
vn -1.0 0.0 0.0
vt 0.5 0.777777776
vn -1.0 0.0 0.0
vt 0.513888896 0.777777776
vn -1.0 0.0 0.0
vt 0.527777791 0.777777776
vn -1.0 0.0 0.0
vt 0.541666687 0.777777776
vn -1.0 0.0 0.0
vt 0.555555582 0.777777776
vn -1.0 0.0 0.0
vt 0.569444418 0.777777776
vn -1.0 0.0 0.0
vt 0.583333313 0.777777776
vn -1.0 0.0 0.0
vt 0.597222209 0.777777776
vn -1.0 0.0 0.0
vt 0.611111104 0.777777776
vn -1.0 0.0 0.0
vt 0.625 0.777777776
vn -1.0 0.0 0.0
vt 0.638888896 0.777777776
vn -1.0 0.0 0.0
vt 0.652777791 0.777777776
vn -1.0 0.0 0.0
vt 0.666666687 0.777777776
vn -1.0 0.0 0.0
vt 0.680555582 0.777777776
vn -1.0 0.0 0.0
vt 0.694444418 0.777777776
vn -1.0 0.0 0.0
vt 0.708333313 0.777777776
vn -1.0 0.0 0.0
vt 0.722222209 0.777777776
vn -1.0 0.0 0.0
vt 0.736111104 0.777777776
vn -1.0 0.0 0.0
vt 0.75 0.777777776
vn -1.0 0.0 0.0
vt 0.763888896 0.777777776
vn -1.0 0.0 0.0
vt 0.777777791 0.777777776
vn -1.0 0.0 0.0
vt 0.791666687 0.777777776
vn -1.0 0.0 0.0
vt 0.805555582 0.777777776
vn -1.0 0.0 0.0
vt 0.819444418 0.777777776
vn -1.0 0.0 0.0
vt 0.833333313 0.777777776
vn -1.0 0.0 0.0
vt 0.847222209 0.777777776
vn -1.0 0.0 0.0
vt 0.861111104 0.777777776
vn -1.0 0.0 0.0
vt 0.875 0.777777776
vn -1.0 0.0 0.0
vt 0.888888896 0.777777776
vn -1.0 0.0 0.0
vt 0.902777791 0.777777776
vn -1.0 0.0 0.0
vt 0.916666687 0.777777776
vn -1.0 0.0 0.0
vt 0.930555582 0.777777776
vn -1.0 0.0 0.0
vt 0.944444418 0.777777776
vn -1.0 0.0 0.0
vt 0.958333313 0.777777776
vn -1.0 0.0 0.0
vt 0.972222209 0.777777776
vn -1.0 0.0 0.0
vt 0.986111104 0.777777776
vn -1.0 0.0 0.0
vt 1.0 0.777777776
vn -1.0 0.0 0.0
vt 0.0 0.791666672
vn -1.0 0.0 0.0
vt 0.013888889 0.791666672
vn -1.0 0.0 0.0
vt 0.027777778 0.791666672
vn -1.0 0.0 0.0
vt 0.0416666679 0.791666672
vn -1.0 0.0 0.0
vt 0.055555556 0.791666672
vn -1.0 0.0 0.0
vt 0.0694444478 0.791666672
vn -1.0 0.0 0.0
vt 0.0833333358 0.791666672
vn -1.0 0.0 0.0
vt 0.0972222239 0.791666672
vn -1.0 0.0 0.0
vt 0.111111112 0.791666672
vn -1.0 0.0 0.0
vt 0.125 0.791666672
vn -1.0 0.0 0.0
vt 0.138888896 0.791666672
vn -1.0 0.0 0.0
vt 0.152777776 0.791666672
vn -1.0 0.0 0.0
vt 0.166666672 0.791666672
vn -1.0 0.0 0.0
vt 0.180555552 0.791666672
vn -1.0 0.0 0.0
vt 0.194444448 0.791666672
vn -1.0 0.0 0.0
vt 0.208333328 0.791666672
vn -1.0 0.0 0.0
vt 0.222222224 0.791666672
vn -1.0 0.0 0.0
vt 0.236111104 0.791666672
vn -1.0 0.0 0.0
vt 0.25 0.791666672
vn -1.0 0.0 0.0
vt 0.263888896 0.791666672
vn -1.0 0.0 0.0
vt 0.277777791 0.791666672
vn -1.0 0.0 0.0
vt 0.291666657 0.791666672
vn -1.0 0.0 0.0
vt 0.305555552 0.791666672
vn -1.0 0.0 0.0
vt 0.319444448 0.791666672
vn -1.0 0.0 0.0
vt 0.333333343 0.791666672
vn -1.0 0.0 0.0
vt 0.347222209 0.791666672
vn -1.0 0.0 0.0
vt 0.361111104 0.791666672
vn -1.0 0.0 0.0
vt 0.375 0.791666672
vn -1.0 0.0 0.0
vt 0.388888896 0.791666672
vn -1.0 0.0 0.0
vt 0.402777791 0.791666672
vn -1.0 0.0 0.0
vt 0.416666657 0.791666672
vn -1.0 0.0 0.0
vt 0.430555552 0.791666672
vn -1.0 0.0 0.0
vt 0.444444448 0.791666672
vn -1.0 0.0 0.0
vt 0.458333343 0.791666672
vn -1.0 0.0 0.0
vt 0.472222209 0.791666672
vn -1.0 0.0 0.0
vt 0.486111104 0.791666672
vn -1.0 0.0 0.0
vt 0.5 0.791666672
vn -1.0 0.0 0.0
vt 0.513888896 0.791666672
vn -1.0 0.0 0.0
vt 0.527777791 0.791666672
vn -1.0 0.0 0.0
vt 0.541666687 0.791666672
vn -1.0 0.0 0.0
vt 0.555555582 0.791666672
vn -1.0 0.0 0.0
vt 0.569444418 0.791666672
vn -1.0 0.0 0.0
vt 0.583333313 0.791666672
vn -1.0 0.0 0.0
vt 0.597222209 0.791666672
vn -1.0 0.0 0.0
vt 0.611111104 0.791666672
vn -1.0 0.0 0.0
vt 0.625 0.791666672
vn -1.0 0.0 0.0
vt 0.638888896 0.791666672
vn -1.0 0.0 0.0
vt 0.652777791 0.791666672
vn -1.0 0.0 0.0
vt 0.666666687 0.791666672
vn -1.0 0.0 0.0
vt 0.680555582 0.791666672
vn -1.0 0.0 0.0
vt 0.694444418 0.791666672
vn -1.0 0.0 0.0
vt 0.708333313 0.791666672
vn -1.0 0.0 0.0
vt 0.722222209 0.791666672
vn -1.0 0.0 0.0
vt 0.736111104 0.791666672
vn -1.0 0.0 0.0
vt 0.75 0.791666672
vn -1.0 0.0 0.0
vt 0.763888896 0.791666672
vn -1.0 0.0 0.0
vt 0.777777791 0.791666672
vn -1.0 0.0 0.0
vt 0.791666687 0.791666672
vn -1.0 0.0 0.0
vt 0.805555582 0.791666672
vn -1.0 0.0 0.0
vt 0.819444418 0.791666672
vn -1.0 0.0 0.0
vt 0.833333313 0.791666672
vn -1.0 0.0 0.0
vt 0.847222209 0.791666672
vn -1.0 0.0 0.0
vt 0.861111104 0.791666672
vn -1.0 0.0 0.0
vt 0.875 0.791666672
vn -1.0 0.0 0.0
vt 0.888888896 0.791666672
vn -1.0 0.0 0.0
vt 0.902777791 0.791666672
vn -1.0 0.0 0.0
vt 0.916666687 0.791666672
vn -1.0 0.0 0.0
vt 0.930555582 0.791666672
vn -1.0 0.0 0.0
vt 0.944444418 0.791666672
vn -1.0 0.0 0.0
vt 0.958333313 0.791666672
vn -1.0 0.0 0.0
vt 0.972222209 0.791666672
vn -1.0 0.0 0.0
vt 0.986111104 0.791666672
vn -1.0 0.0 0.0
vt 1.0 0.791666672
vn -1.0 0.0 0.0
vt 0.0 0.805555552
vn -1.0 0.0 0.0
vt 0.013888889 0.805555552
vn -1.0 0.0 0.0
vt 0.027777778 0.805555552
vn -1.0 0.0 0.0
vt 0.0416666679 0.805555552
vn -1.0 0.0 0.0
vt 0.055555556 0.805555552
vn -1.0 0.0 0.0
vt 0.0694444478 0.805555552
vn -1.0 0.0 0.0
vt 0.0833333358 0.805555552
vn -1.0 0.0 0.0
vt 0.0972222239 0.805555552
vn -1.0 0.0 0.0
vt 0.111111112 0.805555552
vn -1.0 0.0 0.0
vt 0.125 0.805555552
vn -1.0 0.0 0.0
vt 0.138888896 0.805555552
vn -1.0 0.0 0.0
vt 0.152777776 0.805555552
vn -1.0 0.0 0.0
vt 0.166666672 0.805555552
vn -1.0 0.0 0.0
vt 0.180555552 0.805555552
vn -1.0 0.0 0.0
vt 0.194444448 0.805555552
vn -1.0 0.0 0.0
vt 0.208333328 0.805555552
vn -1.0 0.0 0.0
vt 0.222222224 0.805555552
vn -1.0 0.0 0.0
vt 0.236111104 0.805555552
vn -1.0 0.0 0.0
vt 0.25 0.805555552
vn -1.0 0.0 0.0
vt 0.263888896 0.805555552
vn -1.0 0.0 0.0
vt 0.277777791 0.805555552
vn -1.0 0.0 0.0
vt 0.291666657 0.805555552
vn -1.0 0.0 0.0
vt 0.305555552 0.805555552
vn -1.0 0.0 0.0
vt 0.319444448 0.805555552
vn -1.0 0.0 0.0
vt 0.333333343 0.805555552
vn -1.0 0.0 0.0
vt 0.347222209 0.805555552
vn -1.0 0.0 0.0
vt 0.361111104 0.805555552
vn -1.0 0.0 0.0
vt 0.375 0.805555552
vn -1.0 0.0 0.0
vt 0.388888896 0.805555552
vn -1.0 0.0 0.0
vt 0.402777791 0.805555552
vn -1.0 0.0 0.0
vt 0.416666657 0.805555552
vn -1.0 0.0 0.0
vt 0.430555552 0.805555552
vn -1.0 0.0 0.0
vt 0.444444448 0.805555552
vn -1.0 0.0 0.0
vt 0.458333343 0.805555552
vn -1.0 0.0 0.0
vt 0.472222209 0.805555552
vn -1.0 0.0 0.0
vt 0.486111104 0.805555552
vn -1.0 0.0 0.0
vt 0.5 0.805555552
vn -1.0 0.0 0.0
vt 0.513888896 0.805555552
vn -1.0 0.0 0.0
vt 0.527777791 0.805555552
vn -1.0 0.0 0.0
vt 0.541666687 0.805555552
vn -1.0 0.0 0.0
vt 0.555555582 0.805555552
vn -1.0 0.0 0.0
vt 0.569444418 0.805555552
vn -1.0 0.0 0.0
vt 0.583333313 0.805555552
vn -1.0 0.0 0.0
vt 0.597222209 0.805555552
vn -1.0 0.0 0.0
vt 0.611111104 0.805555552
vn -1.0 0.0 0.0
vt 0.625 0.805555552
vn -1.0 0.0 0.0
vt 0.638888896 0.805555552
vn -1.0 0.0 0.0
vt 0.652777791 0.805555552
vn -1.0 0.0 0.0
vt 0.666666687 0.805555552
vn -1.0 0.0 0.0
vt 0.680555582 0.805555552
vn -1.0 0.0 0.0
vt 0.694444418 0.805555552
vn -1.0 0.0 0.0
vt 0.708333313 0.805555552
vn -1.0 0.0 0.0
vt 0.722222209 0.805555552
vn -1.0 0.0 0.0
vt 0.736111104 0.805555552
vn -1.0 0.0 0.0
vt 0.75 0.805555552
vn -1.0 0.0 0.0
vt 0.763888896 0.805555552
vn -1.0 0.0 0.0
vt 0.777777791 0.805555552
vn -1.0 0.0 0.0
vt 0.791666687 0.805555552
vn -1.0 0.0 0.0
vt 0.805555582 0.805555552
vn -1.0 0.0 0.0
vt 0.819444418 0.805555552
vn -1.0 0.0 0.0
vt 0.833333313 0.805555552
vn -1.0 0.0 0.0
vt 0.847222209 0.805555552
vn -1.0 0.0 0.0
vt 0.861111104 0.805555552
vn -1.0 0.0 0.0
vt 0.875 0.805555552
vn -1.0 0.0 0.0
vt 0.888888896 0.805555552
vn -1.0 0.0 0.0
vt 0.902777791 0.805555552
vn -1.0 0.0 0.0
vt 0.916666687 0.805555552
vn -1.0 0.0 0.0
vt 0.930555582 0.805555552
vn -1.0 0.0 0.0
vt 0.944444418 0.805555552
vn -1.0 0.0 0.0
vt 0.958333313 0.805555552
vn -1.0 0.0 0.0
vt 0.972222209 0.805555552
vn -1.0 0.0 0.0
vt 0.986111104 0.805555552
vn -1.0 0.0 0.0
vt 1.0 0.805555552
vn -1.0 0.0 0.0
vt 0.0 0.819444448
vn -1.0 0.0 0.0
vt 0.013888889 0.819444448
vn -1.0 0.0 0.0
vt 0.027777778 0.819444448
vn -1.0 0.0 0.0
vt 0.0416666679 0.819444448
vn -1.0 0.0 0.0
vt 0.055555556 0.819444448
vn -1.0 0.0 0.0
vt 0.0694444478 0.819444448
vn -1.0 0.0 0.0
vt 0.0833333358 0.819444448
vn -1.0 0.0 0.0
vt 0.0972222239 0.819444448
vn -1.0 0.0 0.0
vt 0.111111112 0.819444448
vn -1.0 0.0 0.0
vt 0.125 0.819444448
vn -1.0 0.0 0.0
vt 0.138888896 0.819444448
vn -1.0 0.0 0.0
vt 0.152777776 0.819444448
vn -1.0 0.0 0.0
vt 0.166666672 0.819444448
vn -1.0 0.0 0.0
vt 0.180555552 0.819444448
vn -1.0 0.0 0.0
vt 0.194444448 0.819444448
vn -1.0 0.0 0.0
vt 0.208333328 0.819444448
vn -1.0 0.0 0.0
vt 0.222222224 0.819444448
vn -1.0 0.0 0.0
vt 0.236111104 0.819444448
vn -1.0 0.0 0.0
vt 0.25 0.819444448
vn -1.0 0.0 0.0
vt 0.263888896 0.819444448
vn -1.0 0.0 0.0
vt 0.277777791 0.819444448
vn -1.0 0.0 0.0
vt 0.291666657 0.819444448
vn -1.0 0.0 0.0
vt 0.305555552 0.819444448
vn -1.0 0.0 0.0
vt 0.319444448 0.819444448
vn -1.0 0.0 0.0
vt 0.333333343 0.819444448
vn -1.0 0.0 0.0
vt 0.347222209 0.819444448
vn -1.0 0.0 0.0
vt 0.361111104 0.819444448
vn -1.0 0.0 0.0
vt 0.375 0.819444448
vn -1.0 0.0 0.0
vt 0.388888896 0.819444448
vn -1.0 0.0 0.0
vt 0.402777791 0.819444448
vn -1.0 0.0 0.0
vt 0.416666657 0.819444448
vn -1.0 0.0 0.0
vt 0.430555552 0.819444448
vn -1.0 0.0 0.0
vt 0.444444448 0.819444448
vn -1.0 0.0 0.0
vt 0.458333343 0.819444448
vn -1.0 0.0 0.0
vt 0.472222209 0.819444448
vn -1.0 0.0 0.0
vt 0.486111104 0.819444448
vn -1.0 0.0 0.0
vt 0.5 0.819444448
vn -1.0 0.0 0.0
vt 0.513888896 0.819444448
vn -1.0 0.0 0.0
vt 0.527777791 0.819444448
vn -1.0 0.0 0.0
vt 0.541666687 0.819444448
vn -1.0 0.0 0.0
vt 0.555555582 0.819444448
vn -1.0 0.0 0.0
vt 0.569444418 0.819444448
vn -1.0 0.0 0.0
vt 0.583333313 0.819444448
vn -1.0 0.0 0.0
vt 0.597222209 0.819444448
vn -1.0 0.0 0.0
vt 0.611111104 0.819444448
vn -1.0 0.0 0.0
vt 0.625 0.819444448
vn -1.0 0.0 0.0
vt 0.638888896 0.819444448
vn -1.0 0.0 0.0
vt 0.652777791 0.819444448
vn -1.0 0.0 0.0
vt 0.666666687 0.819444448
vn -1.0 0.0 0.0
vt 0.680555582 0.819444448
vn -1.0 0.0 0.0
vt 0.694444418 0.819444448
vn -1.0 0.0 0.0
vt 0.708333313 0.819444448
vn -1.0 0.0 0.0
vt 0.722222209 0.819444448
vn -1.0 0.0 0.0
vt 0.736111104 0.819444448
vn -1.0 0.0 0.0
vt 0.75 0.819444448
vn -1.0 0.0 0.0
vt 0.763888896 0.819444448
vn -1.0 0.0 0.0
vt 0.777777791 0.819444448
vn -1.0 0.0 0.0
vt 0.791666687 0.819444448
vn -1.0 0.0 0.0
vt 0.805555582 0.819444448
vn -1.0 0.0 0.0
vt 0.819444418 0.819444448
vn -1.0 0.0 0.0
vt 0.833333313 0.819444448
vn -1.0 0.0 0.0
vt 0.847222209 0.819444448
vn -1.0 0.0 0.0
vt 0.861111104 0.819444448
vn -1.0 0.0 0.0
vt 0.875 0.819444448
vn -1.0 0.0 0.0
vt 0.888888896 0.819444448
vn -1.0 0.0 0.0
vt 0.902777791 0.819444448
vn -1.0 0.0 0.0
vt 0.916666687 0.819444448
vn -1.0 0.0 0.0
vt 0.930555582 0.819444448
vn -1.0 0.0 0.0
vt 0.944444418 0.819444448
vn -1.0 0.0 0.0
vt 0.958333313 0.819444448
vn -1.0 0.0 0.0
vt 0.972222209 0.819444448
vn -1.0 0.0 0.0
vt 0.986111104 0.819444448
vn -1.0 0.0 0.0
vt 1.0 0.819444448
vn -1.0 0.0 0.0
vt 0.0 0.833333328
vn -1.0 0.0 0.0
vt 0.013888889 0.833333328
vn -1.0 0.0 0.0
vt 0.027777778 0.833333328
vn -1.0 0.0 0.0
vt 0.0416666679 0.833333328
vn -1.0 0.0 0.0
vt 0.055555556 0.833333328
vn -1.0 0.0 0.0
vt 0.0694444478 0.833333328
vn -1.0 0.0 0.0
vt 0.0833333358 0.833333328
vn -1.0 0.0 0.0
vt 0.0972222239 0.833333328
vn -1.0 0.0 0.0
vt 0.111111112 0.833333328
vn -1.0 0.0 0.0
vt 0.125 0.833333328
vn -1.0 0.0 0.0
vt 0.138888896 0.833333328
vn -1.0 0.0 0.0
vt 0.152777776 0.833333328
vn -1.0 0.0 0.0
vt 0.166666672 0.833333328
vn -1.0 0.0 0.0
vt 0.180555552 0.833333328
vn -1.0 0.0 0.0
vt 0.194444448 0.833333328
vn -1.0 0.0 0.0
vt 0.208333328 0.833333328
vn -1.0 0.0 0.0
vt 0.222222224 0.833333328
vn -1.0 0.0 0.0
vt 0.236111104 0.833333328
vn -1.0 0.0 0.0
vt 0.25 0.833333328
vn -1.0 0.0 0.0
vt 0.263888896 0.833333328
vn -1.0 0.0 0.0
vt 0.277777791 0.833333328
vn -1.0 0.0 0.0
vt 0.291666657 0.833333328
vn -1.0 0.0 0.0
vt 0.305555552 0.833333328
vn -1.0 0.0 0.0
vt 0.319444448 0.833333328
vn -1.0 0.0 0.0
vt 0.333333343 0.833333328
vn -1.0 0.0 0.0
vt 0.347222209 0.833333328
vn -1.0 0.0 0.0
vt 0.361111104 0.833333328
vn -1.0 0.0 0.0
vt 0.375 0.833333328
vn -1.0 0.0 0.0
vt 0.388888896 0.833333328
vn -1.0 0.0 0.0
vt 0.402777791 0.833333328
vn -1.0 0.0 0.0
vt 0.416666657 0.833333328
vn -1.0 0.0 0.0
vt 0.430555552 0.833333328
vn -1.0 0.0 0.0
vt 0.444444448 0.833333328
vn -1.0 0.0 0.0
vt 0.458333343 0.833333328
vn -1.0 0.0 0.0
vt 0.472222209 0.833333328
vn -1.0 0.0 0.0
vt 0.486111104 0.833333328
vn -1.0 0.0 0.0
vt 0.5 0.833333328
vn -1.0 0.0 0.0
vt 0.513888896 0.833333328
vn -1.0 0.0 0.0
vt 0.527777791 0.833333328
vn -1.0 0.0 0.0
vt 0.541666687 0.833333328
vn -1.0 0.0 0.0
vt 0.555555582 0.833333328
vn -1.0 0.0 0.0
vt 0.569444418 0.833333328
vn -1.0 0.0 0.0
vt 0.583333313 0.833333328
vn -1.0 0.0 0.0
vt 0.597222209 0.833333328
vn -1.0 0.0 0.0
vt 0.611111104 0.833333328
vn -1.0 0.0 0.0
vt 0.625 0.833333328
vn -1.0 0.0 0.0
vt 0.638888896 0.833333328
vn -1.0 0.0 0.0
vt 0.652777791 0.833333328
vn -1.0 0.0 0.0
vt 0.666666687 0.833333328
vn -1.0 0.0 0.0
vt 0.680555582 0.833333328
vn -1.0 0.0 0.0
vt 0.694444418 0.833333328
vn -1.0 0.0 0.0
vt 0.708333313 0.833333328
vn -1.0 0.0 0.0
vt 0.722222209 0.833333328
vn -1.0 0.0 0.0
vt 0.736111104 0.833333328
vn -1.0 0.0 0.0
vt 0.75 0.833333328
vn -1.0 0.0 0.0
vt 0.763888896 0.833333328
vn -1.0 0.0 0.0
vt 0.777777791 0.833333328
vn -1.0 0.0 0.0
vt 0.791666687 0.833333328
vn -1.0 0.0 0.0
vt 0.805555582 0.833333328
vn -1.0 0.0 0.0
vt 0.819444418 0.833333328
vn -1.0 0.0 0.0
vt 0.833333313 0.833333328
vn -1.0 0.0 0.0
vt 0.847222209 0.833333328
vn -1.0 0.0 0.0
vt 0.861111104 0.833333328
vn -1.0 0.0 0.0
vt 0.875 0.833333328
vn -1.0 0.0 0.0
vt 0.888888896 0.833333328
vn -1.0 0.0 0.0
vt 0.902777791 0.833333328
vn -1.0 0.0 0.0
vt 0.916666687 0.833333328
vn -1.0 0.0 0.0
vt 0.930555582 0.833333328
vn -1.0 0.0 0.0
vt 0.944444418 0.833333328
vn -1.0 0.0 0.0
vt 0.958333313 0.833333328
vn -1.0 0.0 0.0
vt 0.972222209 0.833333328
vn -1.0 0.0 0.0
vt 0.986111104 0.833333328
vn -1.0 0.0 0.0
vt 1.0 0.833333328
vn -1.0 0.0 0.0
vt 0.0 0.847222224
vn -1.0 0.0 0.0
vt 0.013888889 0.847222224
vn -1.0 0.0 0.0
vt 0.027777778 0.847222224
vn -1.0 0.0 0.0
vt 0.0416666679 0.847222224
vn -1.0 0.0 0.0
vt 0.055555556 0.847222224
vn -1.0 0.0 0.0
vt 0.0694444478 0.847222224
vn -1.0 0.0 0.0
vt 0.0833333358 0.847222224
vn -1.0 0.0 0.0
vt 0.0972222239 0.847222224
vn -1.0 0.0 0.0
vt 0.111111112 0.847222224
vn -1.0 0.0 0.0
vt 0.125 0.847222224
vn -1.0 0.0 0.0
vt 0.138888896 0.847222224
vn -1.0 0.0 0.0
vt 0.152777776 0.847222224
vn -1.0 0.0 0.0
vt 0.166666672 0.847222224
vn -1.0 0.0 0.0
vt 0.180555552 0.847222224
vn -1.0 0.0 0.0
vt 0.194444448 0.847222224
vn -1.0 0.0 0.0
vt 0.208333328 0.847222224
vn -1.0 0.0 0.0
vt 0.222222224 0.847222224
vn -1.0 0.0 0.0
vt 0.236111104 0.847222224
vn -1.0 0.0 0.0
vt 0.25 0.847222224
vn -1.0 0.0 0.0
vt 0.263888896 0.847222224
vn -1.0 0.0 0.0
vt 0.277777791 0.847222224
vn -1.0 0.0 0.0
vt 0.291666657 0.847222224
vn -1.0 0.0 0.0
vt 0.305555552 0.847222224
vn -1.0 0.0 0.0
vt 0.319444448 0.847222224
vn -1.0 0.0 0.0
vt 0.333333343 0.847222224
vn -1.0 0.0 0.0
vt 0.347222209 0.847222224
vn -1.0 0.0 0.0
vt 0.361111104 0.847222224
vn -1.0 0.0 0.0
vt 0.375 0.847222224
vn -1.0 0.0 0.0
vt 0.388888896 0.847222224
vn -1.0 0.0 0.0
vt 0.402777791 0.847222224
vn -1.0 0.0 0.0
vt 0.416666657 0.847222224
vn -1.0 0.0 0.0
vt 0.430555552 0.847222224
vn -1.0 0.0 0.0
vt 0.444444448 0.847222224
vn -1.0 0.0 0.0
vt 0.458333343 0.847222224
vn -1.0 0.0 0.0
vt 0.472222209 0.847222224
vn -1.0 0.0 0.0
vt 0.486111104 0.847222224
vn -1.0 0.0 0.0
vt 0.5 0.847222224
vn -1.0 0.0 0.0
vt 0.513888896 0.847222224
vn -1.0 0.0 0.0
vt 0.527777791 0.847222224
vn -1.0 0.0 0.0
vt 0.541666687 0.847222224
vn -1.0 0.0 0.0
vt 0.555555582 0.847222224
vn -1.0 0.0 0.0
vt 0.569444418 0.847222224
vn -1.0 0.0 0.0
vt 0.583333313 0.847222224
vn -1.0 0.0 0.0
vt 0.597222209 0.847222224
vn -1.0 0.0 0.0
vt 0.611111104 0.847222224
vn -1.0 0.0 0.0
vt 0.625 0.847222224
vn -1.0 0.0 0.0
vt 0.638888896 0.847222224
vn -1.0 0.0 0.0
vt 0.652777791 0.847222224
vn -1.0 0.0 0.0
vt 0.666666687 0.847222224
vn -1.0 0.0 0.0
vt 0.680555582 0.847222224
vn -1.0 0.0 0.0
vt 0.694444418 0.847222224
vn -1.0 0.0 0.0
vt 0.708333313 0.847222224
vn -1.0 0.0 0.0
vt 0.722222209 0.847222224
vn -1.0 0.0 0.0
vt 0.736111104 0.847222224
vn -1.0 0.0 0.0
vt 0.75 0.847222224
vn -1.0 0.0 0.0
vt 0.763888896 0.847222224
vn -1.0 0.0 0.0
vt 0.777777791 0.847222224
vn -1.0 0.0 0.0
vt 0.791666687 0.847222224
vn -1.0 0.0 0.0
vt 0.805555582 0.847222224
vn -1.0 0.0 0.0
vt 0.819444418 0.847222224
vn -1.0 0.0 0.0
vt 0.833333313 0.847222224
vn -1.0 0.0 0.0
vt 0.847222209 0.847222224
vn -1.0 0.0 0.0
vt 0.861111104 0.847222224
vn -1.0 0.0 0.0
vt 0.875 0.847222224
vn -1.0 0.0 0.0
vt 0.888888896 0.847222224
vn -1.0 0.0 0.0
vt 0.902777791 0.847222224
vn -1.0 0.0 0.0
vt 0.916666687 0.847222224
vn -1.0 0.0 0.0
vt 0.930555582 0.847222224
vn -1.0 0.0 0.0
vt 0.944444418 0.847222224
vn -1.0 0.0 0.0
vt 0.958333313 0.847222224
vn -1.0 0.0 0.0
vt 0.972222209 0.847222224
vn -1.0 0.0 0.0
vt 0.986111104 0.847222224
vn -1.0 0.0 0.0
vt 1.0 0.847222224
vn -1.0 0.0 0.0
vt 0.0 0.861111104
vn -1.0 0.0 0.0
vt 0.013888889 0.861111104
vn -1.0 0.0 0.0
vt 0.027777778 0.861111104
vn -1.0 0.0 0.0
vt 0.0416666679 0.861111104
vn -1.0 0.0 0.0
vt 0.055555556 0.861111104
vn -1.0 0.0 0.0
vt 0.0694444478 0.861111104
vn -1.0 0.0 0.0
vt 0.0833333358 0.861111104
vn -1.0 0.0 0.0
vt 0.0972222239 0.861111104
vn -1.0 0.0 0.0
vt 0.111111112 0.861111104
vn -1.0 0.0 0.0
vt 0.125 0.861111104
vn -1.0 0.0 0.0
vt 0.138888896 0.861111104
vn -1.0 0.0 0.0
vt 0.152777776 0.861111104
vn -1.0 0.0 0.0
vt 0.166666672 0.861111104
vn -1.0 0.0 0.0
vt 0.180555552 0.861111104
vn -1.0 0.0 0.0
vt 0.194444448 0.861111104
vn -1.0 0.0 0.0
vt 0.208333328 0.861111104
vn -1.0 0.0 0.0
vt 0.222222224 0.861111104
vn -1.0 0.0 0.0
vt 0.236111104 0.861111104
vn -1.0 0.0 0.0
vt 0.25 0.861111104
vn -1.0 0.0 0.0
vt 0.263888896 0.861111104
vn -1.0 0.0 0.0
vt 0.277777791 0.861111104
vn -1.0 0.0 0.0
vt 0.291666657 0.861111104
vn -1.0 0.0 0.0
vt 0.305555552 0.861111104
vn -1.0 0.0 0.0
vt 0.319444448 0.861111104
vn -1.0 0.0 0.0
vt 0.333333343 0.861111104
vn -1.0 0.0 0.0
vt 0.347222209 0.861111104
vn -1.0 0.0 0.0
vt 0.361111104 0.861111104
vn -1.0 0.0 0.0
vt 0.375 0.861111104
vn -1.0 0.0 0.0
vt 0.388888896 0.861111104
vn -1.0 0.0 0.0
vt 0.402777791 0.861111104
vn -1.0 0.0 0.0
vt 0.416666657 0.861111104
vn -1.0 0.0 0.0
vt 0.430555552 0.861111104
vn -1.0 0.0 0.0
vt 0.444444448 0.861111104
vn -1.0 0.0 0.0
vt 0.458333343 0.861111104
vn -1.0 0.0 0.0
vt 0.472222209 0.861111104
vn -1.0 0.0 0.0
vt 0.486111104 0.861111104
vn -1.0 0.0 0.0
vt 0.5 0.861111104
vn -1.0 0.0 0.0
vt 0.513888896 0.861111104
vn -1.0 0.0 0.0
vt 0.527777791 0.861111104
vn -1.0 0.0 0.0
vt 0.541666687 0.861111104
vn -1.0 0.0 0.0
vt 0.555555582 0.861111104
vn -1.0 0.0 0.0
vt 0.569444418 0.861111104
vn -1.0 0.0 0.0
vt 0.583333313 0.861111104
vn -1.0 0.0 0.0
vt 0.597222209 0.861111104
vn -1.0 0.0 0.0
vt 0.611111104 0.861111104
vn -1.0 0.0 0.0
vt 0.625 0.861111104
vn -1.0 0.0 0.0
vt 0.638888896 0.861111104
vn -1.0 0.0 0.0
vt 0.652777791 0.861111104
vn -1.0 0.0 0.0
vt 0.666666687 0.861111104
vn -1.0 0.0 0.0
vt 0.680555582 0.861111104
vn -1.0 0.0 0.0
vt 0.694444418 0.861111104
vn -1.0 0.0 0.0
vt 0.708333313 0.861111104
vn -1.0 0.0 0.0
vt 0.722222209 0.861111104
vn -1.0 0.0 0.0
vt 0.736111104 0.861111104
vn -1.0 0.0 0.0
vt 0.75 0.861111104
vn -1.0 0.0 0.0
vt 0.763888896 0.861111104
vn -1.0 0.0 0.0
vt 0.777777791 0.861111104
vn -1.0 0.0 0.0
vt 0.791666687 0.861111104
vn -1.0 0.0 0.0
vt 0.805555582 0.861111104
vn -1.0 0.0 0.0
vt 0.819444418 0.861111104
vn -1.0 0.0 0.0
vt 0.833333313 0.861111104
vn -1.0 0.0 0.0
vt 0.847222209 0.861111104
vn -1.0 0.0 0.0
vt 0.861111104 0.861111104
vn -1.0 0.0 0.0
vt 0.875 0.861111104
vn -1.0 0.0 0.0
vt 0.888888896 0.861111104
vn -1.0 0.0 0.0
vt 0.902777791 0.861111104
vn -1.0 0.0 0.0
vt 0.916666687 0.861111104
vn -1.0 0.0 0.0
vt 0.930555582 0.861111104
vn -1.0 0.0 0.0
vt 0.944444418 0.861111104
vn -1.0 0.0 0.0
vt 0.958333313 0.861111104
vn -1.0 0.0 0.0
vt 0.972222209 0.861111104
vn -1.0 0.0 0.0
vt 0.986111104 0.861111104
vn -1.0 0.0 0.0
vt 1.0 0.861111104
vn -1.0 0.0 0.0
vt 0.0 0.875
vn -1.0 0.0 0.0
vt 0.013888889 0.875
vn -1.0 0.0 0.0
vt 0.027777778 0.875
vn -1.0 0.0 0.0
vt 0.0416666679 0.875
vn -1.0 0.0 0.0
vt 0.055555556 0.875
vn -1.0 0.0 0.0
vt 0.0694444478 0.875
vn -1.0 0.0 0.0
vt 0.0833333358 0.875
vn -1.0 0.0 0.0
vt 0.0972222239 0.875
vn -1.0 0.0 0.0
vt 0.111111112 0.875
vn -1.0 0.0 0.0
vt 0.125 0.875
vn -1.0 0.0 0.0
vt 0.138888896 0.875
vn -1.0 0.0 0.0
vt 0.152777776 0.875
vn -1.0 0.0 0.0
vt 0.166666672 0.875
vn -1.0 0.0 0.0
vt 0.180555552 0.875
vn -1.0 0.0 0.0
vt 0.194444448 0.875
vn -1.0 0.0 0.0
vt 0.208333328 0.875
vn -1.0 0.0 0.0
vt 0.222222224 0.875
vn -1.0 0.0 0.0
vt 0.236111104 0.875
vn -1.0 0.0 0.0
vt 0.25 0.875
vn -1.0 0.0 0.0
vt 0.263888896 0.875
vn -1.0 0.0 0.0
vt 0.277777791 0.875
vn -1.0 0.0 0.0
vt 0.291666657 0.875
vn -1.0 0.0 0.0
vt 0.305555552 0.875
vn -1.0 0.0 0.0
vt 0.319444448 0.875
vn -1.0 0.0 0.0
vt 0.333333343 0.875
vn -1.0 0.0 0.0
vt 0.347222209 0.875
vn -1.0 0.0 0.0
vt 0.361111104 0.875
vn -1.0 0.0 0.0
vt 0.375 0.875
vn -1.0 0.0 0.0
vt 0.388888896 0.875
vn -1.0 0.0 0.0
vt 0.402777791 0.875
vn -1.0 0.0 0.0
vt 0.416666657 0.875
vn -1.0 0.0 0.0
vt 0.430555552 0.875
vn -1.0 0.0 0.0
vt 0.444444448 0.875
vn -1.0 0.0 0.0
vt 0.458333343 0.875
vn -1.0 0.0 0.0
vt 0.472222209 0.875
vn -1.0 0.0 0.0
vt 0.486111104 0.875
vn -1.0 0.0 0.0
vt 0.5 0.875
vn -1.0 0.0 0.0
vt 0.513888896 0.875
vn -1.0 0.0 0.0
vt 0.527777791 0.875
vn -1.0 0.0 0.0
vt 0.541666687 0.875
vn -1.0 0.0 0.0
vt 0.555555582 0.875
vn -1.0 0.0 0.0
vt 0.569444418 0.875
vn -1.0 0.0 0.0
vt 0.583333313 0.875
vn -1.0 0.0 0.0
vt 0.597222209 0.875
vn -1.0 0.0 0.0
vt 0.611111104 0.875
vn -1.0 0.0 0.0
vt 0.625 0.875
vn -1.0 0.0 0.0
vt 0.638888896 0.875
vn -1.0 0.0 0.0
vt 0.652777791 0.875
vn -1.0 0.0 0.0
vt 0.666666687 0.875
vn -1.0 0.0 0.0
vt 0.680555582 0.875
vn -1.0 0.0 0.0
vt 0.694444418 0.875
vn -1.0 0.0 0.0
vt 0.708333313 0.875
vn -1.0 0.0 0.0
vt 0.722222209 0.875
vn -1.0 0.0 0.0
vt 0.736111104 0.875
vn -1.0 0.0 0.0
vt 0.75 0.875
vn -1.0 0.0 0.0
vt 0.763888896 0.875
vn -1.0 0.0 0.0
vt 0.777777791 0.875
vn -1.0 0.0 0.0
vt 0.791666687 0.875
vn -1.0 0.0 0.0
vt 0.805555582 0.875
vn -1.0 0.0 0.0
vt 0.819444418 0.875
vn -1.0 0.0 0.0
vt 0.833333313 0.875
vn -1.0 0.0 0.0
vt 0.847222209 0.875
vn -1.0 0.0 0.0
vt 0.861111104 0.875
vn -1.0 0.0 0.0
vt 0.875 0.875
vn -1.0 0.0 0.0
vt 0.888888896 0.875
vn -1.0 0.0 0.0
vt 0.902777791 0.875
vn -1.0 0.0 0.0
vt 0.916666687 0.875
vn -1.0 0.0 0.0
vt 0.930555582 0.875
vn -1.0 0.0 0.0
vt 0.944444418 0.875
vn -1.0 0.0 0.0
vt 0.958333313 0.875
vn -1.0 0.0 0.0
vt 0.972222209 0.875
vn -1.0 0.0 0.0
vt 0.986111104 0.875
vn -1.0 0.0 0.0
vt 1.0 0.875
vn -1.0 0.0 0.0
vt 0.0 0.888888888
vn -1.0 0.0 0.0
vt 0.013888889 0.888888888
vn -1.0 0.0 0.0
vt 0.027777778 0.888888888
vn -1.0 0.0 0.0
vt 0.0416666679 0.888888888
vn -1.0 0.0 0.0
vt 0.055555556 0.888888888
vn -1.0 0.0 0.0
vt 0.0694444478 0.888888888
vn -1.0 0.0 0.0
vt 0.0833333358 0.888888888
vn -1.0 0.0 0.0
vt 0.0972222239 0.888888888
vn -1.0 0.0 0.0
vt 0.111111112 0.888888888
vn -1.0 0.0 0.0
vt 0.125 0.888888888
vn -1.0 0.0 0.0
vt 0.138888896 0.888888888
vn -1.0 0.0 0.0
vt 0.152777776 0.888888888
vn -1.0 0.0 0.0
vt 0.166666672 0.888888888
vn -1.0 0.0 0.0
vt 0.180555552 0.888888888
vn -1.0 0.0 0.0
vt 0.194444448 0.888888888
vn -1.0 0.0 0.0
vt 0.208333328 0.888888888
vn -1.0 0.0 0.0
vt 0.222222224 0.888888888
vn -1.0 0.0 0.0
vt 0.236111104 0.888888888
vn -1.0 0.0 0.0
vt 0.25 0.888888888
vn -1.0 0.0 0.0
vt 0.263888896 0.888888888
vn -1.0 0.0 0.0
vt 0.277777791 0.888888888
vn -1.0 0.0 0.0
vt 0.291666657 0.888888888
vn -1.0 0.0 0.0
vt 0.305555552 0.888888888
vn -1.0 0.0 0.0
vt 0.319444448 0.888888888
vn -1.0 0.0 0.0
vt 0.333333343 0.888888888
vn -1.0 0.0 0.0
vt 0.347222209 0.888888888
vn -1.0 0.0 0.0
vt 0.361111104 0.888888888
vn -1.0 0.0 0.0
vt 0.375 0.888888888
vn -1.0 0.0 0.0
vt 0.388888896 0.888888888
vn -1.0 0.0 0.0
vt 0.402777791 0.888888888
vn -1.0 0.0 0.0
vt 0.416666657 0.888888888
vn -1.0 0.0 0.0
vt 0.430555552 0.888888888
vn -1.0 0.0 0.0
vt 0.444444448 0.888888888
vn -1.0 0.0 0.0
vt 0.458333343 0.888888888
vn -1.0 0.0 0.0
vt 0.472222209 0.888888888
vn -1.0 0.0 0.0
vt 0.486111104 0.888888888
vn -1.0 0.0 0.0
vt 0.5 0.888888888
vn -1.0 0.0 0.0
vt 0.513888896 0.888888888
vn -1.0 0.0 0.0
vt 0.527777791 0.888888888
vn -1.0 0.0 0.0
vt 0.541666687 0.888888888
vn -1.0 0.0 0.0
vt 0.555555582 0.888888888
vn -1.0 0.0 0.0
vt 0.569444418 0.888888888
vn -1.0 0.0 0.0
vt 0.583333313 0.888888888
vn -1.0 0.0 0.0
vt 0.597222209 0.888888888
vn -1.0 0.0 0.0
vt 0.611111104 0.888888888
vn -1.0 0.0 0.0
vt 0.625 0.888888888
vn -1.0 0.0 0.0
vt 0.638888896 0.888888888
vn -1.0 0.0 0.0
vt 0.652777791 0.888888888
vn -1.0 0.0 0.0
vt 0.666666687 0.888888888
vn -1.0 0.0 0.0
vt 0.680555582 0.888888888
vn -1.0 0.0 0.0
vt 0.694444418 0.888888888
vn -1.0 0.0 0.0
vt 0.708333313 0.888888888
vn -1.0 0.0 0.0
vt 0.722222209 0.888888888
vn -1.0 0.0 0.0
vt 0.736111104 0.888888888
vn -1.0 0.0 0.0
vt 0.75 0.888888888
vn -1.0 0.0 0.0
vt 0.763888896 0.888888888
vn -1.0 0.0 0.0
vt 0.777777791 0.888888888
vn -1.0 0.0 0.0
vt 0.791666687 0.888888888
vn -1.0 0.0 0.0
vt 0.805555582 0.888888888
vn -1.0 0.0 0.0
vt 0.819444418 0.888888888
vn -1.0 0.0 0.0
vt 0.833333313 0.888888888
vn -1.0 0.0 0.0
vt 0.847222209 0.888888888
vn -1.0 0.0 0.0
vt 0.861111104 0.888888888
vn -1.0 0.0 0.0
vt 0.875 0.888888888
vn -1.0 0.0 0.0
vt 0.888888896 0.888888888
vn -1.0 0.0 0.0
vt 0.902777791 0.888888888
vn -1.0 0.0 0.0
vt 0.916666687 0.888888888
vn -1.0 0.0 0.0
vt 0.930555582 0.888888888
vn -1.0 0.0 0.0
vt 0.944444418 0.888888888
vn -1.0 0.0 0.0
vt 0.958333313 0.888888888
vn -1.0 0.0 0.0
vt 0.972222209 0.888888888
vn -1.0 0.0 0.0
vt 0.986111104 0.888888888
vn -1.0 0.0 0.0
vt 1.0 0.888888888
vn -1.0 0.0 0.0
vt 0.0 0.902777776
vn -1.0 0.0 0.0
vt 0.013888889 0.902777776
vn -1.0 0.0 0.0
vt 0.027777778 0.902777776
vn -1.0 0.0 0.0
vt 0.0416666679 0.902777776
vn -1.0 0.0 0.0
vt 0.055555556 0.902777776
vn -1.0 0.0 0.0
vt 0.0694444478 0.902777776
vn -1.0 0.0 0.0
vt 0.0833333358 0.902777776
vn -1.0 0.0 0.0
vt 0.0972222239 0.902777776
vn -1.0 0.0 0.0
vt 0.111111112 0.902777776
vn -1.0 0.0 0.0
vt 0.125 0.902777776
vn -1.0 0.0 0.0
vt 0.138888896 0.902777776
vn -1.0 0.0 0.0
vt 0.152777776 0.902777776
vn -1.0 0.0 0.0
vt 0.166666672 0.902777776
vn -1.0 0.0 0.0
vt 0.180555552 0.902777776
vn -1.0 0.0 0.0
vt 0.194444448 0.902777776
vn -1.0 0.0 0.0
vt 0.208333328 0.902777776
vn -1.0 0.0 0.0
vt 0.222222224 0.902777776
vn -1.0 0.0 0.0
vt 0.236111104 0.902777776
vn -1.0 0.0 0.0
vt 0.25 0.902777776
vn -1.0 0.0 0.0
vt 0.263888896 0.902777776
vn -1.0 0.0 0.0
vt 0.277777791 0.902777776
vn -1.0 0.0 0.0
vt 0.291666657 0.902777776
vn -1.0 0.0 0.0
vt 0.305555552 0.902777776
vn -1.0 0.0 0.0
vt 0.319444448 0.902777776
vn -1.0 0.0 0.0
vt 0.333333343 0.902777776
vn -1.0 0.0 0.0
vt 0.347222209 0.902777776
vn -1.0 0.0 0.0
vt 0.361111104 0.902777776
vn -1.0 0.0 0.0
vt 0.375 0.902777776
vn -1.0 0.0 0.0
vt 0.388888896 0.902777776
vn -1.0 0.0 0.0
vt 0.402777791 0.902777776
vn -1.0 0.0 0.0
vt 0.416666657 0.902777776
vn -1.0 0.0 0.0
vt 0.430555552 0.902777776
vn -1.0 0.0 0.0
vt 0.444444448 0.902777776
vn -1.0 0.0 0.0
vt 0.458333343 0.902777776
vn -1.0 0.0 0.0
vt 0.472222209 0.902777776
vn -1.0 0.0 0.0
vt 0.486111104 0.902777776
vn -1.0 0.0 0.0
vt 0.5 0.902777776
vn -1.0 0.0 0.0
vt 0.513888896 0.902777776
vn -1.0 0.0 0.0
vt 0.527777791 0.902777776
vn -1.0 0.0 0.0
vt 0.541666687 0.902777776
vn -1.0 0.0 0.0
vt 0.555555582 0.902777776
vn -1.0 0.0 0.0
vt 0.569444418 0.902777776
vn -1.0 0.0 0.0
vt 0.583333313 0.902777776
vn -1.0 0.0 0.0
vt 0.597222209 0.902777776
vn -1.0 0.0 0.0
vt 0.611111104 0.902777776
vn -1.0 0.0 0.0
vt 0.625 0.902777776
vn -1.0 0.0 0.0
vt 0.638888896 0.902777776
vn -1.0 0.0 0.0
vt 0.652777791 0.902777776
vn -1.0 0.0 0.0
vt 0.666666687 0.902777776
vn -1.0 0.0 0.0
vt 0.680555582 0.902777776
vn -1.0 0.0 0.0
vt 0.694444418 0.902777776
vn -1.0 0.0 0.0
vt 0.708333313 0.902777776
vn -1.0 0.0 0.0
vt 0.722222209 0.902777776
vn -1.0 0.0 0.0
vt 0.736111104 0.902777776
vn -1.0 0.0 0.0
vt 0.75 0.902777776
vn -1.0 0.0 0.0
vt 0.763888896 0.902777776
vn -1.0 0.0 0.0
vt 0.777777791 0.902777776
vn -1.0 0.0 0.0
vt 0.791666687 0.902777776
vn -1.0 0.0 0.0
vt 0.805555582 0.902777776
vn -1.0 0.0 0.0
vt 0.819444418 0.902777776
vn -1.0 0.0 0.0
vt 0.833333313 0.902777776
vn -1.0 0.0 0.0
vt 0.847222209 0.902777776
vn -1.0 0.0 0.0
vt 0.861111104 0.902777776
vn -1.0 0.0 0.0
vt 0.875 0.902777776
vn -1.0 0.0 0.0
vt 0.888888896 0.902777776
vn -1.0 0.0 0.0
vt 0.902777791 0.902777776
vn -1.0 0.0 0.0
vt 0.916666687 0.902777776
vn -1.0 0.0 0.0
vt 0.930555582 0.902777776
vn -1.0 0.0 0.0
vt 0.944444418 0.902777776
vn -1.0 0.0 0.0
vt 0.958333313 0.902777776
vn -1.0 0.0 0.0
vt 0.972222209 0.902777776
vn -1.0 0.0 0.0
vt 0.986111104 0.902777776
vn -1.0 0.0 0.0
vt 1.0 0.902777776
vn -1.0 0.0 0.0
vt 0.0 0.916666664
vn -1.0 0.0 0.0
vt 0.013888889 0.916666664
vn -1.0 0.0 0.0
vt 0.027777778 0.916666664
vn -1.0 0.0 0.0
vt 0.0416666679 0.916666664
vn -1.0 0.0 0.0
vt 0.055555556 0.916666664
vn -1.0 0.0 0.0
vt 0.0694444478 0.916666664
vn -1.0 0.0 0.0
vt 0.0833333358 0.916666664
vn -1.0 0.0 0.0
vt 0.0972222239 0.916666664
vn -1.0 0.0 0.0
vt 0.111111112 0.916666664
vn -1.0 0.0 0.0
vt 0.125 0.916666664
vn -1.0 0.0 0.0
vt 0.138888896 0.916666664
vn -1.0 0.0 0.0
vt 0.152777776 0.916666664
vn -1.0 0.0 0.0
vt 0.166666672 0.916666664
vn -1.0 0.0 0.0
vt 0.180555552 0.916666664
vn -1.0 0.0 0.0
vt 0.194444448 0.916666664
vn -1.0 0.0 0.0
vt 0.208333328 0.916666664
vn -1.0 0.0 0.0
vt 0.222222224 0.916666664
vn -1.0 0.0 0.0
vt 0.236111104 0.916666664
vn -1.0 0.0 0.0
vt 0.25 0.916666664
vn -1.0 0.0 0.0
vt 0.263888896 0.916666664
vn -1.0 0.0 0.0
vt 0.277777791 0.916666664
vn -1.0 0.0 0.0
vt 0.291666657 0.916666664
vn -1.0 0.0 0.0
vt 0.305555552 0.916666664
vn -1.0 0.0 0.0
vt 0.319444448 0.916666664
vn -1.0 0.0 0.0
vt 0.333333343 0.916666664
vn -1.0 0.0 0.0
vt 0.347222209 0.916666664
vn -1.0 0.0 0.0
vt 0.361111104 0.916666664
vn -1.0 0.0 0.0
vt 0.375 0.916666664
vn -1.0 0.0 0.0
vt 0.388888896 0.916666664
vn -1.0 0.0 0.0
vt 0.402777791 0.916666664
vn -1.0 0.0 0.0
vt 0.416666657 0.916666664
vn -1.0 0.0 0.0
vt 0.430555552 0.916666664
vn -1.0 0.0 0.0
vt 0.444444448 0.916666664
vn -1.0 0.0 0.0
vt 0.458333343 0.916666664
vn -1.0 0.0 0.0
vt 0.472222209 0.916666664
vn -1.0 0.0 0.0
vt 0.486111104 0.916666664
vn -1.0 0.0 0.0
vt 0.5 0.916666664
vn -1.0 0.0 0.0
vt 0.513888896 0.916666664
vn -1.0 0.0 0.0
vt 0.527777791 0.916666664
vn -1.0 0.0 0.0
vt 0.541666687 0.916666664
vn -1.0 0.0 0.0
vt 0.555555582 0.916666664
vn -1.0 0.0 0.0
vt 0.569444418 0.916666664
vn -1.0 0.0 0.0
vt 0.583333313 0.916666664
vn -1.0 0.0 0.0
vt 0.597222209 0.916666664
vn -1.0 0.0 0.0
vt 0.611111104 0.916666664
vn -1.0 0.0 0.0
vt 0.625 0.916666664
vn -1.0 0.0 0.0
vt 0.638888896 0.916666664
vn -1.0 0.0 0.0
vt 0.652777791 0.916666664
vn -1.0 0.0 0.0
vt 0.666666687 0.916666664
vn -1.0 0.0 0.0
vt 0.680555582 0.916666664
vn -1.0 0.0 0.0
vt 0.694444418 0.916666664
vn -1.0 0.0 0.0
vt 0.708333313 0.916666664
vn -1.0 0.0 0.0
vt 0.722222209 0.916666664
vn -1.0 0.0 0.0
vt 0.736111104 0.916666664
vn -1.0 0.0 0.0
vt 0.75 0.916666664
vn -1.0 0.0 0.0
vt 0.763888896 0.916666664
vn -1.0 0.0 0.0
vt 0.777777791 0.916666664
vn -1.0 0.0 0.0
vt 0.791666687 0.916666664
vn -1.0 0.0 0.0
vt 0.805555582 0.916666664
vn -1.0 0.0 0.0
vt 0.819444418 0.916666664
vn -1.0 0.0 0.0
vt 0.833333313 0.916666664
vn -1.0 0.0 0.0
vt 0.847222209 0.916666664
vn -1.0 0.0 0.0
vt 0.861111104 0.916666664
vn -1.0 0.0 0.0
vt 0.875 0.916666664
vn -1.0 0.0 0.0
vt 0.888888896 0.916666664
vn -1.0 0.0 0.0
vt 0.902777791 0.916666664
vn -1.0 0.0 0.0
vt 0.916666687 0.916666664
vn -1.0 0.0 0.0
vt 0.930555582 0.916666664
vn -1.0 0.0 0.0
vt 0.944444418 0.916666664
vn -1.0 0.0 0.0
vt 0.958333313 0.916666664
vn -1.0 0.0 0.0
vt 0.972222209 0.916666664
vn -1.0 0.0 0.0
vt 0.986111104 0.916666664
vn -1.0 0.0 0.0
vt 1.0 0.916666664
vn -1.0 0.0 0.0
vt 0.0 0.930555552
vn -1.0 0.0 0.0
vt 0.013888889 0.930555552
vn -1.0 0.0 0.0
vt 0.027777778 0.930555552
vn -1.0 0.0 0.0
vt 0.0416666679 0.930555552
vn -1.0 0.0 0.0
vt 0.055555556 0.930555552
vn -1.0 0.0 0.0
vt 0.0694444478 0.930555552
vn -1.0 0.0 0.0
vt 0.0833333358 0.930555552
vn -1.0 0.0 0.0
vt 0.0972222239 0.930555552
vn -1.0 0.0 0.0
vt 0.111111112 0.930555552
vn -1.0 0.0 0.0
vt 0.125 0.930555552
vn -1.0 0.0 0.0
vt 0.138888896 0.930555552
vn -1.0 0.0 0.0
vt 0.152777776 0.930555552
vn -1.0 0.0 0.0
vt 0.166666672 0.930555552
vn -1.0 0.0 0.0
vt 0.180555552 0.930555552
vn -1.0 0.0 0.0
vt 0.194444448 0.930555552
vn -1.0 0.0 0.0
vt 0.208333328 0.930555552
vn -1.0 0.0 0.0
vt 0.222222224 0.930555552
vn -1.0 0.0 0.0
vt 0.236111104 0.930555552
vn -1.0 0.0 0.0
vt 0.25 0.930555552
vn -1.0 0.0 0.0
vt 0.263888896 0.930555552
vn -1.0 0.0 0.0
vt 0.277777791 0.930555552
vn -1.0 0.0 0.0
vt 0.291666657 0.930555552
vn -1.0 0.0 0.0
vt 0.305555552 0.930555552
vn -1.0 0.0 0.0
vt 0.319444448 0.930555552
vn -1.0 0.0 0.0
vt 0.333333343 0.930555552
vn -1.0 0.0 0.0
vt 0.347222209 0.930555552
vn -1.0 0.0 0.0
vt 0.361111104 0.930555552
vn -1.0 0.0 0.0
vt 0.375 0.930555552
vn -1.0 0.0 0.0
vt 0.388888896 0.930555552
vn -1.0 0.0 0.0
vt 0.402777791 0.930555552
vn -1.0 0.0 0.0
vt 0.416666657 0.930555552
vn -1.0 0.0 0.0
vt 0.430555552 0.930555552
vn -1.0 0.0 0.0
vt 0.444444448 0.930555552
vn -1.0 0.0 0.0
vt 0.458333343 0.930555552
vn -1.0 0.0 0.0
vt 0.472222209 0.930555552
vn -1.0 0.0 0.0
vt 0.486111104 0.930555552
vn -1.0 0.0 0.0
vt 0.5 0.930555552
vn -1.0 0.0 0.0
vt 0.513888896 0.930555552
vn -1.0 0.0 0.0
vt 0.527777791 0.930555552
vn -1.0 0.0 0.0
vt 0.541666687 0.930555552
vn -1.0 0.0 0.0
vt 0.555555582 0.930555552
vn -1.0 0.0 0.0
vt 0.569444418 0.930555552
vn -1.0 0.0 0.0
vt 0.583333313 0.930555552
vn -1.0 0.0 0.0
vt 0.597222209 0.930555552
vn -1.0 0.0 0.0
vt 0.611111104 0.930555552
vn -1.0 0.0 0.0
vt 0.625 0.930555552
vn -1.0 0.0 0.0
vt 0.638888896 0.930555552
vn -1.0 0.0 0.0
vt 0.652777791 0.930555552
vn -1.0 0.0 0.0
vt 0.666666687 0.930555552
vn -1.0 0.0 0.0
vt 0.680555582 0.930555552
vn -1.0 0.0 0.0
vt 0.694444418 0.930555552
vn -1.0 0.0 0.0
vt 0.708333313 0.930555552
vn -1.0 0.0 0.0
vt 0.722222209 0.930555552
vn -1.0 0.0 0.0
vt 0.736111104 0.930555552
vn -1.0 0.0 0.0
vt 0.75 0.930555552
vn -1.0 0.0 0.0
vt 0.763888896 0.930555552
vn -1.0 0.0 0.0
vt 0.777777791 0.930555552
vn -1.0 0.0 0.0
vt 0.791666687 0.930555552
vn -1.0 0.0 0.0
vt 0.805555582 0.930555552
vn -1.0 0.0 0.0
vt 0.819444418 0.930555552
vn -1.0 0.0 0.0
vt 0.833333313 0.930555552
vn -1.0 0.0 0.0
vt 0.847222209 0.930555552
vn -1.0 0.0 0.0
vt 0.861111104 0.930555552
vn -1.0 0.0 0.0
vt 0.875 0.930555552
vn -1.0 0.0 0.0
vt 0.888888896 0.930555552
vn -1.0 0.0 0.0
vt 0.902777791 0.930555552
vn -1.0 0.0 0.0
vt 0.916666687 0.930555552
vn -1.0 0.0 0.0
vt 0.930555582 0.930555552
vn -1.0 0.0 0.0
vt 0.944444418 0.930555552
vn -1.0 0.0 0.0
vt 0.958333313 0.930555552
vn -1.0 0.0 0.0
vt 0.972222209 0.930555552
vn -1.0 0.0 0.0
vt 0.986111104 0.930555552
vn -1.0 0.0 0.0
vt 1.0 0.930555552
vn -1.0 0.0 0.0
vt 0.0 0.944444444
vn -1.0 0.0 0.0
vt 0.013888889 0.944444444
vn -1.0 0.0 0.0
vt 0.027777778 0.944444444
vn -1.0 0.0 0.0
vt 0.0416666679 0.944444444
vn -1.0 0.0 0.0
vt 0.055555556 0.944444444
vn -1.0 0.0 0.0
vt 0.0694444478 0.944444444
vn -1.0 0.0 0.0
vt 0.0833333358 0.944444444
vn -1.0 0.0 0.0
vt 0.0972222239 0.944444444
vn -1.0 0.0 0.0
vt 0.111111112 0.944444444
vn -1.0 0.0 0.0
vt 0.125 0.944444444
vn -1.0 0.0 0.0
vt 0.138888896 0.944444444
vn -1.0 0.0 0.0
vt 0.152777776 0.944444444
vn -1.0 0.0 0.0
vt 0.166666672 0.944444444
vn -1.0 0.0 0.0
vt 0.180555552 0.944444444
vn -1.0 0.0 0.0
vt 0.194444448 0.944444444
vn -1.0 0.0 0.0
vt 0.208333328 0.944444444
vn -1.0 0.0 0.0
vt 0.222222224 0.944444444
vn -1.0 0.0 0.0
vt 0.236111104 0.944444444
vn -1.0 0.0 0.0
vt 0.25 0.944444444
vn -1.0 0.0 0.0
vt 0.263888896 0.944444444
vn -1.0 0.0 0.0
vt 0.277777791 0.944444444
vn -1.0 0.0 0.0
vt 0.291666657 0.944444444
vn -1.0 0.0 0.0
vt 0.305555552 0.944444444
vn -1.0 0.0 0.0
vt 0.319444448 0.944444444
vn -1.0 0.0 0.0
vt 0.333333343 0.944444444
vn -1.0 0.0 0.0
vt 0.347222209 0.944444444
vn -1.0 0.0 0.0
vt 0.361111104 0.944444444
vn -1.0 0.0 0.0
vt 0.375 0.944444444
vn -1.0 0.0 0.0
vt 0.388888896 0.944444444
vn -1.0 0.0 0.0
vt 0.402777791 0.944444444
vn -1.0 0.0 0.0
vt 0.416666657 0.944444444
vn -1.0 0.0 0.0
vt 0.430555552 0.944444444
vn -1.0 0.0 0.0
vt 0.444444448 0.944444444
vn -1.0 0.0 0.0
vt 0.458333343 0.944444444
vn -1.0 0.0 0.0
vt 0.472222209 0.944444444
vn -1.0 0.0 0.0
vt 0.486111104 0.944444444
vn -1.0 0.0 0.0
vt 0.5 0.944444444
vn -1.0 0.0 0.0
vt 0.513888896 0.944444444
vn -1.0 0.0 0.0
vt 0.527777791 0.944444444
vn -1.0 0.0 0.0
vt 0.541666687 0.944444444
vn -1.0 0.0 0.0
vt 0.555555582 0.944444444
vn -1.0 0.0 0.0
vt 0.569444418 0.944444444
vn -1.0 0.0 0.0
vt 0.583333313 0.944444444
vn -1.0 0.0 0.0
vt 0.597222209 0.944444444
vn -1.0 0.0 0.0
vt 0.611111104 0.944444444
vn -1.0 0.0 0.0
vt 0.625 0.944444444
vn -1.0 0.0 0.0
vt 0.638888896 0.944444444
vn -1.0 0.0 0.0
vt 0.652777791 0.944444444
vn -1.0 0.0 0.0
vt 0.666666687 0.944444444
vn -1.0 0.0 0.0
vt 0.680555582 0.944444444
vn -1.0 0.0 0.0
vt 0.694444418 0.944444444
vn -1.0 0.0 0.0
vt 0.708333313 0.944444444
vn -1.0 0.0 0.0
vt 0.722222209 0.944444444
vn -1.0 0.0 0.0
vt 0.736111104 0.944444444
vn -1.0 0.0 0.0
vt 0.75 0.944444444
vn -1.0 0.0 0.0
vt 0.763888896 0.944444444
vn -1.0 0.0 0.0
vt 0.777777791 0.944444444
vn -1.0 0.0 0.0
vt 0.791666687 0.944444444
vn -1.0 0.0 0.0
vt 0.805555582 0.944444444
vn -1.0 0.0 0.0
vt 0.819444418 0.944444444
vn -1.0 0.0 0.0
vt 0.833333313 0.944444444
vn -1.0 0.0 0.0
vt 0.847222209 0.944444444
vn -1.0 0.0 0.0
vt 0.861111104 0.944444444
vn -1.0 0.0 0.0
vt 0.875 0.944444444
vn -1.0 0.0 0.0
vt 0.888888896 0.944444444
vn -1.0 0.0 0.0
vt 0.902777791 0.944444444
vn -1.0 0.0 0.0
vt 0.916666687 0.944444444
vn -1.0 0.0 0.0
vt 0.930555582 0.944444444
vn -1.0 0.0 0.0
vt 0.944444418 0.944444444
vn -1.0 0.0 0.0
vt 0.958333313 0.944444444
vn -1.0 0.0 0.0
vt 0.972222209 0.944444444
vn -1.0 0.0 0.0
vt 0.986111104 0.944444444
vn -1.0 0.0 0.0
vt 1.0 0.944444444
vn -1.0 0.0 0.0
vt 0.0 0.958333332
vn -1.0 0.0 0.0
vt 0.013888889 0.958333332
vn -1.0 0.0 0.0
vt 0.027777778 0.958333332
vn -1.0 0.0 0.0
vt 0.0416666679 0.958333332
vn -1.0 0.0 0.0
vt 0.055555556 0.958333332
vn -1.0 0.0 0.0
vt 0.0694444478 0.958333332
vn -1.0 0.0 0.0
vt 0.0833333358 0.958333332
vn -1.0 0.0 0.0
vt 0.0972222239 0.958333332
vn -1.0 0.0 0.0
vt 0.111111112 0.958333332
vn -1.0 0.0 0.0
vt 0.125 0.958333332
vn -1.0 0.0 0.0
vt 0.138888896 0.958333332
vn -1.0 0.0 0.0
vt 0.152777776 0.958333332
vn -1.0 0.0 0.0
vt 0.166666672 0.958333332
vn -1.0 0.0 0.0
vt 0.180555552 0.958333332
vn -1.0 0.0 0.0
vt 0.194444448 0.958333332
vn -1.0 0.0 0.0
vt 0.208333328 0.958333332
vn -1.0 0.0 0.0
vt 0.222222224 0.958333332
vn -1.0 0.0 0.0
vt 0.236111104 0.958333332
vn -1.0 0.0 0.0
vt 0.25 0.958333332
vn -1.0 0.0 0.0
vt 0.263888896 0.958333332
vn -1.0 0.0 0.0
vt 0.277777791 0.958333332
vn -1.0 0.0 0.0
vt 0.291666657 0.958333332
vn -1.0 0.0 0.0
vt 0.305555552 0.958333332
vn -1.0 0.0 0.0
vt 0.319444448 0.958333332
vn -1.0 0.0 0.0
vt 0.333333343 0.958333332
vn -1.0 0.0 0.0
vt 0.347222209 0.958333332
vn -1.0 0.0 0.0
vt 0.361111104 0.958333332
vn -1.0 0.0 0.0
vt 0.375 0.958333332
vn -1.0 0.0 0.0
vt 0.388888896 0.958333332
vn -1.0 0.0 0.0
vt 0.402777791 0.958333332
vn -1.0 0.0 0.0
vt 0.416666657 0.958333332
vn -1.0 0.0 0.0
vt 0.430555552 0.958333332
vn -1.0 0.0 0.0
vt 0.444444448 0.958333332
vn -1.0 0.0 0.0
vt 0.458333343 0.958333332
vn -1.0 0.0 0.0
vt 0.472222209 0.958333332
vn -1.0 0.0 0.0
vt 0.486111104 0.958333332
vn -1.0 0.0 0.0
vt 0.5 0.958333332
vn -1.0 0.0 0.0
vt 0.513888896 0.958333332
vn -1.0 0.0 0.0
vt 0.527777791 0.958333332
vn -1.0 0.0 0.0
vt 0.541666687 0.958333332
vn -1.0 0.0 0.0
vt 0.555555582 0.958333332
vn -1.0 0.0 0.0
vt 0.569444418 0.958333332
vn -1.0 0.0 0.0
vt 0.583333313 0.958333332
vn -1.0 0.0 0.0
vt 0.597222209 0.958333332
vn -1.0 0.0 0.0
vt 0.611111104 0.958333332
vn -1.0 0.0 0.0
vt 0.625 0.958333332
vn -1.0 0.0 0.0
vt 0.638888896 0.958333332
vn -1.0 0.0 0.0
vt 0.652777791 0.958333332
vn -1.0 0.0 0.0
vt 0.666666687 0.958333332
vn -1.0 0.0 0.0
vt 0.680555582 0.958333332
vn -1.0 0.0 0.0
vt 0.694444418 0.958333332
vn -1.0 0.0 0.0
vt 0.708333313 0.958333332
vn -1.0 0.0 0.0
vt 0.722222209 0.958333332
vn -1.0 0.0 0.0
vt 0.736111104 0.958333332
vn -1.0 0.0 0.0
vt 0.75 0.958333332
vn -1.0 0.0 0.0
vt 0.763888896 0.958333332
vn -1.0 0.0 0.0
vt 0.777777791 0.958333332
vn -1.0 0.0 0.0
vt 0.791666687 0.958333332
vn -1.0 0.0 0.0
vt 0.805555582 0.958333332
vn -1.0 0.0 0.0
vt 0.819444418 0.958333332
vn -1.0 0.0 0.0
vt 0.833333313 0.958333332
vn -1.0 0.0 0.0
vt 0.847222209 0.958333332
vn -1.0 0.0 0.0
vt 0.861111104 0.958333332
vn -1.0 0.0 0.0
vt 0.875 0.958333332
vn -1.0 0.0 0.0
vt 0.888888896 0.958333332
vn -1.0 0.0 0.0
vt 0.902777791 0.958333332
vn -1.0 0.0 0.0
vt 0.916666687 0.958333332
vn -1.0 0.0 0.0
vt 0.930555582 0.958333332
vn -1.0 0.0 0.0
vt 0.944444418 0.958333332
vn -1.0 0.0 0.0
vt 0.958333313 0.958333332
vn -1.0 0.0 0.0
vt 0.972222209 0.958333332
vn -1.0 0.0 0.0
vt 0.986111104 0.958333332
vn -1.0 0.0 0.0
vt 1.0 0.958333332
vn -1.0 0.0 0.0
vt 0.0 0.972222222
vn -1.0 0.0 0.0
vt 0.013888889 0.972222222
vn -1.0 0.0 0.0
vt 0.027777778 0.972222222
vn -1.0 0.0 0.0
vt 0.0416666679 0.972222222
vn -1.0 0.0 0.0
vt 0.055555556 0.972222222
vn -1.0 0.0 0.0
vt 0.0694444478 0.972222222
vn -1.0 0.0 0.0
vt 0.0833333358 0.972222222
vn -1.0 0.0 0.0
vt 0.0972222239 0.972222222
vn -1.0 0.0 0.0
vt 0.111111112 0.972222222
vn -1.0 0.0 0.0
vt 0.125 0.972222222
vn -1.0 0.0 0.0
vt 0.138888896 0.972222222
vn -1.0 0.0 0.0
vt 0.152777776 0.972222222
vn -1.0 0.0 0.0
vt 0.166666672 0.972222222
vn -1.0 0.0 0.0
vt 0.180555552 0.972222222
vn -1.0 0.0 0.0
vt 0.194444448 0.972222222
vn -1.0 0.0 0.0
vt 0.208333328 0.972222222
vn -1.0 0.0 0.0
vt 0.222222224 0.972222222
vn -1.0 0.0 0.0
vt 0.236111104 0.972222222
vn -1.0 0.0 0.0
vt 0.25 0.972222222
vn -1.0 0.0 0.0
vt 0.263888896 0.972222222
vn -1.0 0.0 0.0
vt 0.277777791 0.972222222
vn -1.0 0.0 0.0
vt 0.291666657 0.972222222
vn -1.0 0.0 0.0
vt 0.305555552 0.972222222
vn -1.0 0.0 0.0
vt 0.319444448 0.972222222
vn -1.0 0.0 0.0
vt 0.333333343 0.972222222
vn -1.0 0.0 0.0
vt 0.347222209 0.972222222
vn -1.0 0.0 0.0
vt 0.361111104 0.972222222
vn -1.0 0.0 0.0
vt 0.375 0.972222222
vn -1.0 0.0 0.0
vt 0.388888896 0.972222222
vn -1.0 0.0 0.0
vt 0.402777791 0.972222222
vn -1.0 0.0 0.0
vt 0.416666657 0.972222222
vn -1.0 0.0 0.0
vt 0.430555552 0.972222222
vn -1.0 0.0 0.0
vt 0.444444448 0.972222222
vn -1.0 0.0 0.0
vt 0.458333343 0.972222222
vn -1.0 0.0 0.0
vt 0.472222209 0.972222222
vn -1.0 0.0 0.0
vt 0.486111104 0.972222222
vn -1.0 0.0 0.0
vt 0.5 0.972222222
vn -1.0 0.0 0.0
vt 0.513888896 0.972222222
vn -1.0 0.0 0.0
vt 0.527777791 0.972222222
vn -1.0 0.0 0.0
vt 0.541666687 0.972222222
vn -1.0 0.0 0.0
vt 0.555555582 0.972222222
vn -1.0 0.0 0.0
vt 0.569444418 0.972222222
vn -1.0 0.0 0.0
vt 0.583333313 0.972222222
vn -1.0 0.0 0.0
vt 0.597222209 0.972222222
vn -1.0 0.0 0.0
vt 0.611111104 0.972222222
vn -1.0 0.0 0.0
vt 0.625 0.972222222
vn -1.0 0.0 0.0
vt 0.638888896 0.972222222
vn -1.0 0.0 0.0
vt 0.652777791 0.972222222
vn -1.0 0.0 0.0
vt 0.666666687 0.972222222
vn -1.0 0.0 0.0
vt 0.680555582 0.972222222
vn -1.0 0.0 0.0
vt 0.694444418 0.972222222
vn -1.0 0.0 0.0
vt 0.708333313 0.972222222
vn -1.0 0.0 0.0
vt 0.722222209 0.972222222
vn -1.0 0.0 0.0
vt 0.736111104 0.972222222
vn -1.0 0.0 0.0
vt 0.75 0.972222222
vn -1.0 0.0 0.0
vt 0.763888896 0.972222222
vn -1.0 0.0 0.0
vt 0.777777791 0.972222222
vn -1.0 0.0 0.0
vt 0.791666687 0.972222222
vn -1.0 0.0 0.0
vt 0.805555582 0.972222222
vn -1.0 0.0 0.0
vt 0.819444418 0.972222222
vn -1.0 0.0 0.0
vt 0.833333313 0.972222222
vn -1.0 0.0 0.0
vt 0.847222209 0.972222222
vn -1.0 0.0 0.0
vt 0.861111104 0.972222222
vn -1.0 0.0 0.0
vt 0.875 0.972222222
vn -1.0 0.0 0.0
vt 0.888888896 0.972222222
vn -1.0 0.0 0.0
vt 0.902777791 0.972222222
vn -1.0 0.0 0.0
vt 0.916666687 0.972222222
vn -1.0 0.0 0.0
vt 0.930555582 0.972222222
vn -1.0 0.0 0.0
vt 0.944444418 0.972222222
vn -1.0 0.0 0.0
vt 0.958333313 0.972222222
vn -1.0 0.0 0.0
vt 0.972222209 0.972222222
vn -1.0 0.0 0.0
vt 0.986111104 0.972222222
vn -1.0 0.0 0.0
vt 1.0 0.972222222
vn -1.0 0.0 0.0
vt 0.0 0.986111111
vn -1.0 0.0 0.0
vt 0.013888889 0.986111111
vn -1.0 0.0 0.0
vt 0.027777778 0.986111111
vn -1.0 0.0 0.0
vt 0.0416666679 0.986111111
vn -1.0 0.0 0.0
vt 0.055555556 0.986111111
vn -1.0 0.0 0.0
vt 0.0694444478 0.986111111
vn -1.0 0.0 0.0
vt 0.0833333358 0.986111111
vn -1.0 0.0 0.0
vt 0.0972222239 0.986111111
vn -1.0 0.0 0.0
vt 0.111111112 0.986111111
vn -1.0 0.0 0.0
vt 0.125 0.986111111
vn -1.0 0.0 0.0
vt 0.138888896 0.986111111
vn -1.0 0.0 0.0
vt 0.152777776 0.986111111
vn -1.0 0.0 0.0
vt 0.166666672 0.986111111
vn -1.0 0.0 0.0
vt 0.180555552 0.986111111
vn -1.0 0.0 0.0
vt 0.194444448 0.986111111
vn -1.0 0.0 0.0
vt 0.208333328 0.986111111
vn -1.0 0.0 0.0
vt 0.222222224 0.986111111
vn -1.0 0.0 0.0
vt 0.236111104 0.986111111
vn -1.0 0.0 0.0
vt 0.25 0.986111111
vn -1.0 0.0 0.0
vt 0.263888896 0.986111111
vn -1.0 0.0 0.0
vt 0.277777791 0.986111111
vn -1.0 0.0 0.0
vt 0.291666657 0.986111111
vn -1.0 0.0 0.0
vt 0.305555552 0.986111111
vn -1.0 0.0 0.0
vt 0.319444448 0.986111111
vn -1.0 0.0 0.0
vt 0.333333343 0.986111111
vn -1.0 0.0 0.0
vt 0.347222209 0.986111111
vn -1.0 0.0 0.0
vt 0.361111104 0.986111111
vn -1.0 0.0 0.0
vt 0.375 0.986111111
vn -1.0 0.0 0.0
vt 0.388888896 0.986111111
vn -1.0 0.0 0.0
vt 0.402777791 0.986111111
vn -1.0 0.0 0.0
vt 0.416666657 0.986111111
vn -1.0 0.0 0.0
vt 0.430555552 0.986111111
vn -1.0 0.0 0.0
vt 0.444444448 0.986111111
vn -1.0 0.0 0.0
vt 0.458333343 0.986111111
vn -1.0 0.0 0.0
vt 0.472222209 0.986111111
vn -1.0 0.0 0.0
vt 0.486111104 0.986111111
vn -1.0 0.0 0.0
vt 0.5 0.986111111
vn -1.0 0.0 0.0
vt 0.513888896 0.986111111
vn -1.0 0.0 0.0
vt 0.527777791 0.986111111
vn -1.0 0.0 0.0
vt 0.541666687 0.986111111
vn -1.0 0.0 0.0
vt 0.555555582 0.986111111
vn -1.0 0.0 0.0
vt 0.569444418 0.986111111
vn -1.0 0.0 0.0
vt 0.583333313 0.986111111
vn -1.0 0.0 0.0
vt 0.597222209 0.986111111
vn -1.0 0.0 0.0
vt 0.611111104 0.986111111
vn -1.0 0.0 0.0
vt 0.625 0.986111111
vn -1.0 0.0 0.0
vt 0.638888896 0.986111111
vn -1.0 0.0 0.0
vt 0.652777791 0.986111111
vn -1.0 0.0 0.0
vt 0.666666687 0.986111111
vn -1.0 0.0 0.0
vt 0.680555582 0.986111111
vn -1.0 0.0 0.0
vt 0.694444418 0.986111111
vn -1.0 0.0 0.0
vt 0.708333313 0.986111111
vn -1.0 0.0 0.0
vt 0.722222209 0.986111111
vn -1.0 0.0 0.0
vt 0.736111104 0.986111111
vn -1.0 0.0 0.0
vt 0.75 0.986111111
vn -1.0 0.0 0.0
vt 0.763888896 0.986111111
vn -1.0 0.0 0.0
vt 0.777777791 0.986111111
vn -1.0 0.0 0.0
vt 0.791666687 0.986111111
vn -1.0 0.0 0.0
vt 0.805555582 0.986111111
vn -1.0 0.0 0.0
vt 0.819444418 0.986111111
vn -1.0 0.0 0.0
vt 0.833333313 0.986111111
vn -1.0 0.0 0.0
vt 0.847222209 0.986111111
vn -1.0 0.0 0.0
vt 0.861111104 0.986111111
vn -1.0 0.0 0.0
vt 0.875 0.986111111
vn -1.0 0.0 0.0
vt 0.888888896 0.986111111
vn -1.0 0.0 0.0
vt 0.902777791 0.986111111
vn -1.0 0.0 0.0
vt 0.916666687 0.986111111
vn -1.0 0.0 0.0
vt 0.930555582 0.986111111
vn -1.0 0.0 0.0
vt 0.944444418 0.986111111
vn -1.0 0.0 0.0
vt 0.958333313 0.986111111
vn -1.0 0.0 0.0
vt 0.972222209 0.986111111
vn -1.0 0.0 0.0
vt 0.986111104 0.986111111
vn -1.0 0.0 0.0
vt 1.0 0.986111111
vn -1.0 0.0 0.0
vt 0.0 1.0
vn -1.0 0.0 0.0
vt 0.013888889 1.0
vn -1.0 0.0 0.0
vt 0.027777778 1.0
vn -1.0 0.0 0.0
vt 0.0416666679 1.0
vn -1.0 0.0 0.0
vt 0.055555556 1.0
vn -1.0 0.0 0.0
vt 0.0694444478 1.0
vn -1.0 0.0 0.0
vt 0.0833333358 1.0
vn -1.0 0.0 0.0
vt 0.0972222239 1.0
vn -1.0 0.0 0.0
vt 0.111111112 1.0
vn -1.0 0.0 0.0
vt 0.125 1.0
vn -1.0 0.0 0.0
vt 0.138888896 1.0
vn -1.0 0.0 0.0
vt 0.152777776 1.0
vn -1.0 0.0 0.0
vt 0.166666672 1.0
vn -1.0 0.0 0.0
vt 0.180555552 1.0
vn -1.0 0.0 0.0
vt 0.194444448 1.0
vn -1.0 0.0 0.0
vt 0.208333328 1.0
vn -1.0 0.0 0.0
vt 0.222222224 1.0
vn -1.0 0.0 0.0
vt 0.236111104 1.0
vn -1.0 0.0 0.0
vt 0.25 1.0
vn -1.0 0.0 0.0
vt 0.263888896 1.0
vn -1.0 0.0 0.0
vt 0.277777791 1.0
vn -1.0 0.0 0.0
vt 0.291666657 1.0
vn -1.0 0.0 0.0
vt 0.305555552 1.0
vn -1.0 0.0 0.0
vt 0.319444448 1.0
vn -1.0 0.0 0.0
vt 0.333333343 1.0
vn -1.0 0.0 0.0
vt 0.347222209 1.0
vn -1.0 0.0 0.0
vt 0.361111104 1.0
vn -1.0 0.0 0.0
vt 0.375 1.0
vn -1.0 0.0 0.0
vt 0.388888896 1.0
vn -1.0 0.0 0.0
vt 0.402777791 1.0
vn -1.0 0.0 0.0
vt 0.416666657 1.0
vn -1.0 0.0 0.0
vt 0.430555552 1.0
vn -1.0 0.0 0.0
vt 0.444444448 1.0
vn -1.0 0.0 0.0
vt 0.458333343 1.0
vn -1.0 0.0 0.0
vt 0.472222209 1.0
vn -1.0 0.0 0.0
vt 0.486111104 1.0
vn -1.0 0.0 0.0
vt 0.5 1.0
vn -1.0 0.0 0.0
vt 0.513888896 1.0
vn -1.0 0.0 0.0
vt 0.527777791 1.0
vn -1.0 0.0 0.0
vt 0.541666687 1.0
vn -1.0 0.0 0.0
vt 0.555555582 1.0
vn -1.0 0.0 0.0
vt 0.569444418 1.0
vn -1.0 0.0 0.0
vt 0.583333313 1.0
vn -1.0 0.0 0.0
vt 0.597222209 1.0
vn -1.0 0.0 0.0
vt 0.611111104 1.0
vn -1.0 0.0 0.0
vt 0.625 1.0
vn -1.0 0.0 0.0
vt 0.638888896 1.0
vn -1.0 0.0 0.0
vt 0.652777791 1.0
vn -1.0 0.0 0.0
vt 0.666666687 1.0
vn -1.0 0.0 0.0
vt 0.680555582 1.0
vn -1.0 0.0 0.0
vt 0.694444418 1.0
vn -1.0 0.0 0.0
vt 0.708333313 1.0
vn -1.0 0.0 0.0
vt 0.722222209 1.0
vn -1.0 0.0 0.0
vt 0.736111104 1.0
vn -1.0 0.0 0.0
vt 0.75 1.0
vn -1.0 0.0 0.0
vt 0.763888896 1.0
vn -1.0 0.0 0.0
vt 0.777777791 1.0
vn -1.0 0.0 0.0
vt 0.791666687 1.0
vn -1.0 0.0 0.0
vt 0.805555582 1.0
vn -1.0 0.0 0.0
vt 0.819444418 1.0
vn -1.0 0.0 0.0
vt 0.833333313 1.0
vn -1.0 0.0 0.0
vt 0.847222209 1.0
vn -1.0 0.0 0.0
vt 0.861111104 1.0
vn -1.0 0.0 0.0
vt 0.875 1.0
vn -1.0 0.0 0.0
vt 0.888888896 1.0
vn -1.0 0.0 0.0
vt 0.902777791 1.0
vn -1.0 0.0 0.0
vt 0.916666687 1.0
vn -1.0 0.0 0.0
vt 0.930555582 1.0
vn -1.0 0.0 0.0
vt 0.944444418 1.0
vn -1.0 0.0 0.0
vt 0.958333313 1.0
vn -1.0 0.0 0.0
vt 0.972222209 1.0
vn -1.0 0.0 0.0
vt 0.986111104 1.0
vn -1.0 0.0 0.0
vt 1.0 1.0
vn -1.0 0.0 0.0
f 1/1/1 2/2/2 74/74/74
f 74/74/74 2/2/2 75/75/75
f 2/2/2 3/3/3 75/75/75
f 75/75/75 3/3/3 76/76/76
f 3/3/3 4/4/4 76/76/76
f 76/76/76 4/4/4 77/77/77
f 4/4/4 5/5/5 77/77/77
f 77/77/77 5/5/5 78/78/78
f 5/5/5 6/6/6 78/78/78
f 78/78/78 6/6/6 79/79/79
f 6/6/6 7/7/7 79/79/79
f 79/79/79 7/7/7 80/80/80
f 7/7/7 8/8/8 80/80/80
f 80/80/80 8/8/8 81/81/81
f 8/8/8 9/9/9 81/81/81
f 81/81/81 9/9/9 82/82/82
f 9/9/9 10/10/10 82/82/82
f 82/82/82 10/10/10 83/83/83
f 10/10/10 11/11/11 83/83/83
f 83/83/83 11/11/11 84/84/84
f 11/11/11 12/12/12 84/84/84
f 84/84/84 12/12/12 85/85/85
f 12/12/12 13/13/13 85/85/85
f 85/85/85 13/13/13 86/86/86
f 13/13/13 14/14/14 86/86/86
f 86/86/86 14/14/14 87/87/87
f 14/14/14 15/15/15 87/87/87
f 87/87/87 15/15/15 88/88/88
f 15/15/15 16/16/16 88/88/88
f 88/88/88 16/16/16 89/89/89
f 16/16/16 17/17/17 89/89/89
f 89/89/89 17/17/17 90/90/90
f 17/17/17 18/18/18 90/90/90
f 90/90/90 18/18/18 91/91/91
f 18/18/18 19/19/19 91/91/91
f 91/91/91 19/19/19 92/92/92
f 19/19/19 20/20/20 92/92/92
f 92/92/92 20/20/20 93/93/93
f 20/20/20 21/21/21 93/93/93
f 93/93/93 21/21/21 94/94/94
f 21/21/21 22/22/22 94/94/94
f 94/94/94 22/22/22 95/95/95
f 22/22/22 23/23/23 95/95/95
f 95/95/95 23/23/23 96/96/96
f 23/23/23 24/24/24 96/96/96
f 96/96/96 24/24/24 97/97/97
f 24/24/24 25/25/25 97/97/97
f 97/97/97 25/25/25 98/98/98
f 25/25/25 26/26/26 98/98/98
f 98/98/98 26/26/26 99/99/99
f 26/26/26 27/27/27 99/99/99
f 99/99/99 27/27/27 100/100/100
f 27/27/27 28/28/28 100/100/100
f 100/100/100 28/28/28 101/101/101
f 28/28/28 29/29/29 101/101/101
f 101/101/101 29/29/29 102/102/102
f 29/29/29 30/30/30 102/102/102
f 102/102/102 30/30/30 103/103/103
f 30/30/30 31/31/31 103/103/103
f 103/103/103 31/31/31 104/104/104
f 31/31/31 32/32/32 104/104/104
f 104/104/104 32/32/32 105/105/105
f 32/32/32 33/33/33 105/105/105
f 105/105/105 33/33/33 106/106/106
f 33/33/33 34/34/34 106/106/106
f 106/106/106 34/34/34 107/107/107
f 34/34/34 35/35/35 107/107/107
f 107/107/107 35/35/35 108/108/108
f 35/35/35 36/36/36 108/108/108
f 108/108/108 36/36/36 109/109/109
f 36/36/36 37/37/37 109/109/109
f 109/109/109 37/37/37 110/110/110
f 37/37/37 38/38/38 110/110/110
f 110/110/110 38/38/38 111/111/111
f 38/38/38 39/39/39 111/111/111
f 111/111/111 39/39/39 112/112/112
f 39/39/39 40/40/40 112/112/112
f 112/112/112 40/40/40 113/113/113
f 40/40/40 41/41/41 113/113/113
f 113/113/113 41/41/41 114/114/114
f 41/41/41 42/42/42 114/114/114
f 114/114/114 42/42/42 115/115/115
f 42/42/42 43/43/43 115/115/115
f 115/115/115 43/43/43 116/116/116
f 43/43/43 44/44/44 116/116/116
f 116/116/116 44/44/44 117/117/117
f 44/44/44 45/45/45 117/117/117
f 117/117/117 45/45/45 118/118/118
f 45/45/45 46/46/46 118/118/118
f 118/118/118 46/46/46 119/119/119
f 46/46/46 47/47/47 119/119/119
f 119/119/119 47/47/47 120/120/120
f 47/47/47 48/48/48 120/120/120
f 120/120/120 48/48/48 121/121/121
f 48/48/48 49/49/49 121/121/121
f 121/121/121 49/49/49 122/122/122
f 49/49/49 50/50/50 122/122/122
f 122/122/122 50/50/50 123/123/123
f 50/50/50 51/51/51 123/123/123
f 123/123/123 51/51/51 124/124/124
f 51/51/51 52/52/52 124/124/124
f 124/124/124 52/52/52 125/125/125
f 52/52/52 53/53/53 125/125/125
f 125/125/125 53/53/53 126/126/126
f 53/53/53 54/54/54 126/126/126
f 126/126/126 54/54/54 127/127/127
f 54/54/54 55/55/55 127/127/127
f 127/127/127 55/55/55 128/128/128
f 55/55/55 56/56/56 128/128/128
f 128/128/128 56/56/56 129/129/129
f 56/56/56 57/57/57 129/129/129
f 129/129/129 57/57/57 130/130/130
f 57/57/57 58/58/58 130/130/130
f 130/130/130 58/58/58 131/131/131
f 58/58/58 59/59/59 131/131/131
f 131/131/131 59/59/59 132/132/132
f 59/59/59 60/60/60 132/132/132
f 132/132/132 60/60/60 133/133/133
f 60/60/60 61/61/61 133/133/133
f 133/133/133 61/61/61 134/134/134
f 61/61/61 62/62/62 134/134/134
f 134/134/134 62/62/62 135/135/135
f 62/62/62 63/63/63 135/135/135
f 135/135/135 63/63/63 136/136/136
f 63/63/63 64/64/64 136/136/136
f 136/136/136 64/64/64 137/137/137
f 64/64/64 65/65/65 137/137/137
f 137/137/137 65/65/65 138/138/138
f 65/65/65 66/66/66 138/138/138
f 138/138/138 66/66/66 139/139/139
f 66/66/66 67/67/67 139/139/139
f 139/139/139 67/67/67 140/140/140
f 67/67/67 68/68/68 140/140/140
f 140/140/140 68/68/68 141/141/141
f 68/68/68 69/69/69 141/141/141
f 141/141/141 69/69/69 142/142/142
f 69/69/69 70/70/70 142/142/142
f 142/142/142 70/70/70 143/143/143
f 70/70/70 71/71/71 143/143/143
f 143/143/143 71/71/71 144/144/144
f 71/71/71 72/72/72 144/144/144
f 144/144/144 72/72/72 145/145/145
f 72/72/72 73/73/73 145/145/145
f 145/145/145 73/73/73 146/146/146
f 74/74/74 75/75/75 147/147/147
f 147/147/147 75/75/75 148/148/148
f 75/75/75 76/76/76 148/148/148
f 148/148/148 76/76/76 149/149/149
f 76/76/76 77/77/77 149/149/149
f 149/149/149 77/77/77 150/150/150
f 77/77/77 78/78/78 150/150/150
f 150/150/150 78/78/78 151/151/151
f 78/78/78 79/79/79 151/151/151
f 151/151/151 79/79/79 152/152/152
f 79/79/79 80/80/80 152/152/152
f 152/152/152 80/80/80 153/153/153
f 80/80/80 81/81/81 153/153/153
f 153/153/153 81/81/81 154/154/154
f 81/81/81 82/82/82 154/154/154
f 154/154/154 82/82/82 155/155/155
f 82/82/82 83/83/83 155/155/155
f 155/155/155 83/83/83 156/156/156
f 83/83/83 84/84/84 156/156/156
f 156/156/156 84/84/84 157/157/157
f 84/84/84 85/85/85 157/157/157
f 157/157/157 85/85/85 158/158/158
f 85/85/85 86/86/86 158/158/158
f 158/158/158 86/86/86 159/159/159
f 86/86/86 87/87/87 159/159/159
f 159/159/159 87/87/87 160/160/160
f 87/87/87 88/88/88 160/160/160
f 160/160/160 88/88/88 161/161/161
f 88/88/88 89/89/89 161/161/161
f 161/161/161 89/89/89 162/162/162
f 89/89/89 90/90/90 162/162/162
f 162/162/162 90/90/90 163/163/163
f 90/90/90 91/91/91 163/163/163
f 163/163/163 91/91/91 164/164/164
f 91/91/91 92/92/92 164/164/164
f 164/164/164 92/92/92 165/165/165
f 92/92/92 93/93/93 165/165/165
f 165/165/165 93/93/93 166/166/166
f 93/93/93 94/94/94 166/166/166
f 166/166/166 94/94/94 167/167/167
f 94/94/94 95/95/95 167/167/167
f 167/167/167 95/95/95 168/168/168
f 95/95/95 96/96/96 168/168/168
f 168/168/168 96/96/96 169/169/169
f 96/96/96 97/97/97 169/169/169
f 169/169/169 97/97/97 170/170/170
f 97/97/97 98/98/98 170/170/170
f 170/170/170 98/98/98 171/171/171
f 98/98/98 99/99/99 171/171/171
f 171/171/171 99/99/99 172/172/172
f 99/99/99 100/100/100 172/172/172
f 172/172/172 100/100/100 173/173/173
f 100/100/100 101/101/101 173/173/173
f 173/173/173 101/101/101 174/174/174
f 101/101/101 102/102/102 174/174/174
f 174/174/174 102/102/102 175/175/175
f 102/102/102 103/103/103 175/175/175
f 175/175/175 103/103/103 176/176/176
f 103/103/103 104/104/104 176/176/176
f 176/176/176 104/104/104 177/177/177
f 104/104/104 105/105/105 177/177/177
f 177/177/177 105/105/105 178/178/178
f 105/105/105 106/106/106 178/178/178
f 178/178/178 106/106/106 179/179/179
f 106/106/106 107/107/107 179/179/179
f 179/179/179 107/107/107 180/180/180
f 107/107/107 108/108/108 180/180/180
f 180/180/180 108/108/108 181/181/181
f 108/108/108 109/109/109 181/181/181
f 181/181/181 109/109/109 182/182/182
f 109/109/109 110/110/110 182/182/182
f 182/182/182 110/110/110 183/183/183
f 110/110/110 111/111/111 183/183/183
f 183/183/183 111/111/111 184/184/184
f 111/111/111 112/112/112 184/184/184
f 184/184/184 112/112/112 185/185/185
f 112/112/112 113/113/113 185/185/185
f 185/185/185 113/113/113 186/186/186
f 113/113/113 114/114/114 186/186/186
f 186/186/186 114/114/114 187/187/187
f 114/114/114 115/115/115 187/187/187
f 187/187/187 115/115/115 188/188/188
f 115/115/115 116/116/116 188/188/188
f 188/188/188 116/116/116 189/189/189
f 116/116/116 117/117/117 189/189/189
f 189/189/189 117/117/117 190/190/190
f 117/117/117 118/118/118 190/190/190
f 190/190/190 118/118/118 191/191/191
f 118/118/118 119/119/119 191/191/191
f 191/191/191 119/119/119 192/192/192
f 119/119/119 120/120/120 192/192/192
f 192/192/192 120/120/120 193/193/193
f 120/120/120 121/121/121 193/193/193
f 193/193/193 121/121/121 194/194/194
f 121/121/121 122/122/122 194/194/194
f 194/194/194 122/122/122 195/195/195
f 122/122/122 123/123/123 195/195/195
f 195/195/195 123/123/123 196/196/196
f 123/123/123 124/124/124 196/196/196
f 196/196/196 124/124/124 197/197/197
f 124/124/124 125/125/125 197/197/197
f 197/197/197 125/125/125 198/198/198
f 125/125/125 126/126/126 198/198/198
f 198/198/198 126/126/126 199/199/199
f 126/126/126 127/127/127 199/199/199
f 199/199/199 127/127/127 200/200/200
f 127/127/127 128/128/128 200/200/200
f 200/200/200 128/128/128 201/201/201
f 128/128/128 129/129/129 201/201/201
f 201/201/201 129/129/129 202/202/202
f 129/129/129 130/130/130 202/202/202
f 202/202/202 130/130/130 203/203/203
f 130/130/130 131/131/131 203/203/203
f 203/203/203 131/131/131 204/204/204
f 131/131/131 132/132/132 204/204/204
f 204/204/204 132/132/132 205/205/205
f 132/132/132 133/133/133 205/205/205
f 205/205/205 133/133/133 206/206/206
f 133/133/133 134/134/134 206/206/206
f 206/206/206 134/134/134 207/207/207
f 134/134/134 135/135/135 207/207/207
f 207/207/207 135/135/135 208/208/208
f 135/135/135 136/136/136 208/208/208
f 208/208/208 136/136/136 209/209/209
f 136/136/136 137/137/137 209/209/209
f 209/209/209 137/137/137 210/210/210
f 137/137/137 138/138/138 210/210/210
f 210/210/210 138/138/138 211/211/211
f 138/138/138 139/139/139 211/211/211
f 211/211/211 139/139/139 212/212/212
f 139/139/139 140/140/140 212/212/212
f 212/212/212 140/140/140 213/213/213
f 140/140/140 141/141/141 213/213/213
f 213/213/213 141/141/141 214/214/214
f 141/141/141 142/142/142 214/214/214
f 214/214/214 142/142/142 215/215/215
f 142/142/142 143/143/143 215/215/215
f 215/215/215 143/143/143 216/216/216
f 143/143/143 144/144/144 216/216/216
f 216/216/216 144/144/144 217/217/217
f 144/144/144 145/145/145 217/217/217
f 217/217/217 145/145/145 218/218/218
f 145/145/145 146/146/146 218/218/218
f 218/218/218 146/146/146 219/219/219
f 147/147/147 148/148/148 220/220/220
f 220/220/220 148/148/148 221/221/221
f 148/148/148 149/149/149 221/221/221
f 221/221/221 149/149/149 222/222/222
f 149/149/149 150/150/150 222/222/222
f 222/222/222 150/150/150 223/223/223
f 150/150/150 151/151/151 223/223/223
f 223/223/223 151/151/151 224/224/224
f 151/151/151 152/152/152 224/224/224
f 224/224/224 152/152/152 225/225/225
f 152/152/152 153/153/153 225/225/225
f 225/225/225 153/153/153 226/226/226
f 153/153/153 154/154/154 226/226/226
f 226/226/226 154/154/154 227/227/227
f 154/154/154 155/155/155 227/227/227
f 227/227/227 155/155/155 228/228/228
f 155/155/155 156/156/156 228/228/228
f 228/228/228 156/156/156 229/229/229
f 156/156/156 157/157/157 229/229/229
f 229/229/229 157/157/157 230/230/230
f 157/157/157 158/158/158 230/230/230
f 230/230/230 158/158/158 231/231/231
f 158/158/158 159/159/159 231/231/231
f 231/231/231 159/159/159 232/232/232
f 159/159/159 160/160/160 232/232/232
f 232/232/232 160/160/160 233/233/233
f 160/160/160 161/161/161 233/233/233
f 233/233/233 161/161/161 234/234/234
f 161/161/161 162/162/162 234/234/234
f 234/234/234 162/162/162 235/235/235
f 162/162/162 163/163/163 235/235/235
f 235/235/235 163/163/163 236/236/236
f 163/163/163 164/164/164 236/236/236
f 236/236/236 164/164/164 237/237/237
f 164/164/164 165/165/165 237/237/237
f 237/237/237 165/165/165 238/238/238
f 165/165/165 166/166/166 238/238/238
f 238/238/238 166/166/166 239/239/239
f 166/166/166 167/167/167 239/239/239
f 239/239/239 167/167/167 240/240/240
f 167/167/167 168/168/168 240/240/240
f 240/240/240 168/168/168 241/241/241
f 168/168/168 169/169/169 241/241/241
f 241/241/241 169/169/169 242/242/242
f 169/169/169 170/170/170 242/242/242
f 242/242/242 170/170/170 243/243/243
f 170/170/170 171/171/171 243/243/243
f 243/243/243 171/171/171 244/244/244
f 171/171/171 172/172/172 244/244/244
f 244/244/244 172/172/172 245/245/245
f 172/172/172 173/173/173 245/245/245
f 245/245/245 173/173/173 246/246/246
f 173/173/173 174/174/174 246/246/246
f 246/246/246 174/174/174 247/247/247
f 174/174/174 175/175/175 247/247/247
f 247/247/247 175/175/175 248/248/248
f 175/175/175 176/176/176 248/248/248
f 248/248/248 176/176/176 249/249/249
f 176/176/176 177/177/177 249/249/249
f 249/249/249 177/177/177 250/250/250
f 177/177/177 178/178/178 250/250/250
f 250/250/250 178/178/178 251/251/251
f 178/178/178 179/179/179 251/251/251
f 251/251/251 179/179/179 252/252/252
f 179/179/179 180/180/180 252/252/252
f 252/252/252 180/180/180 253/253/253
f 180/180/180 181/181/181 253/253/253
f 253/253/253 181/181/181 254/254/254
f 181/181/181 182/182/182 254/254/254
f 254/254/254 182/182/182 255/255/255
f 182/182/182 183/183/183 255/255/255
f 255/255/255 183/183/183 256/256/256
f 183/183/183 184/184/184 256/256/256
f 256/256/256 184/184/184 257/257/257
f 184/184/184 185/185/185 257/257/257
f 257/257/257 185/185/185 258/258/258
f 185/185/185 186/186/186 258/258/258
f 258/258/258 186/186/186 259/259/259
f 186/186/186 187/187/187 259/259/259
f 259/259/259 187/187/187 260/260/260
f 187/187/187 188/188/188 260/260/260
f 260/260/260 188/188/188 261/261/261
f 188/188/188 189/189/189 261/261/261
f 261/261/261 189/189/189 262/262/262
f 189/189/189 190/190/190 262/262/262
f 262/262/262 190/190/190 263/263/263
f 190/190/190 191/191/191 263/263/263
f 263/263/263 191/191/191 264/264/264
f 191/191/191 192/192/192 264/264/264
f 264/264/264 192/192/192 265/265/265
f 192/192/192 193/193/193 265/265/265
f 265/265/265 193/193/193 266/266/266
f 193/193/193 194/194/194 266/266/266
f 266/266/266 194/194/194 267/267/267
f 194/194/194 195/195/195 267/267/267
f 267/267/267 195/195/195 268/268/268
f 195/195/195 196/196/196 268/268/268
f 268/268/268 196/196/196 269/269/269
f 196/196/196 197/197/197 269/269/269
f 269/269/269 197/197/197 270/270/270
f 197/197/197 198/198/198 270/270/270
f 270/270/270 198/198/198 271/271/271
f 198/198/198 199/199/199 271/271/271
f 271/271/271 199/199/199 272/272/272
f 199/199/199 200/200/200 272/272/272
f 272/272/272 200/200/200 273/273/273
f 200/200/200 201/201/201 273/273/273
f 273/273/273 201/201/201 274/274/274
f 201/201/201 202/202/202 274/274/274
f 274/274/274 202/202/202 275/275/275
f 202/202/202 203/203/203 275/275/275
f 275/275/275 203/203/203 276/276/276
f 203/203/203 204/204/204 276/276/276
f 276/276/276 204/204/204 277/277/277
f 204/204/204 205/205/205 277/277/277
f 277/277/277 205/205/205 278/278/278
f 205/205/205 206/206/206 278/278/278
f 278/278/278 206/206/206 279/279/279
f 206/206/206 207/207/207 279/279/279
f 279/279/279 207/207/207 280/280/280
f 207/207/207 208/208/208 280/280/280
f 280/280/280 208/208/208 281/281/281
f 208/208/208 209/209/209 281/281/281
f 281/281/281 209/209/209 282/282/282
f 209/209/209 210/210/210 282/282/282
f 282/282/282 210/210/210 283/283/283
f 210/210/210 211/211/211 283/283/283
f 283/283/283 211/211/211 284/284/284
f 211/211/211 212/212/212 284/284/284
f 284/284/284 212/212/212 285/285/285
f 212/212/212 213/213/213 285/285/285
f 285/285/285 213/213/213 286/286/286
f 213/213/213 214/214/214 286/286/286
f 286/286/286 214/214/214 287/287/287
f 214/214/214 215/215/215 287/287/287
f 287/287/287 215/215/215 288/288/288
f 215/215/215 216/216/216 288/288/288
f 288/288/288 216/216/216 289/289/289
f 216/216/216 217/217/217 289/289/289
f 289/289/289 217/217/217 290/290/290
f 217/217/217 218/218/218 290/290/290
f 290/290/290 218/218/218 291/291/291
f 218/218/218 219/219/219 291/291/291
f 291/291/291 219/219/219 292/292/292
f 220/220/220 221/221/221 293/293/293
f 293/293/293 221/221/221 294/294/294
f 221/221/221 222/222/222 294/294/294
f 294/294/294 222/222/222 295/295/295
f 222/222/222 223/223/223 295/295/295
f 295/295/295 223/223/223 296/296/296
f 223/223/223 224/224/224 296/296/296
f 296/296/296 224/224/224 297/297/297
f 224/224/224 225/225/225 297/297/297
f 297/297/297 225/225/225 298/298/298
f 225/225/225 226/226/226 298/298/298
f 298/298/298 226/226/226 299/299/299
f 226/226/226 227/227/227 299/299/299
f 299/299/299 227/227/227 300/300/300
f 227/227/227 228/228/228 300/300/300
f 300/300/300 228/228/228 301/301/301
f 228/228/228 229/229/229 301/301/301
f 301/301/301 229/229/229 302/302/302
f 229/229/229 230/230/230 302/302/302
f 302/302/302 230/230/230 303/303/303
f 230/230/230 231/231/231 303/303/303
f 303/303/303 231/231/231 304/304/304
f 231/231/231 232/232/232 304/304/304
f 304/304/304 232/232/232 305/305/305
f 232/232/232 233/233/233 305/305/305
f 305/305/305 233/233/233 306/306/306
f 233/233/233 234/234/234 306/306/306
f 306/306/306 234/234/234 307/307/307
f 234/234/234 235/235/235 307/307/307
f 307/307/307 235/235/235 308/308/308
f 235/235/235 236/236/236 308/308/308
f 308/308/308 236/236/236 309/309/309
f 236/236/236 237/237/237 309/309/309
f 309/309/309 237/237/237 310/310/310
f 237/237/237 238/238/238 310/310/310
f 310/310/310 238/238/238 311/311/311
f 238/238/238 239/239/239 311/311/311
f 311/311/311 239/239/239 312/312/312
f 239/239/239 240/240/240 312/312/312
f 312/312/312 240/240/240 313/313/313
f 240/240/240 241/241/241 313/313/313
f 313/313/313 241/241/241 314/314/314
f 241/241/241 242/242/242 314/314/314
f 314/314/314 242/242/242 315/315/315
f 242/242/242 243/243/243 315/315/315
f 315/315/315 243/243/243 316/316/316
f 243/243/243 244/244/244 316/316/316
f 316/316/316 244/244/244 317/317/317
f 244/244/244 245/245/245 317/317/317
f 317/317/317 245/245/245 318/318/318
f 245/245/245 246/246/246 318/318/318
f 318/318/318 246/246/246 319/319/319
f 246/246/246 247/247/247 319/319/319
f 319/319/319 247/247/247 320/320/320
f 247/247/247 248/248/248 320/320/320
f 320/320/320 248/248/248 321/321/321
f 248/248/248 249/249/249 321/321/321
f 321/321/321 249/249/249 322/322/322
f 249/249/249 250/250/250 322/322/322
f 322/322/322 250/250/250 323/323/323
f 250/250/250 251/251/251 323/323/323
f 323/323/323 251/251/251 324/324/324
f 251/251/251 252/252/252 324/324/324
f 324/324/324 252/252/252 325/325/325
f 252/252/252 253/253/253 325/325/325
f 325/325/325 253/253/253 326/326/326
f 253/253/253 254/254/254 326/326/326
f 326/326/326 254/254/254 327/327/327
f 254/254/254 255/255/255 327/327/327
f 327/327/327 255/255/255 328/328/328
f 255/255/255 256/256/256 328/328/328
f 328/328/328 256/256/256 329/329/329
f 256/256/256 257/257/257 329/329/329
f 329/329/329 257/257/257 330/330/330
f 257/257/257 258/258/258 330/330/330
f 330/330/330 258/258/258 331/331/331
f 258/258/258 259/259/259 331/331/331
f 331/331/331 259/259/259 332/332/332
f 259/259/259 260/260/260 332/332/332
f 332/332/332 260/260/260 333/333/333
f 260/260/260 261/261/261 333/333/333
f 333/333/333 261/261/261 334/334/334
f 261/261/261 262/262/262 334/334/334
f 334/334/334 262/262/262 335/335/335
f 262/262/262 263/263/263 335/335/335
f 335/335/335 263/263/263 336/336/336
f 263/263/263 264/264/264 336/336/336
f 336/336/336 264/264/264 337/337/337
f 264/264/264 265/265/265 337/337/337
f 337/337/337 265/265/265 338/338/338
f 265/265/265 266/266/266 338/338/338
f 338/338/338 266/266/266 339/339/339
f 266/266/266 267/267/267 339/339/339
f 339/339/339 267/267/267 340/340/340
f 267/267/267 268/268/268 340/340/340
f 340/340/340 268/268/268 341/341/341
f 268/268/268 269/269/269 341/341/341
f 341/341/341 269/269/269 342/342/342
f 269/269/269 270/270/270 342/342/342
f 342/342/342 270/270/270 343/343/343
f 270/270/270 271/271/271 343/343/343
f 343/343/343 271/271/271 344/344/344
f 271/271/271 272/272/272 344/344/344
f 344/344/344 272/272/272 345/345/345
f 272/272/272 273/273/273 345/345/345
f 345/345/345 273/273/273 346/346/346
f 273/273/273 274/274/274 346/346/346
f 346/346/346 274/274/274 347/347/347
f 274/274/274 275/275/275 347/347/347
f 347/347/347 275/275/275 348/348/348
f 275/275/275 276/276/276 348/348/348
f 348/348/348 276/276/276 349/349/349
f 276/276/276 277/277/277 349/349/349
f 349/349/349 277/277/277 350/350/350
f 277/277/277 278/278/278 350/350/350
f 350/350/350 278/278/278 351/351/351
f 278/278/278 279/279/279 351/351/351
f 351/351/351 279/279/279 352/352/352
f 279/279/279 280/280/280 352/352/352
f 352/352/352 280/280/280 353/353/353
f 280/280/280 281/281/281 353/353/353
f 353/353/353 281/281/281 354/354/354
f 281/281/281 282/282/282 354/354/354
f 354/354/354 282/282/282 355/355/355
f 282/282/282 283/283/283 355/355/355
f 355/355/355 283/283/283 356/356/356
f 283/283/283 284/284/284 356/356/356
f 356/356/356 284/284/284 357/357/357
f 284/284/284 285/285/285 357/357/357
f 357/357/357 285/285/285 358/358/358
f 285/285/285 286/286/286 358/358/358
f 358/358/358 286/286/286 359/359/359
f 286/286/286 287/287/287 359/359/359
f 359/359/359 287/287/287 360/360/360
f 287/287/287 288/288/288 360/360/360
f 360/360/360 288/288/288 361/361/361
f 288/288/288 289/289/289 361/361/361
f 361/361/361 289/289/289 362/362/362
f 289/289/289 290/290/290 362/362/362
f 362/362/362 290/290/290 363/363/363
f 290/290/290 291/291/291 363/363/363
f 363/363/363 291/291/291 364/364/364
f 291/291/291 292/292/292 364/364/364
f 364/364/364 292/292/292 365/365/365
f 293/293/293 294/294/294 366/366/366
f 366/366/366 294/294/294 367/367/367
f 294/294/294 295/295/295 367/367/367
f 367/367/367 295/295/295 368/368/368
f 295/295/295 296/296/296 368/368/368
f 368/368/368 296/296/296 369/369/369
f 296/296/296 297/297/297 369/369/369
f 369/369/369 297/297/297 370/370/370
f 297/297/297 298/298/298 370/370/370
f 370/370/370 298/298/298 371/371/371
f 298/298/298 299/299/299 371/371/371
f 371/371/371 299/299/299 372/372/372
f 299/299/299 300/300/300 372/372/372
f 372/372/372 300/300/300 373/373/373
f 300/300/300 301/301/301 373/373/373
f 373/373/373 301/301/301 374/374/374
f 301/301/301 302/302/302 374/374/374
f 374/374/374 302/302/302 375/375/375
f 302/302/302 303/303/303 375/375/375
f 375/375/375 303/303/303 376/376/376
f 303/303/303 304/304/304 376/376/376
f 376/376/376 304/304/304 377/377/377
f 304/304/304 305/305/305 377/377/377
f 377/377/377 305/305/305 378/378/378
f 305/305/305 306/306/306 378/378/378
f 378/378/378 306/306/306 379/379/379
f 306/306/306 307/307/307 379/379/379
f 379/379/379 307/307/307 380/380/380
f 307/307/307 308/308/308 380/380/380
f 380/380/380 308/308/308 381/381/381
f 308/308/308 309/309/309 381/381/381
f 381/381/381 309/309/309 382/382/382
f 309/309/309 310/310/310 382/382/382
f 382/382/382 310/310/310 383/383/383
f 310/310/310 311/311/311 383/383/383
f 383/383/383 311/311/311 384/384/384
f 311/311/311 312/312/312 384/384/384
f 384/384/384 312/312/312 385/385/385
f 312/312/312 313/313/313 385/385/385
f 385/385/385 313/313/313 386/386/386
f 313/313/313 314/314/314 386/386/386
f 386/386/386 314/314/314 387/387/387
f 314/314/314 315/315/315 387/387/387
f 387/387/387 315/315/315 388/388/388
f 315/315/315 316/316/316 388/388/388
f 388/388/388 316/316/316 389/389/389
f 316/316/316 317/317/317 389/389/389
f 389/389/389 317/317/317 390/390/390
f 317/317/317 318/318/318 390/390/390
f 390/390/390 318/318/318 391/391/391
f 318/318/318 319/319/319 391/391/391
f 391/391/391 319/319/319 392/392/392
f 319/319/319 320/320/320 392/392/392
f 392/392/392 320/320/320 393/393/393
f 320/320/320 321/321/321 393/393/393
f 393/393/393 321/321/321 394/394/394
f 321/321/321 322/322/322 394/394/394
f 394/394/394 322/322/322 395/395/395
f 322/322/322 323/323/323 395/395/395
f 395/395/395 323/323/323 396/396/396
f 323/323/323 324/324/324 396/396/396
f 396/396/396 324/324/324 397/397/397
f 324/324/324 325/325/325 397/397/397
f 397/397/397 325/325/325 398/398/398
f 325/325/325 326/326/326 398/398/398
f 398/398/398 326/326/326 399/399/399
f 326/326/326 327/327/327 399/399/399
f 399/399/399 327/327/327 400/400/400
f 327/327/327 328/328/328 400/400/400
f 400/400/400 328/328/328 401/401/401
f 328/328/328 329/329/329 401/401/401
f 401/401/401 329/329/329 402/402/402
f 329/329/329 330/330/330 402/402/402
f 402/402/402 330/330/330 403/403/403
f 330/330/330 331/331/331 403/403/403
f 403/403/403 331/331/331 404/404/404
f 331/331/331 332/332/332 404/404/404
f 404/404/404 332/332/332 405/405/405
f 332/332/332 333/333/333 405/405/405
f 405/405/405 333/333/333 406/406/406
f 333/333/333 334/334/334 406/406/406
f 406/406/406 334/334/334 407/407/407
f 334/334/334 335/335/335 407/407/407
f 407/407/407 335/335/335 408/408/408
f 335/335/335 336/336/336 408/408/408
f 408/408/408 336/336/336 409/409/409
f 336/336/336 337/337/337 409/409/409
f 409/409/409 337/337/337 410/410/410
f 337/337/337 338/338/338 410/410/410
f 410/410/410 338/338/338 411/411/411
f 338/338/338 339/339/339 411/411/411
f 411/411/411 339/339/339 412/412/412
f 339/339/339 340/340/340 412/412/412
f 412/412/412 340/340/340 413/413/413
f 340/340/340 341/341/341 413/413/413
f 413/413/413 341/341/341 414/414/414
f 341/341/341 342/342/342 414/414/414
f 414/414/414 342/342/342 415/415/415
f 342/342/342 343/343/343 415/415/415
f 415/415/415 343/343/343 416/416/416
f 343/343/343 344/344/344 416/416/416
f 416/416/416 344/344/344 417/417/417
f 344/344/344 345/345/345 417/417/417
f 417/417/417 345/345/345 418/418/418
f 345/345/345 346/346/346 418/418/418
f 418/418/418 346/346/346 419/419/419
f 346/346/346 347/347/347 419/419/419
f 419/419/419 347/347/347 420/420/420
f 347/347/347 348/348/348 420/420/420
f 420/420/420 348/348/348 421/421/421
f 348/348/348 349/349/349 421/421/421
f 421/421/421 349/349/349 422/422/422
f 349/349/349 350/350/350 422/422/422
f 422/422/422 350/350/350 423/423/423
f 350/350/350 351/351/351 423/423/423
f 423/423/423 351/351/351 424/424/424
f 351/351/351 352/352/352 424/424/424
f 424/424/424 352/352/352 425/425/425
f 352/352/352 353/353/353 425/425/425
f 425/425/425 353/353/353 426/426/426
f 353/353/353 354/354/354 426/426/426
f 426/426/426 354/354/354 427/427/427
f 354/354/354 355/355/355 427/427/427
f 427/427/427 355/355/355 428/428/428
f 355/355/355 356/356/356 428/428/428
f 428/428/428 356/356/356 429/429/429
f 356/356/356 357/357/357 429/429/429
f 429/429/429 357/357/357 430/430/430
f 357/357/357 358/358/358 430/430/430
f 430/430/430 358/358/358 431/431/431
f 358/358/358 359/359/359 431/431/431
f 431/431/431 359/359/359 432/432/432
f 359/359/359 360/360/360 432/432/432
f 432/432/432 360/360/360 433/433/433
f 360/360/360 361/361/361 433/433/433
f 433/433/433 361/361/361 434/434/434
f 361/361/361 362/362/362 434/434/434
f 434/434/434 362/362/362 435/435/435
f 362/362/362 363/363/363 435/435/435
f 435/435/435 363/363/363 436/436/436
f 363/363/363 364/364/364 436/436/436
f 436/436/436 364/364/364 437/437/437
f 364/364/364 365/365/365 437/437/437
f 437/437/437 365/365/365 438/438/438
f 366/366/366 367/367/367 439/439/439
f 439/439/439 367/367/367 440/440/440
f 367/367/367 368/368/368 440/440/440
f 440/440/440 368/368/368 441/441/441
f 368/368/368 369/369/369 441/441/441
f 441/441/441 369/369/369 442/442/442
f 369/369/369 370/370/370 442/442/442
f 442/442/442 370/370/370 443/443/443
f 370/370/370 371/371/371 443/443/443
f 443/443/443 371/371/371 444/444/444
f 371/371/371 372/372/372 444/444/444
f 444/444/444 372/372/372 445/445/445
f 372/372/372 373/373/373 445/445/445
f 445/445/445 373/373/373 446/446/446
f 373/373/373 374/374/374 446/446/446
f 446/446/446 374/374/374 447/447/447
f 374/374/374 375/375/375 447/447/447
f 447/447/447 375/375/375 448/448/448
f 375/375/375 376/376/376 448/448/448
f 448/448/448 376/376/376 449/449/449
f 376/376/376 377/377/377 449/449/449
f 449/449/449 377/377/377 450/450/450
f 377/377/377 378/378/378 450/450/450
f 450/450/450 378/378/378 451/451/451
f 378/378/378 379/379/379 451/451/451
f 451/451/451 379/379/379 452/452/452
f 379/379/379 380/380/380 452/452/452
f 452/452/452 380/380/380 453/453/453
f 380/380/380 381/381/381 453/453/453
f 453/453/453 381/381/381 454/454/454
f 381/381/381 382/382/382 454/454/454
f 454/454/454 382/382/382 455/455/455
f 382/382/382 383/383/383 455/455/455
f 455/455/455 383/383/383 456/456/456
f 383/383/383 384/384/384 456/456/456
f 456/456/456 384/384/384 457/457/457
f 384/384/384 385/385/385 457/457/457
f 457/457/457 385/385/385 458/458/458
f 385/385/385 386/386/386 458/458/458
f 458/458/458 386/386/386 459/459/459
f 386/386/386 387/387/387 459/459/459
f 459/459/459 387/387/387 460/460/460
f 387/387/387 388/388/388 460/460/460
f 460/460/460 388/388/388 461/461/461
f 388/388/388 389/389/389 461/461/461
f 461/461/461 389/389/389 462/462/462
f 389/389/389 390/390/390 462/462/462
f 462/462/462 390/390/390 463/463/463
f 390/390/390 391/391/391 463/463/463
f 463/463/463 391/391/391 464/464/464
f 391/391/391 392/392/392 464/464/464
f 464/464/464 392/392/392 465/465/465
f 392/392/392 393/393/393 465/465/465
f 465/465/465 393/393/393 466/466/466
f 393/393/393 394/394/394 466/466/466
f 466/466/466 394/394/394 467/467/467
f 394/394/394 395/395/395 467/467/467
f 467/467/467 395/395/395 468/468/468
f 395/395/395 396/396/396 468/468/468
f 468/468/468 396/396/396 469/469/469
f 396/396/396 397/397/397 469/469/469
f 469/469/469 397/397/397 470/470/470
f 397/397/397 398/398/398 470/470/470
f 470/470/470 398/398/398 471/471/471
f 398/398/398 399/399/399 471/471/471
f 471/471/471 399/399/399 472/472/472
f 399/399/399 400/400/400 472/472/472
f 472/472/472 400/400/400 473/473/473
f 400/400/400 401/401/401 473/473/473
f 473/473/473 401/401/401 474/474/474
f 401/401/401 402/402/402 474/474/474
f 474/474/474 402/402/402 475/475/475
f 402/402/402 403/403/403 475/475/475
f 475/475/475 403/403/403 476/476/476
f 403/403/403 404/404/404 476/476/476
f 476/476/476 404/404/404 477/477/477
f 404/404/404 405/405/405 477/477/477
f 477/477/477 405/405/405 478/478/478
f 405/405/405 406/406/406 478/478/478
f 478/478/478 406/406/406 479/479/479
f 406/406/406 407/407/407 479/479/479
f 479/479/479 407/407/407 480/480/480
f 407/407/407 408/408/408 480/480/480
f 480/480/480 408/408/408 481/481/481
f 408/408/408 409/409/409 481/481/481
f 481/481/481 409/409/409 482/482/482
f 409/409/409 410/410/410 482/482/482
f 482/482/482 410/410/410 483/483/483
f 410/410/410 411/411/411 483/483/483
f 483/483/483 411/411/411 484/484/484
f 411/411/411 412/412/412 484/484/484
f 484/484/484 412/412/412 485/485/485
f 412/412/412 413/413/413 485/485/485
f 485/485/485 413/413/413 486/486/486
f 413/413/413 414/414/414 486/486/486
f 486/486/486 414/414/414 487/487/487
f 414/414/414 415/415/415 487/487/487
f 487/487/487 415/415/415 488/488/488
f 415/415/415 416/416/416 488/488/488
f 488/488/488 416/416/416 489/489/489
f 416/416/416 417/417/417 489/489/489
f 489/489/489 417/417/417 490/490/490
f 417/417/417 418/418/418 490/490/490
f 490/490/490 418/418/418 491/491/491
f 418/418/418 419/419/419 491/491/491
f 491/491/491 419/419/419 492/492/492
f 419/419/419 420/420/420 492/492/492
f 492/492/492 420/420/420 493/493/493
f 420/420/420 421/421/421 493/493/493
f 493/493/493 421/421/421 494/494/494
f 421/421/421 422/422/422 494/494/494
f 494/494/494 422/422/422 495/495/495
f 422/422/422 423/423/423 495/495/495
f 495/495/495 423/423/423 496/496/496
f 423/423/423 424/424/424 496/496/496
f 496/496/496 424/424/424 497/497/497
f 424/424/424 425/425/425 497/497/497
f 497/497/497 425/425/425 498/498/498
f 425/425/425 426/426/426 498/498/498
f 498/498/498 426/426/426 499/499/499
f 426/426/426 427/427/427 499/499/499
f 499/499/499 427/427/427 500/500/500
f 427/427/427 428/428/428 500/500/500
f 500/500/500 428/428/428 501/501/501
f 428/428/428 429/429/429 501/501/501
f 501/501/501 429/429/429 502/502/502
f 429/429/429 430/430/430 502/502/502
f 502/502/502 430/430/430 503/503/503
f 430/430/430 431/431/431 503/503/503
f 503/503/503 431/431/431 504/504/504
f 431/431/431 432/432/432 504/504/504
f 504/504/504 432/432/432 505/505/505
f 432/432/432 433/433/433 505/505/505
f 505/505/505 433/433/433 506/506/506
f 433/433/433 434/434/434 506/506/506
f 506/506/506 434/434/434 507/507/507
f 434/434/434 435/435/435 507/507/507
f 507/507/507 435/435/435 508/508/508
f 435/435/435 436/436/436 508/508/508
f 508/508/508 436/436/436 509/509/509
f 436/436/436 437/437/437 509/509/509
f 509/509/509 437/437/437 510/510/510
f 437/437/437 438/438/438 510/510/510
f 510/510/510 438/438/438 511/511/511
f 439/439/439 440/440/440 512/512/512
f 512/512/512 440/440/440 513/513/513
f 440/440/440 441/441/441 513/513/513
f 513/513/513 441/441/441 514/514/514
f 441/441/441 442/442/442 514/514/514
f 514/514/514 442/442/442 515/515/515
f 442/442/442 443/443/443 515/515/515
f 515/515/515 443/443/443 516/516/516
f 443/443/443 444/444/444 516/516/516
f 516/516/516 444/444/444 517/517/517
f 444/444/444 445/445/445 517/517/517
f 517/517/517 445/445/445 518/518/518
f 445/445/445 446/446/446 518/518/518
f 518/518/518 446/446/446 519/519/519
f 446/446/446 447/447/447 519/519/519
f 519/519/519 447/447/447 520/520/520
f 447/447/447 448/448/448 520/520/520
f 520/520/520 448/448/448 521/521/521
f 448/448/448 449/449/449 521/521/521
f 521/521/521 449/449/449 522/522/522
f 449/449/449 450/450/450 522/522/522
f 522/522/522 450/450/450 523/523/523
f 450/450/450 451/451/451 523/523/523
f 523/523/523 451/451/451 524/524/524
f 451/451/451 452/452/452 524/524/524
f 524/524/524 452/452/452 525/525/525
f 452/452/452 453/453/453 525/525/525
f 525/525/525 453/453/453 526/526/526
f 453/453/453 454/454/454 526/526/526
f 526/526/526 454/454/454 527/527/527
f 454/454/454 455/455/455 527/527/527
f 527/527/527 455/455/455 528/528/528
f 455/455/455 456/456/456 528/528/528
f 528/528/528 456/456/456 529/529/529
f 456/456/456 457/457/457 529/529/529
f 529/529/529 457/457/457 530/530/530
f 457/457/457 458/458/458 530/530/530
f 530/530/530 458/458/458 531/531/531
f 458/458/458 459/459/459 531/531/531
f 531/531/531 459/459/459 532/532/532
f 459/459/459 460/460/460 532/532/532
f 532/532/532 460/460/460 533/533/533
f 460/460/460 461/461/461 533/533/533
f 533/533/533 461/461/461 534/534/534
f 461/461/461 462/462/462 534/534/534
f 534/534/534 462/462/462 535/535/535
f 462/462/462 463/463/463 535/535/535
f 535/535/535 463/463/463 536/536/536
f 463/463/463 464/464/464 536/536/536
f 536/536/536 464/464/464 537/537/537
f 464/464/464 465/465/465 537/537/537
f 537/537/537 465/465/465 538/538/538
f 465/465/465 466/466/466 538/538/538
f 538/538/538 466/466/466 539/539/539
f 466/466/466 467/467/467 539/539/539
f 539/539/539 467/467/467 540/540/540
f 467/467/467 468/468/468 540/540/540
f 540/540/540 468/468/468 541/541/541
f 468/468/468 469/469/469 541/541/541
f 541/541/541 469/469/469 542/542/542
f 469/469/469 470/470/470 542/542/542
f 542/542/542 470/470/470 543/543/543
f 470/470/470 471/471/471 543/543/543
f 543/543/543 471/471/471 544/544/544
f 471/471/471 472/472/472 544/544/544
f 544/544/544 472/472/472 545/545/545
f 472/472/472 473/473/473 545/545/545
f 545/545/545 473/473/473 546/546/546
f 473/473/473 474/474/474 546/546/546
f 546/546/546 474/474/474 547/547/547
f 474/474/474 475/475/475 547/547/547
f 547/547/547 475/475/475 548/548/548
f 475/475/475 476/476/476 548/548/548
f 548/548/548 476/476/476 549/549/549
f 476/476/476 477/477/477 549/549/549
f 549/549/549 477/477/477 550/550/550
f 477/477/477 478/478/478 550/550/550
f 550/550/550 478/478/478 551/551/551
f 478/478/478 479/479/479 551/551/551
f 551/551/551 479/479/479 552/552/552
f 479/479/479 480/480/480 552/552/552
f 552/552/552 480/480/480 553/553/553
f 480/480/480 481/481/481 553/553/553
f 553/553/553 481/481/481 554/554/554
f 481/481/481 482/482/482 554/554/554
f 554/554/554 482/482/482 555/555/555
f 482/482/482 483/483/483 555/555/555
f 555/555/555 483/483/483 556/556/556
f 483/483/483 484/484/484 556/556/556
f 556/556/556 484/484/484 557/557/557
f 484/484/484 485/485/485 557/557/557
f 557/557/557 485/485/485 558/558/558
f 485/485/485 486/486/486 558/558/558
f 558/558/558 486/486/486 559/559/559
f 486/486/486 487/487/487 559/559/559
f 559/559/559 487/487/487 560/560/560
f 487/487/487 488/488/488 560/560/560
f 560/560/560 488/488/488 561/561/561
f 488/488/488 489/489/489 561/561/561
f 561/561/561 489/489/489 562/562/562
f 489/489/489 490/490/490 562/562/562
f 562/562/562 490/490/490 563/563/563
f 490/490/490 491/491/491 563/563/563
f 563/563/563 491/491/491 564/564/564
f 491/491/491 492/492/492 564/564/564
f 564/564/564 492/492/492 565/565/565
f 492/492/492 493/493/493 565/565/565
f 565/565/565 493/493/493 566/566/566
f 493/493/493 494/494/494 566/566/566
f 566/566/566 494/494/494 567/567/567
f 494/494/494 495/495/495 567/567/567
f 567/567/567 495/495/495 568/568/568
f 495/495/495 496/496/496 568/568/568
f 568/568/568 496/496/496 569/569/569
f 496/496/496 497/497/497 569/569/569
f 569/569/569 497/497/497 570/570/570
f 497/497/497 498/498/498 570/570/570
f 570/570/570 498/498/498 571/571/571
f 498/498/498 499/499/499 571/571/571
f 571/571/571 499/499/499 572/572/572
f 499/499/499 500/500/500 572/572/572
f 572/572/572 500/500/500 573/573/573
f 500/500/500 501/501/501 573/573/573
f 573/573/573 501/501/501 574/574/574
f 501/501/501 502/502/502 574/574/574
f 574/574/574 502/502/502 575/575/575
f 502/502/502 503/503/503 575/575/575
f 575/575/575 503/503/503 576/576/576
f 503/503/503 504/504/504 576/576/576
f 576/576/576 504/504/504 577/577/577
f 504/504/504 505/505/505 577/577/577
f 577/577/577 505/505/505 578/578/578
f 505/505/505 506/506/506 578/578/578
f 578/578/578 506/506/506 579/579/579
f 506/506/506 507/507/507 579/579/579
f 579/579/579 507/507/507 580/580/580
f 507/507/507 508/508/508 580/580/580
f 580/580/580 508/508/508 581/581/581
f 508/508/508 509/509/509 581/581/581
f 581/581/581 509/509/509 582/582/582
f 509/509/509 510/510/510 582/582/582
f 582/582/582 510/510/510 583/583/583
f 510/510/510 511/511/511 583/583/583
f 583/583/583 511/511/511 584/584/584
f 512/512/512 513/513/513 585/585/585
f 585/585/585 513/513/513 586/586/586
f 513/513/513 514/514/514 586/586/586
f 586/586/586 514/514/514 587/587/587
f 514/514/514 515/515/515 587/587/587
f 587/587/587 515/515/515 588/588/588
f 515/515/515 516/516/516 588/588/588
f 588/588/588 516/516/516 589/589/589
f 516/516/516 517/517/517 589/589/589
f 589/589/589 517/517/517 590/590/590
f 517/517/517 518/518/518 590/590/590
f 590/590/590 518/518/518 591/591/591
f 518/518/518 519/519/519 591/591/591
f 591/591/591 519/519/519 592/592/592
f 519/519/519 520/520/520 592/592/592
f 592/592/592 520/520/520 593/593/593
f 520/520/520 521/521/521 593/593/593
f 593/593/593 521/521/521 594/594/594
f 521/521/521 522/522/522 594/594/594
f 594/594/594 522/522/522 595/595/595
f 522/522/522 523/523/523 595/595/595
f 595/595/595 523/523/523 596/596/596
f 523/523/523 524/524/524 596/596/596
f 596/596/596 524/524/524 597/597/597
f 524/524/524 525/525/525 597/597/597
f 597/597/597 525/525/525 598/598/598
f 525/525/525 526/526/526 598/598/598
f 598/598/598 526/526/526 599/599/599
f 526/526/526 527/527/527 599/599/599
f 599/599/599 527/527/527 600/600/600
f 527/527/527 528/528/528 600/600/600
f 600/600/600 528/528/528 601/601/601
f 528/528/528 529/529/529 601/601/601
f 601/601/601 529/529/529 602/602/602
f 529/529/529 530/530/530 602/602/602
f 602/602/602 530/530/530 603/603/603
f 530/530/530 531/531/531 603/603/603
f 603/603/603 531/531/531 604/604/604
f 531/531/531 532/532/532 604/604/604
f 604/604/604 532/532/532 605/605/605
f 532/532/532 533/533/533 605/605/605
f 605/605/605 533/533/533 606/606/606
f 533/533/533 534/534/534 606/606/606
f 606/606/606 534/534/534 607/607/607
f 534/534/534 535/535/535 607/607/607
f 607/607/607 535/535/535 608/608/608
f 535/535/535 536/536/536 608/608/608
f 608/608/608 536/536/536 609/609/609
f 536/536/536 537/537/537 609/609/609
f 609/609/609 537/537/537 610/610/610
f 537/537/537 538/538/538 610/610/610
f 610/610/610 538/538/538 611/611/611
f 538/538/538 539/539/539 611/611/611
f 611/611/611 539/539/539 612/612/612
f 539/539/539 540/540/540 612/612/612
f 612/612/612 540/540/540 613/613/613
f 540/540/540 541/541/541 613/613/613
f 613/613/613 541/541/541 614/614/614
f 541/541/541 542/542/542 614/614/614
f 614/614/614 542/542/542 615/615/615
f 542/542/542 543/543/543 615/615/615
f 615/615/615 543/543/543 616/616/616
f 543/543/543 544/544/544 616/616/616
f 616/616/616 544/544/544 617/617/617
f 544/544/544 545/545/545 617/617/617
f 617/617/617 545/545/545 618/618/618
f 545/545/545 546/546/546 618/618/618
f 618/618/618 546/546/546 619/619/619
f 546/546/546 547/547/547 619/619/619
f 619/619/619 547/547/547 620/620/620
f 547/547/547 548/548/548 620/620/620
f 620/620/620 548/548/548 621/621/621
f 548/548/548 549/549/549 621/621/621
f 621/621/621 549/549/549 622/622/622
f 549/549/549 550/550/550 622/622/622
f 622/622/622 550/550/550 623/623/623
f 550/550/550 551/551/551 623/623/623
f 623/623/623 551/551/551 624/624/624
f 551/551/551 552/552/552 624/624/624
f 624/624/624 552/552/552 625/625/625
f 552/552/552 553/553/553 625/625/625
f 625/625/625 553/553/553 626/626/626
f 553/553/553 554/554/554 626/626/626
f 626/626/626 554/554/554 627/627/627
f 554/554/554 555/555/555 627/627/627
f 627/627/627 555/555/555 628/628/628
f 555/555/555 556/556/556 628/628/628
f 628/628/628 556/556/556 629/629/629
f 556/556/556 557/557/557 629/629/629
f 629/629/629 557/557/557 630/630/630
f 557/557/557 558/558/558 630/630/630
f 630/630/630 558/558/558 631/631/631
f 558/558/558 559/559/559 631/631/631
f 631/631/631 559/559/559 632/632/632
f 559/559/559 560/560/560 632/632/632
f 632/632/632 560/560/560 633/633/633
f 560/560/560 561/561/561 633/633/633
f 633/633/633 561/561/561 634/634/634
f 561/561/561 562/562/562 634/634/634
f 634/634/634 562/562/562 635/635/635
f 562/562/562 563/563/563 635/635/635
f 635/635/635 563/563/563 636/636/636
f 563/563/563 564/564/564 636/636/636
f 636/636/636 564/564/564 637/637/637
f 564/564/564 565/565/565 637/637/637
f 637/637/637 565/565/565 638/638/638
f 565/565/565 566/566/566 638/638/638
f 638/638/638 566/566/566 639/639/639
f 566/566/566 567/567/567 639/639/639
f 639/639/639 567/567/567 640/640/640
f 567/567/567 568/568/568 640/640/640
f 640/640/640 568/568/568 641/641/641
f 568/568/568 569/569/569 641/641/641
f 641/641/641 569/569/569 642/642/642
f 569/569/569 570/570/570 642/642/642
f 642/642/642 570/570/570 643/643/643
f 570/570/570 571/571/571 643/643/643
f 643/643/643 571/571/571 644/644/644
f 571/571/571 572/572/572 644/644/644
f 644/644/644 572/572/572 645/645/645
f 572/572/572 573/573/573 645/645/645
f 645/645/645 573/573/573 646/646/646
f 573/573/573 574/574/574 646/646/646
f 646/646/646 574/574/574 647/647/647
f 574/574/574 575/575/575 647/647/647
f 647/647/647 575/575/575 648/648/648
f 575/575/575 576/576/576 648/648/648
f 648/648/648 576/576/576 649/649/649
f 576/576/576 577/577/577 649/649/649
f 649/649/649 577/577/577 650/650/650
f 577/577/577 578/578/578 650/650/650
f 650/650/650 578/578/578 651/651/651
f 578/578/578 579/579/579 651/651/651
f 651/651/651 579/579/579 652/652/652
f 579/579/579 580/580/580 652/652/652
f 652/652/652 580/580/580 653/653/653
f 580/580/580 581/581/581 653/653/653
f 653/653/653 581/581/581 654/654/654
f 581/581/581 582/582/582 654/654/654
f 654/654/654 582/582/582 655/655/655
f 582/582/582 583/583/583 655/655/655
f 655/655/655 583/583/583 656/656/656
f 583/583/583 584/584/584 656/656/656
f 656/656/656 584/584/584 657/657/657
f 585/585/585 586/586/586 658/658/658
f 658/658/658 586/586/586 659/659/659
f 586/586/586 587/587/587 659/659/659
f 659/659/659 587/587/587 660/660/660
f 587/587/587 588/588/588 660/660/660
f 660/660/660 588/588/588 661/661/661
f 588/588/588 589/589/589 661/661/661
f 661/661/661 589/589/589 662/662/662
f 589/589/589 590/590/590 662/662/662
f 662/662/662 590/590/590 663/663/663
f 590/590/590 591/591/591 663/663/663
f 663/663/663 591/591/591 664/664/664
f 591/591/591 592/592/592 664/664/664
f 664/664/664 592/592/592 665/665/665
f 592/592/592 593/593/593 665/665/665
f 665/665/665 593/593/593 666/666/666
f 593/593/593 594/594/594 666/666/666
f 666/666/666 594/594/594 667/667/667
f 594/594/594 595/595/595 667/667/667
f 667/667/667 595/595/595 668/668/668
f 595/595/595 596/596/596 668/668/668
f 668/668/668 596/596/596 669/669/669
f 596/596/596 597/597/597 669/669/669
f 669/669/669 597/597/597 670/670/670
f 597/597/597 598/598/598 670/670/670
f 670/670/670 598/598/598 671/671/671
f 598/598/598 599/599/599 671/671/671
f 671/671/671 599/599/599 672/672/672
f 599/599/599 600/600/600 672/672/672
f 672/672/672 600/600/600 673/673/673
f 600/600/600 601/601/601 673/673/673
f 673/673/673 601/601/601 674/674/674
f 601/601/601 602/602/602 674/674/674
f 674/674/674 602/602/602 675/675/675
f 602/602/602 603/603/603 675/675/675
f 675/675/675 603/603/603 676/676/676
f 603/603/603 604/604/604 676/676/676
f 676/676/676 604/604/604 677/677/677
f 604/604/604 605/605/605 677/677/677
f 677/677/677 605/605/605 678/678/678
f 605/605/605 606/606/606 678/678/678
f 678/678/678 606/606/606 679/679/679
f 606/606/606 607/607/607 679/679/679
f 679/679/679 607/607/607 680/680/680
f 607/607/607 608/608/608 680/680/680
f 680/680/680 608/608/608 681/681/681
f 608/608/608 609/609/609 681/681/681
f 681/681/681 609/609/609 682/682/682
f 609/609/609 610/610/610 682/682/682
f 682/682/682 610/610/610 683/683/683
f 610/610/610 611/611/611 683/683/683
f 683/683/683 611/611/611 684/684/684
f 611/611/611 612/612/612 684/684/684
f 684/684/684 612/612/612 685/685/685
f 612/612/612 613/613/613 685/685/685
f 685/685/685 613/613/613 686/686/686
f 613/613/613 614/614/614 686/686/686
f 686/686/686 614/614/614 687/687/687
f 614/614/614 615/615/615 687/687/687
f 687/687/687 615/615/615 688/688/688
f 615/615/615 616/616/616 688/688/688
f 688/688/688 616/616/616 689/689/689
f 616/616/616 617/617/617 689/689/689
f 689/689/689 617/617/617 690/690/690
f 617/617/617 618/618/618 690/690/690
f 690/690/690 618/618/618 691/691/691
f 618/618/618 619/619/619 691/691/691
f 691/691/691 619/619/619 692/692/692
f 619/619/619 620/620/620 692/692/692
f 692/692/692 620/620/620 693/693/693
f 620/620/620 621/621/621 693/693/693
f 693/693/693 621/621/621 694/694/694
f 621/621/621 622/622/622 694/694/694
f 694/694/694 622/622/622 695/695/695
f 622/622/622 623/623/623 695/695/695
f 695/695/695 623/623/623 696/696/696
f 623/623/623 624/624/624 696/696/696
f 696/696/696 624/624/624 697/697/697
f 624/624/624 625/625/625 697/697/697
f 697/697/697 625/625/625 698/698/698
f 625/625/625 626/626/626 698/698/698
f 698/698/698 626/626/626 699/699/699
f 626/626/626 627/627/627 699/699/699
f 699/699/699 627/627/627 700/700/700
f 627/627/627 628/628/628 700/700/700
f 700/700/700 628/628/628 701/701/701
f 628/628/628 629/629/629 701/701/701
f 701/701/701 629/629/629 702/702/702
f 629/629/629 630/630/630 702/702/702
f 702/702/702 630/630/630 703/703/703
f 630/630/630 631/631/631 703/703/703
f 703/703/703 631/631/631 704/704/704
f 631/631/631 632/632/632 704/704/704
f 704/704/704 632/632/632 705/705/705
f 632/632/632 633/633/633 705/705/705
f 705/705/705 633/633/633 706/706/706
f 633/633/633 634/634/634 706/706/706
f 706/706/706 634/634/634 707/707/707
f 634/634/634 635/635/635 707/707/707
f 707/707/707 635/635/635 708/708/708
f 635/635/635 636/636/636 708/708/708
f 708/708/708 636/636/636 709/709/709
f 636/636/636 637/637/637 709/709/709
f 709/709/709 637/637/637 710/710/710
f 637/637/637 638/638/638 710/710/710
f 710/710/710 638/638/638 711/711/711
f 638/638/638 639/639/639 711/711/711
f 711/711/711 639/639/639 712/712/712
f 639/639/639 640/640/640 712/712/712
f 712/712/712 640/640/640 713/713/713
f 640/640/640 641/641/641 713/713/713
f 713/713/713 641/641/641 714/714/714
f 641/641/641 642/642/642 714/714/714
f 714/714/714 642/642/642 715/715/715
f 642/642/642 643/643/643 715/715/715
f 715/715/715 643/643/643 716/716/716
f 643/643/643 644/644/644 716/716/716
f 716/716/716 644/644/644 717/717/717
f 644/644/644 645/645/645 717/717/717
f 717/717/717 645/645/645 718/718/718
f 645/645/645 646/646/646 718/718/718
f 718/718/718 646/646/646 719/719/719
f 646/646/646 647/647/647 719/719/719
f 719/719/719 647/647/647 720/720/720
f 647/647/647 648/648/648 720/720/720
f 720/720/720 648/648/648 721/721/721
f 648/648/648 649/649/649 721/721/721
f 721/721/721 649/649/649 722/722/722
f 649/649/649 650/650/650 722/722/722
f 722/722/722 650/650/650 723/723/723
f 650/650/650 651/651/651 723/723/723
f 723/723/723 651/651/651 724/724/724
f 651/651/651 652/652/652 724/724/724
f 724/724/724 652/652/652 725/725/725
f 652/652/652 653/653/653 725/725/725
f 725/725/725 653/653/653 726/726/726
f 653/653/653 654/654/654 726/726/726
f 726/726/726 654/654/654 727/727/727
f 654/654/654 655/655/655 727/727/727
f 727/727/727 655/655/655 728/728/728
f 655/655/655 656/656/656 728/728/728
f 728/728/728 656/656/656 729/729/729
f 656/656/656 657/657/657 729/729/729
f 729/729/729 657/657/657 730/730/730
f 658/658/658 659/659/659 731/731/731
f 731/731/731 659/659/659 732/732/732
f 659/659/659 660/660/660 732/732/732
f 732/732/732 660/660/660 733/733/733
f 660/660/660 661/661/661 733/733/733
f 733/733/733 661/661/661 734/734/734
f 661/661/661 662/662/662 734/734/734
f 734/734/734 662/662/662 735/735/735
f 662/662/662 663/663/663 735/735/735
f 735/735/735 663/663/663 736/736/736
f 663/663/663 664/664/664 736/736/736
f 736/736/736 664/664/664 737/737/737
f 664/664/664 665/665/665 737/737/737
f 737/737/737 665/665/665 738/738/738
f 665/665/665 666/666/666 738/738/738
f 738/738/738 666/666/666 739/739/739
f 666/666/666 667/667/667 739/739/739
f 739/739/739 667/667/667 740/740/740
f 667/667/667 668/668/668 740/740/740
f 740/740/740 668/668/668 741/741/741
f 668/668/668 669/669/669 741/741/741
f 741/741/741 669/669/669 742/742/742
f 669/669/669 670/670/670 742/742/742
f 742/742/742 670/670/670 743/743/743
f 670/670/670 671/671/671 743/743/743
f 743/743/743 671/671/671 744/744/744
f 671/671/671 672/672/672 744/744/744
f 744/744/744 672/672/672 745/745/745
f 672/672/672 673/673/673 745/745/745
f 745/745/745 673/673/673 746/746/746
f 673/673/673 674/674/674 746/746/746
f 746/746/746 674/674/674 747/747/747
f 674/674/674 675/675/675 747/747/747
f 747/747/747 675/675/675 748/748/748
f 675/675/675 676/676/676 748/748/748
f 748/748/748 676/676/676 749/749/749
f 676/676/676 677/677/677 749/749/749
f 749/749/749 677/677/677 750/750/750
f 677/677/677 678/678/678 750/750/750
f 750/750/750 678/678/678 751/751/751
f 678/678/678 679/679/679 751/751/751
f 751/751/751 679/679/679 752/752/752
f 679/679/679 680/680/680 752/752/752
f 752/752/752 680/680/680 753/753/753
f 680/680/680 681/681/681 753/753/753
f 753/753/753 681/681/681 754/754/754
f 681/681/681 682/682/682 754/754/754
f 754/754/754 682/682/682 755/755/755
f 682/682/682 683/683/683 755/755/755
f 755/755/755 683/683/683 756/756/756
f 683/683/683 684/684/684 756/756/756
f 756/756/756 684/684/684 757/757/757
f 684/684/684 685/685/685 757/757/757
f 757/757/757 685/685/685 758/758/758
f 685/685/685 686/686/686 758/758/758
f 758/758/758 686/686/686 759/759/759
f 686/686/686 687/687/687 759/759/759
f 759/759/759 687/687/687 760/760/760
f 687/687/687 688/688/688 760/760/760
f 760/760/760 688/688/688 761/761/761
f 688/688/688 689/689/689 761/761/761
f 761/761/761 689/689/689 762/762/762
f 689/689/689 690/690/690 762/762/762
f 762/762/762 690/690/690 763/763/763
f 690/690/690 691/691/691 763/763/763
f 763/763/763 691/691/691 764/764/764
f 691/691/691 692/692/692 764/764/764
f 764/764/764 692/692/692 765/765/765
f 692/692/692 693/693/693 765/765/765
f 765/765/765 693/693/693 766/766/766
f 693/693/693 694/694/694 766/766/766
f 766/766/766 694/694/694 767/767/767
f 694/694/694 695/695/695 767/767/767
f 767/767/767 695/695/695 768/768/768
f 695/695/695 696/696/696 768/768/768
f 768/768/768 696/696/696 769/769/769
f 696/696/696 697/697/697 769/769/769
f 769/769/769 697/697/697 770/770/770
f 697/697/697 698/698/698 770/770/770
f 770/770/770 698/698/698 771/771/771
f 698/698/698 699/699/699 771/771/771
f 771/771/771 699/699/699 772/772/772
f 699/699/699 700/700/700 772/772/772
f 772/772/772 700/700/700 773/773/773
f 700/700/700 701/701/701 773/773/773
f 773/773/773 701/701/701 774/774/774
f 701/701/701 702/702/702 774/774/774
f 774/774/774 702/702/702 775/775/775
f 702/702/702 703/703/703 775/775/775
f 775/775/775 703/703/703 776/776/776
f 703/703/703 704/704/704 776/776/776
f 776/776/776 704/704/704 777/777/777
f 704/704/704 705/705/705 777/777/777
f 777/777/777 705/705/705 778/778/778
f 705/705/705 706/706/706 778/778/778
f 778/778/778 706/706/706 779/779/779
f 706/706/706 707/707/707 779/779/779
f 779/779/779 707/707/707 780/780/780
f 707/707/707 708/708/708 780/780/780
f 780/780/780 708/708/708 781/781/781
f 708/708/708 709/709/709 781/781/781
f 781/781/781 709/709/709 782/782/782
f 709/709/709 710/710/710 782/782/782
f 782/782/782 710/710/710 783/783/783
f 710/710/710 711/711/711 783/783/783
f 783/783/783 711/711/711 784/784/784
f 711/711/711 712/712/712 784/784/784
f 784/784/784 712/712/712 785/785/785
f 712/712/712 713/713/713 785/785/785
f 785/785/785 713/713/713 786/786/786
f 713/713/713 714/714/714 786/786/786
f 786/786/786 714/714/714 787/787/787
f 714/714/714 715/715/715 787/787/787
f 787/787/787 715/715/715 788/788/788
f 715/715/715 716/716/716 788/788/788
f 788/788/788 716/716/716 789/789/789
f 716/716/716 717/717/717 789/789/789
f 789/789/789 717/717/717 790/790/790
f 717/717/717 718/718/718 790/790/790
f 790/790/790 718/718/718 791/791/791
f 718/718/718 719/719/719 791/791/791
f 791/791/791 719/719/719 792/792/792
f 719/719/719 720/720/720 792/792/792
f 792/792/792 720/720/720 793/793/793
f 720/720/720 721/721/721 793/793/793
f 793/793/793 721/721/721 794/794/794
f 721/721/721 722/722/722 794/794/794
f 794/794/794 722/722/722 795/795/795
f 722/722/722 723/723/723 795/795/795
f 795/795/795 723/723/723 796/796/796
f 723/723/723 724/724/724 796/796/796
f 796/796/796 724/724/724 797/797/797
f 724/724/724 725/725/725 797/797/797
f 797/797/797 725/725/725 798/798/798
f 725/725/725 726/726/726 798/798/798
f 798/798/798 726/726/726 799/799/799
f 726/726/726 727/727/727 799/799/799
f 799/799/799 727/727/727 800/800/800
f 727/727/727 728/728/728 800/800/800
f 800/800/800 728/728/728 801/801/801
f 728/728/728 729/729/729 801/801/801
f 801/801/801 729/729/729 802/802/802
f 729/729/729 730/730/730 802/802/802
f 802/802/802 730/730/730 803/803/803
f 731/731/731 732/732/732 804/804/804
f 804/804/804 732/732/732 805/805/805
f 732/732/732 733/733/733 805/805/805
f 805/805/805 733/733/733 806/806/806
f 733/733/733 734/734/734 806/806/806
f 806/806/806 734/734/734 807/807/807
f 734/734/734 735/735/735 807/807/807
f 807/807/807 735/735/735 808/808/808
f 735/735/735 736/736/736 808/808/808
f 808/808/808 736/736/736 809/809/809
f 736/736/736 737/737/737 809/809/809
f 809/809/809 737/737/737 810/810/810
f 737/737/737 738/738/738 810/810/810
f 810/810/810 738/738/738 811/811/811
f 738/738/738 739/739/739 811/811/811
f 811/811/811 739/739/739 812/812/812
f 739/739/739 740/740/740 812/812/812
f 812/812/812 740/740/740 813/813/813
f 740/740/740 741/741/741 813/813/813
f 813/813/813 741/741/741 814/814/814
f 741/741/741 742/742/742 814/814/814
f 814/814/814 742/742/742 815/815/815
f 742/742/742 743/743/743 815/815/815
f 815/815/815 743/743/743 816/816/816
f 743/743/743 744/744/744 816/816/816
f 816/816/816 744/744/744 817/817/817
f 744/744/744 745/745/745 817/817/817
f 817/817/817 745/745/745 818/818/818
f 745/745/745 746/746/746 818/818/818
f 818/818/818 746/746/746 819/819/819
f 746/746/746 747/747/747 819/819/819
f 819/819/819 747/747/747 820/820/820
f 747/747/747 748/748/748 820/820/820
f 820/820/820 748/748/748 821/821/821
f 748/748/748 749/749/749 821/821/821
f 821/821/821 749/749/749 822/822/822
f 749/749/749 750/750/750 822/822/822
f 822/822/822 750/750/750 823/823/823
f 750/750/750 751/751/751 823/823/823
f 823/823/823 751/751/751 824/824/824
f 751/751/751 752/752/752 824/824/824
f 824/824/824 752/752/752 825/825/825
f 752/752/752 753/753/753 825/825/825
f 825/825/825 753/753/753 826/826/826
f 753/753/753 754/754/754 826/826/826
f 826/826/826 754/754/754 827/827/827
f 754/754/754 755/755/755 827/827/827
f 827/827/827 755/755/755 828/828/828
f 755/755/755 756/756/756 828/828/828
f 828/828/828 756/756/756 829/829/829
f 756/756/756 757/757/757 829/829/829
f 829/829/829 757/757/757 830/830/830
f 757/757/757 758/758/758 830/830/830
f 830/830/830 758/758/758 831/831/831
f 758/758/758 759/759/759 831/831/831
f 831/831/831 759/759/759 832/832/832
f 759/759/759 760/760/760 832/832/832
f 832/832/832 760/760/760 833/833/833
f 760/760/760 761/761/761 833/833/833
f 833/833/833 761/761/761 834/834/834
f 761/761/761 762/762/762 834/834/834
f 834/834/834 762/762/762 835/835/835
f 762/762/762 763/763/763 835/835/835
f 835/835/835 763/763/763 836/836/836
f 763/763/763 764/764/764 836/836/836
f 836/836/836 764/764/764 837/837/837
f 764/764/764 765/765/765 837/837/837
f 837/837/837 765/765/765 838/838/838
f 765/765/765 766/766/766 838/838/838
f 838/838/838 766/766/766 839/839/839
f 766/766/766 767/767/767 839/839/839
f 839/839/839 767/767/767 840/840/840
f 767/767/767 768/768/768 840/840/840
f 840/840/840 768/768/768 841/841/841
f 768/768/768 769/769/769 841/841/841
f 841/841/841 769/769/769 842/842/842
f 769/769/769 770/770/770 842/842/842
f 842/842/842 770/770/770 843/843/843
f 770/770/770 771/771/771 843/843/843
f 843/843/843 771/771/771 844/844/844
f 771/771/771 772/772/772 844/844/844
f 844/844/844 772/772/772 845/845/845
f 772/772/772 773/773/773 845/845/845
f 845/845/845 773/773/773 846/846/846
f 773/773/773 774/774/774 846/846/846
f 846/846/846 774/774/774 847/847/847
f 774/774/774 775/775/775 847/847/847
f 847/847/847 775/775/775 848/848/848
f 775/775/775 776/776/776 848/848/848
f 848/848/848 776/776/776 849/849/849
f 776/776/776 777/777/777 849/849/849
f 849/849/849 777/777/777 850/850/850
f 777/777/777 778/778/778 850/850/850
f 850/850/850 778/778/778 851/851/851
f 778/778/778 779/779/779 851/851/851
f 851/851/851 779/779/779 852/852/852
f 779/779/779 780/780/780 852/852/852
f 852/852/852 780/780/780 853/853/853
f 780/780/780 781/781/781 853/853/853
f 853/853/853 781/781/781 854/854/854
f 781/781/781 782/782/782 854/854/854
f 854/854/854 782/782/782 855/855/855
f 782/782/782 783/783/783 855/855/855
f 855/855/855 783/783/783 856/856/856
f 783/783/783 784/784/784 856/856/856
f 856/856/856 784/784/784 857/857/857
f 784/784/784 785/785/785 857/857/857
f 857/857/857 785/785/785 858/858/858
f 785/785/785 786/786/786 858/858/858
f 858/858/858 786/786/786 859/859/859
f 786/786/786 787/787/787 859/859/859
f 859/859/859 787/787/787 860/860/860
f 787/787/787 788/788/788 860/860/860
f 860/860/860 788/788/788 861/861/861
f 788/788/788 789/789/789 861/861/861
f 861/861/861 789/789/789 862/862/862
f 789/789/789 790/790/790 862/862/862
f 862/862/862 790/790/790 863/863/863
f 790/790/790 791/791/791 863/863/863
f 863/863/863 791/791/791 864/864/864
f 791/791/791 792/792/792 864/864/864
f 864/864/864 792/792/792 865/865/865
f 792/792/792 793/793/793 865/865/865
f 865/865/865 793/793/793 866/866/866
f 793/793/793 794/794/794 866/866/866
f 866/866/866 794/794/794 867/867/867
f 794/794/794 795/795/795 867/867/867
f 867/867/867 795/795/795 868/868/868
f 795/795/795 796/796/796 868/868/868
f 868/868/868 796/796/796 869/869/869
f 796/796/796 797/797/797 869/869/869
f 869/869/869 797/797/797 870/870/870
f 797/797/797 798/798/798 870/870/870
f 870/870/870 798/798/798 871/871/871
f 798/798/798 799/799/799 871/871/871
f 871/871/871 799/799/799 872/872/872
f 799/799/799 800/800/800 872/872/872
f 872/872/872 800/800/800 873/873/873
f 800/800/800 801/801/801 873/873/873
f 873/873/873 801/801/801 874/874/874
f 801/801/801 802/802/802 874/874/874
f 874/874/874 802/802/802 875/875/875
f 802/802/802 803/803/803 875/875/875
f 875/875/875 803/803/803 876/876/876
f 804/804/804 805/805/805 877/877/877
f 877/877/877 805/805/805 878/878/878
f 805/805/805 806/806/806 878/878/878
f 878/878/878 806/806/806 879/879/879
f 806/806/806 807/807/807 879/879/879
f 879/879/879 807/807/807 880/880/880
f 807/807/807 808/808/808 880/880/880
f 880/880/880 808/808/808 881/881/881
f 808/808/808 809/809/809 881/881/881
f 881/881/881 809/809/809 882/882/882
f 809/809/809 810/810/810 882/882/882
f 882/882/882 810/810/810 883/883/883
f 810/810/810 811/811/811 883/883/883
f 883/883/883 811/811/811 884/884/884
f 811/811/811 812/812/812 884/884/884
f 884/884/884 812/812/812 885/885/885
f 812/812/812 813/813/813 885/885/885
f 885/885/885 813/813/813 886/886/886
f 813/813/813 814/814/814 886/886/886
f 886/886/886 814/814/814 887/887/887
f 814/814/814 815/815/815 887/887/887
f 887/887/887 815/815/815 888/888/888
f 815/815/815 816/816/816 888/888/888
f 888/888/888 816/816/816 889/889/889
f 816/816/816 817/817/817 889/889/889
f 889/889/889 817/817/817 890/890/890
f 817/817/817 818/818/818 890/890/890
f 890/890/890 818/818/818 891/891/891
f 818/818/818 819/819/819 891/891/891
f 891/891/891 819/819/819 892/892/892
f 819/819/819 820/820/820 892/892/892
f 892/892/892 820/820/820 893/893/893
f 820/820/820 821/821/821 893/893/893
f 893/893/893 821/821/821 894/894/894
f 821/821/821 822/822/822 894/894/894
f 894/894/894 822/822/822 895/895/895
f 822/822/822 823/823/823 895/895/895
f 895/895/895 823/823/823 896/896/896
f 823/823/823 824/824/824 896/896/896
f 896/896/896 824/824/824 897/897/897
f 824/824/824 825/825/825 897/897/897
f 897/897/897 825/825/825 898/898/898
f 825/825/825 826/826/826 898/898/898
f 898/898/898 826/826/826 899/899/899
f 826/826/826 827/827/827 899/899/899
f 899/899/899 827/827/827 900/900/900
f 827/827/827 828/828/828 900/900/900
f 900/900/900 828/828/828 901/901/901
f 828/828/828 829/829/829 901/901/901
f 901/901/901 829/829/829 902/902/902
f 829/829/829 830/830/830 902/902/902
f 902/902/902 830/830/830 903/903/903
f 830/830/830 831/831/831 903/903/903
f 903/903/903 831/831/831 904/904/904
f 831/831/831 832/832/832 904/904/904
f 904/904/904 832/832/832 905/905/905
f 832/832/832 833/833/833 905/905/905
f 905/905/905 833/833/833 906/906/906
f 833/833/833 834/834/834 906/906/906
f 906/906/906 834/834/834 907/907/907
f 834/834/834 835/835/835 907/907/907
f 907/907/907 835/835/835 908/908/908
f 835/835/835 836/836/836 908/908/908
f 908/908/908 836/836/836 909/909/909
f 836/836/836 837/837/837 909/909/909
f 909/909/909 837/837/837 910/910/910
f 837/837/837 838/838/838 910/910/910
f 910/910/910 838/838/838 911/911/911
f 838/838/838 839/839/839 911/911/911
f 911/911/911 839/839/839 912/912/912
f 839/839/839 840/840/840 912/912/912
f 912/912/912 840/840/840 913/913/913
f 840/840/840 841/841/841 913/913/913
f 913/913/913 841/841/841 914/914/914
f 841/841/841 842/842/842 914/914/914
f 914/914/914 842/842/842 915/915/915
f 842/842/842 843/843/843 915/915/915
f 915/915/915 843/843/843 916/916/916
f 843/843/843 844/844/844 916/916/916
f 916/916/916 844/844/844 917/917/917
f 844/844/844 845/845/845 917/917/917
f 917/917/917 845/845/845 918/918/918
f 845/845/845 846/846/846 918/918/918
f 918/918/918 846/846/846 919/919/919
f 846/846/846 847/847/847 919/919/919
f 919/919/919 847/847/847 920/920/920
f 847/847/847 848/848/848 920/920/920
f 920/920/920 848/848/848 921/921/921
f 848/848/848 849/849/849 921/921/921
f 921/921/921 849/849/849 922/922/922
f 849/849/849 850/850/850 922/922/922
f 922/922/922 850/850/850 923/923/923
f 850/850/850 851/851/851 923/923/923
f 923/923/923 851/851/851 924/924/924
f 851/851/851 852/852/852 924/924/924
f 924/924/924 852/852/852 925/925/925
f 852/852/852 853/853/853 925/925/925
f 925/925/925 853/853/853 926/926/926
f 853/853/853 854/854/854 926/926/926
f 926/926/926 854/854/854 927/927/927
f 854/854/854 855/855/855 927/927/927
f 927/927/927 855/855/855 928/928/928
f 855/855/855 856/856/856 928/928/928
f 928/928/928 856/856/856 929/929/929
f 856/856/856 857/857/857 929/929/929
f 929/929/929 857/857/857 930/930/930
f 857/857/857 858/858/858 930/930/930
f 930/930/930 858/858/858 931/931/931
f 858/858/858 859/859/859 931/931/931
f 931/931/931 859/859/859 932/932/932
f 859/859/859 860/860/860 932/932/932
f 932/932/932 860/860/860 933/933/933
f 860/860/860 861/861/861 933/933/933
f 933/933/933 861/861/861 934/934/934
f 861/861/861 862/862/862 934/934/934
f 934/934/934 862/862/862 935/935/935
f 862/862/862 863/863/863 935/935/935
f 935/935/935 863/863/863 936/936/936
f 863/863/863 864/864/864 936/936/936
f 936/936/936 864/864/864 937/937/937
f 864/864/864 865/865/865 937/937/937
f 937/937/937 865/865/865 938/938/938
f 865/865/865 866/866/866 938/938/938
f 938/938/938 866/866/866 939/939/939
f 866/866/866 867/867/867 939/939/939
f 939/939/939 867/867/867 940/940/940
f 867/867/867 868/868/868 940/940/940
f 940/940/940 868/868/868 941/941/941
f 868/868/868 869/869/869 941/941/941
f 941/941/941 869/869/869 942/942/942
f 869/869/869 870/870/870 942/942/942
f 942/942/942 870/870/870 943/943/943
f 870/870/870 871/871/871 943/943/943
f 943/943/943 871/871/871 944/944/944
f 871/871/871 872/872/872 944/944/944
f 944/944/944 872/872/872 945/945/945
f 872/872/872 873/873/873 945/945/945
f 945/945/945 873/873/873 946/946/946
f 873/873/873 874/874/874 946/946/946
f 946/946/946 874/874/874 947/947/947
f 874/874/874 875/875/875 947/947/947
f 947/947/947 875/875/875 948/948/948
f 875/875/875 876/876/876 948/948/948
f 948/948/948 876/876/876 949/949/949
f 877/877/877 878/878/878 950/950/950
f 950/950/950 878/878/878 951/951/951
f 878/878/878 879/879/879 951/951/951
f 951/951/951 879/879/879 952/952/952
f 879/879/879 880/880/880 952/952/952
f 952/952/952 880/880/880 953/953/953
f 880/880/880 881/881/881 953/953/953
f 953/953/953 881/881/881 954/954/954
f 881/881/881 882/882/882 954/954/954
f 954/954/954 882/882/882 955/955/955
f 882/882/882 883/883/883 955/955/955
f 955/955/955 883/883/883 956/956/956
f 883/883/883 884/884/884 956/956/956
f 956/956/956 884/884/884 957/957/957
f 884/884/884 885/885/885 957/957/957
f 957/957/957 885/885/885 958/958/958
f 885/885/885 886/886/886 958/958/958
f 958/958/958 886/886/886 959/959/959
f 886/886/886 887/887/887 959/959/959
f 959/959/959 887/887/887 960/960/960
f 887/887/887 888/888/888 960/960/960
f 960/960/960 888/888/888 961/961/961
f 888/888/888 889/889/889 961/961/961
f 961/961/961 889/889/889 962/962/962
f 889/889/889 890/890/890 962/962/962
f 962/962/962 890/890/890 963/963/963
f 890/890/890 891/891/891 963/963/963
f 963/963/963 891/891/891 964/964/964
f 891/891/891 892/892/892 964/964/964
f 964/964/964 892/892/892 965/965/965
f 892/892/892 893/893/893 965/965/965
f 965/965/965 893/893/893 966/966/966
f 893/893/893 894/894/894 966/966/966
f 966/966/966 894/894/894 967/967/967
f 894/894/894 895/895/895 967/967/967
f 967/967/967 895/895/895 968/968/968
f 895/895/895 896/896/896 968/968/968
f 968/968/968 896/896/896 969/969/969
f 896/896/896 897/897/897 969/969/969
f 969/969/969 897/897/897 970/970/970
f 897/897/897 898/898/898 970/970/970
f 970/970/970 898/898/898 971/971/971
f 898/898/898 899/899/899 971/971/971
f 971/971/971 899/899/899 972/972/972
f 899/899/899 900/900/900 972/972/972
f 972/972/972 900/900/900 973/973/973
f 900/900/900 901/901/901 973/973/973
f 973/973/973 901/901/901 974/974/974
f 901/901/901 902/902/902 974/974/974
f 974/974/974 902/902/902 975/975/975
f 902/902/902 903/903/903 975/975/975
f 975/975/975 903/903/903 976/976/976
f 903/903/903 904/904/904 976/976/976
f 976/976/976 904/904/904 977/977/977
f 904/904/904 905/905/905 977/977/977
f 977/977/977 905/905/905 978/978/978
f 905/905/905 906/906/906 978/978/978
f 978/978/978 906/906/906 979/979/979
f 906/906/906 907/907/907 979/979/979
f 979/979/979 907/907/907 980/980/980
f 907/907/907 908/908/908 980/980/980
f 980/980/980 908/908/908 981/981/981
f 908/908/908 909/909/909 981/981/981
f 981/981/981 909/909/909 982/982/982
f 909/909/909 910/910/910 982/982/982
f 982/982/982 910/910/910 983/983/983
f 910/910/910 911/911/911 983/983/983
f 983/983/983 911/911/911 984/984/984
f 911/911/911 912/912/912 984/984/984
f 984/984/984 912/912/912 985/985/985
f 912/912/912 913/913/913 985/985/985
f 985/985/985 913/913/913 986/986/986
f 913/913/913 914/914/914 986/986/986
f 986/986/986 914/914/914 987/987/987
f 914/914/914 915/915/915 987/987/987
f 987/987/987 915/915/915 988/988/988
f 915/915/915 916/916/916 988/988/988
f 988/988/988 916/916/916 989/989/989
f 916/916/916 917/917/917 989/989/989
f 989/989/989 917/917/917 990/990/990
f 917/917/917 918/918/918 990/990/990
f 990/990/990 918/918/918 991/991/991
f 918/918/918 919/919/919 991/991/991
f 991/991/991 919/919/919 992/992/992
f 919/919/919 920/920/920 992/992/992
f 992/992/992 920/920/920 993/993/993
f 920/920/920 921/921/921 993/993/993
f 993/993/993 921/921/921 994/994/994
f 921/921/921 922/922/922 994/994/994
f 994/994/994 922/922/922 995/995/995
f 922/922/922 923/923/923 995/995/995
f 995/995/995 923/923/923 996/996/996
f 923/923/923 924/924/924 996/996/996
f 996/996/996 924/924/924 997/997/997
f 924/924/924 925/925/925 997/997/997
f 997/997/997 925/925/925 998/998/998
f 925/925/925 926/926/926 998/998/998
f 998/998/998 926/926/926 999/999/999
f 926/926/926 927/927/927 999/999/999
f 999/999/999 927/927/927 1000/1000/1000
f 927/927/927 928/928/928 1000/1000/1000
f 1000/1000/1000 928/928/928 1001/1001/1001
f 928/928/928 929/929/929 1001/1001/1001
f 1001/1001/1001 929/929/929 1002/1002/1002
f 929/929/929 930/930/930 1002/1002/1002
f 1002/1002/1002 930/930/930 1003/1003/1003
f 930/930/930 931/931/931 1003/1003/1003
f 1003/1003/1003 931/931/931 1004/1004/1004
f 931/931/931 932/932/932 1004/1004/1004
f 1004/1004/1004 932/932/932 1005/1005/1005
f 932/932/932 933/933/933 1005/1005/1005
f 1005/1005/1005 933/933/933 1006/1006/1006
f 933/933/933 934/934/934 1006/1006/1006
f 1006/1006/1006 934/934/934 1007/1007/1007
f 934/934/934 935/935/935 1007/1007/1007
f 1007/1007/1007 935/935/935 1008/1008/1008
f 935/935/935 936/936/936 1008/1008/1008
f 1008/1008/1008 936/936/936 1009/1009/1009
f 936/936/936 937/937/937 1009/1009/1009
f 1009/1009/1009 937/937/937 1010/1010/1010
f 937/937/937 938/938/938 1010/1010/1010
f 1010/1010/1010 938/938/938 1011/1011/1011
f 938/938/938 939/939/939 1011/1011/1011
f 1011/1011/1011 939/939/939 1012/1012/1012
f 939/939/939 940/940/940 1012/1012/1012
f 1012/1012/1012 940/940/940 1013/1013/1013
f 940/940/940 941/941/941 1013/1013/1013
f 1013/1013/1013 941/941/941 1014/1014/1014
f 941/941/941 942/942/942 1014/1014/1014
f 1014/1014/1014 942/942/942 1015/1015/1015
f 942/942/942 943/943/943 1015/1015/1015
f 1015/1015/1015 943/943/943 1016/1016/1016
f 943/943/943 944/944/944 1016/1016/1016
f 1016/1016/1016 944/944/944 1017/1017/1017
f 944/944/944 945/945/945 1017/1017/1017
f 1017/1017/1017 945/945/945 1018/1018/1018
f 945/945/945 946/946/946 1018/1018/1018
f 1018/1018/1018 946/946/946 1019/1019/1019
f 946/946/946 947/947/947 1019/1019/1019
f 1019/1019/1019 947/947/947 1020/1020/1020
f 947/947/947 948/948/948 1020/1020/1020
f 1020/1020/1020 948/948/948 1021/1021/1021
f 948/948/948 949/949/949 1021/1021/1021
f 1021/1021/1021 949/949/949 1022/1022/1022
f 950/950/950 951/951/951 1023/1023/1023
f 1023/1023/1023 951/951/951 1024/1024/1024
f 951/951/951 952/952/952 1024/1024/1024
f 1024/1024/1024 952/952/952 1025/1025/1025
f 952/952/952 953/953/953 1025/1025/1025
f 1025/1025/1025 953/953/953 1026/1026/1026
f 953/953/953 954/954/954 1026/1026/1026
f 1026/1026/1026 954/954/954 1027/1027/1027
f 954/954/954 955/955/955 1027/1027/1027
f 1027/1027/1027 955/955/955 1028/1028/1028
f 955/955/955 956/956/956 1028/1028/1028
f 1028/1028/1028 956/956/956 1029/1029/1029
f 956/956/956 957/957/957 1029/1029/1029
f 1029/1029/1029 957/957/957 1030/1030/1030
f 957/957/957 958/958/958 1030/1030/1030
f 1030/1030/1030 958/958/958 1031/1031/1031
f 958/958/958 959/959/959 1031/1031/1031
f 1031/1031/1031 959/959/959 1032/1032/1032
f 959/959/959 960/960/960 1032/1032/1032
f 1032/1032/1032 960/960/960 1033/1033/1033
f 960/960/960 961/961/961 1033/1033/1033
f 1033/1033/1033 961/961/961 1034/1034/1034
f 961/961/961 962/962/962 1034/1034/1034
f 1034/1034/1034 962/962/962 1035/1035/1035
f 962/962/962 963/963/963 1035/1035/1035
f 1035/1035/1035 963/963/963 1036/1036/1036
f 963/963/963 964/964/964 1036/1036/1036
f 1036/1036/1036 964/964/964 1037/1037/1037
f 964/964/964 965/965/965 1037/1037/1037
f 1037/1037/1037 965/965/965 1038/1038/1038
f 965/965/965 966/966/966 1038/1038/1038
f 1038/1038/1038 966/966/966 1039/1039/1039
f 966/966/966 967/967/967 1039/1039/1039
f 1039/1039/1039 967/967/967 1040/1040/1040
f 967/967/967 968/968/968 1040/1040/1040
f 1040/1040/1040 968/968/968 1041/1041/1041
f 968/968/968 969/969/969 1041/1041/1041
f 1041/1041/1041 969/969/969 1042/1042/1042
f 969/969/969 970/970/970 1042/1042/1042
f 1042/1042/1042 970/970/970 1043/1043/1043
f 970/970/970 971/971/971 1043/1043/1043
f 1043/1043/1043 971/971/971 1044/1044/1044
f 971/971/971 972/972/972 1044/1044/1044
f 1044/1044/1044 972/972/972 1045/1045/1045
f 972/972/972 973/973/973 1045/1045/1045
f 1045/1045/1045 973/973/973 1046/1046/1046
f 973/973/973 974/974/974 1046/1046/1046
f 1046/1046/1046 974/974/974 1047/1047/1047
f 974/974/974 975/975/975 1047/1047/1047
f 1047/1047/1047 975/975/975 1048/1048/1048
f 975/975/975 976/976/976 1048/1048/1048
f 1048/1048/1048 976/976/976 1049/1049/1049
f 976/976/976 977/977/977 1049/1049/1049
f 1049/1049/1049 977/977/977 1050/1050/1050
f 977/977/977 978/978/978 1050/1050/1050
f 1050/1050/1050 978/978/978 1051/1051/1051
f 978/978/978 979/979/979 1051/1051/1051
f 1051/1051/1051 979/979/979 1052/1052/1052
f 979/979/979 980/980/980 1052/1052/1052
f 1052/1052/1052 980/980/980 1053/1053/1053
f 980/980/980 981/981/981 1053/1053/1053
f 1053/1053/1053 981/981/981 1054/1054/1054
f 981/981/981 982/982/982 1054/1054/1054
f 1054/1054/1054 982/982/982 1055/1055/1055
f 982/982/982 983/983/983 1055/1055/1055
f 1055/1055/1055 983/983/983 1056/1056/1056
f 983/983/983 984/984/984 1056/1056/1056
f 1056/1056/1056 984/984/984 1057/1057/1057
f 984/984/984 985/985/985 1057/1057/1057
f 1057/1057/1057 985/985/985 1058/1058/1058
f 985/985/985 986/986/986 1058/1058/1058
f 1058/1058/1058 986/986/986 1059/1059/1059
f 986/986/986 987/987/987 1059/1059/1059
f 1059/1059/1059 987/987/987 1060/1060/1060
f 987/987/987 988/988/988 1060/1060/1060
f 1060/1060/1060 988/988/988 1061/1061/1061
f 988/988/988 989/989/989 1061/1061/1061
f 1061/1061/1061 989/989/989 1062/1062/1062
f 989/989/989 990/990/990 1062/1062/1062
f 1062/1062/1062 990/990/990 1063/1063/1063
f 990/990/990 991/991/991 1063/1063/1063
f 1063/1063/1063 991/991/991 1064/1064/1064
f 991/991/991 992/992/992 1064/1064/1064
f 1064/1064/1064 992/992/992 1065/1065/1065
f 992/992/992 993/993/993 1065/1065/1065
f 1065/1065/1065 993/993/993 1066/1066/1066
f 993/993/993 994/994/994 1066/1066/1066
f 1066/1066/1066 994/994/994 1067/1067/1067
f 994/994/994 995/995/995 1067/1067/1067
f 1067/1067/1067 995/995/995 1068/1068/1068
f 995/995/995 996/996/996 1068/1068/1068
f 1068/1068/1068 996/996/996 1069/1069/1069
f 996/996/996 997/997/997 1069/1069/1069
f 1069/1069/1069 997/997/997 1070/1070/1070
f 997/997/997 998/998/998 1070/1070/1070
f 1070/1070/1070 998/998/998 1071/1071/1071
f 998/998/998 999/999/999 1071/1071/1071
f 1071/1071/1071 999/999/999 1072/1072/1072
f 999/999/999 1000/1000/1000 1072/1072/1072
f 1072/1072/1072 1000/1000/1000 1073/1073/1073
f 1000/1000/1000 1001/1001/1001 1073/1073/1073
f 1073/1073/1073 1001/1001/1001 1074/1074/1074
f 1001/1001/1001 1002/1002/1002 1074/1074/1074
f 1074/1074/1074 1002/1002/1002 1075/1075/1075
f 1002/1002/1002 1003/1003/1003 1075/1075/1075
f 1075/1075/1075 1003/1003/1003 1076/1076/1076
f 1003/1003/1003 1004/1004/1004 1076/1076/1076
f 1076/1076/1076 1004/1004/1004 1077/1077/1077
f 1004/1004/1004 1005/1005/1005 1077/1077/1077
f 1077/1077/1077 1005/1005/1005 1078/1078/1078
f 1005/1005/1005 1006/1006/1006 1078/1078/1078
f 1078/1078/1078 1006/1006/1006 1079/1079/1079
f 1006/1006/1006 1007/1007/1007 1079/1079/1079
f 1079/1079/1079 1007/1007/1007 1080/1080/1080
f 1007/1007/1007 1008/1008/1008 1080/1080/1080
f 1080/1080/1080 1008/1008/1008 1081/1081/1081
f 1008/1008/1008 1009/1009/1009 1081/1081/1081
f 1081/1081/1081 1009/1009/1009 1082/1082/1082
f 1009/1009/1009 1010/1010/1010 1082/1082/1082
f 1082/1082/1082 1010/1010/1010 1083/1083/1083
f 1010/1010/1010 1011/1011/1011 1083/1083/1083
f 1083/1083/1083 1011/1011/1011 1084/1084/1084
f 1011/1011/1011 1012/1012/1012 1084/1084/1084
f 1084/1084/1084 1012/1012/1012 1085/1085/1085
f 1012/1012/1012 1013/1013/1013 1085/1085/1085
f 1085/1085/1085 1013/1013/1013 1086/1086/1086
f 1013/1013/1013 1014/1014/1014 1086/1086/1086
f 1086/1086/1086 1014/1014/1014 1087/1087/1087
f 1014/1014/1014 1015/1015/1015 1087/1087/1087
f 1087/1087/1087 1015/1015/1015 1088/1088/1088
f 1015/1015/1015 1016/1016/1016 1088/1088/1088
f 1088/1088/1088 1016/1016/1016 1089/1089/1089
f 1016/1016/1016 1017/1017/1017 1089/1089/1089
f 1089/1089/1089 1017/1017/1017 1090/1090/1090
f 1017/1017/1017 1018/1018/1018 1090/1090/1090
f 1090/1090/1090 1018/1018/1018 1091/1091/1091
f 1018/1018/1018 1019/1019/1019 1091/1091/1091
f 1091/1091/1091 1019/1019/1019 1092/1092/1092
f 1019/1019/1019 1020/1020/1020 1092/1092/1092
f 1092/1092/1092 1020/1020/1020 1093/1093/1093
f 1020/1020/1020 1021/1021/1021 1093/1093/1093
f 1093/1093/1093 1021/1021/1021 1094/1094/1094
f 1021/1021/1021 1022/1022/1022 1094/1094/1094
f 1094/1094/1094 1022/1022/1022 1095/1095/1095
f 1023/1023/1023 1024/1024/1024 1096/1096/1096
f 1096/1096/1096 1024/1024/1024 1097/1097/1097
f 1024/1024/1024 1025/1025/1025 1097/1097/1097
f 1097/1097/1097 1025/1025/1025 1098/1098/1098
f 1025/1025/1025 1026/1026/1026 1098/1098/1098
f 1098/1098/1098 1026/1026/1026 1099/1099/1099
f 1026/1026/1026 1027/1027/1027 1099/1099/1099
f 1099/1099/1099 1027/1027/1027 1100/1100/1100
f 1027/1027/1027 1028/1028/1028 1100/1100/1100
f 1100/1100/1100 1028/1028/1028 1101/1101/1101
f 1028/1028/1028 1029/1029/1029 1101/1101/1101
f 1101/1101/1101 1029/1029/1029 1102/1102/1102
f 1029/1029/1029 1030/1030/1030 1102/1102/1102
f 1102/1102/1102 1030/1030/1030 1103/1103/1103
f 1030/1030/1030 1031/1031/1031 1103/1103/1103
f 1103/1103/1103 1031/1031/1031 1104/1104/1104
f 1031/1031/1031 1032/1032/1032 1104/1104/1104
f 1104/1104/1104 1032/1032/1032 1105/1105/1105
f 1032/1032/1032 1033/1033/1033 1105/1105/1105
f 1105/1105/1105 1033/1033/1033 1106/1106/1106
f 1033/1033/1033 1034/1034/1034 1106/1106/1106
f 1106/1106/1106 1034/1034/1034 1107/1107/1107
f 1034/1034/1034 1035/1035/1035 1107/1107/1107
f 1107/1107/1107 1035/1035/1035 1108/1108/1108
f 1035/1035/1035 1036/1036/1036 1108/1108/1108
f 1108/1108/1108 1036/1036/1036 1109/1109/1109
f 1036/1036/1036 1037/1037/1037 1109/1109/1109
f 1109/1109/1109 1037/1037/1037 1110/1110/1110
f 1037/1037/1037 1038/1038/1038 1110/1110/1110
f 1110/1110/1110 1038/1038/1038 1111/1111/1111
f 1038/1038/1038 1039/1039/1039 1111/1111/1111
f 1111/1111/1111 1039/1039/1039 1112/1112/1112
f 1039/1039/1039 1040/1040/1040 1112/1112/1112
f 1112/1112/1112 1040/1040/1040 1113/1113/1113
f 1040/1040/1040 1041/1041/1041 1113/1113/1113
f 1113/1113/1113 1041/1041/1041 1114/1114/1114
f 1041/1041/1041 1042/1042/1042 1114/1114/1114
f 1114/1114/1114 1042/1042/1042 1115/1115/1115
f 1042/1042/1042 1043/1043/1043 1115/1115/1115
f 1115/1115/1115 1043/1043/1043 1116/1116/1116
f 1043/1043/1043 1044/1044/1044 1116/1116/1116
f 1116/1116/1116 1044/1044/1044 1117/1117/1117
f 1044/1044/1044 1045/1045/1045 1117/1117/1117
f 1117/1117/1117 1045/1045/1045 1118/1118/1118
f 1045/1045/1045 1046/1046/1046 1118/1118/1118
f 1118/1118/1118 1046/1046/1046 1119/1119/1119
f 1046/1046/1046 1047/1047/1047 1119/1119/1119
f 1119/1119/1119 1047/1047/1047 1120/1120/1120
f 1047/1047/1047 1048/1048/1048 1120/1120/1120
f 1120/1120/1120 1048/1048/1048 1121/1121/1121
f 1048/1048/1048 1049/1049/1049 1121/1121/1121
f 1121/1121/1121 1049/1049/1049 1122/1122/1122
f 1049/1049/1049 1050/1050/1050 1122/1122/1122
f 1122/1122/1122 1050/1050/1050 1123/1123/1123
f 1050/1050/1050 1051/1051/1051 1123/1123/1123
f 1123/1123/1123 1051/1051/1051 1124/1124/1124
f 1051/1051/1051 1052/1052/1052 1124/1124/1124
f 1124/1124/1124 1052/1052/1052 1125/1125/1125
f 1052/1052/1052 1053/1053/1053 1125/1125/1125
f 1125/1125/1125 1053/1053/1053 1126/1126/1126
f 1053/1053/1053 1054/1054/1054 1126/1126/1126
f 1126/1126/1126 1054/1054/1054 1127/1127/1127
f 1054/1054/1054 1055/1055/1055 1127/1127/1127
f 1127/1127/1127 1055/1055/1055 1128/1128/1128
f 1055/1055/1055 1056/1056/1056 1128/1128/1128
f 1128/1128/1128 1056/1056/1056 1129/1129/1129
f 1056/1056/1056 1057/1057/1057 1129/1129/1129
f 1129/1129/1129 1057/1057/1057 1130/1130/1130
f 1057/1057/1057 1058/1058/1058 1130/1130/1130
f 1130/1130/1130 1058/1058/1058 1131/1131/1131
f 1058/1058/1058 1059/1059/1059 1131/1131/1131
f 1131/1131/1131 1059/1059/1059 1132/1132/1132
f 1059/1059/1059 1060/1060/1060 1132/1132/1132
f 1132/1132/1132 1060/1060/1060 1133/1133/1133
f 1060/1060/1060 1061/1061/1061 1133/1133/1133
f 1133/1133/1133 1061/1061/1061 1134/1134/1134
f 1061/1061/1061 1062/1062/1062 1134/1134/1134
f 1134/1134/1134 1062/1062/1062 1135/1135/1135
f 1062/1062/1062 1063/1063/1063 1135/1135/1135
f 1135/1135/1135 1063/1063/1063 1136/1136/1136
f 1063/1063/1063 1064/1064/1064 1136/1136/1136
f 1136/1136/1136 1064/1064/1064 1137/1137/1137
f 1064/1064/1064 1065/1065/1065 1137/1137/1137
f 1137/1137/1137 1065/1065/1065 1138/1138/1138
f 1065/1065/1065 1066/1066/1066 1138/1138/1138
f 1138/1138/1138 1066/1066/1066 1139/1139/1139
f 1066/1066/1066 1067/1067/1067 1139/1139/1139
f 1139/1139/1139 1067/1067/1067 1140/1140/1140
f 1067/1067/1067 1068/1068/1068 1140/1140/1140
f 1140/1140/1140 1068/1068/1068 1141/1141/1141
f 1068/1068/1068 1069/1069/1069 1141/1141/1141
f 1141/1141/1141 1069/1069/1069 1142/1142/1142
f 1069/1069/1069 1070/1070/1070 1142/1142/1142
f 1142/1142/1142 1070/1070/1070 1143/1143/1143
f 1070/1070/1070 1071/1071/1071 1143/1143/1143
f 1143/1143/1143 1071/1071/1071 1144/1144/1144
f 1071/1071/1071 1072/1072/1072 1144/1144/1144
f 1144/1144/1144 1072/1072/1072 1145/1145/1145
f 1072/1072/1072 1073/1073/1073 1145/1145/1145
f 1145/1145/1145 1073/1073/1073 1146/1146/1146
f 1073/1073/1073 1074/1074/1074 1146/1146/1146
f 1146/1146/1146 1074/1074/1074 1147/1147/1147
f 1074/1074/1074 1075/1075/1075 1147/1147/1147
f 1147/1147/1147 1075/1075/1075 1148/1148/1148
f 1075/1075/1075 1076/1076/1076 1148/1148/1148
f 1148/1148/1148 1076/1076/1076 1149/1149/1149
f 1076/1076/1076 1077/1077/1077 1149/1149/1149
f 1149/1149/1149 1077/1077/1077 1150/1150/1150
f 1077/1077/1077 1078/1078/1078 1150/1150/1150
f 1150/1150/1150 1078/1078/1078 1151/1151/1151
f 1078/1078/1078 1079/1079/1079 1151/1151/1151
f 1151/1151/1151 1079/1079/1079 1152/1152/1152
f 1079/1079/1079 1080/1080/1080 1152/1152/1152
f 1152/1152/1152 1080/1080/1080 1153/1153/1153
f 1080/1080/1080 1081/1081/1081 1153/1153/1153
f 1153/1153/1153 1081/1081/1081 1154/1154/1154
f 1081/1081/1081 1082/1082/1082 1154/1154/1154
f 1154/1154/1154 1082/1082/1082 1155/1155/1155
f 1082/1082/1082 1083/1083/1083 1155/1155/1155
f 1155/1155/1155 1083/1083/1083 1156/1156/1156
f 1083/1083/1083 1084/1084/1084 1156/1156/1156
f 1156/1156/1156 1084/1084/1084 1157/1157/1157
f 1084/1084/1084 1085/1085/1085 1157/1157/1157
f 1157/1157/1157 1085/1085/1085 1158/1158/1158
f 1085/1085/1085 1086/1086/1086 1158/1158/1158
f 1158/1158/1158 1086/1086/1086 1159/1159/1159
f 1086/1086/1086 1087/1087/1087 1159/1159/1159
f 1159/1159/1159 1087/1087/1087 1160/1160/1160
f 1087/1087/1087 1088/1088/1088 1160/1160/1160
f 1160/1160/1160 1088/1088/1088 1161/1161/1161
f 1088/1088/1088 1089/1089/1089 1161/1161/1161
f 1161/1161/1161 1089/1089/1089 1162/1162/1162
f 1089/1089/1089 1090/1090/1090 1162/1162/1162
f 1162/1162/1162 1090/1090/1090 1163/1163/1163
f 1090/1090/1090 1091/1091/1091 1163/1163/1163
f 1163/1163/1163 1091/1091/1091 1164/1164/1164
f 1091/1091/1091 1092/1092/1092 1164/1164/1164
f 1164/1164/1164 1092/1092/1092 1165/1165/1165
f 1092/1092/1092 1093/1093/1093 1165/1165/1165
f 1165/1165/1165 1093/1093/1093 1166/1166/1166
f 1093/1093/1093 1094/1094/1094 1166/1166/1166
f 1166/1166/1166 1094/1094/1094 1167/1167/1167
f 1094/1094/1094 1095/1095/1095 1167/1167/1167
f 1167/1167/1167 1095/1095/1095 1168/1168/1168
f 1096/1096/1096 1097/1097/1097 1169/1169/1169
f 1169/1169/1169 1097/1097/1097 1170/1170/1170
f 1097/1097/1097 1098/1098/1098 1170/1170/1170
f 1170/1170/1170 1098/1098/1098 1171/1171/1171
f 1098/1098/1098 1099/1099/1099 1171/1171/1171
f 1171/1171/1171 1099/1099/1099 1172/1172/1172
f 1099/1099/1099 1100/1100/1100 1172/1172/1172
f 1172/1172/1172 1100/1100/1100 1173/1173/1173
f 1100/1100/1100 1101/1101/1101 1173/1173/1173
f 1173/1173/1173 1101/1101/1101 1174/1174/1174
f 1101/1101/1101 1102/1102/1102 1174/1174/1174
f 1174/1174/1174 1102/1102/1102 1175/1175/1175
f 1102/1102/1102 1103/1103/1103 1175/1175/1175
f 1175/1175/1175 1103/1103/1103 1176/1176/1176
f 1103/1103/1103 1104/1104/1104 1176/1176/1176
f 1176/1176/1176 1104/1104/1104 1177/1177/1177
f 1104/1104/1104 1105/1105/1105 1177/1177/1177
f 1177/1177/1177 1105/1105/1105 1178/1178/1178
f 1105/1105/1105 1106/1106/1106 1178/1178/1178
f 1178/1178/1178 1106/1106/1106 1179/1179/1179
f 1106/1106/1106 1107/1107/1107 1179/1179/1179
f 1179/1179/1179 1107/1107/1107 1180/1180/1180
f 1107/1107/1107 1108/1108/1108 1180/1180/1180
f 1180/1180/1180 1108/1108/1108 1181/1181/1181
f 1108/1108/1108 1109/1109/1109 1181/1181/1181
f 1181/1181/1181 1109/1109/1109 1182/1182/1182
f 1109/1109/1109 1110/1110/1110 1182/1182/1182
f 1182/1182/1182 1110/1110/1110 1183/1183/1183
f 1110/1110/1110 1111/1111/1111 1183/1183/1183
f 1183/1183/1183 1111/1111/1111 1184/1184/1184
f 1111/1111/1111 1112/1112/1112 1184/1184/1184
f 1184/1184/1184 1112/1112/1112 1185/1185/1185
f 1112/1112/1112 1113/1113/1113 1185/1185/1185
f 1185/1185/1185 1113/1113/1113 1186/1186/1186
f 1113/1113/1113 1114/1114/1114 1186/1186/1186
f 1186/1186/1186 1114/1114/1114 1187/1187/1187
f 1114/1114/1114 1115/1115/1115 1187/1187/1187
f 1187/1187/1187 1115/1115/1115 1188/1188/1188
f 1115/1115/1115 1116/1116/1116 1188/1188/1188
f 1188/1188/1188 1116/1116/1116 1189/1189/1189
f 1116/1116/1116 1117/1117/1117 1189/1189/1189
f 1189/1189/1189 1117/1117/1117 1190/1190/1190
f 1117/1117/1117 1118/1118/1118 1190/1190/1190
f 1190/1190/1190 1118/1118/1118 1191/1191/1191
f 1118/1118/1118 1119/1119/1119 1191/1191/1191
f 1191/1191/1191 1119/1119/1119 1192/1192/1192
f 1119/1119/1119 1120/1120/1120 1192/1192/1192
f 1192/1192/1192 1120/1120/1120 1193/1193/1193
f 1120/1120/1120 1121/1121/1121 1193/1193/1193
f 1193/1193/1193 1121/1121/1121 1194/1194/1194
f 1121/1121/1121 1122/1122/1122 1194/1194/1194
f 1194/1194/1194 1122/1122/1122 1195/1195/1195
f 1122/1122/1122 1123/1123/1123 1195/1195/1195
f 1195/1195/1195 1123/1123/1123 1196/1196/1196
f 1123/1123/1123 1124/1124/1124 1196/1196/1196
f 1196/1196/1196 1124/1124/1124 1197/1197/1197
f 1124/1124/1124 1125/1125/1125 1197/1197/1197
f 1197/1197/1197 1125/1125/1125 1198/1198/1198
f 1125/1125/1125 1126/1126/1126 1198/1198/1198
f 1198/1198/1198 1126/1126/1126 1199/1199/1199
f 1126/1126/1126 1127/1127/1127 1199/1199/1199
f 1199/1199/1199 1127/1127/1127 1200/1200/1200
f 1127/1127/1127 1128/1128/1128 1200/1200/1200
f 1200/1200/1200 1128/1128/1128 1201/1201/1201
f 1128/1128/1128 1129/1129/1129 1201/1201/1201
f 1201/1201/1201 1129/1129/1129 1202/1202/1202
f 1129/1129/1129 1130/1130/1130 1202/1202/1202
f 1202/1202/1202 1130/1130/1130 1203/1203/1203
f 1130/1130/1130 1131/1131/1131 1203/1203/1203
f 1203/1203/1203 1131/1131/1131 1204/1204/1204
f 1131/1131/1131 1132/1132/1132 1204/1204/1204
f 1204/1204/1204 1132/1132/1132 1205/1205/1205
f 1132/1132/1132 1133/1133/1133 1205/1205/1205
f 1205/1205/1205 1133/1133/1133 1206/1206/1206
f 1133/1133/1133 1134/1134/1134 1206/1206/1206
f 1206/1206/1206 1134/1134/1134 1207/1207/1207
f 1134/1134/1134 1135/1135/1135 1207/1207/1207
f 1207/1207/1207 1135/1135/1135 1208/1208/1208
f 1135/1135/1135 1136/1136/1136 1208/1208/1208
f 1208/1208/1208 1136/1136/1136 1209/1209/1209
f 1136/1136/1136 1137/1137/1137 1209/1209/1209
f 1209/1209/1209 1137/1137/1137 1210/1210/1210
f 1137/1137/1137 1138/1138/1138 1210/1210/1210
f 1210/1210/1210 1138/1138/1138 1211/1211/1211
f 1138/1138/1138 1139/1139/1139 1211/1211/1211
f 1211/1211/1211 1139/1139/1139 1212/1212/1212
f 1139/1139/1139 1140/1140/1140 1212/1212/1212
f 1212/1212/1212 1140/1140/1140 1213/1213/1213
f 1140/1140/1140 1141/1141/1141 1213/1213/1213
f 1213/1213/1213 1141/1141/1141 1214/1214/1214
f 1141/1141/1141 1142/1142/1142 1214/1214/1214
f 1214/1214/1214 1142/1142/1142 1215/1215/1215
f 1142/1142/1142 1143/1143/1143 1215/1215/1215
f 1215/1215/1215 1143/1143/1143 1216/1216/1216
f 1143/1143/1143 1144/1144/1144 1216/1216/1216
f 1216/1216/1216 1144/1144/1144 1217/1217/1217
f 1144/1144/1144 1145/1145/1145 1217/1217/1217
f 1217/1217/1217 1145/1145/1145 1218/1218/1218
f 1145/1145/1145 1146/1146/1146 1218/1218/1218
f 1218/1218/1218 1146/1146/1146 1219/1219/1219
f 1146/1146/1146 1147/1147/1147 1219/1219/1219
f 1219/1219/1219 1147/1147/1147 1220/1220/1220
f 1147/1147/1147 1148/1148/1148 1220/1220/1220
f 1220/1220/1220 1148/1148/1148 1221/1221/1221
f 1148/1148/1148 1149/1149/1149 1221/1221/1221
f 1221/1221/1221 1149/1149/1149 1222/1222/1222
f 1149/1149/1149 1150/1150/1150 1222/1222/1222
f 1222/1222/1222 1150/1150/1150 1223/1223/1223
f 1150/1150/1150 1151/1151/1151 1223/1223/1223
f 1223/1223/1223 1151/1151/1151 1224/1224/1224
f 1151/1151/1151 1152/1152/1152 1224/1224/1224
f 1224/1224/1224 1152/1152/1152 1225/1225/1225
f 1152/1152/1152 1153/1153/1153 1225/1225/1225
f 1225/1225/1225 1153/1153/1153 1226/1226/1226
f 1153/1153/1153 1154/1154/1154 1226/1226/1226
f 1226/1226/1226 1154/1154/1154 1227/1227/1227
f 1154/1154/1154 1155/1155/1155 1227/1227/1227
f 1227/1227/1227 1155/1155/1155 1228/1228/1228
f 1155/1155/1155 1156/1156/1156 1228/1228/1228
f 1228/1228/1228 1156/1156/1156 1229/1229/1229
f 1156/1156/1156 1157/1157/1157 1229/1229/1229
f 1229/1229/1229 1157/1157/1157 1230/1230/1230
f 1157/1157/1157 1158/1158/1158 1230/1230/1230
f 1230/1230/1230 1158/1158/1158 1231/1231/1231
f 1158/1158/1158 1159/1159/1159 1231/1231/1231
f 1231/1231/1231 1159/1159/1159 1232/1232/1232
f 1159/1159/1159 1160/1160/1160 1232/1232/1232
f 1232/1232/1232 1160/1160/1160 1233/1233/1233
f 1160/1160/1160 1161/1161/1161 1233/1233/1233
f 1233/1233/1233 1161/1161/1161 1234/1234/1234
f 1161/1161/1161 1162/1162/1162 1234/1234/1234
f 1234/1234/1234 1162/1162/1162 1235/1235/1235
f 1162/1162/1162 1163/1163/1163 1235/1235/1235
f 1235/1235/1235 1163/1163/1163 1236/1236/1236
f 1163/1163/1163 1164/1164/1164 1236/1236/1236
f 1236/1236/1236 1164/1164/1164 1237/1237/1237
f 1164/1164/1164 1165/1165/1165 1237/1237/1237
f 1237/1237/1237 1165/1165/1165 1238/1238/1238
f 1165/1165/1165 1166/1166/1166 1238/1238/1238
f 1238/1238/1238 1166/1166/1166 1239/1239/1239
f 1166/1166/1166 1167/1167/1167 1239/1239/1239
f 1239/1239/1239 1167/1167/1167 1240/1240/1240
f 1167/1167/1167 1168/1168/1168 1240/1240/1240
f 1240/1240/1240 1168/1168/1168 1241/1241/1241
f 1169/1169/1169 1170/1170/1170 1242/1242/1242
f 1242/1242/1242 1170/1170/1170 1243/1243/1243
f 1170/1170/1170 1171/1171/1171 1243/1243/1243
f 1243/1243/1243 1171/1171/1171 1244/1244/1244
f 1171/1171/1171 1172/1172/1172 1244/1244/1244
f 1244/1244/1244 1172/1172/1172 1245/1245/1245
f 1172/1172/1172 1173/1173/1173 1245/1245/1245
f 1245/1245/1245 1173/1173/1173 1246/1246/1246
f 1173/1173/1173 1174/1174/1174 1246/1246/1246
f 1246/1246/1246 1174/1174/1174 1247/1247/1247
f 1174/1174/1174 1175/1175/1175 1247/1247/1247
f 1247/1247/1247 1175/1175/1175 1248/1248/1248
f 1175/1175/1175 1176/1176/1176 1248/1248/1248
f 1248/1248/1248 1176/1176/1176 1249/1249/1249
f 1176/1176/1176 1177/1177/1177 1249/1249/1249
f 1249/1249/1249 1177/1177/1177 1250/1250/1250
f 1177/1177/1177 1178/1178/1178 1250/1250/1250
f 1250/1250/1250 1178/1178/1178 1251/1251/1251
f 1178/1178/1178 1179/1179/1179 1251/1251/1251
f 1251/1251/1251 1179/1179/1179 1252/1252/1252
f 1179/1179/1179 1180/1180/1180 1252/1252/1252
f 1252/1252/1252 1180/1180/1180 1253/1253/1253
f 1180/1180/1180 1181/1181/1181 1253/1253/1253
f 1253/1253/1253 1181/1181/1181 1254/1254/1254
f 1181/1181/1181 1182/1182/1182 1254/1254/1254
f 1254/1254/1254 1182/1182/1182 1255/1255/1255
f 1182/1182/1182 1183/1183/1183 1255/1255/1255
f 1255/1255/1255 1183/1183/1183 1256/1256/1256
f 1183/1183/1183 1184/1184/1184 1256/1256/1256
f 1256/1256/1256 1184/1184/1184 1257/1257/1257
f 1184/1184/1184 1185/1185/1185 1257/1257/1257
f 1257/1257/1257 1185/1185/1185 1258/1258/1258
f 1185/1185/1185 1186/1186/1186 1258/1258/1258
f 1258/1258/1258 1186/1186/1186 1259/1259/1259
f 1186/1186/1186 1187/1187/1187 1259/1259/1259
f 1259/1259/1259 1187/1187/1187 1260/1260/1260
f 1187/1187/1187 1188/1188/1188 1260/1260/1260
f 1260/1260/1260 1188/1188/1188 1261/1261/1261
f 1188/1188/1188 1189/1189/1189 1261/1261/1261
f 1261/1261/1261 1189/1189/1189 1262/1262/1262
f 1189/1189/1189 1190/1190/1190 1262/1262/1262
f 1262/1262/1262 1190/1190/1190 1263/1263/1263
f 1190/1190/1190 1191/1191/1191 1263/1263/1263
f 1263/1263/1263 1191/1191/1191 1264/1264/1264
f 1191/1191/1191 1192/1192/1192 1264/1264/1264
f 1264/1264/1264 1192/1192/1192 1265/1265/1265
f 1192/1192/1192 1193/1193/1193 1265/1265/1265
f 1265/1265/1265 1193/1193/1193 1266/1266/1266
f 1193/1193/1193 1194/1194/1194 1266/1266/1266
f 1266/1266/1266 1194/1194/1194 1267/1267/1267
f 1194/1194/1194 1195/1195/1195 1267/1267/1267
f 1267/1267/1267 1195/1195/1195 1268/1268/1268
f 1195/1195/1195 1196/1196/1196 1268/1268/1268
f 1268/1268/1268 1196/1196/1196 1269/1269/1269
f 1196/1196/1196 1197/1197/1197 1269/1269/1269
f 1269/1269/1269 1197/1197/1197 1270/1270/1270
f 1197/1197/1197 1198/1198/1198 1270/1270/1270
f 1270/1270/1270 1198/1198/1198 1271/1271/1271
f 1198/1198/1198 1199/1199/1199 1271/1271/1271
f 1271/1271/1271 1199/1199/1199 1272/1272/1272
f 1199/1199/1199 1200/1200/1200 1272/1272/1272
f 1272/1272/1272 1200/1200/1200 1273/1273/1273
f 1200/1200/1200 1201/1201/1201 1273/1273/1273
f 1273/1273/1273 1201/1201/1201 1274/1274/1274
f 1201/1201/1201 1202/1202/1202 1274/1274/1274
f 1274/1274/1274 1202/1202/1202 1275/1275/1275
f 1202/1202/1202 1203/1203/1203 1275/1275/1275
f 1275/1275/1275 1203/1203/1203 1276/1276/1276
f 1203/1203/1203 1204/1204/1204 1276/1276/1276
f 1276/1276/1276 1204/1204/1204 1277/1277/1277
f 1204/1204/1204 1205/1205/1205 1277/1277/1277
f 1277/1277/1277 1205/1205/1205 1278/1278/1278
f 1205/1205/1205 1206/1206/1206 1278/1278/1278
f 1278/1278/1278 1206/1206/1206 1279/1279/1279
f 1206/1206/1206 1207/1207/1207 1279/1279/1279
f 1279/1279/1279 1207/1207/1207 1280/1280/1280
f 1207/1207/1207 1208/1208/1208 1280/1280/1280
f 1280/1280/1280 1208/1208/1208 1281/1281/1281
f 1208/1208/1208 1209/1209/1209 1281/1281/1281
f 1281/1281/1281 1209/1209/1209 1282/1282/1282
f 1209/1209/1209 1210/1210/1210 1282/1282/1282
f 1282/1282/1282 1210/1210/1210 1283/1283/1283
f 1210/1210/1210 1211/1211/1211 1283/1283/1283
f 1283/1283/1283 1211/1211/1211 1284/1284/1284
f 1211/1211/1211 1212/1212/1212 1284/1284/1284
f 1284/1284/1284 1212/1212/1212 1285/1285/1285
f 1212/1212/1212 1213/1213/1213 1285/1285/1285
f 1285/1285/1285 1213/1213/1213 1286/1286/1286
f 1213/1213/1213 1214/1214/1214 1286/1286/1286
f 1286/1286/1286 1214/1214/1214 1287/1287/1287
f 1214/1214/1214 1215/1215/1215 1287/1287/1287
f 1287/1287/1287 1215/1215/1215 1288/1288/1288
f 1215/1215/1215 1216/1216/1216 1288/1288/1288
f 1288/1288/1288 1216/1216/1216 1289/1289/1289
f 1216/1216/1216 1217/1217/1217 1289/1289/1289
f 1289/1289/1289 1217/1217/1217 1290/1290/1290
f 1217/1217/1217 1218/1218/1218 1290/1290/1290
f 1290/1290/1290 1218/1218/1218 1291/1291/1291
f 1218/1218/1218 1219/1219/1219 1291/1291/1291
f 1291/1291/1291 1219/1219/1219 1292/1292/1292
f 1219/1219/1219 1220/1220/1220 1292/1292/1292
f 1292/1292/1292 1220/1220/1220 1293/1293/1293
f 1220/1220/1220 1221/1221/1221 1293/1293/1293
f 1293/1293/1293 1221/1221/1221 1294/1294/1294
f 1221/1221/1221 1222/1222/1222 1294/1294/1294
f 1294/1294/1294 1222/1222/1222 1295/1295/1295
f 1222/1222/1222 1223/1223/1223 1295/1295/1295
f 1295/1295/1295 1223/1223/1223 1296/1296/1296
f 1223/1223/1223 1224/1224/1224 1296/1296/1296
f 1296/1296/1296 1224/1224/1224 1297/1297/1297
f 1224/1224/1224 1225/1225/1225 1297/1297/1297
f 1297/1297/1297 1225/1225/1225 1298/1298/1298
f 1225/1225/1225 1226/1226/1226 1298/1298/1298
f 1298/1298/1298 1226/1226/1226 1299/1299/1299
f 1226/1226/1226 1227/1227/1227 1299/1299/1299
f 1299/1299/1299 1227/1227/1227 1300/1300/1300
f 1227/1227/1227 1228/1228/1228 1300/1300/1300
f 1300/1300/1300 1228/1228/1228 1301/1301/1301
f 1228/1228/1228 1229/1229/1229 1301/1301/1301
f 1301/1301/1301 1229/1229/1229 1302/1302/1302
f 1229/1229/1229 1230/1230/1230 1302/1302/1302
f 1302/1302/1302 1230/1230/1230 1303/1303/1303
f 1230/1230/1230 1231/1231/1231 1303/1303/1303
f 1303/1303/1303 1231/1231/1231 1304/1304/1304
f 1231/1231/1231 1232/1232/1232 1304/1304/1304
f 1304/1304/1304 1232/1232/1232 1305/1305/1305
f 1232/1232/1232 1233/1233/1233 1305/1305/1305
f 1305/1305/1305 1233/1233/1233 1306/1306/1306
f 1233/1233/1233 1234/1234/1234 1306/1306/1306
f 1306/1306/1306 1234/1234/1234 1307/1307/1307
f 1234/1234/1234 1235/1235/1235 1307/1307/1307
f 1307/1307/1307 1235/1235/1235 1308/1308/1308
f 1235/1235/1235 1236/1236/1236 1308/1308/1308
f 1308/1308/1308 1236/1236/1236 1309/1309/1309
f 1236/1236/1236 1237/1237/1237 1309/1309/1309
f 1309/1309/1309 1237/1237/1237 1310/1310/1310
f 1237/1237/1237 1238/1238/1238 1310/1310/1310
f 1310/1310/1310 1238/1238/1238 1311/1311/1311
f 1238/1238/1238 1239/1239/1239 1311/1311/1311
f 1311/1311/1311 1239/1239/1239 1312/1312/1312
f 1239/1239/1239 1240/1240/1240 1312/1312/1312
f 1312/1312/1312 1240/1240/1240 1313/1313/1313
f 1240/1240/1240 1241/1241/1241 1313/1313/1313
f 1313/1313/1313 1241/1241/1241 1314/1314/1314
f 1242/1242/1242 1243/1243/1243 1315/1315/1315
f 1315/1315/1315 1243/1243/1243 1316/1316/1316
f 1243/1243/1243 1244/1244/1244 1316/1316/1316
f 1316/1316/1316 1244/1244/1244 1317/1317/1317
f 1244/1244/1244 1245/1245/1245 1317/1317/1317
f 1317/1317/1317 1245/1245/1245 1318/1318/1318
f 1245/1245/1245 1246/1246/1246 1318/1318/1318
f 1318/1318/1318 1246/1246/1246 1319/1319/1319
f 1246/1246/1246 1247/1247/1247 1319/1319/1319
f 1319/1319/1319 1247/1247/1247 1320/1320/1320
f 1247/1247/1247 1248/1248/1248 1320/1320/1320
f 1320/1320/1320 1248/1248/1248 1321/1321/1321
f 1248/1248/1248 1249/1249/1249 1321/1321/1321
f 1321/1321/1321 1249/1249/1249 1322/1322/1322
f 1249/1249/1249 1250/1250/1250 1322/1322/1322
f 1322/1322/1322 1250/1250/1250 1323/1323/1323
f 1250/1250/1250 1251/1251/1251 1323/1323/1323
f 1323/1323/1323 1251/1251/1251 1324/1324/1324
f 1251/1251/1251 1252/1252/1252 1324/1324/1324
f 1324/1324/1324 1252/1252/1252 1325/1325/1325
f 1252/1252/1252 1253/1253/1253 1325/1325/1325
f 1325/1325/1325 1253/1253/1253 1326/1326/1326
f 1253/1253/1253 1254/1254/1254 1326/1326/1326
f 1326/1326/1326 1254/1254/1254 1327/1327/1327
f 1254/1254/1254 1255/1255/1255 1327/1327/1327
f 1327/1327/1327 1255/1255/1255 1328/1328/1328
f 1255/1255/1255 1256/1256/1256 1328/1328/1328
f 1328/1328/1328 1256/1256/1256 1329/1329/1329
f 1256/1256/1256 1257/1257/1257 1329/1329/1329
f 1329/1329/1329 1257/1257/1257 1330/1330/1330
f 1257/1257/1257 1258/1258/1258 1330/1330/1330
f 1330/1330/1330 1258/1258/1258 1331/1331/1331
f 1258/1258/1258 1259/1259/1259 1331/1331/1331
f 1331/1331/1331 1259/1259/1259 1332/1332/1332
f 1259/1259/1259 1260/1260/1260 1332/1332/1332
f 1332/1332/1332 1260/1260/1260 1333/1333/1333
f 1260/1260/1260 1261/1261/1261 1333/1333/1333
f 1333/1333/1333 1261/1261/1261 1334/1334/1334
f 1261/1261/1261 1262/1262/1262 1334/1334/1334
f 1334/1334/1334 1262/1262/1262 1335/1335/1335
f 1262/1262/1262 1263/1263/1263 1335/1335/1335
f 1335/1335/1335 1263/1263/1263 1336/1336/1336
f 1263/1263/1263 1264/1264/1264 1336/1336/1336
f 1336/1336/1336 1264/1264/1264 1337/1337/1337
f 1264/1264/1264 1265/1265/1265 1337/1337/1337
f 1337/1337/1337 1265/1265/1265 1338/1338/1338
f 1265/1265/1265 1266/1266/1266 1338/1338/1338
f 1338/1338/1338 1266/1266/1266 1339/1339/1339
f 1266/1266/1266 1267/1267/1267 1339/1339/1339
f 1339/1339/1339 1267/1267/1267 1340/1340/1340
f 1267/1267/1267 1268/1268/1268 1340/1340/1340
f 1340/1340/1340 1268/1268/1268 1341/1341/1341
f 1268/1268/1268 1269/1269/1269 1341/1341/1341
f 1341/1341/1341 1269/1269/1269 1342/1342/1342
f 1269/1269/1269 1270/1270/1270 1342/1342/1342
f 1342/1342/1342 1270/1270/1270 1343/1343/1343
f 1270/1270/1270 1271/1271/1271 1343/1343/1343
f 1343/1343/1343 1271/1271/1271 1344/1344/1344
f 1271/1271/1271 1272/1272/1272 1344/1344/1344
f 1344/1344/1344 1272/1272/1272 1345/1345/1345
f 1272/1272/1272 1273/1273/1273 1345/1345/1345
f 1345/1345/1345 1273/1273/1273 1346/1346/1346
f 1273/1273/1273 1274/1274/1274 1346/1346/1346
f 1346/1346/1346 1274/1274/1274 1347/1347/1347
f 1274/1274/1274 1275/1275/1275 1347/1347/1347
f 1347/1347/1347 1275/1275/1275 1348/1348/1348
f 1275/1275/1275 1276/1276/1276 1348/1348/1348
f 1348/1348/1348 1276/1276/1276 1349/1349/1349
f 1276/1276/1276 1277/1277/1277 1349/1349/1349
f 1349/1349/1349 1277/1277/1277 1350/1350/1350
f 1277/1277/1277 1278/1278/1278 1350/1350/1350
f 1350/1350/1350 1278/1278/1278 1351/1351/1351
f 1278/1278/1278 1279/1279/1279 1351/1351/1351
f 1351/1351/1351 1279/1279/1279 1352/1352/1352
f 1279/1279/1279 1280/1280/1280 1352/1352/1352
f 1352/1352/1352 1280/1280/1280 1353/1353/1353
f 1280/1280/1280 1281/1281/1281 1353/1353/1353
f 1353/1353/1353 1281/1281/1281 1354/1354/1354
f 1281/1281/1281 1282/1282/1282 1354/1354/1354
f 1354/1354/1354 1282/1282/1282 1355/1355/1355
f 1282/1282/1282 1283/1283/1283 1355/1355/1355
f 1355/1355/1355 1283/1283/1283 1356/1356/1356
f 1283/1283/1283 1284/1284/1284 1356/1356/1356
f 1356/1356/1356 1284/1284/1284 1357/1357/1357
f 1284/1284/1284 1285/1285/1285 1357/1357/1357
f 1357/1357/1357 1285/1285/1285 1358/1358/1358
f 1285/1285/1285 1286/1286/1286 1358/1358/1358
f 1358/1358/1358 1286/1286/1286 1359/1359/1359
f 1286/1286/1286 1287/1287/1287 1359/1359/1359
f 1359/1359/1359 1287/1287/1287 1360/1360/1360
f 1287/1287/1287 1288/1288/1288 1360/1360/1360
f 1360/1360/1360 1288/1288/1288 1361/1361/1361
f 1288/1288/1288 1289/1289/1289 1361/1361/1361
f 1361/1361/1361 1289/1289/1289 1362/1362/1362
f 1289/1289/1289 1290/1290/1290 1362/1362/1362
f 1362/1362/1362 1290/1290/1290 1363/1363/1363
f 1290/1290/1290 1291/1291/1291 1363/1363/1363
f 1363/1363/1363 1291/1291/1291 1364/1364/1364
f 1291/1291/1291 1292/1292/1292 1364/1364/1364
f 1364/1364/1364 1292/1292/1292 1365/1365/1365
f 1292/1292/1292 1293/1293/1293 1365/1365/1365
f 1365/1365/1365 1293/1293/1293 1366/1366/1366
f 1293/1293/1293 1294/1294/1294 1366/1366/1366
f 1366/1366/1366 1294/1294/1294 1367/1367/1367
f 1294/1294/1294 1295/1295/1295 1367/1367/1367
f 1367/1367/1367 1295/1295/1295 1368/1368/1368
f 1295/1295/1295 1296/1296/1296 1368/1368/1368
f 1368/1368/1368 1296/1296/1296 1369/1369/1369
f 1296/1296/1296 1297/1297/1297 1369/1369/1369
f 1369/1369/1369 1297/1297/1297 1370/1370/1370
f 1297/1297/1297 1298/1298/1298 1370/1370/1370
f 1370/1370/1370 1298/1298/1298 1371/1371/1371
f 1298/1298/1298 1299/1299/1299 1371/1371/1371
f 1371/1371/1371 1299/1299/1299 1372/1372/1372
f 1299/1299/1299 1300/1300/1300 1372/1372/1372
f 1372/1372/1372 1300/1300/1300 1373/1373/1373
f 1300/1300/1300 1301/1301/1301 1373/1373/1373
f 1373/1373/1373 1301/1301/1301 1374/1374/1374
f 1301/1301/1301 1302/1302/1302 1374/1374/1374
f 1374/1374/1374 1302/1302/1302 1375/1375/1375
f 1302/1302/1302 1303/1303/1303 1375/1375/1375
f 1375/1375/1375 1303/1303/1303 1376/1376/1376
f 1303/1303/1303 1304/1304/1304 1376/1376/1376
f 1376/1376/1376 1304/1304/1304 1377/1377/1377
f 1304/1304/1304 1305/1305/1305 1377/1377/1377
f 1377/1377/1377 1305/1305/1305 1378/1378/1378
f 1305/1305/1305 1306/1306/1306 1378/1378/1378
f 1378/1378/1378 1306/1306/1306 1379/1379/1379
f 1306/1306/1306 1307/1307/1307 1379/1379/1379
f 1379/1379/1379 1307/1307/1307 1380/1380/1380
f 1307/1307/1307 1308/1308/1308 1380/1380/1380
f 1380/1380/1380 1308/1308/1308 1381/1381/1381
f 1308/1308/1308 1309/1309/1309 1381/1381/1381
f 1381/1381/1381 1309/1309/1309 1382/1382/1382
f 1309/1309/1309 1310/1310/1310 1382/1382/1382
f 1382/1382/1382 1310/1310/1310 1383/1383/1383
f 1310/1310/1310 1311/1311/1311 1383/1383/1383
f 1383/1383/1383 1311/1311/1311 1384/1384/1384
f 1311/1311/1311 1312/1312/1312 1384/1384/1384
f 1384/1384/1384 1312/1312/1312 1385/1385/1385
f 1312/1312/1312 1313/1313/1313 1385/1385/1385
f 1385/1385/1385 1313/1313/1313 1386/1386/1386
f 1313/1313/1313 1314/1314/1314 1386/1386/1386
f 1386/1386/1386 1314/1314/1314 1387/1387/1387
f 1315/1315/1315 1316/1316/1316 1388/1388/1388
f 1388/1388/1388 1316/1316/1316 1389/1389/1389
f 1316/1316/1316 1317/1317/1317 1389/1389/1389
f 1389/1389/1389 1317/1317/1317 1390/1390/1390
f 1317/1317/1317 1318/1318/1318 1390/1390/1390
f 1390/1390/1390 1318/1318/1318 1391/1391/1391
f 1318/1318/1318 1319/1319/1319 1391/1391/1391
f 1391/1391/1391 1319/1319/1319 1392/1392/1392
f 1319/1319/1319 1320/1320/1320 1392/1392/1392
f 1392/1392/1392 1320/1320/1320 1393/1393/1393
f 1320/1320/1320 1321/1321/1321 1393/1393/1393
f 1393/1393/1393 1321/1321/1321 1394/1394/1394
f 1321/1321/1321 1322/1322/1322 1394/1394/1394
f 1394/1394/1394 1322/1322/1322 1395/1395/1395
f 1322/1322/1322 1323/1323/1323 1395/1395/1395
f 1395/1395/1395 1323/1323/1323 1396/1396/1396
f 1323/1323/1323 1324/1324/1324 1396/1396/1396
f 1396/1396/1396 1324/1324/1324 1397/1397/1397
f 1324/1324/1324 1325/1325/1325 1397/1397/1397
f 1397/1397/1397 1325/1325/1325 1398/1398/1398
f 1325/1325/1325 1326/1326/1326 1398/1398/1398
f 1398/1398/1398 1326/1326/1326 1399/1399/1399
f 1326/1326/1326 1327/1327/1327 1399/1399/1399
f 1399/1399/1399 1327/1327/1327 1400/1400/1400
f 1327/1327/1327 1328/1328/1328 1400/1400/1400
f 1400/1400/1400 1328/1328/1328 1401/1401/1401
f 1328/1328/1328 1329/1329/1329 1401/1401/1401
f 1401/1401/1401 1329/1329/1329 1402/1402/1402
f 1329/1329/1329 1330/1330/1330 1402/1402/1402
f 1402/1402/1402 1330/1330/1330 1403/1403/1403
f 1330/1330/1330 1331/1331/1331 1403/1403/1403
f 1403/1403/1403 1331/1331/1331 1404/1404/1404
f 1331/1331/1331 1332/1332/1332 1404/1404/1404
f 1404/1404/1404 1332/1332/1332 1405/1405/1405
f 1332/1332/1332 1333/1333/1333 1405/1405/1405
f 1405/1405/1405 1333/1333/1333 1406/1406/1406
f 1333/1333/1333 1334/1334/1334 1406/1406/1406
f 1406/1406/1406 1334/1334/1334 1407/1407/1407
f 1334/1334/1334 1335/1335/1335 1407/1407/1407
f 1407/1407/1407 1335/1335/1335 1408/1408/1408
f 1335/1335/1335 1336/1336/1336 1408/1408/1408
f 1408/1408/1408 1336/1336/1336 1409/1409/1409
f 1336/1336/1336 1337/1337/1337 1409/1409/1409
f 1409/1409/1409 1337/1337/1337 1410/1410/1410
f 1337/1337/1337 1338/1338/1338 1410/1410/1410
f 1410/1410/1410 1338/1338/1338 1411/1411/1411
f 1338/1338/1338 1339/1339/1339 1411/1411/1411
f 1411/1411/1411 1339/1339/1339 1412/1412/1412
f 1339/1339/1339 1340/1340/1340 1412/1412/1412
f 1412/1412/1412 1340/1340/1340 1413/1413/1413
f 1340/1340/1340 1341/1341/1341 1413/1413/1413
f 1413/1413/1413 1341/1341/1341 1414/1414/1414
f 1341/1341/1341 1342/1342/1342 1414/1414/1414
f 1414/1414/1414 1342/1342/1342 1415/1415/1415
f 1342/1342/1342 1343/1343/1343 1415/1415/1415
f 1415/1415/1415 1343/1343/1343 1416/1416/1416
f 1343/1343/1343 1344/1344/1344 1416/1416/1416
f 1416/1416/1416 1344/1344/1344 1417/1417/1417
f 1344/1344/1344 1345/1345/1345 1417/1417/1417
f 1417/1417/1417 1345/1345/1345 1418/1418/1418
f 1345/1345/1345 1346/1346/1346 1418/1418/1418
f 1418/1418/1418 1346/1346/1346 1419/1419/1419
f 1346/1346/1346 1347/1347/1347 1419/1419/1419
f 1419/1419/1419 1347/1347/1347 1420/1420/1420
f 1347/1347/1347 1348/1348/1348 1420/1420/1420
f 1420/1420/1420 1348/1348/1348 1421/1421/1421
f 1348/1348/1348 1349/1349/1349 1421/1421/1421
f 1421/1421/1421 1349/1349/1349 1422/1422/1422
f 1349/1349/1349 1350/1350/1350 1422/1422/1422
f 1422/1422/1422 1350/1350/1350 1423/1423/1423
f 1350/1350/1350 1351/1351/1351 1423/1423/1423
f 1423/1423/1423 1351/1351/1351 1424/1424/1424
f 1351/1351/1351 1352/1352/1352 1424/1424/1424
f 1424/1424/1424 1352/1352/1352 1425/1425/1425
f 1352/1352/1352 1353/1353/1353 1425/1425/1425
f 1425/1425/1425 1353/1353/1353 1426/1426/1426
f 1353/1353/1353 1354/1354/1354 1426/1426/1426
f 1426/1426/1426 1354/1354/1354 1427/1427/1427
f 1354/1354/1354 1355/1355/1355 1427/1427/1427
f 1427/1427/1427 1355/1355/1355 1428/1428/1428
f 1355/1355/1355 1356/1356/1356 1428/1428/1428
f 1428/1428/1428 1356/1356/1356 1429/1429/1429
f 1356/1356/1356 1357/1357/1357 1429/1429/1429
f 1429/1429/1429 1357/1357/1357 1430/1430/1430
f 1357/1357/1357 1358/1358/1358 1430/1430/1430
f 1430/1430/1430 1358/1358/1358 1431/1431/1431
f 1358/1358/1358 1359/1359/1359 1431/1431/1431
f 1431/1431/1431 1359/1359/1359 1432/1432/1432
f 1359/1359/1359 1360/1360/1360 1432/1432/1432
f 1432/1432/1432 1360/1360/1360 1433/1433/1433
f 1360/1360/1360 1361/1361/1361 1433/1433/1433
f 1433/1433/1433 1361/1361/1361 1434/1434/1434
f 1361/1361/1361 1362/1362/1362 1434/1434/1434
f 1434/1434/1434 1362/1362/1362 1435/1435/1435
f 1362/1362/1362 1363/1363/1363 1435/1435/1435
f 1435/1435/1435 1363/1363/1363 1436/1436/1436
f 1363/1363/1363 1364/1364/1364 1436/1436/1436
f 1436/1436/1436 1364/1364/1364 1437/1437/1437
f 1364/1364/1364 1365/1365/1365 1437/1437/1437
f 1437/1437/1437 1365/1365/1365 1438/1438/1438
f 1365/1365/1365 1366/1366/1366 1438/1438/1438
f 1438/1438/1438 1366/1366/1366 1439/1439/1439
f 1366/1366/1366 1367/1367/1367 1439/1439/1439
f 1439/1439/1439 1367/1367/1367 1440/1440/1440
f 1367/1367/1367 1368/1368/1368 1440/1440/1440
f 1440/1440/1440 1368/1368/1368 1441/1441/1441
f 1368/1368/1368 1369/1369/1369 1441/1441/1441
f 1441/1441/1441 1369/1369/1369 1442/1442/1442
f 1369/1369/1369 1370/1370/1370 1442/1442/1442
f 1442/1442/1442 1370/1370/1370 1443/1443/1443
f 1370/1370/1370 1371/1371/1371 1443/1443/1443
f 1443/1443/1443 1371/1371/1371 1444/1444/1444
f 1371/1371/1371 1372/1372/1372 1444/1444/1444
f 1444/1444/1444 1372/1372/1372 1445/1445/1445
f 1372/1372/1372 1373/1373/1373 1445/1445/1445
f 1445/1445/1445 1373/1373/1373 1446/1446/1446
f 1373/1373/1373 1374/1374/1374 1446/1446/1446
f 1446/1446/1446 1374/1374/1374 1447/1447/1447
f 1374/1374/1374 1375/1375/1375 1447/1447/1447
f 1447/1447/1447 1375/1375/1375 1448/1448/1448
f 1375/1375/1375 1376/1376/1376 1448/1448/1448
f 1448/1448/1448 1376/1376/1376 1449/1449/1449
f 1376/1376/1376 1377/1377/1377 1449/1449/1449
f 1449/1449/1449 1377/1377/1377 1450/1450/1450
f 1377/1377/1377 1378/1378/1378 1450/1450/1450
f 1450/1450/1450 1378/1378/1378 1451/1451/1451
f 1378/1378/1378 1379/1379/1379 1451/1451/1451
f 1451/1451/1451 1379/1379/1379 1452/1452/1452
f 1379/1379/1379 1380/1380/1380 1452/1452/1452
f 1452/1452/1452 1380/1380/1380 1453/1453/1453
f 1380/1380/1380 1381/1381/1381 1453/1453/1453
f 1453/1453/1453 1381/1381/1381 1454/1454/1454
f 1381/1381/1381 1382/1382/1382 1454/1454/1454
f 1454/1454/1454 1382/1382/1382 1455/1455/1455
f 1382/1382/1382 1383/1383/1383 1455/1455/1455
f 1455/1455/1455 1383/1383/1383 1456/1456/1456
f 1383/1383/1383 1384/1384/1384 1456/1456/1456
f 1456/1456/1456 1384/1384/1384 1457/1457/1457
f 1384/1384/1384 1385/1385/1385 1457/1457/1457
f 1457/1457/1457 1385/1385/1385 1458/1458/1458
f 1385/1385/1385 1386/1386/1386 1458/1458/1458
f 1458/1458/1458 1386/1386/1386 1459/1459/1459
f 1386/1386/1386 1387/1387/1387 1459/1459/1459
f 1459/1459/1459 1387/1387/1387 1460/1460/1460
f 1388/1388/1388 1389/1389/1389 1461/1461/1461
f 1461/1461/1461 1389/1389/1389 1462/1462/1462
f 1389/1389/1389 1390/1390/1390 1462/1462/1462
f 1462/1462/1462 1390/1390/1390 1463/1463/1463
f 1390/1390/1390 1391/1391/1391 1463/1463/1463
f 1463/1463/1463 1391/1391/1391 1464/1464/1464
f 1391/1391/1391 1392/1392/1392 1464/1464/1464
f 1464/1464/1464 1392/1392/1392 1465/1465/1465
f 1392/1392/1392 1393/1393/1393 1465/1465/1465
f 1465/1465/1465 1393/1393/1393 1466/1466/1466
f 1393/1393/1393 1394/1394/1394 1466/1466/1466
f 1466/1466/1466 1394/1394/1394 1467/1467/1467
f 1394/1394/1394 1395/1395/1395 1467/1467/1467
f 1467/1467/1467 1395/1395/1395 1468/1468/1468
f 1395/1395/1395 1396/1396/1396 1468/1468/1468
f 1468/1468/1468 1396/1396/1396 1469/1469/1469
f 1396/1396/1396 1397/1397/1397 1469/1469/1469
f 1469/1469/1469 1397/1397/1397 1470/1470/1470
f 1397/1397/1397 1398/1398/1398 1470/1470/1470
f 1470/1470/1470 1398/1398/1398 1471/1471/1471
f 1398/1398/1398 1399/1399/1399 1471/1471/1471
f 1471/1471/1471 1399/1399/1399 1472/1472/1472
f 1399/1399/1399 1400/1400/1400 1472/1472/1472
f 1472/1472/1472 1400/1400/1400 1473/1473/1473
f 1400/1400/1400 1401/1401/1401 1473/1473/1473
f 1473/1473/1473 1401/1401/1401 1474/1474/1474
f 1401/1401/1401 1402/1402/1402 1474/1474/1474
f 1474/1474/1474 1402/1402/1402 1475/1475/1475
f 1402/1402/1402 1403/1403/1403 1475/1475/1475
f 1475/1475/1475 1403/1403/1403 1476/1476/1476
f 1403/1403/1403 1404/1404/1404 1476/1476/1476
f 1476/1476/1476 1404/1404/1404 1477/1477/1477
f 1404/1404/1404 1405/1405/1405 1477/1477/1477
f 1477/1477/1477 1405/1405/1405 1478/1478/1478
f 1405/1405/1405 1406/1406/1406 1478/1478/1478
f 1478/1478/1478 1406/1406/1406 1479/1479/1479
f 1406/1406/1406 1407/1407/1407 1479/1479/1479
f 1479/1479/1479 1407/1407/1407 1480/1480/1480
f 1407/1407/1407 1408/1408/1408 1480/1480/1480
f 1480/1480/1480 1408/1408/1408 1481/1481/1481
f 1408/1408/1408 1409/1409/1409 1481/1481/1481
f 1481/1481/1481 1409/1409/1409 1482/1482/1482
f 1409/1409/1409 1410/1410/1410 1482/1482/1482
f 1482/1482/1482 1410/1410/1410 1483/1483/1483
f 1410/1410/1410 1411/1411/1411 1483/1483/1483
f 1483/1483/1483 1411/1411/1411 1484/1484/1484
f 1411/1411/1411 1412/1412/1412 1484/1484/1484
f 1484/1484/1484 1412/1412/1412 1485/1485/1485
f 1412/1412/1412 1413/1413/1413 1485/1485/1485
f 1485/1485/1485 1413/1413/1413 1486/1486/1486
f 1413/1413/1413 1414/1414/1414 1486/1486/1486
f 1486/1486/1486 1414/1414/1414 1487/1487/1487
f 1414/1414/1414 1415/1415/1415 1487/1487/1487
f 1487/1487/1487 1415/1415/1415 1488/1488/1488
f 1415/1415/1415 1416/1416/1416 1488/1488/1488
f 1488/1488/1488 1416/1416/1416 1489/1489/1489
f 1416/1416/1416 1417/1417/1417 1489/1489/1489
f 1489/1489/1489 1417/1417/1417 1490/1490/1490
f 1417/1417/1417 1418/1418/1418 1490/1490/1490
f 1490/1490/1490 1418/1418/1418 1491/1491/1491
f 1418/1418/1418 1419/1419/1419 1491/1491/1491
f 1491/1491/1491 1419/1419/1419 1492/1492/1492
f 1419/1419/1419 1420/1420/1420 1492/1492/1492
f 1492/1492/1492 1420/1420/1420 1493/1493/1493
f 1420/1420/1420 1421/1421/1421 1493/1493/1493
f 1493/1493/1493 1421/1421/1421 1494/1494/1494
f 1421/1421/1421 1422/1422/1422 1494/1494/1494
f 1494/1494/1494 1422/1422/1422 1495/1495/1495
f 1422/1422/1422 1423/1423/1423 1495/1495/1495
f 1495/1495/1495 1423/1423/1423 1496/1496/1496
f 1423/1423/1423 1424/1424/1424 1496/1496/1496
f 1496/1496/1496 1424/1424/1424 1497/1497/1497
f 1424/1424/1424 1425/1425/1425 1497/1497/1497
f 1497/1497/1497 1425/1425/1425 1498/1498/1498
f 1425/1425/1425 1426/1426/1426 1498/1498/1498
f 1498/1498/1498 1426/1426/1426 1499/1499/1499
f 1426/1426/1426 1427/1427/1427 1499/1499/1499
f 1499/1499/1499 1427/1427/1427 1500/1500/1500
f 1427/1427/1427 1428/1428/1428 1500/1500/1500
f 1500/1500/1500 1428/1428/1428 1501/1501/1501
f 1428/1428/1428 1429/1429/1429 1501/1501/1501
f 1501/1501/1501 1429/1429/1429 1502/1502/1502
f 1429/1429/1429 1430/1430/1430 1502/1502/1502
f 1502/1502/1502 1430/1430/1430 1503/1503/1503
f 1430/1430/1430 1431/1431/1431 1503/1503/1503
f 1503/1503/1503 1431/1431/1431 1504/1504/1504
f 1431/1431/1431 1432/1432/1432 1504/1504/1504
f 1504/1504/1504 1432/1432/1432 1505/1505/1505
f 1432/1432/1432 1433/1433/1433 1505/1505/1505
f 1505/1505/1505 1433/1433/1433 1506/1506/1506
f 1433/1433/1433 1434/1434/1434 1506/1506/1506
f 1506/1506/1506 1434/1434/1434 1507/1507/1507
f 1434/1434/1434 1435/1435/1435 1507/1507/1507
f 1507/1507/1507 1435/1435/1435 1508/1508/1508
f 1435/1435/1435 1436/1436/1436 1508/1508/1508
f 1508/1508/1508 1436/1436/1436 1509/1509/1509
f 1436/1436/1436 1437/1437/1437 1509/1509/1509
f 1509/1509/1509 1437/1437/1437 1510/1510/1510
f 1437/1437/1437 1438/1438/1438 1510/1510/1510
f 1510/1510/1510 1438/1438/1438 1511/1511/1511
f 1438/1438/1438 1439/1439/1439 1511/1511/1511
f 1511/1511/1511 1439/1439/1439 1512/1512/1512
f 1439/1439/1439 1440/1440/1440 1512/1512/1512
f 1512/1512/1512 1440/1440/1440 1513/1513/1513
f 1440/1440/1440 1441/1441/1441 1513/1513/1513
f 1513/1513/1513 1441/1441/1441 1514/1514/1514
f 1441/1441/1441 1442/1442/1442 1514/1514/1514
f 1514/1514/1514 1442/1442/1442 1515/1515/1515
f 1442/1442/1442 1443/1443/1443 1515/1515/1515
f 1515/1515/1515 1443/1443/1443 1516/1516/1516
f 1443/1443/1443 1444/1444/1444 1516/1516/1516
f 1516/1516/1516 1444/1444/1444 1517/1517/1517
f 1444/1444/1444 1445/1445/1445 1517/1517/1517
f 1517/1517/1517 1445/1445/1445 1518/1518/1518
f 1445/1445/1445 1446/1446/1446 1518/1518/1518
f 1518/1518/1518 1446/1446/1446 1519/1519/1519
f 1446/1446/1446 1447/1447/1447 1519/1519/1519
f 1519/1519/1519 1447/1447/1447 1520/1520/1520
f 1447/1447/1447 1448/1448/1448 1520/1520/1520
f 1520/1520/1520 1448/1448/1448 1521/1521/1521
f 1448/1448/1448 1449/1449/1449 1521/1521/1521
f 1521/1521/1521 1449/1449/1449 1522/1522/1522
f 1449/1449/1449 1450/1450/1450 1522/1522/1522
f 1522/1522/1522 1450/1450/1450 1523/1523/1523
f 1450/1450/1450 1451/1451/1451 1523/1523/1523
f 1523/1523/1523 1451/1451/1451 1524/1524/1524
f 1451/1451/1451 1452/1452/1452 1524/1524/1524
f 1524/1524/1524 1452/1452/1452 1525/1525/1525
f 1452/1452/1452 1453/1453/1453 1525/1525/1525
f 1525/1525/1525 1453/1453/1453 1526/1526/1526
f 1453/1453/1453 1454/1454/1454 1526/1526/1526
f 1526/1526/1526 1454/1454/1454 1527/1527/1527
f 1454/1454/1454 1455/1455/1455 1527/1527/1527
f 1527/1527/1527 1455/1455/1455 1528/1528/1528
f 1455/1455/1455 1456/1456/1456 1528/1528/1528
f 1528/1528/1528 1456/1456/1456 1529/1529/1529
f 1456/1456/1456 1457/1457/1457 1529/1529/1529
f 1529/1529/1529 1457/1457/1457 1530/1530/1530
f 1457/1457/1457 1458/1458/1458 1530/1530/1530
f 1530/1530/1530 1458/1458/1458 1531/1531/1531
f 1458/1458/1458 1459/1459/1459 1531/1531/1531
f 1531/1531/1531 1459/1459/1459 1532/1532/1532
f 1459/1459/1459 1460/1460/1460 1532/1532/1532
f 1532/1532/1532 1460/1460/1460 1533/1533/1533
f 1461/1461/1461 1462/1462/1462 1534/1534/1534
f 1534/1534/1534 1462/1462/1462 1535/1535/1535
f 1462/1462/1462 1463/1463/1463 1535/1535/1535
f 1535/1535/1535 1463/1463/1463 1536/1536/1536
f 1463/1463/1463 1464/1464/1464 1536/1536/1536
f 1536/1536/1536 1464/1464/1464 1537/1537/1537
f 1464/1464/1464 1465/1465/1465 1537/1537/1537
f 1537/1537/1537 1465/1465/1465 1538/1538/1538
f 1465/1465/1465 1466/1466/1466 1538/1538/1538
f 1538/1538/1538 1466/1466/1466 1539/1539/1539
f 1466/1466/1466 1467/1467/1467 1539/1539/1539
f 1539/1539/1539 1467/1467/1467 1540/1540/1540
f 1467/1467/1467 1468/1468/1468 1540/1540/1540
f 1540/1540/1540 1468/1468/1468 1541/1541/1541
f 1468/1468/1468 1469/1469/1469 1541/1541/1541
f 1541/1541/1541 1469/1469/1469 1542/1542/1542
f 1469/1469/1469 1470/1470/1470 1542/1542/1542
f 1542/1542/1542 1470/1470/1470 1543/1543/1543
f 1470/1470/1470 1471/1471/1471 1543/1543/1543
f 1543/1543/1543 1471/1471/1471 1544/1544/1544
f 1471/1471/1471 1472/1472/1472 1544/1544/1544
f 1544/1544/1544 1472/1472/1472 1545/1545/1545
f 1472/1472/1472 1473/1473/1473 1545/1545/1545
f 1545/1545/1545 1473/1473/1473 1546/1546/1546
f 1473/1473/1473 1474/1474/1474 1546/1546/1546
f 1546/1546/1546 1474/1474/1474 1547/1547/1547
f 1474/1474/1474 1475/1475/1475 1547/1547/1547
f 1547/1547/1547 1475/1475/1475 1548/1548/1548
f 1475/1475/1475 1476/1476/1476 1548/1548/1548
f 1548/1548/1548 1476/1476/1476 1549/1549/1549
f 1476/1476/1476 1477/1477/1477 1549/1549/1549
f 1549/1549/1549 1477/1477/1477 1550/1550/1550
f 1477/1477/1477 1478/1478/1478 1550/1550/1550
f 1550/1550/1550 1478/1478/1478 1551/1551/1551
f 1478/1478/1478 1479/1479/1479 1551/1551/1551
f 1551/1551/1551 1479/1479/1479 1552/1552/1552
f 1479/1479/1479 1480/1480/1480 1552/1552/1552
f 1552/1552/1552 1480/1480/1480 1553/1553/1553
f 1480/1480/1480 1481/1481/1481 1553/1553/1553
f 1553/1553/1553 1481/1481/1481 1554/1554/1554
f 1481/1481/1481 1482/1482/1482 1554/1554/1554
f 1554/1554/1554 1482/1482/1482 1555/1555/1555
f 1482/1482/1482 1483/1483/1483 1555/1555/1555
f 1555/1555/1555 1483/1483/1483 1556/1556/1556
f 1483/1483/1483 1484/1484/1484 1556/1556/1556
f 1556/1556/1556 1484/1484/1484 1557/1557/1557
f 1484/1484/1484 1485/1485/1485 1557/1557/1557
f 1557/1557/1557 1485/1485/1485 1558/1558/1558
f 1485/1485/1485 1486/1486/1486 1558/1558/1558
f 1558/1558/1558 1486/1486/1486 1559/1559/1559
f 1486/1486/1486 1487/1487/1487 1559/1559/1559
f 1559/1559/1559 1487/1487/1487 1560/1560/1560
f 1487/1487/1487 1488/1488/1488 1560/1560/1560
f 1560/1560/1560 1488/1488/1488 1561/1561/1561
f 1488/1488/1488 1489/1489/1489 1561/1561/1561
f 1561/1561/1561 1489/1489/1489 1562/1562/1562
f 1489/1489/1489 1490/1490/1490 1562/1562/1562
f 1562/1562/1562 1490/1490/1490 1563/1563/1563
f 1490/1490/1490 1491/1491/1491 1563/1563/1563
f 1563/1563/1563 1491/1491/1491 1564/1564/1564
f 1491/1491/1491 1492/1492/1492 1564/1564/1564
f 1564/1564/1564 1492/1492/1492 1565/1565/1565
f 1492/1492/1492 1493/1493/1493 1565/1565/1565
f 1565/1565/1565 1493/1493/1493 1566/1566/1566
f 1493/1493/1493 1494/1494/1494 1566/1566/1566
f 1566/1566/1566 1494/1494/1494 1567/1567/1567
f 1494/1494/1494 1495/1495/1495 1567/1567/1567
f 1567/1567/1567 1495/1495/1495 1568/1568/1568
f 1495/1495/1495 1496/1496/1496 1568/1568/1568
f 1568/1568/1568 1496/1496/1496 1569/1569/1569
f 1496/1496/1496 1497/1497/1497 1569/1569/1569
f 1569/1569/1569 1497/1497/1497 1570/1570/1570
f 1497/1497/1497 1498/1498/1498 1570/1570/1570
f 1570/1570/1570 1498/1498/1498 1571/1571/1571
f 1498/1498/1498 1499/1499/1499 1571/1571/1571
f 1571/1571/1571 1499/1499/1499 1572/1572/1572
f 1499/1499/1499 1500/1500/1500 1572/1572/1572
f 1572/1572/1572 1500/1500/1500 1573/1573/1573
f 1500/1500/1500 1501/1501/1501 1573/1573/1573
f 1573/1573/1573 1501/1501/1501 1574/1574/1574
f 1501/1501/1501 1502/1502/1502 1574/1574/1574
f 1574/1574/1574 1502/1502/1502 1575/1575/1575
f 1502/1502/1502 1503/1503/1503 1575/1575/1575
f 1575/1575/1575 1503/1503/1503 1576/1576/1576
f 1503/1503/1503 1504/1504/1504 1576/1576/1576
f 1576/1576/1576 1504/1504/1504 1577/1577/1577
f 1504/1504/1504 1505/1505/1505 1577/1577/1577
f 1577/1577/1577 1505/1505/1505 1578/1578/1578
f 1505/1505/1505 1506/1506/1506 1578/1578/1578
f 1578/1578/1578 1506/1506/1506 1579/1579/1579
f 1506/1506/1506 1507/1507/1507 1579/1579/1579
f 1579/1579/1579 1507/1507/1507 1580/1580/1580
f 1507/1507/1507 1508/1508/1508 1580/1580/1580
f 1580/1580/1580 1508/1508/1508 1581/1581/1581
f 1508/1508/1508 1509/1509/1509 1581/1581/1581
f 1581/1581/1581 1509/1509/1509 1582/1582/1582
f 1509/1509/1509 1510/1510/1510 1582/1582/1582
f 1582/1582/1582 1510/1510/1510 1583/1583/1583
f 1510/1510/1510 1511/1511/1511 1583/1583/1583
f 1583/1583/1583 1511/1511/1511 1584/1584/1584
f 1511/1511/1511 1512/1512/1512 1584/1584/1584
f 1584/1584/1584 1512/1512/1512 1585/1585/1585
f 1512/1512/1512 1513/1513/1513 1585/1585/1585
f 1585/1585/1585 1513/1513/1513 1586/1586/1586
f 1513/1513/1513 1514/1514/1514 1586/1586/1586
f 1586/1586/1586 1514/1514/1514 1587/1587/1587
f 1514/1514/1514 1515/1515/1515 1587/1587/1587
f 1587/1587/1587 1515/1515/1515 1588/1588/1588
f 1515/1515/1515 1516/1516/1516 1588/1588/1588
f 1588/1588/1588 1516/1516/1516 1589/1589/1589
f 1516/1516/1516 1517/1517/1517 1589/1589/1589
f 1589/1589/1589 1517/1517/1517 1590/1590/1590
f 1517/1517/1517 1518/1518/1518 1590/1590/1590
f 1590/1590/1590 1518/1518/1518 1591/1591/1591
f 1518/1518/1518 1519/1519/1519 1591/1591/1591
f 1591/1591/1591 1519/1519/1519 1592/1592/1592
f 1519/1519/1519 1520/1520/1520 1592/1592/1592
f 1592/1592/1592 1520/1520/1520 1593/1593/1593
f 1520/1520/1520 1521/1521/1521 1593/1593/1593
f 1593/1593/1593 1521/1521/1521 1594/1594/1594
f 1521/1521/1521 1522/1522/1522 1594/1594/1594
f 1594/1594/1594 1522/1522/1522 1595/1595/1595
f 1522/1522/1522 1523/1523/1523 1595/1595/1595
f 1595/1595/1595 1523/1523/1523 1596/1596/1596
f 1523/1523/1523 1524/1524/1524 1596/1596/1596
f 1596/1596/1596 1524/1524/1524 1597/1597/1597
f 1524/1524/1524 1525/1525/1525 1597/1597/1597
f 1597/1597/1597 1525/1525/1525 1598/1598/1598
f 1525/1525/1525 1526/1526/1526 1598/1598/1598
f 1598/1598/1598 1526/1526/1526 1599/1599/1599
f 1526/1526/1526 1527/1527/1527 1599/1599/1599
f 1599/1599/1599 1527/1527/1527 1600/1600/1600
f 1527/1527/1527 1528/1528/1528 1600/1600/1600
f 1600/1600/1600 1528/1528/1528 1601/1601/1601
f 1528/1528/1528 1529/1529/1529 1601/1601/1601
f 1601/1601/1601 1529/1529/1529 1602/1602/1602
f 1529/1529/1529 1530/1530/1530 1602/1602/1602
f 1602/1602/1602 1530/1530/1530 1603/1603/1603
f 1530/1530/1530 1531/1531/1531 1603/1603/1603
f 1603/1603/1603 1531/1531/1531 1604/1604/1604
f 1531/1531/1531 1532/1532/1532 1604/1604/1604
f 1604/1604/1604 1532/1532/1532 1605/1605/1605
f 1532/1532/1532 1533/1533/1533 1605/1605/1605
f 1605/1605/1605 1533/1533/1533 1606/1606/1606
f 1534/1534/1534 1535/1535/1535 1607/1607/1607
f 1607/1607/1607 1535/1535/1535 1608/1608/1608
f 1535/1535/1535 1536/1536/1536 1608/1608/1608
f 1608/1608/1608 1536/1536/1536 1609/1609/1609
f 1536/1536/1536 1537/1537/1537 1609/1609/1609
f 1609/1609/1609 1537/1537/1537 1610/1610/1610
f 1537/1537/1537 1538/1538/1538 1610/1610/1610
f 1610/1610/1610 1538/1538/1538 1611/1611/1611
f 1538/1538/1538 1539/1539/1539 1611/1611/1611
f 1611/1611/1611 1539/1539/1539 1612/1612/1612
f 1539/1539/1539 1540/1540/1540 1612/1612/1612
f 1612/1612/1612 1540/1540/1540 1613/1613/1613
f 1540/1540/1540 1541/1541/1541 1613/1613/1613
f 1613/1613/1613 1541/1541/1541 1614/1614/1614
f 1541/1541/1541 1542/1542/1542 1614/1614/1614
f 1614/1614/1614 1542/1542/1542 1615/1615/1615
f 1542/1542/1542 1543/1543/1543 1615/1615/1615
f 1615/1615/1615 1543/1543/1543 1616/1616/1616
f 1543/1543/1543 1544/1544/1544 1616/1616/1616
f 1616/1616/1616 1544/1544/1544 1617/1617/1617
f 1544/1544/1544 1545/1545/1545 1617/1617/1617
f 1617/1617/1617 1545/1545/1545 1618/1618/1618
f 1545/1545/1545 1546/1546/1546 1618/1618/1618
f 1618/1618/1618 1546/1546/1546 1619/1619/1619
f 1546/1546/1546 1547/1547/1547 1619/1619/1619
f 1619/1619/1619 1547/1547/1547 1620/1620/1620
f 1547/1547/1547 1548/1548/1548 1620/1620/1620
f 1620/1620/1620 1548/1548/1548 1621/1621/1621
f 1548/1548/1548 1549/1549/1549 1621/1621/1621
f 1621/1621/1621 1549/1549/1549 1622/1622/1622
f 1549/1549/1549 1550/1550/1550 1622/1622/1622
f 1622/1622/1622 1550/1550/1550 1623/1623/1623
f 1550/1550/1550 1551/1551/1551 1623/1623/1623
f 1623/1623/1623 1551/1551/1551 1624/1624/1624
f 1551/1551/1551 1552/1552/1552 1624/1624/1624
f 1624/1624/1624 1552/1552/1552 1625/1625/1625
f 1552/1552/1552 1553/1553/1553 1625/1625/1625
f 1625/1625/1625 1553/1553/1553 1626/1626/1626
f 1553/1553/1553 1554/1554/1554 1626/1626/1626
f 1626/1626/1626 1554/1554/1554 1627/1627/1627
f 1554/1554/1554 1555/1555/1555 1627/1627/1627
f 1627/1627/1627 1555/1555/1555 1628/1628/1628
f 1555/1555/1555 1556/1556/1556 1628/1628/1628
f 1628/1628/1628 1556/1556/1556 1629/1629/1629
f 1556/1556/1556 1557/1557/1557 1629/1629/1629
f 1629/1629/1629 1557/1557/1557 1630/1630/1630
f 1557/1557/1557 1558/1558/1558 1630/1630/1630
f 1630/1630/1630 1558/1558/1558 1631/1631/1631
f 1558/1558/1558 1559/1559/1559 1631/1631/1631
f 1631/1631/1631 1559/1559/1559 1632/1632/1632
f 1559/1559/1559 1560/1560/1560 1632/1632/1632
f 1632/1632/1632 1560/1560/1560 1633/1633/1633
f 1560/1560/1560 1561/1561/1561 1633/1633/1633
f 1633/1633/1633 1561/1561/1561 1634/1634/1634
f 1561/1561/1561 1562/1562/1562 1634/1634/1634
f 1634/1634/1634 1562/1562/1562 1635/1635/1635
f 1562/1562/1562 1563/1563/1563 1635/1635/1635
f 1635/1635/1635 1563/1563/1563 1636/1636/1636
f 1563/1563/1563 1564/1564/1564 1636/1636/1636
f 1636/1636/1636 1564/1564/1564 1637/1637/1637
f 1564/1564/1564 1565/1565/1565 1637/1637/1637
f 1637/1637/1637 1565/1565/1565 1638/1638/1638
f 1565/1565/1565 1566/1566/1566 1638/1638/1638
f 1638/1638/1638 1566/1566/1566 1639/1639/1639
f 1566/1566/1566 1567/1567/1567 1639/1639/1639
f 1639/1639/1639 1567/1567/1567 1640/1640/1640
f 1567/1567/1567 1568/1568/1568 1640/1640/1640
f 1640/1640/1640 1568/1568/1568 1641/1641/1641
f 1568/1568/1568 1569/1569/1569 1641/1641/1641
f 1641/1641/1641 1569/1569/1569 1642/1642/1642
f 1569/1569/1569 1570/1570/1570 1642/1642/1642
f 1642/1642/1642 1570/1570/1570 1643/1643/1643
f 1570/1570/1570 1571/1571/1571 1643/1643/1643
f 1643/1643/1643 1571/1571/1571 1644/1644/1644
f 1571/1571/1571 1572/1572/1572 1644/1644/1644
f 1644/1644/1644 1572/1572/1572 1645/1645/1645
f 1572/1572/1572 1573/1573/1573 1645/1645/1645
f 1645/1645/1645 1573/1573/1573 1646/1646/1646
f 1573/1573/1573 1574/1574/1574 1646/1646/1646
f 1646/1646/1646 1574/1574/1574 1647/1647/1647
f 1574/1574/1574 1575/1575/1575 1647/1647/1647
f 1647/1647/1647 1575/1575/1575 1648/1648/1648
f 1575/1575/1575 1576/1576/1576 1648/1648/1648
f 1648/1648/1648 1576/1576/1576 1649/1649/1649
f 1576/1576/1576 1577/1577/1577 1649/1649/1649
f 1649/1649/1649 1577/1577/1577 1650/1650/1650
f 1577/1577/1577 1578/1578/1578 1650/1650/1650
f 1650/1650/1650 1578/1578/1578 1651/1651/1651
f 1578/1578/1578 1579/1579/1579 1651/1651/1651
f 1651/1651/1651 1579/1579/1579 1652/1652/1652
f 1579/1579/1579 1580/1580/1580 1652/1652/1652
f 1652/1652/1652 1580/1580/1580 1653/1653/1653
f 1580/1580/1580 1581/1581/1581 1653/1653/1653
f 1653/1653/1653 1581/1581/1581 1654/1654/1654
f 1581/1581/1581 1582/1582/1582 1654/1654/1654
f 1654/1654/1654 1582/1582/1582 1655/1655/1655
f 1582/1582/1582 1583/1583/1583 1655/1655/1655
f 1655/1655/1655 1583/1583/1583 1656/1656/1656
f 1583/1583/1583 1584/1584/1584 1656/1656/1656
f 1656/1656/1656 1584/1584/1584 1657/1657/1657
f 1584/1584/1584 1585/1585/1585 1657/1657/1657
f 1657/1657/1657 1585/1585/1585 1658/1658/1658
f 1585/1585/1585 1586/1586/1586 1658/1658/1658
f 1658/1658/1658 1586/1586/1586 1659/1659/1659
f 1586/1586/1586 1587/1587/1587 1659/1659/1659
f 1659/1659/1659 1587/1587/1587 1660/1660/1660
f 1587/1587/1587 1588/1588/1588 1660/1660/1660
f 1660/1660/1660 1588/1588/1588 1661/1661/1661
f 1588/1588/1588 1589/1589/1589 1661/1661/1661
f 1661/1661/1661 1589/1589/1589 1662/1662/1662
f 1589/1589/1589 1590/1590/1590 1662/1662/1662
f 1662/1662/1662 1590/1590/1590 1663/1663/1663
f 1590/1590/1590 1591/1591/1591 1663/1663/1663
f 1663/1663/1663 1591/1591/1591 1664/1664/1664
f 1591/1591/1591 1592/1592/1592 1664/1664/1664
f 1664/1664/1664 1592/1592/1592 1665/1665/1665
f 1592/1592/1592 1593/1593/1593 1665/1665/1665
f 1665/1665/1665 1593/1593/1593 1666/1666/1666
f 1593/1593/1593 1594/1594/1594 1666/1666/1666
f 1666/1666/1666 1594/1594/1594 1667/1667/1667
f 1594/1594/1594 1595/1595/1595 1667/1667/1667
f 1667/1667/1667 1595/1595/1595 1668/1668/1668
f 1595/1595/1595 1596/1596/1596 1668/1668/1668
f 1668/1668/1668 1596/1596/1596 1669/1669/1669
f 1596/1596/1596 1597/1597/1597 1669/1669/1669
f 1669/1669/1669 1597/1597/1597 1670/1670/1670
f 1597/1597/1597 1598/1598/1598 1670/1670/1670
f 1670/1670/1670 1598/1598/1598 1671/1671/1671
f 1598/1598/1598 1599/1599/1599 1671/1671/1671
f 1671/1671/1671 1599/1599/1599 1672/1672/1672
f 1599/1599/1599 1600/1600/1600 1672/1672/1672
f 1672/1672/1672 1600/1600/1600 1673/1673/1673
f 1600/1600/1600 1601/1601/1601 1673/1673/1673
f 1673/1673/1673 1601/1601/1601 1674/1674/1674
f 1601/1601/1601 1602/1602/1602 1674/1674/1674
f 1674/1674/1674 1602/1602/1602 1675/1675/1675
f 1602/1602/1602 1603/1603/1603 1675/1675/1675
f 1675/1675/1675 1603/1603/1603 1676/1676/1676
f 1603/1603/1603 1604/1604/1604 1676/1676/1676
f 1676/1676/1676 1604/1604/1604 1677/1677/1677
f 1604/1604/1604 1605/1605/1605 1677/1677/1677
f 1677/1677/1677 1605/1605/1605 1678/1678/1678
f 1605/1605/1605 1606/1606/1606 1678/1678/1678
f 1678/1678/1678 1606/1606/1606 1679/1679/1679
f 1607/1607/1607 1608/1608/1608 1680/1680/1680
f 1680/1680/1680 1608/1608/1608 1681/1681/1681
f 1608/1608/1608 1609/1609/1609 1681/1681/1681
f 1681/1681/1681 1609/1609/1609 1682/1682/1682
f 1609/1609/1609 1610/1610/1610 1682/1682/1682
f 1682/1682/1682 1610/1610/1610 1683/1683/1683
f 1610/1610/1610 1611/1611/1611 1683/1683/1683
f 1683/1683/1683 1611/1611/1611 1684/1684/1684
f 1611/1611/1611 1612/1612/1612 1684/1684/1684
f 1684/1684/1684 1612/1612/1612 1685/1685/1685
f 1612/1612/1612 1613/1613/1613 1685/1685/1685
f 1685/1685/1685 1613/1613/1613 1686/1686/1686
f 1613/1613/1613 1614/1614/1614 1686/1686/1686
f 1686/1686/1686 1614/1614/1614 1687/1687/1687
f 1614/1614/1614 1615/1615/1615 1687/1687/1687
f 1687/1687/1687 1615/1615/1615 1688/1688/1688
f 1615/1615/1615 1616/1616/1616 1688/1688/1688
f 1688/1688/1688 1616/1616/1616 1689/1689/1689
f 1616/1616/1616 1617/1617/1617 1689/1689/1689
f 1689/1689/1689 1617/1617/1617 1690/1690/1690
f 1617/1617/1617 1618/1618/1618 1690/1690/1690
f 1690/1690/1690 1618/1618/1618 1691/1691/1691
f 1618/1618/1618 1619/1619/1619 1691/1691/1691
f 1691/1691/1691 1619/1619/1619 1692/1692/1692
f 1619/1619/1619 1620/1620/1620 1692/1692/1692
f 1692/1692/1692 1620/1620/1620 1693/1693/1693
f 1620/1620/1620 1621/1621/1621 1693/1693/1693
f 1693/1693/1693 1621/1621/1621 1694/1694/1694
f 1621/1621/1621 1622/1622/1622 1694/1694/1694
f 1694/1694/1694 1622/1622/1622 1695/1695/1695
f 1622/1622/1622 1623/1623/1623 1695/1695/1695
f 1695/1695/1695 1623/1623/1623 1696/1696/1696
f 1623/1623/1623 1624/1624/1624 1696/1696/1696
f 1696/1696/1696 1624/1624/1624 1697/1697/1697
f 1624/1624/1624 1625/1625/1625 1697/1697/1697
f 1697/1697/1697 1625/1625/1625 1698/1698/1698
f 1625/1625/1625 1626/1626/1626 1698/1698/1698
f 1698/1698/1698 1626/1626/1626 1699/1699/1699
f 1626/1626/1626 1627/1627/1627 1699/1699/1699
f 1699/1699/1699 1627/1627/1627 1700/1700/1700
f 1627/1627/1627 1628/1628/1628 1700/1700/1700
f 1700/1700/1700 1628/1628/1628 1701/1701/1701
f 1628/1628/1628 1629/1629/1629 1701/1701/1701
f 1701/1701/1701 1629/1629/1629 1702/1702/1702
f 1629/1629/1629 1630/1630/1630 1702/1702/1702
f 1702/1702/1702 1630/1630/1630 1703/1703/1703
f 1630/1630/1630 1631/1631/1631 1703/1703/1703
f 1703/1703/1703 1631/1631/1631 1704/1704/1704
f 1631/1631/1631 1632/1632/1632 1704/1704/1704
f 1704/1704/1704 1632/1632/1632 1705/1705/1705
f 1632/1632/1632 1633/1633/1633 1705/1705/1705
f 1705/1705/1705 1633/1633/1633 1706/1706/1706
f 1633/1633/1633 1634/1634/1634 1706/1706/1706
f 1706/1706/1706 1634/1634/1634 1707/1707/1707
f 1634/1634/1634 1635/1635/1635 1707/1707/1707
f 1707/1707/1707 1635/1635/1635 1708/1708/1708
f 1635/1635/1635 1636/1636/1636 1708/1708/1708
f 1708/1708/1708 1636/1636/1636 1709/1709/1709
f 1636/1636/1636 1637/1637/1637 1709/1709/1709
f 1709/1709/1709 1637/1637/1637 1710/1710/1710
f 1637/1637/1637 1638/1638/1638 1710/1710/1710
f 1710/1710/1710 1638/1638/1638 1711/1711/1711
f 1638/1638/1638 1639/1639/1639 1711/1711/1711
f 1711/1711/1711 1639/1639/1639 1712/1712/1712
f 1639/1639/1639 1640/1640/1640 1712/1712/1712
f 1712/1712/1712 1640/1640/1640 1713/1713/1713
f 1640/1640/1640 1641/1641/1641 1713/1713/1713
f 1713/1713/1713 1641/1641/1641 1714/1714/1714
f 1641/1641/1641 1642/1642/1642 1714/1714/1714
f 1714/1714/1714 1642/1642/1642 1715/1715/1715
f 1642/1642/1642 1643/1643/1643 1715/1715/1715
f 1715/1715/1715 1643/1643/1643 1716/1716/1716
f 1643/1643/1643 1644/1644/1644 1716/1716/1716
f 1716/1716/1716 1644/1644/1644 1717/1717/1717
f 1644/1644/1644 1645/1645/1645 1717/1717/1717
f 1717/1717/1717 1645/1645/1645 1718/1718/1718
f 1645/1645/1645 1646/1646/1646 1718/1718/1718
f 1718/1718/1718 1646/1646/1646 1719/1719/1719
f 1646/1646/1646 1647/1647/1647 1719/1719/1719
f 1719/1719/1719 1647/1647/1647 1720/1720/1720
f 1647/1647/1647 1648/1648/1648 1720/1720/1720
f 1720/1720/1720 1648/1648/1648 1721/1721/1721
f 1648/1648/1648 1649/1649/1649 1721/1721/1721
f 1721/1721/1721 1649/1649/1649 1722/1722/1722
f 1649/1649/1649 1650/1650/1650 1722/1722/1722
f 1722/1722/1722 1650/1650/1650 1723/1723/1723
f 1650/1650/1650 1651/1651/1651 1723/1723/1723
f 1723/1723/1723 1651/1651/1651 1724/1724/1724
f 1651/1651/1651 1652/1652/1652 1724/1724/1724
f 1724/1724/1724 1652/1652/1652 1725/1725/1725
f 1652/1652/1652 1653/1653/1653 1725/1725/1725
f 1725/1725/1725 1653/1653/1653 1726/1726/1726
f 1653/1653/1653 1654/1654/1654 1726/1726/1726
f 1726/1726/1726 1654/1654/1654 1727/1727/1727
f 1654/1654/1654 1655/1655/1655 1727/1727/1727
f 1727/1727/1727 1655/1655/1655 1728/1728/1728
f 1655/1655/1655 1656/1656/1656 1728/1728/1728
f 1728/1728/1728 1656/1656/1656 1729/1729/1729
f 1656/1656/1656 1657/1657/1657 1729/1729/1729
f 1729/1729/1729 1657/1657/1657 1730/1730/1730
f 1657/1657/1657 1658/1658/1658 1730/1730/1730
f 1730/1730/1730 1658/1658/1658 1731/1731/1731
f 1658/1658/1658 1659/1659/1659 1731/1731/1731
f 1731/1731/1731 1659/1659/1659 1732/1732/1732
f 1659/1659/1659 1660/1660/1660 1732/1732/1732
f 1732/1732/1732 1660/1660/1660 1733/1733/1733
f 1660/1660/1660 1661/1661/1661 1733/1733/1733
f 1733/1733/1733 1661/1661/1661 1734/1734/1734
f 1661/1661/1661 1662/1662/1662 1734/1734/1734
f 1734/1734/1734 1662/1662/1662 1735/1735/1735
f 1662/1662/1662 1663/1663/1663 1735/1735/1735
f 1735/1735/1735 1663/1663/1663 1736/1736/1736
f 1663/1663/1663 1664/1664/1664 1736/1736/1736
f 1736/1736/1736 1664/1664/1664 1737/1737/1737
f 1664/1664/1664 1665/1665/1665 1737/1737/1737
f 1737/1737/1737 1665/1665/1665 1738/1738/1738
f 1665/1665/1665 1666/1666/1666 1738/1738/1738
f 1738/1738/1738 1666/1666/1666 1739/1739/1739
f 1666/1666/1666 1667/1667/1667 1739/1739/1739
f 1739/1739/1739 1667/1667/1667 1740/1740/1740
f 1667/1667/1667 1668/1668/1668 1740/1740/1740
f 1740/1740/1740 1668/1668/1668 1741/1741/1741
f 1668/1668/1668 1669/1669/1669 1741/1741/1741
f 1741/1741/1741 1669/1669/1669 1742/1742/1742
f 1669/1669/1669 1670/1670/1670 1742/1742/1742
f 1742/1742/1742 1670/1670/1670 1743/1743/1743
f 1670/1670/1670 1671/1671/1671 1743/1743/1743
f 1743/1743/1743 1671/1671/1671 1744/1744/1744
f 1671/1671/1671 1672/1672/1672 1744/1744/1744
f 1744/1744/1744 1672/1672/1672 1745/1745/1745
f 1672/1672/1672 1673/1673/1673 1745/1745/1745
f 1745/1745/1745 1673/1673/1673 1746/1746/1746
f 1673/1673/1673 1674/1674/1674 1746/1746/1746
f 1746/1746/1746 1674/1674/1674 1747/1747/1747
f 1674/1674/1674 1675/1675/1675 1747/1747/1747
f 1747/1747/1747 1675/1675/1675 1748/1748/1748
f 1675/1675/1675 1676/1676/1676 1748/1748/1748
f 1748/1748/1748 1676/1676/1676 1749/1749/1749
f 1676/1676/1676 1677/1677/1677 1749/1749/1749
f 1749/1749/1749 1677/1677/1677 1750/1750/1750
f 1677/1677/1677 1678/1678/1678 1750/1750/1750
f 1750/1750/1750 1678/1678/1678 1751/1751/1751
f 1678/1678/1678 1679/1679/1679 1751/1751/1751
f 1751/1751/1751 1679/1679/1679 1752/1752/1752
f 1680/1680/1680 1681/1681/1681 1753/1753/1753
f 1753/1753/1753 1681/1681/1681 1754/1754/1754
f 1681/1681/1681 1682/1682/1682 1754/1754/1754
f 1754/1754/1754 1682/1682/1682 1755/1755/1755
f 1682/1682/1682 1683/1683/1683 1755/1755/1755
f 1755/1755/1755 1683/1683/1683 1756/1756/1756
f 1683/1683/1683 1684/1684/1684 1756/1756/1756
f 1756/1756/1756 1684/1684/1684 1757/1757/1757
f 1684/1684/1684 1685/1685/1685 1757/1757/1757
f 1757/1757/1757 1685/1685/1685 1758/1758/1758
f 1685/1685/1685 1686/1686/1686 1758/1758/1758
f 1758/1758/1758 1686/1686/1686 1759/1759/1759
f 1686/1686/1686 1687/1687/1687 1759/1759/1759
f 1759/1759/1759 1687/1687/1687 1760/1760/1760
f 1687/1687/1687 1688/1688/1688 1760/1760/1760
f 1760/1760/1760 1688/1688/1688 1761/1761/1761
f 1688/1688/1688 1689/1689/1689 1761/1761/1761
f 1761/1761/1761 1689/1689/1689 1762/1762/1762
f 1689/1689/1689 1690/1690/1690 1762/1762/1762
f 1762/1762/1762 1690/1690/1690 1763/1763/1763
f 1690/1690/1690 1691/1691/1691 1763/1763/1763
f 1763/1763/1763 1691/1691/1691 1764/1764/1764
f 1691/1691/1691 1692/1692/1692 1764/1764/1764
f 1764/1764/1764 1692/1692/1692 1765/1765/1765
f 1692/1692/1692 1693/1693/1693 1765/1765/1765
f 1765/1765/1765 1693/1693/1693 1766/1766/1766
f 1693/1693/1693 1694/1694/1694 1766/1766/1766
f 1766/1766/1766 1694/1694/1694 1767/1767/1767
f 1694/1694/1694 1695/1695/1695 1767/1767/1767
f 1767/1767/1767 1695/1695/1695 1768/1768/1768
f 1695/1695/1695 1696/1696/1696 1768/1768/1768
f 1768/1768/1768 1696/1696/1696 1769/1769/1769
f 1696/1696/1696 1697/1697/1697 1769/1769/1769
f 1769/1769/1769 1697/1697/1697 1770/1770/1770
f 1697/1697/1697 1698/1698/1698 1770/1770/1770
f 1770/1770/1770 1698/1698/1698 1771/1771/1771
f 1698/1698/1698 1699/1699/1699 1771/1771/1771
f 1771/1771/1771 1699/1699/1699 1772/1772/1772
f 1699/1699/1699 1700/1700/1700 1772/1772/1772
f 1772/1772/1772 1700/1700/1700 1773/1773/1773
f 1700/1700/1700 1701/1701/1701 1773/1773/1773
f 1773/1773/1773 1701/1701/1701 1774/1774/1774
f 1701/1701/1701 1702/1702/1702 1774/1774/1774
f 1774/1774/1774 1702/1702/1702 1775/1775/1775
f 1702/1702/1702 1703/1703/1703 1775/1775/1775
f 1775/1775/1775 1703/1703/1703 1776/1776/1776
f 1703/1703/1703 1704/1704/1704 1776/1776/1776
f 1776/1776/1776 1704/1704/1704 1777/1777/1777
f 1704/1704/1704 1705/1705/1705 1777/1777/1777
f 1777/1777/1777 1705/1705/1705 1778/1778/1778
f 1705/1705/1705 1706/1706/1706 1778/1778/1778
f 1778/1778/1778 1706/1706/1706 1779/1779/1779
f 1706/1706/1706 1707/1707/1707 1779/1779/1779
f 1779/1779/1779 1707/1707/1707 1780/1780/1780
f 1707/1707/1707 1708/1708/1708 1780/1780/1780
f 1780/1780/1780 1708/1708/1708 1781/1781/1781
f 1708/1708/1708 1709/1709/1709 1781/1781/1781
f 1781/1781/1781 1709/1709/1709 1782/1782/1782
f 1709/1709/1709 1710/1710/1710 1782/1782/1782
f 1782/1782/1782 1710/1710/1710 1783/1783/1783
f 1710/1710/1710 1711/1711/1711 1783/1783/1783
f 1783/1783/1783 1711/1711/1711 1784/1784/1784
f 1711/1711/1711 1712/1712/1712 1784/1784/1784
f 1784/1784/1784 1712/1712/1712 1785/1785/1785
f 1712/1712/1712 1713/1713/1713 1785/1785/1785
f 1785/1785/1785 1713/1713/1713 1786/1786/1786
f 1713/1713/1713 1714/1714/1714 1786/1786/1786
f 1786/1786/1786 1714/1714/1714 1787/1787/1787
f 1714/1714/1714 1715/1715/1715 1787/1787/1787
f 1787/1787/1787 1715/1715/1715 1788/1788/1788
f 1715/1715/1715 1716/1716/1716 1788/1788/1788
f 1788/1788/1788 1716/1716/1716 1789/1789/1789
f 1716/1716/1716 1717/1717/1717 1789/1789/1789
f 1789/1789/1789 1717/1717/1717 1790/1790/1790
f 1717/1717/1717 1718/1718/1718 1790/1790/1790
f 1790/1790/1790 1718/1718/1718 1791/1791/1791
f 1718/1718/1718 1719/1719/1719 1791/1791/1791
f 1791/1791/1791 1719/1719/1719 1792/1792/1792
f 1719/1719/1719 1720/1720/1720 1792/1792/1792
f 1792/1792/1792 1720/1720/1720 1793/1793/1793
f 1720/1720/1720 1721/1721/1721 1793/1793/1793
f 1793/1793/1793 1721/1721/1721 1794/1794/1794
f 1721/1721/1721 1722/1722/1722 1794/1794/1794
f 1794/1794/1794 1722/1722/1722 1795/1795/1795
f 1722/1722/1722 1723/1723/1723 1795/1795/1795
f 1795/1795/1795 1723/1723/1723 1796/1796/1796
f 1723/1723/1723 1724/1724/1724 1796/1796/1796
f 1796/1796/1796 1724/1724/1724 1797/1797/1797
f 1724/1724/1724 1725/1725/1725 1797/1797/1797
f 1797/1797/1797 1725/1725/1725 1798/1798/1798
f 1725/1725/1725 1726/1726/1726 1798/1798/1798
f 1798/1798/1798 1726/1726/1726 1799/1799/1799
f 1726/1726/1726 1727/1727/1727 1799/1799/1799
f 1799/1799/1799 1727/1727/1727 1800/1800/1800
f 1727/1727/1727 1728/1728/1728 1800/1800/1800
f 1800/1800/1800 1728/1728/1728 1801/1801/1801
f 1728/1728/1728 1729/1729/1729 1801/1801/1801
f 1801/1801/1801 1729/1729/1729 1802/1802/1802
f 1729/1729/1729 1730/1730/1730 1802/1802/1802
f 1802/1802/1802 1730/1730/1730 1803/1803/1803
f 1730/1730/1730 1731/1731/1731 1803/1803/1803
f 1803/1803/1803 1731/1731/1731 1804/1804/1804
f 1731/1731/1731 1732/1732/1732 1804/1804/1804
f 1804/1804/1804 1732/1732/1732 1805/1805/1805
f 1732/1732/1732 1733/1733/1733 1805/1805/1805
f 1805/1805/1805 1733/1733/1733 1806/1806/1806
f 1733/1733/1733 1734/1734/1734 1806/1806/1806
f 1806/1806/1806 1734/1734/1734 1807/1807/1807
f 1734/1734/1734 1735/1735/1735 1807/1807/1807
f 1807/1807/1807 1735/1735/1735 1808/1808/1808
f 1735/1735/1735 1736/1736/1736 1808/1808/1808
f 1808/1808/1808 1736/1736/1736 1809/1809/1809
f 1736/1736/1736 1737/1737/1737 1809/1809/1809
f 1809/1809/1809 1737/1737/1737 1810/1810/1810
f 1737/1737/1737 1738/1738/1738 1810/1810/1810
f 1810/1810/1810 1738/1738/1738 1811/1811/1811
f 1738/1738/1738 1739/1739/1739 1811/1811/1811
f 1811/1811/1811 1739/1739/1739 1812/1812/1812
f 1739/1739/1739 1740/1740/1740 1812/1812/1812
f 1812/1812/1812 1740/1740/1740 1813/1813/1813
f 1740/1740/1740 1741/1741/1741 1813/1813/1813
f 1813/1813/1813 1741/1741/1741 1814/1814/1814
f 1741/1741/1741 1742/1742/1742 1814/1814/1814
f 1814/1814/1814 1742/1742/1742 1815/1815/1815
f 1742/1742/1742 1743/1743/1743 1815/1815/1815
f 1815/1815/1815 1743/1743/1743 1816/1816/1816
f 1743/1743/1743 1744/1744/1744 1816/1816/1816
f 1816/1816/1816 1744/1744/1744 1817/1817/1817
f 1744/1744/1744 1745/1745/1745 1817/1817/1817
f 1817/1817/1817 1745/1745/1745 1818/1818/1818
f 1745/1745/1745 1746/1746/1746 1818/1818/1818
f 1818/1818/1818 1746/1746/1746 1819/1819/1819
f 1746/1746/1746 1747/1747/1747 1819/1819/1819
f 1819/1819/1819 1747/1747/1747 1820/1820/1820
f 1747/1747/1747 1748/1748/1748 1820/1820/1820
f 1820/1820/1820 1748/1748/1748 1821/1821/1821
f 1748/1748/1748 1749/1749/1749 1821/1821/1821
f 1821/1821/1821 1749/1749/1749 1822/1822/1822
f 1749/1749/1749 1750/1750/1750 1822/1822/1822
f 1822/1822/1822 1750/1750/1750 1823/1823/1823
f 1750/1750/1750 1751/1751/1751 1823/1823/1823
f 1823/1823/1823 1751/1751/1751 1824/1824/1824
f 1751/1751/1751 1752/1752/1752 1824/1824/1824
f 1824/1824/1824 1752/1752/1752 1825/1825/1825
f 1753/1753/1753 1754/1754/1754 1826/1826/1826
f 1826/1826/1826 1754/1754/1754 1827/1827/1827
f 1754/1754/1754 1755/1755/1755 1827/1827/1827
f 1827/1827/1827 1755/1755/1755 1828/1828/1828
f 1755/1755/1755 1756/1756/1756 1828/1828/1828
f 1828/1828/1828 1756/1756/1756 1829/1829/1829
f 1756/1756/1756 1757/1757/1757 1829/1829/1829
f 1829/1829/1829 1757/1757/1757 1830/1830/1830
f 1757/1757/1757 1758/1758/1758 1830/1830/1830
f 1830/1830/1830 1758/1758/1758 1831/1831/1831
f 1758/1758/1758 1759/1759/1759 1831/1831/1831
f 1831/1831/1831 1759/1759/1759 1832/1832/1832
f 1759/1759/1759 1760/1760/1760 1832/1832/1832
f 1832/1832/1832 1760/1760/1760 1833/1833/1833
f 1760/1760/1760 1761/1761/1761 1833/1833/1833
f 1833/1833/1833 1761/1761/1761 1834/1834/1834
f 1761/1761/1761 1762/1762/1762 1834/1834/1834
f 1834/1834/1834 1762/1762/1762 1835/1835/1835
f 1762/1762/1762 1763/1763/1763 1835/1835/1835
f 1835/1835/1835 1763/1763/1763 1836/1836/1836
f 1763/1763/1763 1764/1764/1764 1836/1836/1836
f 1836/1836/1836 1764/1764/1764 1837/1837/1837
f 1764/1764/1764 1765/1765/1765 1837/1837/1837
f 1837/1837/1837 1765/1765/1765 1838/1838/1838
f 1765/1765/1765 1766/1766/1766 1838/1838/1838
f 1838/1838/1838 1766/1766/1766 1839/1839/1839
f 1766/1766/1766 1767/1767/1767 1839/1839/1839
f 1839/1839/1839 1767/1767/1767 1840/1840/1840
f 1767/1767/1767 1768/1768/1768 1840/1840/1840
f 1840/1840/1840 1768/1768/1768 1841/1841/1841
f 1768/1768/1768 1769/1769/1769 1841/1841/1841
f 1841/1841/1841 1769/1769/1769 1842/1842/1842
f 1769/1769/1769 1770/1770/1770 1842/1842/1842
f 1842/1842/1842 1770/1770/1770 1843/1843/1843
f 1770/1770/1770 1771/1771/1771 1843/1843/1843
f 1843/1843/1843 1771/1771/1771 1844/1844/1844
f 1771/1771/1771 1772/1772/1772 1844/1844/1844
f 1844/1844/1844 1772/1772/1772 1845/1845/1845
f 1772/1772/1772 1773/1773/1773 1845/1845/1845
f 1845/1845/1845 1773/1773/1773 1846/1846/1846
f 1773/1773/1773 1774/1774/1774 1846/1846/1846
f 1846/1846/1846 1774/1774/1774 1847/1847/1847
f 1774/1774/1774 1775/1775/1775 1847/1847/1847
f 1847/1847/1847 1775/1775/1775 1848/1848/1848
f 1775/1775/1775 1776/1776/1776 1848/1848/1848
f 1848/1848/1848 1776/1776/1776 1849/1849/1849
f 1776/1776/1776 1777/1777/1777 1849/1849/1849
f 1849/1849/1849 1777/1777/1777 1850/1850/1850
f 1777/1777/1777 1778/1778/1778 1850/1850/1850
f 1850/1850/1850 1778/1778/1778 1851/1851/1851
f 1778/1778/1778 1779/1779/1779 1851/1851/1851
f 1851/1851/1851 1779/1779/1779 1852/1852/1852
f 1779/1779/1779 1780/1780/1780 1852/1852/1852
f 1852/1852/1852 1780/1780/1780 1853/1853/1853
f 1780/1780/1780 1781/1781/1781 1853/1853/1853
f 1853/1853/1853 1781/1781/1781 1854/1854/1854
f 1781/1781/1781 1782/1782/1782 1854/1854/1854
f 1854/1854/1854 1782/1782/1782 1855/1855/1855
f 1782/1782/1782 1783/1783/1783 1855/1855/1855
f 1855/1855/1855 1783/1783/1783 1856/1856/1856
f 1783/1783/1783 1784/1784/1784 1856/1856/1856
f 1856/1856/1856 1784/1784/1784 1857/1857/1857
f 1784/1784/1784 1785/1785/1785 1857/1857/1857
f 1857/1857/1857 1785/1785/1785 1858/1858/1858
f 1785/1785/1785 1786/1786/1786 1858/1858/1858
f 1858/1858/1858 1786/1786/1786 1859/1859/1859
f 1786/1786/1786 1787/1787/1787 1859/1859/1859
f 1859/1859/1859 1787/1787/1787 1860/1860/1860
f 1787/1787/1787 1788/1788/1788 1860/1860/1860
f 1860/1860/1860 1788/1788/1788 1861/1861/1861
f 1788/1788/1788 1789/1789/1789 1861/1861/1861
f 1861/1861/1861 1789/1789/1789 1862/1862/1862
f 1789/1789/1789 1790/1790/1790 1862/1862/1862
f 1862/1862/1862 1790/1790/1790 1863/1863/1863
f 1790/1790/1790 1791/1791/1791 1863/1863/1863
f 1863/1863/1863 1791/1791/1791 1864/1864/1864
f 1791/1791/1791 1792/1792/1792 1864/1864/1864
f 1864/1864/1864 1792/1792/1792 1865/1865/1865
f 1792/1792/1792 1793/1793/1793 1865/1865/1865
f 1865/1865/1865 1793/1793/1793 1866/1866/1866
f 1793/1793/1793 1794/1794/1794 1866/1866/1866
f 1866/1866/1866 1794/1794/1794 1867/1867/1867
f 1794/1794/1794 1795/1795/1795 1867/1867/1867
f 1867/1867/1867 1795/1795/1795 1868/1868/1868
f 1795/1795/1795 1796/1796/1796 1868/1868/1868
f 1868/1868/1868 1796/1796/1796 1869/1869/1869
f 1796/1796/1796 1797/1797/1797 1869/1869/1869
f 1869/1869/1869 1797/1797/1797 1870/1870/1870
f 1797/1797/1797 1798/1798/1798 1870/1870/1870
f 1870/1870/1870 1798/1798/1798 1871/1871/1871
f 1798/1798/1798 1799/1799/1799 1871/1871/1871
f 1871/1871/1871 1799/1799/1799 1872/1872/1872
f 1799/1799/1799 1800/1800/1800 1872/1872/1872
f 1872/1872/1872 1800/1800/1800 1873/1873/1873
f 1800/1800/1800 1801/1801/1801 1873/1873/1873
f 1873/1873/1873 1801/1801/1801 1874/1874/1874
f 1801/1801/1801 1802/1802/1802 1874/1874/1874
f 1874/1874/1874 1802/1802/1802 1875/1875/1875
f 1802/1802/1802 1803/1803/1803 1875/1875/1875
f 1875/1875/1875 1803/1803/1803 1876/1876/1876
f 1803/1803/1803 1804/1804/1804 1876/1876/1876
f 1876/1876/1876 1804/1804/1804 1877/1877/1877
f 1804/1804/1804 1805/1805/1805 1877/1877/1877
f 1877/1877/1877 1805/1805/1805 1878/1878/1878
f 1805/1805/1805 1806/1806/1806 1878/1878/1878
f 1878/1878/1878 1806/1806/1806 1879/1879/1879
f 1806/1806/1806 1807/1807/1807 1879/1879/1879
f 1879/1879/1879 1807/1807/1807 1880/1880/1880
f 1807/1807/1807 1808/1808/1808 1880/1880/1880
f 1880/1880/1880 1808/1808/1808 1881/1881/1881
f 1808/1808/1808 1809/1809/1809 1881/1881/1881
f 1881/1881/1881 1809/1809/1809 1882/1882/1882
f 1809/1809/1809 1810/1810/1810 1882/1882/1882
f 1882/1882/1882 1810/1810/1810 1883/1883/1883
f 1810/1810/1810 1811/1811/1811 1883/1883/1883
f 1883/1883/1883 1811/1811/1811 1884/1884/1884
f 1811/1811/1811 1812/1812/1812 1884/1884/1884
f 1884/1884/1884 1812/1812/1812 1885/1885/1885
f 1812/1812/1812 1813/1813/1813 1885/1885/1885
f 1885/1885/1885 1813/1813/1813 1886/1886/1886
f 1813/1813/1813 1814/1814/1814 1886/1886/1886
f 1886/1886/1886 1814/1814/1814 1887/1887/1887
f 1814/1814/1814 1815/1815/1815 1887/1887/1887
f 1887/1887/1887 1815/1815/1815 1888/1888/1888
f 1815/1815/1815 1816/1816/1816 1888/1888/1888
f 1888/1888/1888 1816/1816/1816 1889/1889/1889
f 1816/1816/1816 1817/1817/1817 1889/1889/1889
f 1889/1889/1889 1817/1817/1817 1890/1890/1890
f 1817/1817/1817 1818/1818/1818 1890/1890/1890
f 1890/1890/1890 1818/1818/1818 1891/1891/1891
f 1818/1818/1818 1819/1819/1819 1891/1891/1891
f 1891/1891/1891 1819/1819/1819 1892/1892/1892
f 1819/1819/1819 1820/1820/1820 1892/1892/1892
f 1892/1892/1892 1820/1820/1820 1893/1893/1893
f 1820/1820/1820 1821/1821/1821 1893/1893/1893
f 1893/1893/1893 1821/1821/1821 1894/1894/1894
f 1821/1821/1821 1822/1822/1822 1894/1894/1894
f 1894/1894/1894 1822/1822/1822 1895/1895/1895
f 1822/1822/1822 1823/1823/1823 1895/1895/1895
f 1895/1895/1895 1823/1823/1823 1896/1896/1896
f 1823/1823/1823 1824/1824/1824 1896/1896/1896
f 1896/1896/1896 1824/1824/1824 1897/1897/1897
f 1824/1824/1824 1825/1825/1825 1897/1897/1897
f 1897/1897/1897 1825/1825/1825 1898/1898/1898
f 1826/1826/1826 1827/1827/1827 1899/1899/1899
f 1899/1899/1899 1827/1827/1827 1900/1900/1900
f 1827/1827/1827 1828/1828/1828 1900/1900/1900
f 1900/1900/1900 1828/1828/1828 1901/1901/1901
f 1828/1828/1828 1829/1829/1829 1901/1901/1901
f 1901/1901/1901 1829/1829/1829 1902/1902/1902
f 1829/1829/1829 1830/1830/1830 1902/1902/1902
f 1902/1902/1902 1830/1830/1830 1903/1903/1903
f 1830/1830/1830 1831/1831/1831 1903/1903/1903
f 1903/1903/1903 1831/1831/1831 1904/1904/1904
f 1831/1831/1831 1832/1832/1832 1904/1904/1904
f 1904/1904/1904 1832/1832/1832 1905/1905/1905
f 1832/1832/1832 1833/1833/1833 1905/1905/1905
f 1905/1905/1905 1833/1833/1833 1906/1906/1906
f 1833/1833/1833 1834/1834/1834 1906/1906/1906
f 1906/1906/1906 1834/1834/1834 1907/1907/1907
f 1834/1834/1834 1835/1835/1835 1907/1907/1907
f 1907/1907/1907 1835/1835/1835 1908/1908/1908
f 1835/1835/1835 1836/1836/1836 1908/1908/1908
f 1908/1908/1908 1836/1836/1836 1909/1909/1909
f 1836/1836/1836 1837/1837/1837 1909/1909/1909
f 1909/1909/1909 1837/1837/1837 1910/1910/1910
f 1837/1837/1837 1838/1838/1838 1910/1910/1910
f 1910/1910/1910 1838/1838/1838 1911/1911/1911
f 1838/1838/1838 1839/1839/1839 1911/1911/1911
f 1911/1911/1911 1839/1839/1839 1912/1912/1912
f 1839/1839/1839 1840/1840/1840 1912/1912/1912
f 1912/1912/1912 1840/1840/1840 1913/1913/1913
f 1840/1840/1840 1841/1841/1841 1913/1913/1913
f 1913/1913/1913 1841/1841/1841 1914/1914/1914
f 1841/1841/1841 1842/1842/1842 1914/1914/1914
f 1914/1914/1914 1842/1842/1842 1915/1915/1915
f 1842/1842/1842 1843/1843/1843 1915/1915/1915
f 1915/1915/1915 1843/1843/1843 1916/1916/1916
f 1843/1843/1843 1844/1844/1844 1916/1916/1916
f 1916/1916/1916 1844/1844/1844 1917/1917/1917
f 1844/1844/1844 1845/1845/1845 1917/1917/1917
f 1917/1917/1917 1845/1845/1845 1918/1918/1918
f 1845/1845/1845 1846/1846/1846 1918/1918/1918
f 1918/1918/1918 1846/1846/1846 1919/1919/1919
f 1846/1846/1846 1847/1847/1847 1919/1919/1919
f 1919/1919/1919 1847/1847/1847 1920/1920/1920
f 1847/1847/1847 1848/1848/1848 1920/1920/1920
f 1920/1920/1920 1848/1848/1848 1921/1921/1921
f 1848/1848/1848 1849/1849/1849 1921/1921/1921
f 1921/1921/1921 1849/1849/1849 1922/1922/1922
f 1849/1849/1849 1850/1850/1850 1922/1922/1922
f 1922/1922/1922 1850/1850/1850 1923/1923/1923
f 1850/1850/1850 1851/1851/1851 1923/1923/1923
f 1923/1923/1923 1851/1851/1851 1924/1924/1924
f 1851/1851/1851 1852/1852/1852 1924/1924/1924
f 1924/1924/1924 1852/1852/1852 1925/1925/1925
f 1852/1852/1852 1853/1853/1853 1925/1925/1925
f 1925/1925/1925 1853/1853/1853 1926/1926/1926
f 1853/1853/1853 1854/1854/1854 1926/1926/1926
f 1926/1926/1926 1854/1854/1854 1927/1927/1927
f 1854/1854/1854 1855/1855/1855 1927/1927/1927
f 1927/1927/1927 1855/1855/1855 1928/1928/1928
f 1855/1855/1855 1856/1856/1856 1928/1928/1928
f 1928/1928/1928 1856/1856/1856 1929/1929/1929
f 1856/1856/1856 1857/1857/1857 1929/1929/1929
f 1929/1929/1929 1857/1857/1857 1930/1930/1930
f 1857/1857/1857 1858/1858/1858 1930/1930/1930
f 1930/1930/1930 1858/1858/1858 1931/1931/1931
f 1858/1858/1858 1859/1859/1859 1931/1931/1931
f 1931/1931/1931 1859/1859/1859 1932/1932/1932
f 1859/1859/1859 1860/1860/1860 1932/1932/1932
f 1932/1932/1932 1860/1860/1860 1933/1933/1933
f 1860/1860/1860 1861/1861/1861 1933/1933/1933
f 1933/1933/1933 1861/1861/1861 1934/1934/1934
f 1861/1861/1861 1862/1862/1862 1934/1934/1934
f 1934/1934/1934 1862/1862/1862 1935/1935/1935
f 1862/1862/1862 1863/1863/1863 1935/1935/1935
f 1935/1935/1935 1863/1863/1863 1936/1936/1936
f 1863/1863/1863 1864/1864/1864 1936/1936/1936
f 1936/1936/1936 1864/1864/1864 1937/1937/1937
f 1864/1864/1864 1865/1865/1865 1937/1937/1937
f 1937/1937/1937 1865/1865/1865 1938/1938/1938
f 1865/1865/1865 1866/1866/1866 1938/1938/1938
f 1938/1938/1938 1866/1866/1866 1939/1939/1939
f 1866/1866/1866 1867/1867/1867 1939/1939/1939
f 1939/1939/1939 1867/1867/1867 1940/1940/1940
f 1867/1867/1867 1868/1868/1868 1940/1940/1940
f 1940/1940/1940 1868/1868/1868 1941/1941/1941
f 1868/1868/1868 1869/1869/1869 1941/1941/1941
f 1941/1941/1941 1869/1869/1869 1942/1942/1942
f 1869/1869/1869 1870/1870/1870 1942/1942/1942
f 1942/1942/1942 1870/1870/1870 1943/1943/1943
f 1870/1870/1870 1871/1871/1871 1943/1943/1943
f 1943/1943/1943 1871/1871/1871 1944/1944/1944
f 1871/1871/1871 1872/1872/1872 1944/1944/1944
f 1944/1944/1944 1872/1872/1872 1945/1945/1945
f 1872/1872/1872 1873/1873/1873 1945/1945/1945
f 1945/1945/1945 1873/1873/1873 1946/1946/1946
f 1873/1873/1873 1874/1874/1874 1946/1946/1946
f 1946/1946/1946 1874/1874/1874 1947/1947/1947
f 1874/1874/1874 1875/1875/1875 1947/1947/1947
f 1947/1947/1947 1875/1875/1875 1948/1948/1948
f 1875/1875/1875 1876/1876/1876 1948/1948/1948
f 1948/1948/1948 1876/1876/1876 1949/1949/1949
f 1876/1876/1876 1877/1877/1877 1949/1949/1949
f 1949/1949/1949 1877/1877/1877 1950/1950/1950
f 1877/1877/1877 1878/1878/1878 1950/1950/1950
f 1950/1950/1950 1878/1878/1878 1951/1951/1951
f 1878/1878/1878 1879/1879/1879 1951/1951/1951
f 1951/1951/1951 1879/1879/1879 1952/1952/1952
f 1879/1879/1879 1880/1880/1880 1952/1952/1952
f 1952/1952/1952 1880/1880/1880 1953/1953/1953
f 1880/1880/1880 1881/1881/1881 1953/1953/1953
f 1953/1953/1953 1881/1881/1881 1954/1954/1954
f 1881/1881/1881 1882/1882/1882 1954/1954/1954
f 1954/1954/1954 1882/1882/1882 1955/1955/1955
f 1882/1882/1882 1883/1883/1883 1955/1955/1955
f 1955/1955/1955 1883/1883/1883 1956/1956/1956
f 1883/1883/1883 1884/1884/1884 1956/1956/1956
f 1956/1956/1956 1884/1884/1884 1957/1957/1957
f 1884/1884/1884 1885/1885/1885 1957/1957/1957
f 1957/1957/1957 1885/1885/1885 1958/1958/1958
f 1885/1885/1885 1886/1886/1886 1958/1958/1958
f 1958/1958/1958 1886/1886/1886 1959/1959/1959
f 1886/1886/1886 1887/1887/1887 1959/1959/1959
f 1959/1959/1959 1887/1887/1887 1960/1960/1960
f 1887/1887/1887 1888/1888/1888 1960/1960/1960
f 1960/1960/1960 1888/1888/1888 1961/1961/1961
f 1888/1888/1888 1889/1889/1889 1961/1961/1961
f 1961/1961/1961 1889/1889/1889 1962/1962/1962
f 1889/1889/1889 1890/1890/1890 1962/1962/1962
f 1962/1962/1962 1890/1890/1890 1963/1963/1963
f 1890/1890/1890 1891/1891/1891 1963/1963/1963
f 1963/1963/1963 1891/1891/1891 1964/1964/1964
f 1891/1891/1891 1892/1892/1892 1964/1964/1964
f 1964/1964/1964 1892/1892/1892 1965/1965/1965
f 1892/1892/1892 1893/1893/1893 1965/1965/1965
f 1965/1965/1965 1893/1893/1893 1966/1966/1966
f 1893/1893/1893 1894/1894/1894 1966/1966/1966
f 1966/1966/1966 1894/1894/1894 1967/1967/1967
f 1894/1894/1894 1895/1895/1895 1967/1967/1967
f 1967/1967/1967 1895/1895/1895 1968/1968/1968
f 1895/1895/1895 1896/1896/1896 1968/1968/1968
f 1968/1968/1968 1896/1896/1896 1969/1969/1969
f 1896/1896/1896 1897/1897/1897 1969/1969/1969
f 1969/1969/1969 1897/1897/1897 1970/1970/1970
f 1897/1897/1897 1898/1898/1898 1970/1970/1970
f 1970/1970/1970 1898/1898/1898 1971/1971/1971
f 1899/1899/1899 1900/1900/1900 1972/1972/1972
f 1972/1972/1972 1900/1900/1900 1973/1973/1973
f 1900/1900/1900 1901/1901/1901 1973/1973/1973
f 1973/1973/1973 1901/1901/1901 1974/1974/1974
f 1901/1901/1901 1902/1902/1902 1974/1974/1974
f 1974/1974/1974 1902/1902/1902 1975/1975/1975
f 1902/1902/1902 1903/1903/1903 1975/1975/1975
f 1975/1975/1975 1903/1903/1903 1976/1976/1976
f 1903/1903/1903 1904/1904/1904 1976/1976/1976
f 1976/1976/1976 1904/1904/1904 1977/1977/1977
f 1904/1904/1904 1905/1905/1905 1977/1977/1977
f 1977/1977/1977 1905/1905/1905 1978/1978/1978
f 1905/1905/1905 1906/1906/1906 1978/1978/1978
f 1978/1978/1978 1906/1906/1906 1979/1979/1979
f 1906/1906/1906 1907/1907/1907 1979/1979/1979
f 1979/1979/1979 1907/1907/1907 1980/1980/1980
f 1907/1907/1907 1908/1908/1908 1980/1980/1980
f 1980/1980/1980 1908/1908/1908 1981/1981/1981
f 1908/1908/1908 1909/1909/1909 1981/1981/1981
f 1981/1981/1981 1909/1909/1909 1982/1982/1982
f 1909/1909/1909 1910/1910/1910 1982/1982/1982
f 1982/1982/1982 1910/1910/1910 1983/1983/1983
f 1910/1910/1910 1911/1911/1911 1983/1983/1983
f 1983/1983/1983 1911/1911/1911 1984/1984/1984
f 1911/1911/1911 1912/1912/1912 1984/1984/1984
f 1984/1984/1984 1912/1912/1912 1985/1985/1985
f 1912/1912/1912 1913/1913/1913 1985/1985/1985
f 1985/1985/1985 1913/1913/1913 1986/1986/1986
f 1913/1913/1913 1914/1914/1914 1986/1986/1986
f 1986/1986/1986 1914/1914/1914 1987/1987/1987
f 1914/1914/1914 1915/1915/1915 1987/1987/1987
f 1987/1987/1987 1915/1915/1915 1988/1988/1988
f 1915/1915/1915 1916/1916/1916 1988/1988/1988
f 1988/1988/1988 1916/1916/1916 1989/1989/1989
f 1916/1916/1916 1917/1917/1917 1989/1989/1989
f 1989/1989/1989 1917/1917/1917 1990/1990/1990
f 1917/1917/1917 1918/1918/1918 1990/1990/1990
f 1990/1990/1990 1918/1918/1918 1991/1991/1991
f 1918/1918/1918 1919/1919/1919 1991/1991/1991
f 1991/1991/1991 1919/1919/1919 1992/1992/1992
f 1919/1919/1919 1920/1920/1920 1992/1992/1992
f 1992/1992/1992 1920/1920/1920 1993/1993/1993
f 1920/1920/1920 1921/1921/1921 1993/1993/1993
f 1993/1993/1993 1921/1921/1921 1994/1994/1994
f 1921/1921/1921 1922/1922/1922 1994/1994/1994
f 1994/1994/1994 1922/1922/1922 1995/1995/1995
f 1922/1922/1922 1923/1923/1923 1995/1995/1995
f 1995/1995/1995 1923/1923/1923 1996/1996/1996
f 1923/1923/1923 1924/1924/1924 1996/1996/1996
f 1996/1996/1996 1924/1924/1924 1997/1997/1997
f 1924/1924/1924 1925/1925/1925 1997/1997/1997
f 1997/1997/1997 1925/1925/1925 1998/1998/1998
f 1925/1925/1925 1926/1926/1926 1998/1998/1998
f 1998/1998/1998 1926/1926/1926 1999/1999/1999
f 1926/1926/1926 1927/1927/1927 1999/1999/1999
f 1999/1999/1999 1927/1927/1927 2000/2000/2000
f 1927/1927/1927 1928/1928/1928 2000/2000/2000
f 2000/2000/2000 1928/1928/1928 2001/2001/2001
f 1928/1928/1928 1929/1929/1929 2001/2001/2001
f 2001/2001/2001 1929/1929/1929 2002/2002/2002
f 1929/1929/1929 1930/1930/1930 2002/2002/2002
f 2002/2002/2002 1930/1930/1930 2003/2003/2003
f 1930/1930/1930 1931/1931/1931 2003/2003/2003
f 2003/2003/2003 1931/1931/1931 2004/2004/2004
f 1931/1931/1931 1932/1932/1932 2004/2004/2004
f 2004/2004/2004 1932/1932/1932 2005/2005/2005
f 1932/1932/1932 1933/1933/1933 2005/2005/2005
f 2005/2005/2005 1933/1933/1933 2006/2006/2006
f 1933/1933/1933 1934/1934/1934 2006/2006/2006
f 2006/2006/2006 1934/1934/1934 2007/2007/2007
f 1934/1934/1934 1935/1935/1935 2007/2007/2007
f 2007/2007/2007 1935/1935/1935 2008/2008/2008
f 1935/1935/1935 1936/1936/1936 2008/2008/2008
f 2008/2008/2008 1936/1936/1936 2009/2009/2009
f 1936/1936/1936 1937/1937/1937 2009/2009/2009
f 2009/2009/2009 1937/1937/1937 2010/2010/2010
f 1937/1937/1937 1938/1938/1938 2010/2010/2010
f 2010/2010/2010 1938/1938/1938 2011/2011/2011
f 1938/1938/1938 1939/1939/1939 2011/2011/2011
f 2011/2011/2011 1939/1939/1939 2012/2012/2012
f 1939/1939/1939 1940/1940/1940 2012/2012/2012
f 2012/2012/2012 1940/1940/1940 2013/2013/2013
f 1940/1940/1940 1941/1941/1941 2013/2013/2013
f 2013/2013/2013 1941/1941/1941 2014/2014/2014
f 1941/1941/1941 1942/1942/1942 2014/2014/2014
f 2014/2014/2014 1942/1942/1942 2015/2015/2015
f 1942/1942/1942 1943/1943/1943 2015/2015/2015
f 2015/2015/2015 1943/1943/1943 2016/2016/2016
f 1943/1943/1943 1944/1944/1944 2016/2016/2016
f 2016/2016/2016 1944/1944/1944 2017/2017/2017
f 1944/1944/1944 1945/1945/1945 2017/2017/2017
f 2017/2017/2017 1945/1945/1945 2018/2018/2018
f 1945/1945/1945 1946/1946/1946 2018/2018/2018
f 2018/2018/2018 1946/1946/1946 2019/2019/2019
f 1946/1946/1946 1947/1947/1947 2019/2019/2019
f 2019/2019/2019 1947/1947/1947 2020/2020/2020
f 1947/1947/1947 1948/1948/1948 2020/2020/2020
f 2020/2020/2020 1948/1948/1948 2021/2021/2021
f 1948/1948/1948 1949/1949/1949 2021/2021/2021
f 2021/2021/2021 1949/1949/1949 2022/2022/2022
f 1949/1949/1949 1950/1950/1950 2022/2022/2022
f 2022/2022/2022 1950/1950/1950 2023/2023/2023
f 1950/1950/1950 1951/1951/1951 2023/2023/2023
f 2023/2023/2023 1951/1951/1951 2024/2024/2024
f 1951/1951/1951 1952/1952/1952 2024/2024/2024
f 2024/2024/2024 1952/1952/1952 2025/2025/2025
f 1952/1952/1952 1953/1953/1953 2025/2025/2025
f 2025/2025/2025 1953/1953/1953 2026/2026/2026
f 1953/1953/1953 1954/1954/1954 2026/2026/2026
f 2026/2026/2026 1954/1954/1954 2027/2027/2027
f 1954/1954/1954 1955/1955/1955 2027/2027/2027
f 2027/2027/2027 1955/1955/1955 2028/2028/2028
f 1955/1955/1955 1956/1956/1956 2028/2028/2028
f 2028/2028/2028 1956/1956/1956 2029/2029/2029
f 1956/1956/1956 1957/1957/1957 2029/2029/2029
f 2029/2029/2029 1957/1957/1957 2030/2030/2030
f 1957/1957/1957 1958/1958/1958 2030/2030/2030
f 2030/2030/2030 1958/1958/1958 2031/2031/2031
f 1958/1958/1958 1959/1959/1959 2031/2031/2031
f 2031/2031/2031 1959/1959/1959 2032/2032/2032
f 1959/1959/1959 1960/1960/1960 2032/2032/2032
f 2032/2032/2032 1960/1960/1960 2033/2033/2033
f 1960/1960/1960 1961/1961/1961 2033/2033/2033
f 2033/2033/2033 1961/1961/1961 2034/2034/2034
f 1961/1961/1961 1962/1962/1962 2034/2034/2034
f 2034/2034/2034 1962/1962/1962 2035/2035/2035
f 1962/1962/1962 1963/1963/1963 2035/2035/2035
f 2035/2035/2035 1963/1963/1963 2036/2036/2036
f 1963/1963/1963 1964/1964/1964 2036/2036/2036
f 2036/2036/2036 1964/1964/1964 2037/2037/2037
f 1964/1964/1964 1965/1965/1965 2037/2037/2037
f 2037/2037/2037 1965/1965/1965 2038/2038/2038
f 1965/1965/1965 1966/1966/1966 2038/2038/2038
f 2038/2038/2038 1966/1966/1966 2039/2039/2039
f 1966/1966/1966 1967/1967/1967 2039/2039/2039
f 2039/2039/2039 1967/1967/1967 2040/2040/2040
f 1967/1967/1967 1968/1968/1968 2040/2040/2040
f 2040/2040/2040 1968/1968/1968 2041/2041/2041
f 1968/1968/1968 1969/1969/1969 2041/2041/2041
f 2041/2041/2041 1969/1969/1969 2042/2042/2042
f 1969/1969/1969 1970/1970/1970 2042/2042/2042
f 2042/2042/2042 1970/1970/1970 2043/2043/2043
f 1970/1970/1970 1971/1971/1971 2043/2043/2043
f 2043/2043/2043 1971/1971/1971 2044/2044/2044
f 1972/1972/1972 1973/1973/1973 2045/2045/2045
f 2045/2045/2045 1973/1973/1973 2046/2046/2046
f 1973/1973/1973 1974/1974/1974 2046/2046/2046
f 2046/2046/2046 1974/1974/1974 2047/2047/2047
f 1974/1974/1974 1975/1975/1975 2047/2047/2047
f 2047/2047/2047 1975/1975/1975 2048/2048/2048
f 1975/1975/1975 1976/1976/1976 2048/2048/2048
f 2048/2048/2048 1976/1976/1976 2049/2049/2049
f 1976/1976/1976 1977/1977/1977 2049/2049/2049
f 2049/2049/2049 1977/1977/1977 2050/2050/2050
f 1977/1977/1977 1978/1978/1978 2050/2050/2050
f 2050/2050/2050 1978/1978/1978 2051/2051/2051
f 1978/1978/1978 1979/1979/1979 2051/2051/2051
f 2051/2051/2051 1979/1979/1979 2052/2052/2052
f 1979/1979/1979 1980/1980/1980 2052/2052/2052
f 2052/2052/2052 1980/1980/1980 2053/2053/2053
f 1980/1980/1980 1981/1981/1981 2053/2053/2053
f 2053/2053/2053 1981/1981/1981 2054/2054/2054
f 1981/1981/1981 1982/1982/1982 2054/2054/2054
f 2054/2054/2054 1982/1982/1982 2055/2055/2055
f 1982/1982/1982 1983/1983/1983 2055/2055/2055
f 2055/2055/2055 1983/1983/1983 2056/2056/2056
f 1983/1983/1983 1984/1984/1984 2056/2056/2056
f 2056/2056/2056 1984/1984/1984 2057/2057/2057
f 1984/1984/1984 1985/1985/1985 2057/2057/2057
f 2057/2057/2057 1985/1985/1985 2058/2058/2058
f 1985/1985/1985 1986/1986/1986 2058/2058/2058
f 2058/2058/2058 1986/1986/1986 2059/2059/2059
f 1986/1986/1986 1987/1987/1987 2059/2059/2059
f 2059/2059/2059 1987/1987/1987 2060/2060/2060
f 1987/1987/1987 1988/1988/1988 2060/2060/2060
f 2060/2060/2060 1988/1988/1988 2061/2061/2061
f 1988/1988/1988 1989/1989/1989 2061/2061/2061
f 2061/2061/2061 1989/1989/1989 2062/2062/2062
f 1989/1989/1989 1990/1990/1990 2062/2062/2062
f 2062/2062/2062 1990/1990/1990 2063/2063/2063
f 1990/1990/1990 1991/1991/1991 2063/2063/2063
f 2063/2063/2063 1991/1991/1991 2064/2064/2064
f 1991/1991/1991 1992/1992/1992 2064/2064/2064
f 2064/2064/2064 1992/1992/1992 2065/2065/2065
f 1992/1992/1992 1993/1993/1993 2065/2065/2065
f 2065/2065/2065 1993/1993/1993 2066/2066/2066
f 1993/1993/1993 1994/1994/1994 2066/2066/2066
f 2066/2066/2066 1994/1994/1994 2067/2067/2067
f 1994/1994/1994 1995/1995/1995 2067/2067/2067
f 2067/2067/2067 1995/1995/1995 2068/2068/2068
f 1995/1995/1995 1996/1996/1996 2068/2068/2068
f 2068/2068/2068 1996/1996/1996 2069/2069/2069
f 1996/1996/1996 1997/1997/1997 2069/2069/2069
f 2069/2069/2069 1997/1997/1997 2070/2070/2070
f 1997/1997/1997 1998/1998/1998 2070/2070/2070
f 2070/2070/2070 1998/1998/1998 2071/2071/2071
f 1998/1998/1998 1999/1999/1999 2071/2071/2071
f 2071/2071/2071 1999/1999/1999 2072/2072/2072
f 1999/1999/1999 2000/2000/2000 2072/2072/2072
f 2072/2072/2072 2000/2000/2000 2073/2073/2073
f 2000/2000/2000 2001/2001/2001 2073/2073/2073
f 2073/2073/2073 2001/2001/2001 2074/2074/2074
f 2001/2001/2001 2002/2002/2002 2074/2074/2074
f 2074/2074/2074 2002/2002/2002 2075/2075/2075
f 2002/2002/2002 2003/2003/2003 2075/2075/2075
f 2075/2075/2075 2003/2003/2003 2076/2076/2076
f 2003/2003/2003 2004/2004/2004 2076/2076/2076
f 2076/2076/2076 2004/2004/2004 2077/2077/2077
f 2004/2004/2004 2005/2005/2005 2077/2077/2077
f 2077/2077/2077 2005/2005/2005 2078/2078/2078
f 2005/2005/2005 2006/2006/2006 2078/2078/2078
f 2078/2078/2078 2006/2006/2006 2079/2079/2079
f 2006/2006/2006 2007/2007/2007 2079/2079/2079
f 2079/2079/2079 2007/2007/2007 2080/2080/2080
f 2007/2007/2007 2008/2008/2008 2080/2080/2080
f 2080/2080/2080 2008/2008/2008 2081/2081/2081
f 2008/2008/2008 2009/2009/2009 2081/2081/2081
f 2081/2081/2081 2009/2009/2009 2082/2082/2082
f 2009/2009/2009 2010/2010/2010 2082/2082/2082
f 2082/2082/2082 2010/2010/2010 2083/2083/2083
f 2010/2010/2010 2011/2011/2011 2083/2083/2083
f 2083/2083/2083 2011/2011/2011 2084/2084/2084
f 2011/2011/2011 2012/2012/2012 2084/2084/2084
f 2084/2084/2084 2012/2012/2012 2085/2085/2085
f 2012/2012/2012 2013/2013/2013 2085/2085/2085
f 2085/2085/2085 2013/2013/2013 2086/2086/2086
f 2013/2013/2013 2014/2014/2014 2086/2086/2086
f 2086/2086/2086 2014/2014/2014 2087/2087/2087
f 2014/2014/2014 2015/2015/2015 2087/2087/2087
f 2087/2087/2087 2015/2015/2015 2088/2088/2088
f 2015/2015/2015 2016/2016/2016 2088/2088/2088
f 2088/2088/2088 2016/2016/2016 2089/2089/2089
f 2016/2016/2016 2017/2017/2017 2089/2089/2089
f 2089/2089/2089 2017/2017/2017 2090/2090/2090
f 2017/2017/2017 2018/2018/2018 2090/2090/2090
f 2090/2090/2090 2018/2018/2018 2091/2091/2091
f 2018/2018/2018 2019/2019/2019 2091/2091/2091
f 2091/2091/2091 2019/2019/2019 2092/2092/2092
f 2019/2019/2019 2020/2020/2020 2092/2092/2092
f 2092/2092/2092 2020/2020/2020 2093/2093/2093
f 2020/2020/2020 2021/2021/2021 2093/2093/2093
f 2093/2093/2093 2021/2021/2021 2094/2094/2094
f 2021/2021/2021 2022/2022/2022 2094/2094/2094
f 2094/2094/2094 2022/2022/2022 2095/2095/2095
f 2022/2022/2022 2023/2023/2023 2095/2095/2095
f 2095/2095/2095 2023/2023/2023 2096/2096/2096
f 2023/2023/2023 2024/2024/2024 2096/2096/2096
f 2096/2096/2096 2024/2024/2024 2097/2097/2097
f 2024/2024/2024 2025/2025/2025 2097/2097/2097
f 2097/2097/2097 2025/2025/2025 2098/2098/2098
f 2025/2025/2025 2026/2026/2026 2098/2098/2098
f 2098/2098/2098 2026/2026/2026 2099/2099/2099
f 2026/2026/2026 2027/2027/2027 2099/2099/2099
f 2099/2099/2099 2027/2027/2027 2100/2100/2100
f 2027/2027/2027 2028/2028/2028 2100/2100/2100
f 2100/2100/2100 2028/2028/2028 2101/2101/2101
f 2028/2028/2028 2029/2029/2029 2101/2101/2101
f 2101/2101/2101 2029/2029/2029 2102/2102/2102
f 2029/2029/2029 2030/2030/2030 2102/2102/2102
f 2102/2102/2102 2030/2030/2030 2103/2103/2103
f 2030/2030/2030 2031/2031/2031 2103/2103/2103
f 2103/2103/2103 2031/2031/2031 2104/2104/2104
f 2031/2031/2031 2032/2032/2032 2104/2104/2104
f 2104/2104/2104 2032/2032/2032 2105/2105/2105
f 2032/2032/2032 2033/2033/2033 2105/2105/2105
f 2105/2105/2105 2033/2033/2033 2106/2106/2106
f 2033/2033/2033 2034/2034/2034 2106/2106/2106
f 2106/2106/2106 2034/2034/2034 2107/2107/2107
f 2034/2034/2034 2035/2035/2035 2107/2107/2107
f 2107/2107/2107 2035/2035/2035 2108/2108/2108
f 2035/2035/2035 2036/2036/2036 2108/2108/2108
f 2108/2108/2108 2036/2036/2036 2109/2109/2109
f 2036/2036/2036 2037/2037/2037 2109/2109/2109
f 2109/2109/2109 2037/2037/2037 2110/2110/2110
f 2037/2037/2037 2038/2038/2038 2110/2110/2110
f 2110/2110/2110 2038/2038/2038 2111/2111/2111
f 2038/2038/2038 2039/2039/2039 2111/2111/2111
f 2111/2111/2111 2039/2039/2039 2112/2112/2112
f 2039/2039/2039 2040/2040/2040 2112/2112/2112
f 2112/2112/2112 2040/2040/2040 2113/2113/2113
f 2040/2040/2040 2041/2041/2041 2113/2113/2113
f 2113/2113/2113 2041/2041/2041 2114/2114/2114
f 2041/2041/2041 2042/2042/2042 2114/2114/2114
f 2114/2114/2114 2042/2042/2042 2115/2115/2115
f 2042/2042/2042 2043/2043/2043 2115/2115/2115
f 2115/2115/2115 2043/2043/2043 2116/2116/2116
f 2043/2043/2043 2044/2044/2044 2116/2116/2116
f 2116/2116/2116 2044/2044/2044 2117/2117/2117
f 2045/2045/2045 2046/2046/2046 2118/2118/2118
f 2118/2118/2118 2046/2046/2046 2119/2119/2119
f 2046/2046/2046 2047/2047/2047 2119/2119/2119
f 2119/2119/2119 2047/2047/2047 2120/2120/2120
f 2047/2047/2047 2048/2048/2048 2120/2120/2120
f 2120/2120/2120 2048/2048/2048 2121/2121/2121
f 2048/2048/2048 2049/2049/2049 2121/2121/2121
f 2121/2121/2121 2049/2049/2049 2122/2122/2122
f 2049/2049/2049 2050/2050/2050 2122/2122/2122
f 2122/2122/2122 2050/2050/2050 2123/2123/2123
f 2050/2050/2050 2051/2051/2051 2123/2123/2123
f 2123/2123/2123 2051/2051/2051 2124/2124/2124
f 2051/2051/2051 2052/2052/2052 2124/2124/2124
f 2124/2124/2124 2052/2052/2052 2125/2125/2125
f 2052/2052/2052 2053/2053/2053 2125/2125/2125
f 2125/2125/2125 2053/2053/2053 2126/2126/2126
f 2053/2053/2053 2054/2054/2054 2126/2126/2126
f 2126/2126/2126 2054/2054/2054 2127/2127/2127
f 2054/2054/2054 2055/2055/2055 2127/2127/2127
f 2127/2127/2127 2055/2055/2055 2128/2128/2128
f 2055/2055/2055 2056/2056/2056 2128/2128/2128
f 2128/2128/2128 2056/2056/2056 2129/2129/2129
f 2056/2056/2056 2057/2057/2057 2129/2129/2129
f 2129/2129/2129 2057/2057/2057 2130/2130/2130
f 2057/2057/2057 2058/2058/2058 2130/2130/2130
f 2130/2130/2130 2058/2058/2058 2131/2131/2131
f 2058/2058/2058 2059/2059/2059 2131/2131/2131
f 2131/2131/2131 2059/2059/2059 2132/2132/2132
f 2059/2059/2059 2060/2060/2060 2132/2132/2132
f 2132/2132/2132 2060/2060/2060 2133/2133/2133
f 2060/2060/2060 2061/2061/2061 2133/2133/2133
f 2133/2133/2133 2061/2061/2061 2134/2134/2134
f 2061/2061/2061 2062/2062/2062 2134/2134/2134
f 2134/2134/2134 2062/2062/2062 2135/2135/2135
f 2062/2062/2062 2063/2063/2063 2135/2135/2135
f 2135/2135/2135 2063/2063/2063 2136/2136/2136
f 2063/2063/2063 2064/2064/2064 2136/2136/2136
f 2136/2136/2136 2064/2064/2064 2137/2137/2137
f 2064/2064/2064 2065/2065/2065 2137/2137/2137
f 2137/2137/2137 2065/2065/2065 2138/2138/2138
f 2065/2065/2065 2066/2066/2066 2138/2138/2138
f 2138/2138/2138 2066/2066/2066 2139/2139/2139
f 2066/2066/2066 2067/2067/2067 2139/2139/2139
f 2139/2139/2139 2067/2067/2067 2140/2140/2140
f 2067/2067/2067 2068/2068/2068 2140/2140/2140
f 2140/2140/2140 2068/2068/2068 2141/2141/2141
f 2068/2068/2068 2069/2069/2069 2141/2141/2141
f 2141/2141/2141 2069/2069/2069 2142/2142/2142
f 2069/2069/2069 2070/2070/2070 2142/2142/2142
f 2142/2142/2142 2070/2070/2070 2143/2143/2143
f 2070/2070/2070 2071/2071/2071 2143/2143/2143
f 2143/2143/2143 2071/2071/2071 2144/2144/2144
f 2071/2071/2071 2072/2072/2072 2144/2144/2144
f 2144/2144/2144 2072/2072/2072 2145/2145/2145
f 2072/2072/2072 2073/2073/2073 2145/2145/2145
f 2145/2145/2145 2073/2073/2073 2146/2146/2146
f 2073/2073/2073 2074/2074/2074 2146/2146/2146
f 2146/2146/2146 2074/2074/2074 2147/2147/2147
f 2074/2074/2074 2075/2075/2075 2147/2147/2147
f 2147/2147/2147 2075/2075/2075 2148/2148/2148
f 2075/2075/2075 2076/2076/2076 2148/2148/2148
f 2148/2148/2148 2076/2076/2076 2149/2149/2149
f 2076/2076/2076 2077/2077/2077 2149/2149/2149
f 2149/2149/2149 2077/2077/2077 2150/2150/2150
f 2077/2077/2077 2078/2078/2078 2150/2150/2150
f 2150/2150/2150 2078/2078/2078 2151/2151/2151
f 2078/2078/2078 2079/2079/2079 2151/2151/2151
f 2151/2151/2151 2079/2079/2079 2152/2152/2152
f 2079/2079/2079 2080/2080/2080 2152/2152/2152
f 2152/2152/2152 2080/2080/2080 2153/2153/2153
f 2080/2080/2080 2081/2081/2081 2153/2153/2153
f 2153/2153/2153 2081/2081/2081 2154/2154/2154
f 2081/2081/2081 2082/2082/2082 2154/2154/2154
f 2154/2154/2154 2082/2082/2082 2155/2155/2155
f 2082/2082/2082 2083/2083/2083 2155/2155/2155
f 2155/2155/2155 2083/2083/2083 2156/2156/2156
f 2083/2083/2083 2084/2084/2084 2156/2156/2156
f 2156/2156/2156 2084/2084/2084 2157/2157/2157
f 2084/2084/2084 2085/2085/2085 2157/2157/2157
f 2157/2157/2157 2085/2085/2085 2158/2158/2158
f 2085/2085/2085 2086/2086/2086 2158/2158/2158
f 2158/2158/2158 2086/2086/2086 2159/2159/2159
f 2086/2086/2086 2087/2087/2087 2159/2159/2159
f 2159/2159/2159 2087/2087/2087 2160/2160/2160
f 2087/2087/2087 2088/2088/2088 2160/2160/2160
f 2160/2160/2160 2088/2088/2088 2161/2161/2161
f 2088/2088/2088 2089/2089/2089 2161/2161/2161
f 2161/2161/2161 2089/2089/2089 2162/2162/2162
f 2089/2089/2089 2090/2090/2090 2162/2162/2162
f 2162/2162/2162 2090/2090/2090 2163/2163/2163
f 2090/2090/2090 2091/2091/2091 2163/2163/2163
f 2163/2163/2163 2091/2091/2091 2164/2164/2164
f 2091/2091/2091 2092/2092/2092 2164/2164/2164
f 2164/2164/2164 2092/2092/2092 2165/2165/2165
f 2092/2092/2092 2093/2093/2093 2165/2165/2165
f 2165/2165/2165 2093/2093/2093 2166/2166/2166
f 2093/2093/2093 2094/2094/2094 2166/2166/2166
f 2166/2166/2166 2094/2094/2094 2167/2167/2167
f 2094/2094/2094 2095/2095/2095 2167/2167/2167
f 2167/2167/2167 2095/2095/2095 2168/2168/2168
f 2095/2095/2095 2096/2096/2096 2168/2168/2168
f 2168/2168/2168 2096/2096/2096 2169/2169/2169
f 2096/2096/2096 2097/2097/2097 2169/2169/2169
f 2169/2169/2169 2097/2097/2097 2170/2170/2170
f 2097/2097/2097 2098/2098/2098 2170/2170/2170
f 2170/2170/2170 2098/2098/2098 2171/2171/2171
f 2098/2098/2098 2099/2099/2099 2171/2171/2171
f 2171/2171/2171 2099/2099/2099 2172/2172/2172
f 2099/2099/2099 2100/2100/2100 2172/2172/2172
f 2172/2172/2172 2100/2100/2100 2173/2173/2173
f 2100/2100/2100 2101/2101/2101 2173/2173/2173
f 2173/2173/2173 2101/2101/2101 2174/2174/2174
f 2101/2101/2101 2102/2102/2102 2174/2174/2174
f 2174/2174/2174 2102/2102/2102 2175/2175/2175
f 2102/2102/2102 2103/2103/2103 2175/2175/2175
f 2175/2175/2175 2103/2103/2103 2176/2176/2176
f 2103/2103/2103 2104/2104/2104 2176/2176/2176
f 2176/2176/2176 2104/2104/2104 2177/2177/2177
f 2104/2104/2104 2105/2105/2105 2177/2177/2177
f 2177/2177/2177 2105/2105/2105 2178/2178/2178
f 2105/2105/2105 2106/2106/2106 2178/2178/2178
f 2178/2178/2178 2106/2106/2106 2179/2179/2179
f 2106/2106/2106 2107/2107/2107 2179/2179/2179
f 2179/2179/2179 2107/2107/2107 2180/2180/2180
f 2107/2107/2107 2108/2108/2108 2180/2180/2180
f 2180/2180/2180 2108/2108/2108 2181/2181/2181
f 2108/2108/2108 2109/2109/2109 2181/2181/2181
f 2181/2181/2181 2109/2109/2109 2182/2182/2182
f 2109/2109/2109 2110/2110/2110 2182/2182/2182
f 2182/2182/2182 2110/2110/2110 2183/2183/2183
f 2110/2110/2110 2111/2111/2111 2183/2183/2183
f 2183/2183/2183 2111/2111/2111 2184/2184/2184
f 2111/2111/2111 2112/2112/2112 2184/2184/2184
f 2184/2184/2184 2112/2112/2112 2185/2185/2185
f 2112/2112/2112 2113/2113/2113 2185/2185/2185
f 2185/2185/2185 2113/2113/2113 2186/2186/2186
f 2113/2113/2113 2114/2114/2114 2186/2186/2186
f 2186/2186/2186 2114/2114/2114 2187/2187/2187
f 2114/2114/2114 2115/2115/2115 2187/2187/2187
f 2187/2187/2187 2115/2115/2115 2188/2188/2188
f 2115/2115/2115 2116/2116/2116 2188/2188/2188
f 2188/2188/2188 2116/2116/2116 2189/2189/2189
f 2116/2116/2116 2117/2117/2117 2189/2189/2189
f 2189/2189/2189 2117/2117/2117 2190/2190/2190
f 2118/2118/2118 2119/2119/2119 2191/2191/2191
f 2191/2191/2191 2119/2119/2119 2192/2192/2192
f 2119/2119/2119 2120/2120/2120 2192/2192/2192
f 2192/2192/2192 2120/2120/2120 2193/2193/2193
f 2120/2120/2120 2121/2121/2121 2193/2193/2193
f 2193/2193/2193 2121/2121/2121 2194/2194/2194
f 2121/2121/2121 2122/2122/2122 2194/2194/2194
f 2194/2194/2194 2122/2122/2122 2195/2195/2195
f 2122/2122/2122 2123/2123/2123 2195/2195/2195
f 2195/2195/2195 2123/2123/2123 2196/2196/2196
f 2123/2123/2123 2124/2124/2124 2196/2196/2196
f 2196/2196/2196 2124/2124/2124 2197/2197/2197
f 2124/2124/2124 2125/2125/2125 2197/2197/2197
f 2197/2197/2197 2125/2125/2125 2198/2198/2198
f 2125/2125/2125 2126/2126/2126 2198/2198/2198
f 2198/2198/2198 2126/2126/2126 2199/2199/2199
f 2126/2126/2126 2127/2127/2127 2199/2199/2199
f 2199/2199/2199 2127/2127/2127 2200/2200/2200
f 2127/2127/2127 2128/2128/2128 2200/2200/2200
f 2200/2200/2200 2128/2128/2128 2201/2201/2201
f 2128/2128/2128 2129/2129/2129 2201/2201/2201
f 2201/2201/2201 2129/2129/2129 2202/2202/2202
f 2129/2129/2129 2130/2130/2130 2202/2202/2202
f 2202/2202/2202 2130/2130/2130 2203/2203/2203
f 2130/2130/2130 2131/2131/2131 2203/2203/2203
f 2203/2203/2203 2131/2131/2131 2204/2204/2204
f 2131/2131/2131 2132/2132/2132 2204/2204/2204
f 2204/2204/2204 2132/2132/2132 2205/2205/2205
f 2132/2132/2132 2133/2133/2133 2205/2205/2205
f 2205/2205/2205 2133/2133/2133 2206/2206/2206
f 2133/2133/2133 2134/2134/2134 2206/2206/2206
f 2206/2206/2206 2134/2134/2134 2207/2207/2207
f 2134/2134/2134 2135/2135/2135 2207/2207/2207
f 2207/2207/2207 2135/2135/2135 2208/2208/2208
f 2135/2135/2135 2136/2136/2136 2208/2208/2208
f 2208/2208/2208 2136/2136/2136 2209/2209/2209
f 2136/2136/2136 2137/2137/2137 2209/2209/2209
f 2209/2209/2209 2137/2137/2137 2210/2210/2210
f 2137/2137/2137 2138/2138/2138 2210/2210/2210
f 2210/2210/2210 2138/2138/2138 2211/2211/2211
f 2138/2138/2138 2139/2139/2139 2211/2211/2211
f 2211/2211/2211 2139/2139/2139 2212/2212/2212
f 2139/2139/2139 2140/2140/2140 2212/2212/2212
f 2212/2212/2212 2140/2140/2140 2213/2213/2213
f 2140/2140/2140 2141/2141/2141 2213/2213/2213
f 2213/2213/2213 2141/2141/2141 2214/2214/2214
f 2141/2141/2141 2142/2142/2142 2214/2214/2214
f 2214/2214/2214 2142/2142/2142 2215/2215/2215
f 2142/2142/2142 2143/2143/2143 2215/2215/2215
f 2215/2215/2215 2143/2143/2143 2216/2216/2216
f 2143/2143/2143 2144/2144/2144 2216/2216/2216
f 2216/2216/2216 2144/2144/2144 2217/2217/2217
f 2144/2144/2144 2145/2145/2145 2217/2217/2217
f 2217/2217/2217 2145/2145/2145 2218/2218/2218
f 2145/2145/2145 2146/2146/2146 2218/2218/2218
f 2218/2218/2218 2146/2146/2146 2219/2219/2219
f 2146/2146/2146 2147/2147/2147 2219/2219/2219
f 2219/2219/2219 2147/2147/2147 2220/2220/2220
f 2147/2147/2147 2148/2148/2148 2220/2220/2220
f 2220/2220/2220 2148/2148/2148 2221/2221/2221
f 2148/2148/2148 2149/2149/2149 2221/2221/2221
f 2221/2221/2221 2149/2149/2149 2222/2222/2222
f 2149/2149/2149 2150/2150/2150 2222/2222/2222
f 2222/2222/2222 2150/2150/2150 2223/2223/2223
f 2150/2150/2150 2151/2151/2151 2223/2223/2223
f 2223/2223/2223 2151/2151/2151 2224/2224/2224
f 2151/2151/2151 2152/2152/2152 2224/2224/2224
f 2224/2224/2224 2152/2152/2152 2225/2225/2225
f 2152/2152/2152 2153/2153/2153 2225/2225/2225
f 2225/2225/2225 2153/2153/2153 2226/2226/2226
f 2153/2153/2153 2154/2154/2154 2226/2226/2226
f 2226/2226/2226 2154/2154/2154 2227/2227/2227
f 2154/2154/2154 2155/2155/2155 2227/2227/2227
f 2227/2227/2227 2155/2155/2155 2228/2228/2228
f 2155/2155/2155 2156/2156/2156 2228/2228/2228
f 2228/2228/2228 2156/2156/2156 2229/2229/2229
f 2156/2156/2156 2157/2157/2157 2229/2229/2229
f 2229/2229/2229 2157/2157/2157 2230/2230/2230
f 2157/2157/2157 2158/2158/2158 2230/2230/2230
f 2230/2230/2230 2158/2158/2158 2231/2231/2231
f 2158/2158/2158 2159/2159/2159 2231/2231/2231
f 2231/2231/2231 2159/2159/2159 2232/2232/2232
f 2159/2159/2159 2160/2160/2160 2232/2232/2232
f 2232/2232/2232 2160/2160/2160 2233/2233/2233
f 2160/2160/2160 2161/2161/2161 2233/2233/2233
f 2233/2233/2233 2161/2161/2161 2234/2234/2234
f 2161/2161/2161 2162/2162/2162 2234/2234/2234
f 2234/2234/2234 2162/2162/2162 2235/2235/2235
f 2162/2162/2162 2163/2163/2163 2235/2235/2235
f 2235/2235/2235 2163/2163/2163 2236/2236/2236
f 2163/2163/2163 2164/2164/2164 2236/2236/2236
f 2236/2236/2236 2164/2164/2164 2237/2237/2237
f 2164/2164/2164 2165/2165/2165 2237/2237/2237
f 2237/2237/2237 2165/2165/2165 2238/2238/2238
f 2165/2165/2165 2166/2166/2166 2238/2238/2238
f 2238/2238/2238 2166/2166/2166 2239/2239/2239
f 2166/2166/2166 2167/2167/2167 2239/2239/2239
f 2239/2239/2239 2167/2167/2167 2240/2240/2240
f 2167/2167/2167 2168/2168/2168 2240/2240/2240
f 2240/2240/2240 2168/2168/2168 2241/2241/2241
f 2168/2168/2168 2169/2169/2169 2241/2241/2241
f 2241/2241/2241 2169/2169/2169 2242/2242/2242
f 2169/2169/2169 2170/2170/2170 2242/2242/2242
f 2242/2242/2242 2170/2170/2170 2243/2243/2243
f 2170/2170/2170 2171/2171/2171 2243/2243/2243
f 2243/2243/2243 2171/2171/2171 2244/2244/2244
f 2171/2171/2171 2172/2172/2172 2244/2244/2244
f 2244/2244/2244 2172/2172/2172 2245/2245/2245
f 2172/2172/2172 2173/2173/2173 2245/2245/2245
f 2245/2245/2245 2173/2173/2173 2246/2246/2246
f 2173/2173/2173 2174/2174/2174 2246/2246/2246
f 2246/2246/2246 2174/2174/2174 2247/2247/2247
f 2174/2174/2174 2175/2175/2175 2247/2247/2247
f 2247/2247/2247 2175/2175/2175 2248/2248/2248
f 2175/2175/2175 2176/2176/2176 2248/2248/2248
f 2248/2248/2248 2176/2176/2176 2249/2249/2249
f 2176/2176/2176 2177/2177/2177 2249/2249/2249
f 2249/2249/2249 2177/2177/2177 2250/2250/2250
f 2177/2177/2177 2178/2178/2178 2250/2250/2250
f 2250/2250/2250 2178/2178/2178 2251/2251/2251
f 2178/2178/2178 2179/2179/2179 2251/2251/2251
f 2251/2251/2251 2179/2179/2179 2252/2252/2252
f 2179/2179/2179 2180/2180/2180 2252/2252/2252
f 2252/2252/2252 2180/2180/2180 2253/2253/2253
f 2180/2180/2180 2181/2181/2181 2253/2253/2253
f 2253/2253/2253 2181/2181/2181 2254/2254/2254
f 2181/2181/2181 2182/2182/2182 2254/2254/2254
f 2254/2254/2254 2182/2182/2182 2255/2255/2255
f 2182/2182/2182 2183/2183/2183 2255/2255/2255
f 2255/2255/2255 2183/2183/2183 2256/2256/2256
f 2183/2183/2183 2184/2184/2184 2256/2256/2256
f 2256/2256/2256 2184/2184/2184 2257/2257/2257
f 2184/2184/2184 2185/2185/2185 2257/2257/2257
f 2257/2257/2257 2185/2185/2185 2258/2258/2258
f 2185/2185/2185 2186/2186/2186 2258/2258/2258
f 2258/2258/2258 2186/2186/2186 2259/2259/2259
f 2186/2186/2186 2187/2187/2187 2259/2259/2259
f 2259/2259/2259 2187/2187/2187 2260/2260/2260
f 2187/2187/2187 2188/2188/2188 2260/2260/2260
f 2260/2260/2260 2188/2188/2188 2261/2261/2261
f 2188/2188/2188 2189/2189/2189 2261/2261/2261
f 2261/2261/2261 2189/2189/2189 2262/2262/2262
f 2189/2189/2189 2190/2190/2190 2262/2262/2262
f 2262/2262/2262 2190/2190/2190 2263/2263/2263
f 2191/2191/2191 2192/2192/2192 2264/2264/2264
f 2264/2264/2264 2192/2192/2192 2265/2265/2265
f 2192/2192/2192 2193/2193/2193 2265/2265/2265
f 2265/2265/2265 2193/2193/2193 2266/2266/2266
f 2193/2193/2193 2194/2194/2194 2266/2266/2266
f 2266/2266/2266 2194/2194/2194 2267/2267/2267
f 2194/2194/2194 2195/2195/2195 2267/2267/2267
f 2267/2267/2267 2195/2195/2195 2268/2268/2268
f 2195/2195/2195 2196/2196/2196 2268/2268/2268
f 2268/2268/2268 2196/2196/2196 2269/2269/2269
f 2196/2196/2196 2197/2197/2197 2269/2269/2269
f 2269/2269/2269 2197/2197/2197 2270/2270/2270
f 2197/2197/2197 2198/2198/2198 2270/2270/2270
f 2270/2270/2270 2198/2198/2198 2271/2271/2271
f 2198/2198/2198 2199/2199/2199 2271/2271/2271
f 2271/2271/2271 2199/2199/2199 2272/2272/2272
f 2199/2199/2199 2200/2200/2200 2272/2272/2272
f 2272/2272/2272 2200/2200/2200 2273/2273/2273
f 2200/2200/2200 2201/2201/2201 2273/2273/2273
f 2273/2273/2273 2201/2201/2201 2274/2274/2274
f 2201/2201/2201 2202/2202/2202 2274/2274/2274
f 2274/2274/2274 2202/2202/2202 2275/2275/2275
f 2202/2202/2202 2203/2203/2203 2275/2275/2275
f 2275/2275/2275 2203/2203/2203 2276/2276/2276
f 2203/2203/2203 2204/2204/2204 2276/2276/2276
f 2276/2276/2276 2204/2204/2204 2277/2277/2277
f 2204/2204/2204 2205/2205/2205 2277/2277/2277
f 2277/2277/2277 2205/2205/2205 2278/2278/2278
f 2205/2205/2205 2206/2206/2206 2278/2278/2278
f 2278/2278/2278 2206/2206/2206 2279/2279/2279
f 2206/2206/2206 2207/2207/2207 2279/2279/2279
f 2279/2279/2279 2207/2207/2207 2280/2280/2280
f 2207/2207/2207 2208/2208/2208 2280/2280/2280
f 2280/2280/2280 2208/2208/2208 2281/2281/2281
f 2208/2208/2208 2209/2209/2209 2281/2281/2281
f 2281/2281/2281 2209/2209/2209 2282/2282/2282
f 2209/2209/2209 2210/2210/2210 2282/2282/2282
f 2282/2282/2282 2210/2210/2210 2283/2283/2283
f 2210/2210/2210 2211/2211/2211 2283/2283/2283
f 2283/2283/2283 2211/2211/2211 2284/2284/2284
f 2211/2211/2211 2212/2212/2212 2284/2284/2284
f 2284/2284/2284 2212/2212/2212 2285/2285/2285
f 2212/2212/2212 2213/2213/2213 2285/2285/2285
f 2285/2285/2285 2213/2213/2213 2286/2286/2286
f 2213/2213/2213 2214/2214/2214 2286/2286/2286
f 2286/2286/2286 2214/2214/2214 2287/2287/2287
f 2214/2214/2214 2215/2215/2215 2287/2287/2287
f 2287/2287/2287 2215/2215/2215 2288/2288/2288
f 2215/2215/2215 2216/2216/2216 2288/2288/2288
f 2288/2288/2288 2216/2216/2216 2289/2289/2289
f 2216/2216/2216 2217/2217/2217 2289/2289/2289
f 2289/2289/2289 2217/2217/2217 2290/2290/2290
f 2217/2217/2217 2218/2218/2218 2290/2290/2290
f 2290/2290/2290 2218/2218/2218 2291/2291/2291
f 2218/2218/2218 2219/2219/2219 2291/2291/2291
f 2291/2291/2291 2219/2219/2219 2292/2292/2292
f 2219/2219/2219 2220/2220/2220 2292/2292/2292
f 2292/2292/2292 2220/2220/2220 2293/2293/2293
f 2220/2220/2220 2221/2221/2221 2293/2293/2293
f 2293/2293/2293 2221/2221/2221 2294/2294/2294
f 2221/2221/2221 2222/2222/2222 2294/2294/2294
f 2294/2294/2294 2222/2222/2222 2295/2295/2295
f 2222/2222/2222 2223/2223/2223 2295/2295/2295
f 2295/2295/2295 2223/2223/2223 2296/2296/2296
f 2223/2223/2223 2224/2224/2224 2296/2296/2296
f 2296/2296/2296 2224/2224/2224 2297/2297/2297
f 2224/2224/2224 2225/2225/2225 2297/2297/2297
f 2297/2297/2297 2225/2225/2225 2298/2298/2298
f 2225/2225/2225 2226/2226/2226 2298/2298/2298
f 2298/2298/2298 2226/2226/2226 2299/2299/2299
f 2226/2226/2226 2227/2227/2227 2299/2299/2299
f 2299/2299/2299 2227/2227/2227 2300/2300/2300
f 2227/2227/2227 2228/2228/2228 2300/2300/2300
f 2300/2300/2300 2228/2228/2228 2301/2301/2301
f 2228/2228/2228 2229/2229/2229 2301/2301/2301
f 2301/2301/2301 2229/2229/2229 2302/2302/2302
f 2229/2229/2229 2230/2230/2230 2302/2302/2302
f 2302/2302/2302 2230/2230/2230 2303/2303/2303
f 2230/2230/2230 2231/2231/2231 2303/2303/2303
f 2303/2303/2303 2231/2231/2231 2304/2304/2304
f 2231/2231/2231 2232/2232/2232 2304/2304/2304
f 2304/2304/2304 2232/2232/2232 2305/2305/2305
f 2232/2232/2232 2233/2233/2233 2305/2305/2305
f 2305/2305/2305 2233/2233/2233 2306/2306/2306
f 2233/2233/2233 2234/2234/2234 2306/2306/2306
f 2306/2306/2306 2234/2234/2234 2307/2307/2307
f 2234/2234/2234 2235/2235/2235 2307/2307/2307
f 2307/2307/2307 2235/2235/2235 2308/2308/2308
f 2235/2235/2235 2236/2236/2236 2308/2308/2308
f 2308/2308/2308 2236/2236/2236 2309/2309/2309
f 2236/2236/2236 2237/2237/2237 2309/2309/2309
f 2309/2309/2309 2237/2237/2237 2310/2310/2310
f 2237/2237/2237 2238/2238/2238 2310/2310/2310
f 2310/2310/2310 2238/2238/2238 2311/2311/2311
f 2238/2238/2238 2239/2239/2239 2311/2311/2311
f 2311/2311/2311 2239/2239/2239 2312/2312/2312
f 2239/2239/2239 2240/2240/2240 2312/2312/2312
f 2312/2312/2312 2240/2240/2240 2313/2313/2313
f 2240/2240/2240 2241/2241/2241 2313/2313/2313
f 2313/2313/2313 2241/2241/2241 2314/2314/2314
f 2241/2241/2241 2242/2242/2242 2314/2314/2314
f 2314/2314/2314 2242/2242/2242 2315/2315/2315
f 2242/2242/2242 2243/2243/2243 2315/2315/2315
f 2315/2315/2315 2243/2243/2243 2316/2316/2316
f 2243/2243/2243 2244/2244/2244 2316/2316/2316
f 2316/2316/2316 2244/2244/2244 2317/2317/2317
f 2244/2244/2244 2245/2245/2245 2317/2317/2317
f 2317/2317/2317 2245/2245/2245 2318/2318/2318
f 2245/2245/2245 2246/2246/2246 2318/2318/2318
f 2318/2318/2318 2246/2246/2246 2319/2319/2319
f 2246/2246/2246 2247/2247/2247 2319/2319/2319
f 2319/2319/2319 2247/2247/2247 2320/2320/2320
f 2247/2247/2247 2248/2248/2248 2320/2320/2320
f 2320/2320/2320 2248/2248/2248 2321/2321/2321
f 2248/2248/2248 2249/2249/2249 2321/2321/2321
f 2321/2321/2321 2249/2249/2249 2322/2322/2322
f 2249/2249/2249 2250/2250/2250 2322/2322/2322
f 2322/2322/2322 2250/2250/2250 2323/2323/2323
f 2250/2250/2250 2251/2251/2251 2323/2323/2323
f 2323/2323/2323 2251/2251/2251 2324/2324/2324
f 2251/2251/2251 2252/2252/2252 2324/2324/2324
f 2324/2324/2324 2252/2252/2252 2325/2325/2325
f 2252/2252/2252 2253/2253/2253 2325/2325/2325
f 2325/2325/2325 2253/2253/2253 2326/2326/2326
f 2253/2253/2253 2254/2254/2254 2326/2326/2326
f 2326/2326/2326 2254/2254/2254 2327/2327/2327
f 2254/2254/2254 2255/2255/2255 2327/2327/2327
f 2327/2327/2327 2255/2255/2255 2328/2328/2328
f 2255/2255/2255 2256/2256/2256 2328/2328/2328
f 2328/2328/2328 2256/2256/2256 2329/2329/2329
f 2256/2256/2256 2257/2257/2257 2329/2329/2329
f 2329/2329/2329 2257/2257/2257 2330/2330/2330
f 2257/2257/2257 2258/2258/2258 2330/2330/2330
f 2330/2330/2330 2258/2258/2258 2331/2331/2331
f 2258/2258/2258 2259/2259/2259 2331/2331/2331
f 2331/2331/2331 2259/2259/2259 2332/2332/2332
f 2259/2259/2259 2260/2260/2260 2332/2332/2332
f 2332/2332/2332 2260/2260/2260 2333/2333/2333
f 2260/2260/2260 2261/2261/2261 2333/2333/2333
f 2333/2333/2333 2261/2261/2261 2334/2334/2334
f 2261/2261/2261 2262/2262/2262 2334/2334/2334
f 2334/2334/2334 2262/2262/2262 2335/2335/2335
f 2262/2262/2262 2263/2263/2263 2335/2335/2335
f 2335/2335/2335 2263/2263/2263 2336/2336/2336
f 2264/2264/2264 2265/2265/2265 2337/2337/2337
f 2337/2337/2337 2265/2265/2265 2338/2338/2338
f 2265/2265/2265 2266/2266/2266 2338/2338/2338
f 2338/2338/2338 2266/2266/2266 2339/2339/2339
f 2266/2266/2266 2267/2267/2267 2339/2339/2339
f 2339/2339/2339 2267/2267/2267 2340/2340/2340
f 2267/2267/2267 2268/2268/2268 2340/2340/2340
f 2340/2340/2340 2268/2268/2268 2341/2341/2341
f 2268/2268/2268 2269/2269/2269 2341/2341/2341
f 2341/2341/2341 2269/2269/2269 2342/2342/2342
f 2269/2269/2269 2270/2270/2270 2342/2342/2342
f 2342/2342/2342 2270/2270/2270 2343/2343/2343
f 2270/2270/2270 2271/2271/2271 2343/2343/2343
f 2343/2343/2343 2271/2271/2271 2344/2344/2344
f 2271/2271/2271 2272/2272/2272 2344/2344/2344
f 2344/2344/2344 2272/2272/2272 2345/2345/2345
f 2272/2272/2272 2273/2273/2273 2345/2345/2345
f 2345/2345/2345 2273/2273/2273 2346/2346/2346
f 2273/2273/2273 2274/2274/2274 2346/2346/2346
f 2346/2346/2346 2274/2274/2274 2347/2347/2347
f 2274/2274/2274 2275/2275/2275 2347/2347/2347
f 2347/2347/2347 2275/2275/2275 2348/2348/2348
f 2275/2275/2275 2276/2276/2276 2348/2348/2348
f 2348/2348/2348 2276/2276/2276 2349/2349/2349
f 2276/2276/2276 2277/2277/2277 2349/2349/2349
f 2349/2349/2349 2277/2277/2277 2350/2350/2350
f 2277/2277/2277 2278/2278/2278 2350/2350/2350
f 2350/2350/2350 2278/2278/2278 2351/2351/2351
f 2278/2278/2278 2279/2279/2279 2351/2351/2351
f 2351/2351/2351 2279/2279/2279 2352/2352/2352
f 2279/2279/2279 2280/2280/2280 2352/2352/2352
f 2352/2352/2352 2280/2280/2280 2353/2353/2353
f 2280/2280/2280 2281/2281/2281 2353/2353/2353
f 2353/2353/2353 2281/2281/2281 2354/2354/2354
f 2281/2281/2281 2282/2282/2282 2354/2354/2354
f 2354/2354/2354 2282/2282/2282 2355/2355/2355
f 2282/2282/2282 2283/2283/2283 2355/2355/2355
f 2355/2355/2355 2283/2283/2283 2356/2356/2356
f 2283/2283/2283 2284/2284/2284 2356/2356/2356
f 2356/2356/2356 2284/2284/2284 2357/2357/2357
f 2284/2284/2284 2285/2285/2285 2357/2357/2357
f 2357/2357/2357 2285/2285/2285 2358/2358/2358
f 2285/2285/2285 2286/2286/2286 2358/2358/2358
f 2358/2358/2358 2286/2286/2286 2359/2359/2359
f 2286/2286/2286 2287/2287/2287 2359/2359/2359
f 2359/2359/2359 2287/2287/2287 2360/2360/2360
f 2287/2287/2287 2288/2288/2288 2360/2360/2360
f 2360/2360/2360 2288/2288/2288 2361/2361/2361
f 2288/2288/2288 2289/2289/2289 2361/2361/2361
f 2361/2361/2361 2289/2289/2289 2362/2362/2362
f 2289/2289/2289 2290/2290/2290 2362/2362/2362
f 2362/2362/2362 2290/2290/2290 2363/2363/2363
f 2290/2290/2290 2291/2291/2291 2363/2363/2363
f 2363/2363/2363 2291/2291/2291 2364/2364/2364
f 2291/2291/2291 2292/2292/2292 2364/2364/2364
f 2364/2364/2364 2292/2292/2292 2365/2365/2365
f 2292/2292/2292 2293/2293/2293 2365/2365/2365
f 2365/2365/2365 2293/2293/2293 2366/2366/2366
f 2293/2293/2293 2294/2294/2294 2366/2366/2366
f 2366/2366/2366 2294/2294/2294 2367/2367/2367
f 2294/2294/2294 2295/2295/2295 2367/2367/2367
f 2367/2367/2367 2295/2295/2295 2368/2368/2368
f 2295/2295/2295 2296/2296/2296 2368/2368/2368
f 2368/2368/2368 2296/2296/2296 2369/2369/2369
f 2296/2296/2296 2297/2297/2297 2369/2369/2369
f 2369/2369/2369 2297/2297/2297 2370/2370/2370
f 2297/2297/2297 2298/2298/2298 2370/2370/2370
f 2370/2370/2370 2298/2298/2298 2371/2371/2371
f 2298/2298/2298 2299/2299/2299 2371/2371/2371
f 2371/2371/2371 2299/2299/2299 2372/2372/2372
f 2299/2299/2299 2300/2300/2300 2372/2372/2372
f 2372/2372/2372 2300/2300/2300 2373/2373/2373
f 2300/2300/2300 2301/2301/2301 2373/2373/2373
f 2373/2373/2373 2301/2301/2301 2374/2374/2374
f 2301/2301/2301 2302/2302/2302 2374/2374/2374
f 2374/2374/2374 2302/2302/2302 2375/2375/2375
f 2302/2302/2302 2303/2303/2303 2375/2375/2375
f 2375/2375/2375 2303/2303/2303 2376/2376/2376
f 2303/2303/2303 2304/2304/2304 2376/2376/2376
f 2376/2376/2376 2304/2304/2304 2377/2377/2377
f 2304/2304/2304 2305/2305/2305 2377/2377/2377
f 2377/2377/2377 2305/2305/2305 2378/2378/2378
f 2305/2305/2305 2306/2306/2306 2378/2378/2378
f 2378/2378/2378 2306/2306/2306 2379/2379/2379
f 2306/2306/2306 2307/2307/2307 2379/2379/2379
f 2379/2379/2379 2307/2307/2307 2380/2380/2380
f 2307/2307/2307 2308/2308/2308 2380/2380/2380
f 2380/2380/2380 2308/2308/2308 2381/2381/2381
f 2308/2308/2308 2309/2309/2309 2381/2381/2381
f 2381/2381/2381 2309/2309/2309 2382/2382/2382
f 2309/2309/2309 2310/2310/2310 2382/2382/2382
f 2382/2382/2382 2310/2310/2310 2383/2383/2383
f 2310/2310/2310 2311/2311/2311 2383/2383/2383
f 2383/2383/2383 2311/2311/2311 2384/2384/2384
f 2311/2311/2311 2312/2312/2312 2384/2384/2384
f 2384/2384/2384 2312/2312/2312 2385/2385/2385
f 2312/2312/2312 2313/2313/2313 2385/2385/2385
f 2385/2385/2385 2313/2313/2313 2386/2386/2386
f 2313/2313/2313 2314/2314/2314 2386/2386/2386
f 2386/2386/2386 2314/2314/2314 2387/2387/2387
f 2314/2314/2314 2315/2315/2315 2387/2387/2387
f 2387/2387/2387 2315/2315/2315 2388/2388/2388
f 2315/2315/2315 2316/2316/2316 2388/2388/2388
f 2388/2388/2388 2316/2316/2316 2389/2389/2389
f 2316/2316/2316 2317/2317/2317 2389/2389/2389
f 2389/2389/2389 2317/2317/2317 2390/2390/2390
f 2317/2317/2317 2318/2318/2318 2390/2390/2390
f 2390/2390/2390 2318/2318/2318 2391/2391/2391
f 2318/2318/2318 2319/2319/2319 2391/2391/2391
f 2391/2391/2391 2319/2319/2319 2392/2392/2392
f 2319/2319/2319 2320/2320/2320 2392/2392/2392
f 2392/2392/2392 2320/2320/2320 2393/2393/2393
f 2320/2320/2320 2321/2321/2321 2393/2393/2393
f 2393/2393/2393 2321/2321/2321 2394/2394/2394
f 2321/2321/2321 2322/2322/2322 2394/2394/2394
f 2394/2394/2394 2322/2322/2322 2395/2395/2395
f 2322/2322/2322 2323/2323/2323 2395/2395/2395
f 2395/2395/2395 2323/2323/2323 2396/2396/2396
f 2323/2323/2323 2324/2324/2324 2396/2396/2396
f 2396/2396/2396 2324/2324/2324 2397/2397/2397
f 2324/2324/2324 2325/2325/2325 2397/2397/2397
f 2397/2397/2397 2325/2325/2325 2398/2398/2398
f 2325/2325/2325 2326/2326/2326 2398/2398/2398
f 2398/2398/2398 2326/2326/2326 2399/2399/2399
f 2326/2326/2326 2327/2327/2327 2399/2399/2399
f 2399/2399/2399 2327/2327/2327 2400/2400/2400
f 2327/2327/2327 2328/2328/2328 2400/2400/2400
f 2400/2400/2400 2328/2328/2328 2401/2401/2401
f 2328/2328/2328 2329/2329/2329 2401/2401/2401
f 2401/2401/2401 2329/2329/2329 2402/2402/2402
f 2329/2329/2329 2330/2330/2330 2402/2402/2402
f 2402/2402/2402 2330/2330/2330 2403/2403/2403
f 2330/2330/2330 2331/2331/2331 2403/2403/2403
f 2403/2403/2403 2331/2331/2331 2404/2404/2404
f 2331/2331/2331 2332/2332/2332 2404/2404/2404
f 2404/2404/2404 2332/2332/2332 2405/2405/2405
f 2332/2332/2332 2333/2333/2333 2405/2405/2405
f 2405/2405/2405 2333/2333/2333 2406/2406/2406
f 2333/2333/2333 2334/2334/2334 2406/2406/2406
f 2406/2406/2406 2334/2334/2334 2407/2407/2407
f 2334/2334/2334 2335/2335/2335 2407/2407/2407
f 2407/2407/2407 2335/2335/2335 2408/2408/2408
f 2335/2335/2335 2336/2336/2336 2408/2408/2408
f 2408/2408/2408 2336/2336/2336 2409/2409/2409
f 2337/2337/2337 2338/2338/2338 2410/2410/2410
f 2410/2410/2410 2338/2338/2338 2411/2411/2411
f 2338/2338/2338 2339/2339/2339 2411/2411/2411
f 2411/2411/2411 2339/2339/2339 2412/2412/2412
f 2339/2339/2339 2340/2340/2340 2412/2412/2412
f 2412/2412/2412 2340/2340/2340 2413/2413/2413
f 2340/2340/2340 2341/2341/2341 2413/2413/2413
f 2413/2413/2413 2341/2341/2341 2414/2414/2414
f 2341/2341/2341 2342/2342/2342 2414/2414/2414
f 2414/2414/2414 2342/2342/2342 2415/2415/2415
f 2342/2342/2342 2343/2343/2343 2415/2415/2415
f 2415/2415/2415 2343/2343/2343 2416/2416/2416
f 2343/2343/2343 2344/2344/2344 2416/2416/2416
f 2416/2416/2416 2344/2344/2344 2417/2417/2417
f 2344/2344/2344 2345/2345/2345 2417/2417/2417
f 2417/2417/2417 2345/2345/2345 2418/2418/2418
f 2345/2345/2345 2346/2346/2346 2418/2418/2418
f 2418/2418/2418 2346/2346/2346 2419/2419/2419
f 2346/2346/2346 2347/2347/2347 2419/2419/2419
f 2419/2419/2419 2347/2347/2347 2420/2420/2420
f 2347/2347/2347 2348/2348/2348 2420/2420/2420
f 2420/2420/2420 2348/2348/2348 2421/2421/2421
f 2348/2348/2348 2349/2349/2349 2421/2421/2421
f 2421/2421/2421 2349/2349/2349 2422/2422/2422
f 2349/2349/2349 2350/2350/2350 2422/2422/2422
f 2422/2422/2422 2350/2350/2350 2423/2423/2423
f 2350/2350/2350 2351/2351/2351 2423/2423/2423
f 2423/2423/2423 2351/2351/2351 2424/2424/2424
f 2351/2351/2351 2352/2352/2352 2424/2424/2424
f 2424/2424/2424 2352/2352/2352 2425/2425/2425
f 2352/2352/2352 2353/2353/2353 2425/2425/2425
f 2425/2425/2425 2353/2353/2353 2426/2426/2426
f 2353/2353/2353 2354/2354/2354 2426/2426/2426
f 2426/2426/2426 2354/2354/2354 2427/2427/2427
f 2354/2354/2354 2355/2355/2355 2427/2427/2427
f 2427/2427/2427 2355/2355/2355 2428/2428/2428
f 2355/2355/2355 2356/2356/2356 2428/2428/2428
f 2428/2428/2428 2356/2356/2356 2429/2429/2429
f 2356/2356/2356 2357/2357/2357 2429/2429/2429
f 2429/2429/2429 2357/2357/2357 2430/2430/2430
f 2357/2357/2357 2358/2358/2358 2430/2430/2430
f 2430/2430/2430 2358/2358/2358 2431/2431/2431
f 2358/2358/2358 2359/2359/2359 2431/2431/2431
f 2431/2431/2431 2359/2359/2359 2432/2432/2432
f 2359/2359/2359 2360/2360/2360 2432/2432/2432
f 2432/2432/2432 2360/2360/2360 2433/2433/2433
f 2360/2360/2360 2361/2361/2361 2433/2433/2433
f 2433/2433/2433 2361/2361/2361 2434/2434/2434
f 2361/2361/2361 2362/2362/2362 2434/2434/2434
f 2434/2434/2434 2362/2362/2362 2435/2435/2435
f 2362/2362/2362 2363/2363/2363 2435/2435/2435
f 2435/2435/2435 2363/2363/2363 2436/2436/2436
f 2363/2363/2363 2364/2364/2364 2436/2436/2436
f 2436/2436/2436 2364/2364/2364 2437/2437/2437
f 2364/2364/2364 2365/2365/2365 2437/2437/2437
f 2437/2437/2437 2365/2365/2365 2438/2438/2438
f 2365/2365/2365 2366/2366/2366 2438/2438/2438
f 2438/2438/2438 2366/2366/2366 2439/2439/2439
f 2366/2366/2366 2367/2367/2367 2439/2439/2439
f 2439/2439/2439 2367/2367/2367 2440/2440/2440
f 2367/2367/2367 2368/2368/2368 2440/2440/2440
f 2440/2440/2440 2368/2368/2368 2441/2441/2441
f 2368/2368/2368 2369/2369/2369 2441/2441/2441
f 2441/2441/2441 2369/2369/2369 2442/2442/2442
f 2369/2369/2369 2370/2370/2370 2442/2442/2442
f 2442/2442/2442 2370/2370/2370 2443/2443/2443
f 2370/2370/2370 2371/2371/2371 2443/2443/2443
f 2443/2443/2443 2371/2371/2371 2444/2444/2444
f 2371/2371/2371 2372/2372/2372 2444/2444/2444
f 2444/2444/2444 2372/2372/2372 2445/2445/2445
f 2372/2372/2372 2373/2373/2373 2445/2445/2445
f 2445/2445/2445 2373/2373/2373 2446/2446/2446
f 2373/2373/2373 2374/2374/2374 2446/2446/2446
f 2446/2446/2446 2374/2374/2374 2447/2447/2447
f 2374/2374/2374 2375/2375/2375 2447/2447/2447
f 2447/2447/2447 2375/2375/2375 2448/2448/2448
f 2375/2375/2375 2376/2376/2376 2448/2448/2448
f 2448/2448/2448 2376/2376/2376 2449/2449/2449
f 2376/2376/2376 2377/2377/2377 2449/2449/2449
f 2449/2449/2449 2377/2377/2377 2450/2450/2450
f 2377/2377/2377 2378/2378/2378 2450/2450/2450
f 2450/2450/2450 2378/2378/2378 2451/2451/2451
f 2378/2378/2378 2379/2379/2379 2451/2451/2451
f 2451/2451/2451 2379/2379/2379 2452/2452/2452
f 2379/2379/2379 2380/2380/2380 2452/2452/2452
f 2452/2452/2452 2380/2380/2380 2453/2453/2453
f 2380/2380/2380 2381/2381/2381 2453/2453/2453
f 2453/2453/2453 2381/2381/2381 2454/2454/2454
f 2381/2381/2381 2382/2382/2382 2454/2454/2454
f 2454/2454/2454 2382/2382/2382 2455/2455/2455
f 2382/2382/2382 2383/2383/2383 2455/2455/2455
f 2455/2455/2455 2383/2383/2383 2456/2456/2456
f 2383/2383/2383 2384/2384/2384 2456/2456/2456
f 2456/2456/2456 2384/2384/2384 2457/2457/2457
f 2384/2384/2384 2385/2385/2385 2457/2457/2457
f 2457/2457/2457 2385/2385/2385 2458/2458/2458
f 2385/2385/2385 2386/2386/2386 2458/2458/2458
f 2458/2458/2458 2386/2386/2386 2459/2459/2459
f 2386/2386/2386 2387/2387/2387 2459/2459/2459
f 2459/2459/2459 2387/2387/2387 2460/2460/2460
f 2387/2387/2387 2388/2388/2388 2460/2460/2460
f 2460/2460/2460 2388/2388/2388 2461/2461/2461
f 2388/2388/2388 2389/2389/2389 2461/2461/2461
f 2461/2461/2461 2389/2389/2389 2462/2462/2462
f 2389/2389/2389 2390/2390/2390 2462/2462/2462
f 2462/2462/2462 2390/2390/2390 2463/2463/2463
f 2390/2390/2390 2391/2391/2391 2463/2463/2463
f 2463/2463/2463 2391/2391/2391 2464/2464/2464
f 2391/2391/2391 2392/2392/2392 2464/2464/2464
f 2464/2464/2464 2392/2392/2392 2465/2465/2465
f 2392/2392/2392 2393/2393/2393 2465/2465/2465
f 2465/2465/2465 2393/2393/2393 2466/2466/2466
f 2393/2393/2393 2394/2394/2394 2466/2466/2466
f 2466/2466/2466 2394/2394/2394 2467/2467/2467
f 2394/2394/2394 2395/2395/2395 2467/2467/2467
f 2467/2467/2467 2395/2395/2395 2468/2468/2468
f 2395/2395/2395 2396/2396/2396 2468/2468/2468
f 2468/2468/2468 2396/2396/2396 2469/2469/2469
f 2396/2396/2396 2397/2397/2397 2469/2469/2469
f 2469/2469/2469 2397/2397/2397 2470/2470/2470
f 2397/2397/2397 2398/2398/2398 2470/2470/2470
f 2470/2470/2470 2398/2398/2398 2471/2471/2471
f 2398/2398/2398 2399/2399/2399 2471/2471/2471
f 2471/2471/2471 2399/2399/2399 2472/2472/2472
f 2399/2399/2399 2400/2400/2400 2472/2472/2472
f 2472/2472/2472 2400/2400/2400 2473/2473/2473
f 2400/2400/2400 2401/2401/2401 2473/2473/2473
f 2473/2473/2473 2401/2401/2401 2474/2474/2474
f 2401/2401/2401 2402/2402/2402 2474/2474/2474
f 2474/2474/2474 2402/2402/2402 2475/2475/2475
f 2402/2402/2402 2403/2403/2403 2475/2475/2475
f 2475/2475/2475 2403/2403/2403 2476/2476/2476
f 2403/2403/2403 2404/2404/2404 2476/2476/2476
f 2476/2476/2476 2404/2404/2404 2477/2477/2477
f 2404/2404/2404 2405/2405/2405 2477/2477/2477
f 2477/2477/2477 2405/2405/2405 2478/2478/2478
f 2405/2405/2405 2406/2406/2406 2478/2478/2478
f 2478/2478/2478 2406/2406/2406 2479/2479/2479
f 2406/2406/2406 2407/2407/2407 2479/2479/2479
f 2479/2479/2479 2407/2407/2407 2480/2480/2480
f 2407/2407/2407 2408/2408/2408 2480/2480/2480
f 2480/2480/2480 2408/2408/2408 2481/2481/2481
f 2408/2408/2408 2409/2409/2409 2481/2481/2481
f 2481/2481/2481 2409/2409/2409 2482/2482/2482
f 2410/2410/2410 2411/2411/2411 2483/2483/2483
f 2483/2483/2483 2411/2411/2411 2484/2484/2484
f 2411/2411/2411 2412/2412/2412 2484/2484/2484
f 2484/2484/2484 2412/2412/2412 2485/2485/2485
f 2412/2412/2412 2413/2413/2413 2485/2485/2485
f 2485/2485/2485 2413/2413/2413 2486/2486/2486
f 2413/2413/2413 2414/2414/2414 2486/2486/2486
f 2486/2486/2486 2414/2414/2414 2487/2487/2487
f 2414/2414/2414 2415/2415/2415 2487/2487/2487
f 2487/2487/2487 2415/2415/2415 2488/2488/2488
f 2415/2415/2415 2416/2416/2416 2488/2488/2488
f 2488/2488/2488 2416/2416/2416 2489/2489/2489
f 2416/2416/2416 2417/2417/2417 2489/2489/2489
f 2489/2489/2489 2417/2417/2417 2490/2490/2490
f 2417/2417/2417 2418/2418/2418 2490/2490/2490
f 2490/2490/2490 2418/2418/2418 2491/2491/2491
f 2418/2418/2418 2419/2419/2419 2491/2491/2491
f 2491/2491/2491 2419/2419/2419 2492/2492/2492
f 2419/2419/2419 2420/2420/2420 2492/2492/2492
f 2492/2492/2492 2420/2420/2420 2493/2493/2493
f 2420/2420/2420 2421/2421/2421 2493/2493/2493
f 2493/2493/2493 2421/2421/2421 2494/2494/2494
f 2421/2421/2421 2422/2422/2422 2494/2494/2494
f 2494/2494/2494 2422/2422/2422 2495/2495/2495
f 2422/2422/2422 2423/2423/2423 2495/2495/2495
f 2495/2495/2495 2423/2423/2423 2496/2496/2496
f 2423/2423/2423 2424/2424/2424 2496/2496/2496
f 2496/2496/2496 2424/2424/2424 2497/2497/2497
f 2424/2424/2424 2425/2425/2425 2497/2497/2497
f 2497/2497/2497 2425/2425/2425 2498/2498/2498
f 2425/2425/2425 2426/2426/2426 2498/2498/2498
f 2498/2498/2498 2426/2426/2426 2499/2499/2499
f 2426/2426/2426 2427/2427/2427 2499/2499/2499
f 2499/2499/2499 2427/2427/2427 2500/2500/2500
f 2427/2427/2427 2428/2428/2428 2500/2500/2500
f 2500/2500/2500 2428/2428/2428 2501/2501/2501
f 2428/2428/2428 2429/2429/2429 2501/2501/2501
f 2501/2501/2501 2429/2429/2429 2502/2502/2502
f 2429/2429/2429 2430/2430/2430 2502/2502/2502
f 2502/2502/2502 2430/2430/2430 2503/2503/2503
f 2430/2430/2430 2431/2431/2431 2503/2503/2503
f 2503/2503/2503 2431/2431/2431 2504/2504/2504
f 2431/2431/2431 2432/2432/2432 2504/2504/2504
f 2504/2504/2504 2432/2432/2432 2505/2505/2505
f 2432/2432/2432 2433/2433/2433 2505/2505/2505
f 2505/2505/2505 2433/2433/2433 2506/2506/2506
f 2433/2433/2433 2434/2434/2434 2506/2506/2506
f 2506/2506/2506 2434/2434/2434 2507/2507/2507
f 2434/2434/2434 2435/2435/2435 2507/2507/2507
f 2507/2507/2507 2435/2435/2435 2508/2508/2508
f 2435/2435/2435 2436/2436/2436 2508/2508/2508
f 2508/2508/2508 2436/2436/2436 2509/2509/2509
f 2436/2436/2436 2437/2437/2437 2509/2509/2509
f 2509/2509/2509 2437/2437/2437 2510/2510/2510
f 2437/2437/2437 2438/2438/2438 2510/2510/2510
f 2510/2510/2510 2438/2438/2438 2511/2511/2511
f 2438/2438/2438 2439/2439/2439 2511/2511/2511
f 2511/2511/2511 2439/2439/2439 2512/2512/2512
f 2439/2439/2439 2440/2440/2440 2512/2512/2512
f 2512/2512/2512 2440/2440/2440 2513/2513/2513
f 2440/2440/2440 2441/2441/2441 2513/2513/2513
f 2513/2513/2513 2441/2441/2441 2514/2514/2514
f 2441/2441/2441 2442/2442/2442 2514/2514/2514
f 2514/2514/2514 2442/2442/2442 2515/2515/2515
f 2442/2442/2442 2443/2443/2443 2515/2515/2515
f 2515/2515/2515 2443/2443/2443 2516/2516/2516
f 2443/2443/2443 2444/2444/2444 2516/2516/2516
f 2516/2516/2516 2444/2444/2444 2517/2517/2517
f 2444/2444/2444 2445/2445/2445 2517/2517/2517
f 2517/2517/2517 2445/2445/2445 2518/2518/2518
f 2445/2445/2445 2446/2446/2446 2518/2518/2518
f 2518/2518/2518 2446/2446/2446 2519/2519/2519
f 2446/2446/2446 2447/2447/2447 2519/2519/2519
f 2519/2519/2519 2447/2447/2447 2520/2520/2520
f 2447/2447/2447 2448/2448/2448 2520/2520/2520
f 2520/2520/2520 2448/2448/2448 2521/2521/2521
f 2448/2448/2448 2449/2449/2449 2521/2521/2521
f 2521/2521/2521 2449/2449/2449 2522/2522/2522
f 2449/2449/2449 2450/2450/2450 2522/2522/2522
f 2522/2522/2522 2450/2450/2450 2523/2523/2523
f 2450/2450/2450 2451/2451/2451 2523/2523/2523
f 2523/2523/2523 2451/2451/2451 2524/2524/2524
f 2451/2451/2451 2452/2452/2452 2524/2524/2524
f 2524/2524/2524 2452/2452/2452 2525/2525/2525
f 2452/2452/2452 2453/2453/2453 2525/2525/2525
f 2525/2525/2525 2453/2453/2453 2526/2526/2526
f 2453/2453/2453 2454/2454/2454 2526/2526/2526
f 2526/2526/2526 2454/2454/2454 2527/2527/2527
f 2454/2454/2454 2455/2455/2455 2527/2527/2527
f 2527/2527/2527 2455/2455/2455 2528/2528/2528
f 2455/2455/2455 2456/2456/2456 2528/2528/2528
f 2528/2528/2528 2456/2456/2456 2529/2529/2529
f 2456/2456/2456 2457/2457/2457 2529/2529/2529
f 2529/2529/2529 2457/2457/2457 2530/2530/2530
f 2457/2457/2457 2458/2458/2458 2530/2530/2530
f 2530/2530/2530 2458/2458/2458 2531/2531/2531
f 2458/2458/2458 2459/2459/2459 2531/2531/2531
f 2531/2531/2531 2459/2459/2459 2532/2532/2532
f 2459/2459/2459 2460/2460/2460 2532/2532/2532
f 2532/2532/2532 2460/2460/2460 2533/2533/2533
f 2460/2460/2460 2461/2461/2461 2533/2533/2533
f 2533/2533/2533 2461/2461/2461 2534/2534/2534
f 2461/2461/2461 2462/2462/2462 2534/2534/2534
f 2534/2534/2534 2462/2462/2462 2535/2535/2535
f 2462/2462/2462 2463/2463/2463 2535/2535/2535
f 2535/2535/2535 2463/2463/2463 2536/2536/2536
f 2463/2463/2463 2464/2464/2464 2536/2536/2536
f 2536/2536/2536 2464/2464/2464 2537/2537/2537
f 2464/2464/2464 2465/2465/2465 2537/2537/2537
f 2537/2537/2537 2465/2465/2465 2538/2538/2538
f 2465/2465/2465 2466/2466/2466 2538/2538/2538
f 2538/2538/2538 2466/2466/2466 2539/2539/2539
f 2466/2466/2466 2467/2467/2467 2539/2539/2539
f 2539/2539/2539 2467/2467/2467 2540/2540/2540
f 2467/2467/2467 2468/2468/2468 2540/2540/2540
f 2540/2540/2540 2468/2468/2468 2541/2541/2541
f 2468/2468/2468 2469/2469/2469 2541/2541/2541
f 2541/2541/2541 2469/2469/2469 2542/2542/2542
f 2469/2469/2469 2470/2470/2470 2542/2542/2542
f 2542/2542/2542 2470/2470/2470 2543/2543/2543
f 2470/2470/2470 2471/2471/2471 2543/2543/2543
f 2543/2543/2543 2471/2471/2471 2544/2544/2544
f 2471/2471/2471 2472/2472/2472 2544/2544/2544
f 2544/2544/2544 2472/2472/2472 2545/2545/2545
f 2472/2472/2472 2473/2473/2473 2545/2545/2545
f 2545/2545/2545 2473/2473/2473 2546/2546/2546
f 2473/2473/2473 2474/2474/2474 2546/2546/2546
f 2546/2546/2546 2474/2474/2474 2547/2547/2547
f 2474/2474/2474 2475/2475/2475 2547/2547/2547
f 2547/2547/2547 2475/2475/2475 2548/2548/2548
f 2475/2475/2475 2476/2476/2476 2548/2548/2548
f 2548/2548/2548 2476/2476/2476 2549/2549/2549
f 2476/2476/2476 2477/2477/2477 2549/2549/2549
f 2549/2549/2549 2477/2477/2477 2550/2550/2550
f 2477/2477/2477 2478/2478/2478 2550/2550/2550
f 2550/2550/2550 2478/2478/2478 2551/2551/2551
f 2478/2478/2478 2479/2479/2479 2551/2551/2551
f 2551/2551/2551 2479/2479/2479 2552/2552/2552
f 2479/2479/2479 2480/2480/2480 2552/2552/2552
f 2552/2552/2552 2480/2480/2480 2553/2553/2553
f 2480/2480/2480 2481/2481/2481 2553/2553/2553
f 2553/2553/2553 2481/2481/2481 2554/2554/2554
f 2481/2481/2481 2482/2482/2482 2554/2554/2554
f 2554/2554/2554 2482/2482/2482 2555/2555/2555
f 2483/2483/2483 2484/2484/2484 2556/2556/2556
f 2556/2556/2556 2484/2484/2484 2557/2557/2557
f 2484/2484/2484 2485/2485/2485 2557/2557/2557
f 2557/2557/2557 2485/2485/2485 2558/2558/2558
f 2485/2485/2485 2486/2486/2486 2558/2558/2558
f 2558/2558/2558 2486/2486/2486 2559/2559/2559
f 2486/2486/2486 2487/2487/2487 2559/2559/2559
f 2559/2559/2559 2487/2487/2487 2560/2560/2560
f 2487/2487/2487 2488/2488/2488 2560/2560/2560
f 2560/2560/2560 2488/2488/2488 2561/2561/2561
f 2488/2488/2488 2489/2489/2489 2561/2561/2561
f 2561/2561/2561 2489/2489/2489 2562/2562/2562
f 2489/2489/2489 2490/2490/2490 2562/2562/2562
f 2562/2562/2562 2490/2490/2490 2563/2563/2563
f 2490/2490/2490 2491/2491/2491 2563/2563/2563
f 2563/2563/2563 2491/2491/2491 2564/2564/2564
f 2491/2491/2491 2492/2492/2492 2564/2564/2564
f 2564/2564/2564 2492/2492/2492 2565/2565/2565
f 2492/2492/2492 2493/2493/2493 2565/2565/2565
f 2565/2565/2565 2493/2493/2493 2566/2566/2566
f 2493/2493/2493 2494/2494/2494 2566/2566/2566
f 2566/2566/2566 2494/2494/2494 2567/2567/2567
f 2494/2494/2494 2495/2495/2495 2567/2567/2567
f 2567/2567/2567 2495/2495/2495 2568/2568/2568
f 2495/2495/2495 2496/2496/2496 2568/2568/2568
f 2568/2568/2568 2496/2496/2496 2569/2569/2569
f 2496/2496/2496 2497/2497/2497 2569/2569/2569
f 2569/2569/2569 2497/2497/2497 2570/2570/2570
f 2497/2497/2497 2498/2498/2498 2570/2570/2570
f 2570/2570/2570 2498/2498/2498 2571/2571/2571
f 2498/2498/2498 2499/2499/2499 2571/2571/2571
f 2571/2571/2571 2499/2499/2499 2572/2572/2572
f 2499/2499/2499 2500/2500/2500 2572/2572/2572
f 2572/2572/2572 2500/2500/2500 2573/2573/2573
f 2500/2500/2500 2501/2501/2501 2573/2573/2573
f 2573/2573/2573 2501/2501/2501 2574/2574/2574
f 2501/2501/2501 2502/2502/2502 2574/2574/2574
f 2574/2574/2574 2502/2502/2502 2575/2575/2575
f 2502/2502/2502 2503/2503/2503 2575/2575/2575
f 2575/2575/2575 2503/2503/2503 2576/2576/2576
f 2503/2503/2503 2504/2504/2504 2576/2576/2576
f 2576/2576/2576 2504/2504/2504 2577/2577/2577
f 2504/2504/2504 2505/2505/2505 2577/2577/2577
f 2577/2577/2577 2505/2505/2505 2578/2578/2578
f 2505/2505/2505 2506/2506/2506 2578/2578/2578
f 2578/2578/2578 2506/2506/2506 2579/2579/2579
f 2506/2506/2506 2507/2507/2507 2579/2579/2579
f 2579/2579/2579 2507/2507/2507 2580/2580/2580
f 2507/2507/2507 2508/2508/2508 2580/2580/2580
f 2580/2580/2580 2508/2508/2508 2581/2581/2581
f 2508/2508/2508 2509/2509/2509 2581/2581/2581
f 2581/2581/2581 2509/2509/2509 2582/2582/2582
f 2509/2509/2509 2510/2510/2510 2582/2582/2582
f 2582/2582/2582 2510/2510/2510 2583/2583/2583
f 2510/2510/2510 2511/2511/2511 2583/2583/2583
f 2583/2583/2583 2511/2511/2511 2584/2584/2584
f 2511/2511/2511 2512/2512/2512 2584/2584/2584
f 2584/2584/2584 2512/2512/2512 2585/2585/2585
f 2512/2512/2512 2513/2513/2513 2585/2585/2585
f 2585/2585/2585 2513/2513/2513 2586/2586/2586
f 2513/2513/2513 2514/2514/2514 2586/2586/2586
f 2586/2586/2586 2514/2514/2514 2587/2587/2587
f 2514/2514/2514 2515/2515/2515 2587/2587/2587
f 2587/2587/2587 2515/2515/2515 2588/2588/2588
f 2515/2515/2515 2516/2516/2516 2588/2588/2588
f 2588/2588/2588 2516/2516/2516 2589/2589/2589
f 2516/2516/2516 2517/2517/2517 2589/2589/2589
f 2589/2589/2589 2517/2517/2517 2590/2590/2590
f 2517/2517/2517 2518/2518/2518 2590/2590/2590
f 2590/2590/2590 2518/2518/2518 2591/2591/2591
f 2518/2518/2518 2519/2519/2519 2591/2591/2591
f 2591/2591/2591 2519/2519/2519 2592/2592/2592
f 2519/2519/2519 2520/2520/2520 2592/2592/2592
f 2592/2592/2592 2520/2520/2520 2593/2593/2593
f 2520/2520/2520 2521/2521/2521 2593/2593/2593
f 2593/2593/2593 2521/2521/2521 2594/2594/2594
f 2521/2521/2521 2522/2522/2522 2594/2594/2594
f 2594/2594/2594 2522/2522/2522 2595/2595/2595
f 2522/2522/2522 2523/2523/2523 2595/2595/2595
f 2595/2595/2595 2523/2523/2523 2596/2596/2596
f 2523/2523/2523 2524/2524/2524 2596/2596/2596
f 2596/2596/2596 2524/2524/2524 2597/2597/2597
f 2524/2524/2524 2525/2525/2525 2597/2597/2597
f 2597/2597/2597 2525/2525/2525 2598/2598/2598
f 2525/2525/2525 2526/2526/2526 2598/2598/2598
f 2598/2598/2598 2526/2526/2526 2599/2599/2599
f 2526/2526/2526 2527/2527/2527 2599/2599/2599
f 2599/2599/2599 2527/2527/2527 2600/2600/2600
f 2527/2527/2527 2528/2528/2528 2600/2600/2600
f 2600/2600/2600 2528/2528/2528 2601/2601/2601
f 2528/2528/2528 2529/2529/2529 2601/2601/2601
f 2601/2601/2601 2529/2529/2529 2602/2602/2602
f 2529/2529/2529 2530/2530/2530 2602/2602/2602
f 2602/2602/2602 2530/2530/2530 2603/2603/2603
f 2530/2530/2530 2531/2531/2531 2603/2603/2603
f 2603/2603/2603 2531/2531/2531 2604/2604/2604
f 2531/2531/2531 2532/2532/2532 2604/2604/2604
f 2604/2604/2604 2532/2532/2532 2605/2605/2605
f 2532/2532/2532 2533/2533/2533 2605/2605/2605
f 2605/2605/2605 2533/2533/2533 2606/2606/2606
f 2533/2533/2533 2534/2534/2534 2606/2606/2606
f 2606/2606/2606 2534/2534/2534 2607/2607/2607
f 2534/2534/2534 2535/2535/2535 2607/2607/2607
f 2607/2607/2607 2535/2535/2535 2608/2608/2608
f 2535/2535/2535 2536/2536/2536 2608/2608/2608
f 2608/2608/2608 2536/2536/2536 2609/2609/2609
f 2536/2536/2536 2537/2537/2537 2609/2609/2609
f 2609/2609/2609 2537/2537/2537 2610/2610/2610
f 2537/2537/2537 2538/2538/2538 2610/2610/2610
f 2610/2610/2610 2538/2538/2538 2611/2611/2611
f 2538/2538/2538 2539/2539/2539 2611/2611/2611
f 2611/2611/2611 2539/2539/2539 2612/2612/2612
f 2539/2539/2539 2540/2540/2540 2612/2612/2612
f 2612/2612/2612 2540/2540/2540 2613/2613/2613
f 2540/2540/2540 2541/2541/2541 2613/2613/2613
f 2613/2613/2613 2541/2541/2541 2614/2614/2614
f 2541/2541/2541 2542/2542/2542 2614/2614/2614
f 2614/2614/2614 2542/2542/2542 2615/2615/2615
f 2542/2542/2542 2543/2543/2543 2615/2615/2615
f 2615/2615/2615 2543/2543/2543 2616/2616/2616
f 2543/2543/2543 2544/2544/2544 2616/2616/2616
f 2616/2616/2616 2544/2544/2544 2617/2617/2617
f 2544/2544/2544 2545/2545/2545 2617/2617/2617
f 2617/2617/2617 2545/2545/2545 2618/2618/2618
f 2545/2545/2545 2546/2546/2546 2618/2618/2618
f 2618/2618/2618 2546/2546/2546 2619/2619/2619
f 2546/2546/2546 2547/2547/2547 2619/2619/2619
f 2619/2619/2619 2547/2547/2547 2620/2620/2620
f 2547/2547/2547 2548/2548/2548 2620/2620/2620
f 2620/2620/2620 2548/2548/2548 2621/2621/2621
f 2548/2548/2548 2549/2549/2549 2621/2621/2621
f 2621/2621/2621 2549/2549/2549 2622/2622/2622
f 2549/2549/2549 2550/2550/2550 2622/2622/2622
f 2622/2622/2622 2550/2550/2550 2623/2623/2623
f 2550/2550/2550 2551/2551/2551 2623/2623/2623
f 2623/2623/2623 2551/2551/2551 2624/2624/2624
f 2551/2551/2551 2552/2552/2552 2624/2624/2624
f 2624/2624/2624 2552/2552/2552 2625/2625/2625
f 2552/2552/2552 2553/2553/2553 2625/2625/2625
f 2625/2625/2625 2553/2553/2553 2626/2626/2626
f 2553/2553/2553 2554/2554/2554 2626/2626/2626
f 2626/2626/2626 2554/2554/2554 2627/2627/2627
f 2554/2554/2554 2555/2555/2555 2627/2627/2627
f 2627/2627/2627 2555/2555/2555 2628/2628/2628
f 2556/2556/2556 2557/2557/2557 2629/2629/2629
f 2629/2629/2629 2557/2557/2557 2630/2630/2630
f 2557/2557/2557 2558/2558/2558 2630/2630/2630
f 2630/2630/2630 2558/2558/2558 2631/2631/2631
f 2558/2558/2558 2559/2559/2559 2631/2631/2631
f 2631/2631/2631 2559/2559/2559 2632/2632/2632
f 2559/2559/2559 2560/2560/2560 2632/2632/2632
f 2632/2632/2632 2560/2560/2560 2633/2633/2633
f 2560/2560/2560 2561/2561/2561 2633/2633/2633
f 2633/2633/2633 2561/2561/2561 2634/2634/2634
f 2561/2561/2561 2562/2562/2562 2634/2634/2634
f 2634/2634/2634 2562/2562/2562 2635/2635/2635
f 2562/2562/2562 2563/2563/2563 2635/2635/2635
f 2635/2635/2635 2563/2563/2563 2636/2636/2636
f 2563/2563/2563 2564/2564/2564 2636/2636/2636
f 2636/2636/2636 2564/2564/2564 2637/2637/2637
f 2564/2564/2564 2565/2565/2565 2637/2637/2637
f 2637/2637/2637 2565/2565/2565 2638/2638/2638
f 2565/2565/2565 2566/2566/2566 2638/2638/2638
f 2638/2638/2638 2566/2566/2566 2639/2639/2639
f 2566/2566/2566 2567/2567/2567 2639/2639/2639
f 2639/2639/2639 2567/2567/2567 2640/2640/2640
f 2567/2567/2567 2568/2568/2568 2640/2640/2640
f 2640/2640/2640 2568/2568/2568 2641/2641/2641
f 2568/2568/2568 2569/2569/2569 2641/2641/2641
f 2641/2641/2641 2569/2569/2569 2642/2642/2642
f 2569/2569/2569 2570/2570/2570 2642/2642/2642
f 2642/2642/2642 2570/2570/2570 2643/2643/2643
f 2570/2570/2570 2571/2571/2571 2643/2643/2643
f 2643/2643/2643 2571/2571/2571 2644/2644/2644
f 2571/2571/2571 2572/2572/2572 2644/2644/2644
f 2644/2644/2644 2572/2572/2572 2645/2645/2645
f 2572/2572/2572 2573/2573/2573 2645/2645/2645
f 2645/2645/2645 2573/2573/2573 2646/2646/2646
f 2573/2573/2573 2574/2574/2574 2646/2646/2646
f 2646/2646/2646 2574/2574/2574 2647/2647/2647
f 2574/2574/2574 2575/2575/2575 2647/2647/2647
f 2647/2647/2647 2575/2575/2575 2648/2648/2648
f 2575/2575/2575 2576/2576/2576 2648/2648/2648
f 2648/2648/2648 2576/2576/2576 2649/2649/2649
f 2576/2576/2576 2577/2577/2577 2649/2649/2649
f 2649/2649/2649 2577/2577/2577 2650/2650/2650
f 2577/2577/2577 2578/2578/2578 2650/2650/2650
f 2650/2650/2650 2578/2578/2578 2651/2651/2651
f 2578/2578/2578 2579/2579/2579 2651/2651/2651
f 2651/2651/2651 2579/2579/2579 2652/2652/2652
f 2579/2579/2579 2580/2580/2580 2652/2652/2652
f 2652/2652/2652 2580/2580/2580 2653/2653/2653
f 2580/2580/2580 2581/2581/2581 2653/2653/2653
f 2653/2653/2653 2581/2581/2581 2654/2654/2654
f 2581/2581/2581 2582/2582/2582 2654/2654/2654
f 2654/2654/2654 2582/2582/2582 2655/2655/2655
f 2582/2582/2582 2583/2583/2583 2655/2655/2655
f 2655/2655/2655 2583/2583/2583 2656/2656/2656
f 2583/2583/2583 2584/2584/2584 2656/2656/2656
f 2656/2656/2656 2584/2584/2584 2657/2657/2657
f 2584/2584/2584 2585/2585/2585 2657/2657/2657
f 2657/2657/2657 2585/2585/2585 2658/2658/2658
f 2585/2585/2585 2586/2586/2586 2658/2658/2658
f 2658/2658/2658 2586/2586/2586 2659/2659/2659
f 2586/2586/2586 2587/2587/2587 2659/2659/2659
f 2659/2659/2659 2587/2587/2587 2660/2660/2660
f 2587/2587/2587 2588/2588/2588 2660/2660/2660
f 2660/2660/2660 2588/2588/2588 2661/2661/2661
f 2588/2588/2588 2589/2589/2589 2661/2661/2661
f 2661/2661/2661 2589/2589/2589 2662/2662/2662
f 2589/2589/2589 2590/2590/2590 2662/2662/2662
f 2662/2662/2662 2590/2590/2590 2663/2663/2663
f 2590/2590/2590 2591/2591/2591 2663/2663/2663
f 2663/2663/2663 2591/2591/2591 2664/2664/2664
f 2591/2591/2591 2592/2592/2592 2664/2664/2664
f 2664/2664/2664 2592/2592/2592 2665/2665/2665
f 2592/2592/2592 2593/2593/2593 2665/2665/2665
f 2665/2665/2665 2593/2593/2593 2666/2666/2666
f 2593/2593/2593 2594/2594/2594 2666/2666/2666
f 2666/2666/2666 2594/2594/2594 2667/2667/2667
f 2594/2594/2594 2595/2595/2595 2667/2667/2667
f 2667/2667/2667 2595/2595/2595 2668/2668/2668
f 2595/2595/2595 2596/2596/2596 2668/2668/2668
f 2668/2668/2668 2596/2596/2596 2669/2669/2669
f 2596/2596/2596 2597/2597/2597 2669/2669/2669
f 2669/2669/2669 2597/2597/2597 2670/2670/2670
f 2597/2597/2597 2598/2598/2598 2670/2670/2670
f 2670/2670/2670 2598/2598/2598 2671/2671/2671
f 2598/2598/2598 2599/2599/2599 2671/2671/2671
f 2671/2671/2671 2599/2599/2599 2672/2672/2672
f 2599/2599/2599 2600/2600/2600 2672/2672/2672
f 2672/2672/2672 2600/2600/2600 2673/2673/2673
f 2600/2600/2600 2601/2601/2601 2673/2673/2673
f 2673/2673/2673 2601/2601/2601 2674/2674/2674
f 2601/2601/2601 2602/2602/2602 2674/2674/2674
f 2674/2674/2674 2602/2602/2602 2675/2675/2675
f 2602/2602/2602 2603/2603/2603 2675/2675/2675
f 2675/2675/2675 2603/2603/2603 2676/2676/2676
f 2603/2603/2603 2604/2604/2604 2676/2676/2676
f 2676/2676/2676 2604/2604/2604 2677/2677/2677
f 2604/2604/2604 2605/2605/2605 2677/2677/2677
f 2677/2677/2677 2605/2605/2605 2678/2678/2678
f 2605/2605/2605 2606/2606/2606 2678/2678/2678
f 2678/2678/2678 2606/2606/2606 2679/2679/2679
f 2606/2606/2606 2607/2607/2607 2679/2679/2679
f 2679/2679/2679 2607/2607/2607 2680/2680/2680
f 2607/2607/2607 2608/2608/2608 2680/2680/2680
f 2680/2680/2680 2608/2608/2608 2681/2681/2681
f 2608/2608/2608 2609/2609/2609 2681/2681/2681
f 2681/2681/2681 2609/2609/2609 2682/2682/2682
f 2609/2609/2609 2610/2610/2610 2682/2682/2682
f 2682/2682/2682 2610/2610/2610 2683/2683/2683
f 2610/2610/2610 2611/2611/2611 2683/2683/2683
f 2683/2683/2683 2611/2611/2611 2684/2684/2684
f 2611/2611/2611 2612/2612/2612 2684/2684/2684
f 2684/2684/2684 2612/2612/2612 2685/2685/2685
f 2612/2612/2612 2613/2613/2613 2685/2685/2685
f 2685/2685/2685 2613/2613/2613 2686/2686/2686
f 2613/2613/2613 2614/2614/2614 2686/2686/2686
f 2686/2686/2686 2614/2614/2614 2687/2687/2687
f 2614/2614/2614 2615/2615/2615 2687/2687/2687
f 2687/2687/2687 2615/2615/2615 2688/2688/2688
f 2615/2615/2615 2616/2616/2616 2688/2688/2688
f 2688/2688/2688 2616/2616/2616 2689/2689/2689
f 2616/2616/2616 2617/2617/2617 2689/2689/2689
f 2689/2689/2689 2617/2617/2617 2690/2690/2690
f 2617/2617/2617 2618/2618/2618 2690/2690/2690
f 2690/2690/2690 2618/2618/2618 2691/2691/2691
f 2618/2618/2618 2619/2619/2619 2691/2691/2691
f 2691/2691/2691 2619/2619/2619 2692/2692/2692
f 2619/2619/2619 2620/2620/2620 2692/2692/2692
f 2692/2692/2692 2620/2620/2620 2693/2693/2693
f 2620/2620/2620 2621/2621/2621 2693/2693/2693
f 2693/2693/2693 2621/2621/2621 2694/2694/2694
f 2621/2621/2621 2622/2622/2622 2694/2694/2694
f 2694/2694/2694 2622/2622/2622 2695/2695/2695
f 2622/2622/2622 2623/2623/2623 2695/2695/2695
f 2695/2695/2695 2623/2623/2623 2696/2696/2696
f 2623/2623/2623 2624/2624/2624 2696/2696/2696
f 2696/2696/2696 2624/2624/2624 2697/2697/2697
f 2624/2624/2624 2625/2625/2625 2697/2697/2697
f 2697/2697/2697 2625/2625/2625 2698/2698/2698
f 2625/2625/2625 2626/2626/2626 2698/2698/2698
f 2698/2698/2698 2626/2626/2626 2699/2699/2699
f 2626/2626/2626 2627/2627/2627 2699/2699/2699
f 2699/2699/2699 2627/2627/2627 2700/2700/2700
f 2627/2627/2627 2628/2628/2628 2700/2700/2700
f 2700/2700/2700 2628/2628/2628 2701/2701/2701
f 2629/2629/2629 2630/2630/2630 2702/2702/2702
f 2702/2702/2702 2630/2630/2630 2703/2703/2703
f 2630/2630/2630 2631/2631/2631 2703/2703/2703
f 2703/2703/2703 2631/2631/2631 2704/2704/2704
f 2631/2631/2631 2632/2632/2632 2704/2704/2704
f 2704/2704/2704 2632/2632/2632 2705/2705/2705
f 2632/2632/2632 2633/2633/2633 2705/2705/2705
f 2705/2705/2705 2633/2633/2633 2706/2706/2706
f 2633/2633/2633 2634/2634/2634 2706/2706/2706
f 2706/2706/2706 2634/2634/2634 2707/2707/2707
f 2634/2634/2634 2635/2635/2635 2707/2707/2707
f 2707/2707/2707 2635/2635/2635 2708/2708/2708
f 2635/2635/2635 2636/2636/2636 2708/2708/2708
f 2708/2708/2708 2636/2636/2636 2709/2709/2709
f 2636/2636/2636 2637/2637/2637 2709/2709/2709
f 2709/2709/2709 2637/2637/2637 2710/2710/2710
f 2637/2637/2637 2638/2638/2638 2710/2710/2710
f 2710/2710/2710 2638/2638/2638 2711/2711/2711
f 2638/2638/2638 2639/2639/2639 2711/2711/2711
f 2711/2711/2711 2639/2639/2639 2712/2712/2712
f 2639/2639/2639 2640/2640/2640 2712/2712/2712
f 2712/2712/2712 2640/2640/2640 2713/2713/2713
f 2640/2640/2640 2641/2641/2641 2713/2713/2713
f 2713/2713/2713 2641/2641/2641 2714/2714/2714
f 2641/2641/2641 2642/2642/2642 2714/2714/2714
f 2714/2714/2714 2642/2642/2642 2715/2715/2715
f 2642/2642/2642 2643/2643/2643 2715/2715/2715
f 2715/2715/2715 2643/2643/2643 2716/2716/2716
f 2643/2643/2643 2644/2644/2644 2716/2716/2716
f 2716/2716/2716 2644/2644/2644 2717/2717/2717
f 2644/2644/2644 2645/2645/2645 2717/2717/2717
f 2717/2717/2717 2645/2645/2645 2718/2718/2718
f 2645/2645/2645 2646/2646/2646 2718/2718/2718
f 2718/2718/2718 2646/2646/2646 2719/2719/2719
f 2646/2646/2646 2647/2647/2647 2719/2719/2719
f 2719/2719/2719 2647/2647/2647 2720/2720/2720
f 2647/2647/2647 2648/2648/2648 2720/2720/2720
f 2720/2720/2720 2648/2648/2648 2721/2721/2721
f 2648/2648/2648 2649/2649/2649 2721/2721/2721
f 2721/2721/2721 2649/2649/2649 2722/2722/2722
f 2649/2649/2649 2650/2650/2650 2722/2722/2722
f 2722/2722/2722 2650/2650/2650 2723/2723/2723
f 2650/2650/2650 2651/2651/2651 2723/2723/2723
f 2723/2723/2723 2651/2651/2651 2724/2724/2724
f 2651/2651/2651 2652/2652/2652 2724/2724/2724
f 2724/2724/2724 2652/2652/2652 2725/2725/2725
f 2652/2652/2652 2653/2653/2653 2725/2725/2725
f 2725/2725/2725 2653/2653/2653 2726/2726/2726
f 2653/2653/2653 2654/2654/2654 2726/2726/2726
f 2726/2726/2726 2654/2654/2654 2727/2727/2727
f 2654/2654/2654 2655/2655/2655 2727/2727/2727
f 2727/2727/2727 2655/2655/2655 2728/2728/2728
f 2655/2655/2655 2656/2656/2656 2728/2728/2728
f 2728/2728/2728 2656/2656/2656 2729/2729/2729
f 2656/2656/2656 2657/2657/2657 2729/2729/2729
f 2729/2729/2729 2657/2657/2657 2730/2730/2730
f 2657/2657/2657 2658/2658/2658 2730/2730/2730
f 2730/2730/2730 2658/2658/2658 2731/2731/2731
f 2658/2658/2658 2659/2659/2659 2731/2731/2731
f 2731/2731/2731 2659/2659/2659 2732/2732/2732
f 2659/2659/2659 2660/2660/2660 2732/2732/2732
f 2732/2732/2732 2660/2660/2660 2733/2733/2733
f 2660/2660/2660 2661/2661/2661 2733/2733/2733
f 2733/2733/2733 2661/2661/2661 2734/2734/2734
f 2661/2661/2661 2662/2662/2662 2734/2734/2734
f 2734/2734/2734 2662/2662/2662 2735/2735/2735
f 2662/2662/2662 2663/2663/2663 2735/2735/2735
f 2735/2735/2735 2663/2663/2663 2736/2736/2736
f 2663/2663/2663 2664/2664/2664 2736/2736/2736
f 2736/2736/2736 2664/2664/2664 2737/2737/2737
f 2664/2664/2664 2665/2665/2665 2737/2737/2737
f 2737/2737/2737 2665/2665/2665 2738/2738/2738
f 2665/2665/2665 2666/2666/2666 2738/2738/2738
f 2738/2738/2738 2666/2666/2666 2739/2739/2739
f 2666/2666/2666 2667/2667/2667 2739/2739/2739
f 2739/2739/2739 2667/2667/2667 2740/2740/2740
f 2667/2667/2667 2668/2668/2668 2740/2740/2740
f 2740/2740/2740 2668/2668/2668 2741/2741/2741
f 2668/2668/2668 2669/2669/2669 2741/2741/2741
f 2741/2741/2741 2669/2669/2669 2742/2742/2742
f 2669/2669/2669 2670/2670/2670 2742/2742/2742
f 2742/2742/2742 2670/2670/2670 2743/2743/2743
f 2670/2670/2670 2671/2671/2671 2743/2743/2743
f 2743/2743/2743 2671/2671/2671 2744/2744/2744
f 2671/2671/2671 2672/2672/2672 2744/2744/2744
f 2744/2744/2744 2672/2672/2672 2745/2745/2745
f 2672/2672/2672 2673/2673/2673 2745/2745/2745
f 2745/2745/2745 2673/2673/2673 2746/2746/2746
f 2673/2673/2673 2674/2674/2674 2746/2746/2746
f 2746/2746/2746 2674/2674/2674 2747/2747/2747
f 2674/2674/2674 2675/2675/2675 2747/2747/2747
f 2747/2747/2747 2675/2675/2675 2748/2748/2748
f 2675/2675/2675 2676/2676/2676 2748/2748/2748
f 2748/2748/2748 2676/2676/2676 2749/2749/2749
f 2676/2676/2676 2677/2677/2677 2749/2749/2749
f 2749/2749/2749 2677/2677/2677 2750/2750/2750
f 2677/2677/2677 2678/2678/2678 2750/2750/2750
f 2750/2750/2750 2678/2678/2678 2751/2751/2751
f 2678/2678/2678 2679/2679/2679 2751/2751/2751
f 2751/2751/2751 2679/2679/2679 2752/2752/2752
f 2679/2679/2679 2680/2680/2680 2752/2752/2752
f 2752/2752/2752 2680/2680/2680 2753/2753/2753
f 2680/2680/2680 2681/2681/2681 2753/2753/2753
f 2753/2753/2753 2681/2681/2681 2754/2754/2754
f 2681/2681/2681 2682/2682/2682 2754/2754/2754
f 2754/2754/2754 2682/2682/2682 2755/2755/2755
f 2682/2682/2682 2683/2683/2683 2755/2755/2755
f 2755/2755/2755 2683/2683/2683 2756/2756/2756
f 2683/2683/2683 2684/2684/2684 2756/2756/2756
f 2756/2756/2756 2684/2684/2684 2757/2757/2757
f 2684/2684/2684 2685/2685/2685 2757/2757/2757
f 2757/2757/2757 2685/2685/2685 2758/2758/2758
f 2685/2685/2685 2686/2686/2686 2758/2758/2758
f 2758/2758/2758 2686/2686/2686 2759/2759/2759
f 2686/2686/2686 2687/2687/2687 2759/2759/2759
f 2759/2759/2759 2687/2687/2687 2760/2760/2760
f 2687/2687/2687 2688/2688/2688 2760/2760/2760
f 2760/2760/2760 2688/2688/2688 2761/2761/2761
f 2688/2688/2688 2689/2689/2689 2761/2761/2761
f 2761/2761/2761 2689/2689/2689 2762/2762/2762
f 2689/2689/2689 2690/2690/2690 2762/2762/2762
f 2762/2762/2762 2690/2690/2690 2763/2763/2763
f 2690/2690/2690 2691/2691/2691 2763/2763/2763
f 2763/2763/2763 2691/2691/2691 2764/2764/2764
f 2691/2691/2691 2692/2692/2692 2764/2764/2764
f 2764/2764/2764 2692/2692/2692 2765/2765/2765
f 2692/2692/2692 2693/2693/2693 2765/2765/2765
f 2765/2765/2765 2693/2693/2693 2766/2766/2766
f 2693/2693/2693 2694/2694/2694 2766/2766/2766
f 2766/2766/2766 2694/2694/2694 2767/2767/2767
f 2694/2694/2694 2695/2695/2695 2767/2767/2767
f 2767/2767/2767 2695/2695/2695 2768/2768/2768
f 2695/2695/2695 2696/2696/2696 2768/2768/2768
f 2768/2768/2768 2696/2696/2696 2769/2769/2769
f 2696/2696/2696 2697/2697/2697 2769/2769/2769
f 2769/2769/2769 2697/2697/2697 2770/2770/2770
f 2697/2697/2697 2698/2698/2698 2770/2770/2770
f 2770/2770/2770 2698/2698/2698 2771/2771/2771
f 2698/2698/2698 2699/2699/2699 2771/2771/2771
f 2771/2771/2771 2699/2699/2699 2772/2772/2772
f 2699/2699/2699 2700/2700/2700 2772/2772/2772
f 2772/2772/2772 2700/2700/2700 2773/2773/2773
f 2700/2700/2700 2701/2701/2701 2773/2773/2773
f 2773/2773/2773 2701/2701/2701 2774/2774/2774
f 2702/2702/2702 2703/2703/2703 2775/2775/2775
f 2775/2775/2775 2703/2703/2703 2776/2776/2776
f 2703/2703/2703 2704/2704/2704 2776/2776/2776
f 2776/2776/2776 2704/2704/2704 2777/2777/2777
f 2704/2704/2704 2705/2705/2705 2777/2777/2777
f 2777/2777/2777 2705/2705/2705 2778/2778/2778
f 2705/2705/2705 2706/2706/2706 2778/2778/2778
f 2778/2778/2778 2706/2706/2706 2779/2779/2779
f 2706/2706/2706 2707/2707/2707 2779/2779/2779
f 2779/2779/2779 2707/2707/2707 2780/2780/2780
f 2707/2707/2707 2708/2708/2708 2780/2780/2780
f 2780/2780/2780 2708/2708/2708 2781/2781/2781
f 2708/2708/2708 2709/2709/2709 2781/2781/2781
f 2781/2781/2781 2709/2709/2709 2782/2782/2782
f 2709/2709/2709 2710/2710/2710 2782/2782/2782
f 2782/2782/2782 2710/2710/2710 2783/2783/2783
f 2710/2710/2710 2711/2711/2711 2783/2783/2783
f 2783/2783/2783 2711/2711/2711 2784/2784/2784
f 2711/2711/2711 2712/2712/2712 2784/2784/2784
f 2784/2784/2784 2712/2712/2712 2785/2785/2785
f 2712/2712/2712 2713/2713/2713 2785/2785/2785
f 2785/2785/2785 2713/2713/2713 2786/2786/2786
f 2713/2713/2713 2714/2714/2714 2786/2786/2786
f 2786/2786/2786 2714/2714/2714 2787/2787/2787
f 2714/2714/2714 2715/2715/2715 2787/2787/2787
f 2787/2787/2787 2715/2715/2715 2788/2788/2788
f 2715/2715/2715 2716/2716/2716 2788/2788/2788
f 2788/2788/2788 2716/2716/2716 2789/2789/2789
f 2716/2716/2716 2717/2717/2717 2789/2789/2789
f 2789/2789/2789 2717/2717/2717 2790/2790/2790
f 2717/2717/2717 2718/2718/2718 2790/2790/2790
f 2790/2790/2790 2718/2718/2718 2791/2791/2791
f 2718/2718/2718 2719/2719/2719 2791/2791/2791
f 2791/2791/2791 2719/2719/2719 2792/2792/2792
f 2719/2719/2719 2720/2720/2720 2792/2792/2792
f 2792/2792/2792 2720/2720/2720 2793/2793/2793
f 2720/2720/2720 2721/2721/2721 2793/2793/2793
f 2793/2793/2793 2721/2721/2721 2794/2794/2794
f 2721/2721/2721 2722/2722/2722 2794/2794/2794
f 2794/2794/2794 2722/2722/2722 2795/2795/2795
f 2722/2722/2722 2723/2723/2723 2795/2795/2795
f 2795/2795/2795 2723/2723/2723 2796/2796/2796
f 2723/2723/2723 2724/2724/2724 2796/2796/2796
f 2796/2796/2796 2724/2724/2724 2797/2797/2797
f 2724/2724/2724 2725/2725/2725 2797/2797/2797
f 2797/2797/2797 2725/2725/2725 2798/2798/2798
f 2725/2725/2725 2726/2726/2726 2798/2798/2798
f 2798/2798/2798 2726/2726/2726 2799/2799/2799
f 2726/2726/2726 2727/2727/2727 2799/2799/2799
f 2799/2799/2799 2727/2727/2727 2800/2800/2800
f 2727/2727/2727 2728/2728/2728 2800/2800/2800
f 2800/2800/2800 2728/2728/2728 2801/2801/2801
f 2728/2728/2728 2729/2729/2729 2801/2801/2801
f 2801/2801/2801 2729/2729/2729 2802/2802/2802
f 2729/2729/2729 2730/2730/2730 2802/2802/2802
f 2802/2802/2802 2730/2730/2730 2803/2803/2803
f 2730/2730/2730 2731/2731/2731 2803/2803/2803
f 2803/2803/2803 2731/2731/2731 2804/2804/2804
f 2731/2731/2731 2732/2732/2732 2804/2804/2804
f 2804/2804/2804 2732/2732/2732 2805/2805/2805
f 2732/2732/2732 2733/2733/2733 2805/2805/2805
f 2805/2805/2805 2733/2733/2733 2806/2806/2806
f 2733/2733/2733 2734/2734/2734 2806/2806/2806
f 2806/2806/2806 2734/2734/2734 2807/2807/2807
f 2734/2734/2734 2735/2735/2735 2807/2807/2807
f 2807/2807/2807 2735/2735/2735 2808/2808/2808
f 2735/2735/2735 2736/2736/2736 2808/2808/2808
f 2808/2808/2808 2736/2736/2736 2809/2809/2809
f 2736/2736/2736 2737/2737/2737 2809/2809/2809
f 2809/2809/2809 2737/2737/2737 2810/2810/2810
f 2737/2737/2737 2738/2738/2738 2810/2810/2810
f 2810/2810/2810 2738/2738/2738 2811/2811/2811
f 2738/2738/2738 2739/2739/2739 2811/2811/2811
f 2811/2811/2811 2739/2739/2739 2812/2812/2812
f 2739/2739/2739 2740/2740/2740 2812/2812/2812
f 2812/2812/2812 2740/2740/2740 2813/2813/2813
f 2740/2740/2740 2741/2741/2741 2813/2813/2813
f 2813/2813/2813 2741/2741/2741 2814/2814/2814
f 2741/2741/2741 2742/2742/2742 2814/2814/2814
f 2814/2814/2814 2742/2742/2742 2815/2815/2815
f 2742/2742/2742 2743/2743/2743 2815/2815/2815
f 2815/2815/2815 2743/2743/2743 2816/2816/2816
f 2743/2743/2743 2744/2744/2744 2816/2816/2816
f 2816/2816/2816 2744/2744/2744 2817/2817/2817
f 2744/2744/2744 2745/2745/2745 2817/2817/2817
f 2817/2817/2817 2745/2745/2745 2818/2818/2818
f 2745/2745/2745 2746/2746/2746 2818/2818/2818
f 2818/2818/2818 2746/2746/2746 2819/2819/2819
f 2746/2746/2746 2747/2747/2747 2819/2819/2819
f 2819/2819/2819 2747/2747/2747 2820/2820/2820
f 2747/2747/2747 2748/2748/2748 2820/2820/2820
f 2820/2820/2820 2748/2748/2748 2821/2821/2821
f 2748/2748/2748 2749/2749/2749 2821/2821/2821
f 2821/2821/2821 2749/2749/2749 2822/2822/2822
f 2749/2749/2749 2750/2750/2750 2822/2822/2822
f 2822/2822/2822 2750/2750/2750 2823/2823/2823
f 2750/2750/2750 2751/2751/2751 2823/2823/2823
f 2823/2823/2823 2751/2751/2751 2824/2824/2824
f 2751/2751/2751 2752/2752/2752 2824/2824/2824
f 2824/2824/2824 2752/2752/2752 2825/2825/2825
f 2752/2752/2752 2753/2753/2753 2825/2825/2825
f 2825/2825/2825 2753/2753/2753 2826/2826/2826
f 2753/2753/2753 2754/2754/2754 2826/2826/2826
f 2826/2826/2826 2754/2754/2754 2827/2827/2827
f 2754/2754/2754 2755/2755/2755 2827/2827/2827
f 2827/2827/2827 2755/2755/2755 2828/2828/2828
f 2755/2755/2755 2756/2756/2756 2828/2828/2828
f 2828/2828/2828 2756/2756/2756 2829/2829/2829
f 2756/2756/2756 2757/2757/2757 2829/2829/2829
f 2829/2829/2829 2757/2757/2757 2830/2830/2830
f 2757/2757/2757 2758/2758/2758 2830/2830/2830
f 2830/2830/2830 2758/2758/2758 2831/2831/2831
f 2758/2758/2758 2759/2759/2759 2831/2831/2831
f 2831/2831/2831 2759/2759/2759 2832/2832/2832
f 2759/2759/2759 2760/2760/2760 2832/2832/2832
f 2832/2832/2832 2760/2760/2760 2833/2833/2833
f 2760/2760/2760 2761/2761/2761 2833/2833/2833
f 2833/2833/2833 2761/2761/2761 2834/2834/2834
f 2761/2761/2761 2762/2762/2762 2834/2834/2834
f 2834/2834/2834 2762/2762/2762 2835/2835/2835
f 2762/2762/2762 2763/2763/2763 2835/2835/2835
f 2835/2835/2835 2763/2763/2763 2836/2836/2836
f 2763/2763/2763 2764/2764/2764 2836/2836/2836
f 2836/2836/2836 2764/2764/2764 2837/2837/2837
f 2764/2764/2764 2765/2765/2765 2837/2837/2837
f 2837/2837/2837 2765/2765/2765 2838/2838/2838
f 2765/2765/2765 2766/2766/2766 2838/2838/2838
f 2838/2838/2838 2766/2766/2766 2839/2839/2839
f 2766/2766/2766 2767/2767/2767 2839/2839/2839
f 2839/2839/2839 2767/2767/2767 2840/2840/2840
f 2767/2767/2767 2768/2768/2768 2840/2840/2840
f 2840/2840/2840 2768/2768/2768 2841/2841/2841
f 2768/2768/2768 2769/2769/2769 2841/2841/2841
f 2841/2841/2841 2769/2769/2769 2842/2842/2842
f 2769/2769/2769 2770/2770/2770 2842/2842/2842
f 2842/2842/2842 2770/2770/2770 2843/2843/2843
f 2770/2770/2770 2771/2771/2771 2843/2843/2843
f 2843/2843/2843 2771/2771/2771 2844/2844/2844
f 2771/2771/2771 2772/2772/2772 2844/2844/2844
f 2844/2844/2844 2772/2772/2772 2845/2845/2845
f 2772/2772/2772 2773/2773/2773 2845/2845/2845
f 2845/2845/2845 2773/2773/2773 2846/2846/2846
f 2773/2773/2773 2774/2774/2774 2846/2846/2846
f 2846/2846/2846 2774/2774/2774 2847/2847/2847
f 2775/2775/2775 2776/2776/2776 2848/2848/2848
f 2848/2848/2848 2776/2776/2776 2849/2849/2849
f 2776/2776/2776 2777/2777/2777 2849/2849/2849
f 2849/2849/2849 2777/2777/2777 2850/2850/2850
f 2777/2777/2777 2778/2778/2778 2850/2850/2850
f 2850/2850/2850 2778/2778/2778 2851/2851/2851
f 2778/2778/2778 2779/2779/2779 2851/2851/2851
f 2851/2851/2851 2779/2779/2779 2852/2852/2852
f 2779/2779/2779 2780/2780/2780 2852/2852/2852
f 2852/2852/2852 2780/2780/2780 2853/2853/2853
f 2780/2780/2780 2781/2781/2781 2853/2853/2853
f 2853/2853/2853 2781/2781/2781 2854/2854/2854
f 2781/2781/2781 2782/2782/2782 2854/2854/2854
f 2854/2854/2854 2782/2782/2782 2855/2855/2855
f 2782/2782/2782 2783/2783/2783 2855/2855/2855
f 2855/2855/2855 2783/2783/2783 2856/2856/2856
f 2783/2783/2783 2784/2784/2784 2856/2856/2856
f 2856/2856/2856 2784/2784/2784 2857/2857/2857
f 2784/2784/2784 2785/2785/2785 2857/2857/2857
f 2857/2857/2857 2785/2785/2785 2858/2858/2858
f 2785/2785/2785 2786/2786/2786 2858/2858/2858
f 2858/2858/2858 2786/2786/2786 2859/2859/2859
f 2786/2786/2786 2787/2787/2787 2859/2859/2859
f 2859/2859/2859 2787/2787/2787 2860/2860/2860
f 2787/2787/2787 2788/2788/2788 2860/2860/2860
f 2860/2860/2860 2788/2788/2788 2861/2861/2861
f 2788/2788/2788 2789/2789/2789 2861/2861/2861
f 2861/2861/2861 2789/2789/2789 2862/2862/2862
f 2789/2789/2789 2790/2790/2790 2862/2862/2862
f 2862/2862/2862 2790/2790/2790 2863/2863/2863
f 2790/2790/2790 2791/2791/2791 2863/2863/2863
f 2863/2863/2863 2791/2791/2791 2864/2864/2864
f 2791/2791/2791 2792/2792/2792 2864/2864/2864
f 2864/2864/2864 2792/2792/2792 2865/2865/2865
f 2792/2792/2792 2793/2793/2793 2865/2865/2865
f 2865/2865/2865 2793/2793/2793 2866/2866/2866
f 2793/2793/2793 2794/2794/2794 2866/2866/2866
f 2866/2866/2866 2794/2794/2794 2867/2867/2867
f 2794/2794/2794 2795/2795/2795 2867/2867/2867
f 2867/2867/2867 2795/2795/2795 2868/2868/2868
f 2795/2795/2795 2796/2796/2796 2868/2868/2868
f 2868/2868/2868 2796/2796/2796 2869/2869/2869
f 2796/2796/2796 2797/2797/2797 2869/2869/2869
f 2869/2869/2869 2797/2797/2797 2870/2870/2870
f 2797/2797/2797 2798/2798/2798 2870/2870/2870
f 2870/2870/2870 2798/2798/2798 2871/2871/2871
f 2798/2798/2798 2799/2799/2799 2871/2871/2871
f 2871/2871/2871 2799/2799/2799 2872/2872/2872
f 2799/2799/2799 2800/2800/2800 2872/2872/2872
f 2872/2872/2872 2800/2800/2800 2873/2873/2873
f 2800/2800/2800 2801/2801/2801 2873/2873/2873
f 2873/2873/2873 2801/2801/2801 2874/2874/2874
f 2801/2801/2801 2802/2802/2802 2874/2874/2874
f 2874/2874/2874 2802/2802/2802 2875/2875/2875
f 2802/2802/2802 2803/2803/2803 2875/2875/2875
f 2875/2875/2875 2803/2803/2803 2876/2876/2876
f 2803/2803/2803 2804/2804/2804 2876/2876/2876
f 2876/2876/2876 2804/2804/2804 2877/2877/2877
f 2804/2804/2804 2805/2805/2805 2877/2877/2877
f 2877/2877/2877 2805/2805/2805 2878/2878/2878
f 2805/2805/2805 2806/2806/2806 2878/2878/2878
f 2878/2878/2878 2806/2806/2806 2879/2879/2879
f 2806/2806/2806 2807/2807/2807 2879/2879/2879
f 2879/2879/2879 2807/2807/2807 2880/2880/2880
f 2807/2807/2807 2808/2808/2808 2880/2880/2880
f 2880/2880/2880 2808/2808/2808 2881/2881/2881
f 2808/2808/2808 2809/2809/2809 2881/2881/2881
f 2881/2881/2881 2809/2809/2809 2882/2882/2882
f 2809/2809/2809 2810/2810/2810 2882/2882/2882
f 2882/2882/2882 2810/2810/2810 2883/2883/2883
f 2810/2810/2810 2811/2811/2811 2883/2883/2883
f 2883/2883/2883 2811/2811/2811 2884/2884/2884
f 2811/2811/2811 2812/2812/2812 2884/2884/2884
f 2884/2884/2884 2812/2812/2812 2885/2885/2885
f 2812/2812/2812 2813/2813/2813 2885/2885/2885
f 2885/2885/2885 2813/2813/2813 2886/2886/2886
f 2813/2813/2813 2814/2814/2814 2886/2886/2886
f 2886/2886/2886 2814/2814/2814 2887/2887/2887
f 2814/2814/2814 2815/2815/2815 2887/2887/2887
f 2887/2887/2887 2815/2815/2815 2888/2888/2888
f 2815/2815/2815 2816/2816/2816 2888/2888/2888
f 2888/2888/2888 2816/2816/2816 2889/2889/2889
f 2816/2816/2816 2817/2817/2817 2889/2889/2889
f 2889/2889/2889 2817/2817/2817 2890/2890/2890
f 2817/2817/2817 2818/2818/2818 2890/2890/2890
f 2890/2890/2890 2818/2818/2818 2891/2891/2891
f 2818/2818/2818 2819/2819/2819 2891/2891/2891
f 2891/2891/2891 2819/2819/2819 2892/2892/2892
f 2819/2819/2819 2820/2820/2820 2892/2892/2892
f 2892/2892/2892 2820/2820/2820 2893/2893/2893
f 2820/2820/2820 2821/2821/2821 2893/2893/2893
f 2893/2893/2893 2821/2821/2821 2894/2894/2894
f 2821/2821/2821 2822/2822/2822 2894/2894/2894
f 2894/2894/2894 2822/2822/2822 2895/2895/2895
f 2822/2822/2822 2823/2823/2823 2895/2895/2895
f 2895/2895/2895 2823/2823/2823 2896/2896/2896
f 2823/2823/2823 2824/2824/2824 2896/2896/2896
f 2896/2896/2896 2824/2824/2824 2897/2897/2897
f 2824/2824/2824 2825/2825/2825 2897/2897/2897
f 2897/2897/2897 2825/2825/2825 2898/2898/2898
f 2825/2825/2825 2826/2826/2826 2898/2898/2898
f 2898/2898/2898 2826/2826/2826 2899/2899/2899
f 2826/2826/2826 2827/2827/2827 2899/2899/2899
f 2899/2899/2899 2827/2827/2827 2900/2900/2900
f 2827/2827/2827 2828/2828/2828 2900/2900/2900
f 2900/2900/2900 2828/2828/2828 2901/2901/2901
f 2828/2828/2828 2829/2829/2829 2901/2901/2901
f 2901/2901/2901 2829/2829/2829 2902/2902/2902
f 2829/2829/2829 2830/2830/2830 2902/2902/2902
f 2902/2902/2902 2830/2830/2830 2903/2903/2903
f 2830/2830/2830 2831/2831/2831 2903/2903/2903
f 2903/2903/2903 2831/2831/2831 2904/2904/2904
f 2831/2831/2831 2832/2832/2832 2904/2904/2904
f 2904/2904/2904 2832/2832/2832 2905/2905/2905
f 2832/2832/2832 2833/2833/2833 2905/2905/2905
f 2905/2905/2905 2833/2833/2833 2906/2906/2906
f 2833/2833/2833 2834/2834/2834 2906/2906/2906
f 2906/2906/2906 2834/2834/2834 2907/2907/2907
f 2834/2834/2834 2835/2835/2835 2907/2907/2907
f 2907/2907/2907 2835/2835/2835 2908/2908/2908
f 2835/2835/2835 2836/2836/2836 2908/2908/2908
f 2908/2908/2908 2836/2836/2836 2909/2909/2909
f 2836/2836/2836 2837/2837/2837 2909/2909/2909
f 2909/2909/2909 2837/2837/2837 2910/2910/2910
f 2837/2837/2837 2838/2838/2838 2910/2910/2910
f 2910/2910/2910 2838/2838/2838 2911/2911/2911
f 2838/2838/2838 2839/2839/2839 2911/2911/2911
f 2911/2911/2911 2839/2839/2839 2912/2912/2912
f 2839/2839/2839 2840/2840/2840 2912/2912/2912
f 2912/2912/2912 2840/2840/2840 2913/2913/2913
f 2840/2840/2840 2841/2841/2841 2913/2913/2913
f 2913/2913/2913 2841/2841/2841 2914/2914/2914
f 2841/2841/2841 2842/2842/2842 2914/2914/2914
f 2914/2914/2914 2842/2842/2842 2915/2915/2915
f 2842/2842/2842 2843/2843/2843 2915/2915/2915
f 2915/2915/2915 2843/2843/2843 2916/2916/2916
f 2843/2843/2843 2844/2844/2844 2916/2916/2916
f 2916/2916/2916 2844/2844/2844 2917/2917/2917
f 2844/2844/2844 2845/2845/2845 2917/2917/2917
f 2917/2917/2917 2845/2845/2845 2918/2918/2918
f 2845/2845/2845 2846/2846/2846 2918/2918/2918
f 2918/2918/2918 2846/2846/2846 2919/2919/2919
f 2846/2846/2846 2847/2847/2847 2919/2919/2919
f 2919/2919/2919 2847/2847/2847 2920/2920/2920
f 2848/2848/2848 2849/2849/2849 2921/2921/2921
f 2921/2921/2921 2849/2849/2849 2922/2922/2922
f 2849/2849/2849 2850/2850/2850 2922/2922/2922
f 2922/2922/2922 2850/2850/2850 2923/2923/2923
f 2850/2850/2850 2851/2851/2851 2923/2923/2923
f 2923/2923/2923 2851/2851/2851 2924/2924/2924
f 2851/2851/2851 2852/2852/2852 2924/2924/2924
f 2924/2924/2924 2852/2852/2852 2925/2925/2925
f 2852/2852/2852 2853/2853/2853 2925/2925/2925
f 2925/2925/2925 2853/2853/2853 2926/2926/2926
f 2853/2853/2853 2854/2854/2854 2926/2926/2926
f 2926/2926/2926 2854/2854/2854 2927/2927/2927
f 2854/2854/2854 2855/2855/2855 2927/2927/2927
f 2927/2927/2927 2855/2855/2855 2928/2928/2928
f 2855/2855/2855 2856/2856/2856 2928/2928/2928
f 2928/2928/2928 2856/2856/2856 2929/2929/2929
f 2856/2856/2856 2857/2857/2857 2929/2929/2929
f 2929/2929/2929 2857/2857/2857 2930/2930/2930
f 2857/2857/2857 2858/2858/2858 2930/2930/2930
f 2930/2930/2930 2858/2858/2858 2931/2931/2931
f 2858/2858/2858 2859/2859/2859 2931/2931/2931
f 2931/2931/2931 2859/2859/2859 2932/2932/2932
f 2859/2859/2859 2860/2860/2860 2932/2932/2932
f 2932/2932/2932 2860/2860/2860 2933/2933/2933
f 2860/2860/2860 2861/2861/2861 2933/2933/2933
f 2933/2933/2933 2861/2861/2861 2934/2934/2934
f 2861/2861/2861 2862/2862/2862 2934/2934/2934
f 2934/2934/2934 2862/2862/2862 2935/2935/2935
f 2862/2862/2862 2863/2863/2863 2935/2935/2935
f 2935/2935/2935 2863/2863/2863 2936/2936/2936
f 2863/2863/2863 2864/2864/2864 2936/2936/2936
f 2936/2936/2936 2864/2864/2864 2937/2937/2937
f 2864/2864/2864 2865/2865/2865 2937/2937/2937
f 2937/2937/2937 2865/2865/2865 2938/2938/2938
f 2865/2865/2865 2866/2866/2866 2938/2938/2938
f 2938/2938/2938 2866/2866/2866 2939/2939/2939
f 2866/2866/2866 2867/2867/2867 2939/2939/2939
f 2939/2939/2939 2867/2867/2867 2940/2940/2940
f 2867/2867/2867 2868/2868/2868 2940/2940/2940
f 2940/2940/2940 2868/2868/2868 2941/2941/2941
f 2868/2868/2868 2869/2869/2869 2941/2941/2941
f 2941/2941/2941 2869/2869/2869 2942/2942/2942
f 2869/2869/2869 2870/2870/2870 2942/2942/2942
f 2942/2942/2942 2870/2870/2870 2943/2943/2943
f 2870/2870/2870 2871/2871/2871 2943/2943/2943
f 2943/2943/2943 2871/2871/2871 2944/2944/2944
f 2871/2871/2871 2872/2872/2872 2944/2944/2944
f 2944/2944/2944 2872/2872/2872 2945/2945/2945
f 2872/2872/2872 2873/2873/2873 2945/2945/2945
f 2945/2945/2945 2873/2873/2873 2946/2946/2946
f 2873/2873/2873 2874/2874/2874 2946/2946/2946
f 2946/2946/2946 2874/2874/2874 2947/2947/2947
f 2874/2874/2874 2875/2875/2875 2947/2947/2947
f 2947/2947/2947 2875/2875/2875 2948/2948/2948
f 2875/2875/2875 2876/2876/2876 2948/2948/2948
f 2948/2948/2948 2876/2876/2876 2949/2949/2949
f 2876/2876/2876 2877/2877/2877 2949/2949/2949
f 2949/2949/2949 2877/2877/2877 2950/2950/2950
f 2877/2877/2877 2878/2878/2878 2950/2950/2950
f 2950/2950/2950 2878/2878/2878 2951/2951/2951
f 2878/2878/2878 2879/2879/2879 2951/2951/2951
f 2951/2951/2951 2879/2879/2879 2952/2952/2952
f 2879/2879/2879 2880/2880/2880 2952/2952/2952
f 2952/2952/2952 2880/2880/2880 2953/2953/2953
f 2880/2880/2880 2881/2881/2881 2953/2953/2953
f 2953/2953/2953 2881/2881/2881 2954/2954/2954
f 2881/2881/2881 2882/2882/2882 2954/2954/2954
f 2954/2954/2954 2882/2882/2882 2955/2955/2955
f 2882/2882/2882 2883/2883/2883 2955/2955/2955
f 2955/2955/2955 2883/2883/2883 2956/2956/2956
f 2883/2883/2883 2884/2884/2884 2956/2956/2956
f 2956/2956/2956 2884/2884/2884 2957/2957/2957
f 2884/2884/2884 2885/2885/2885 2957/2957/2957
f 2957/2957/2957 2885/2885/2885 2958/2958/2958
f 2885/2885/2885 2886/2886/2886 2958/2958/2958
f 2958/2958/2958 2886/2886/2886 2959/2959/2959
f 2886/2886/2886 2887/2887/2887 2959/2959/2959
f 2959/2959/2959 2887/2887/2887 2960/2960/2960
f 2887/2887/2887 2888/2888/2888 2960/2960/2960
f 2960/2960/2960 2888/2888/2888 2961/2961/2961
f 2888/2888/2888 2889/2889/2889 2961/2961/2961
f 2961/2961/2961 2889/2889/2889 2962/2962/2962
f 2889/2889/2889 2890/2890/2890 2962/2962/2962
f 2962/2962/2962 2890/2890/2890 2963/2963/2963
f 2890/2890/2890 2891/2891/2891 2963/2963/2963
f 2963/2963/2963 2891/2891/2891 2964/2964/2964
f 2891/2891/2891 2892/2892/2892 2964/2964/2964
f 2964/2964/2964 2892/2892/2892 2965/2965/2965
f 2892/2892/2892 2893/2893/2893 2965/2965/2965
f 2965/2965/2965 2893/2893/2893 2966/2966/2966
f 2893/2893/2893 2894/2894/2894 2966/2966/2966
f 2966/2966/2966 2894/2894/2894 2967/2967/2967
f 2894/2894/2894 2895/2895/2895 2967/2967/2967
f 2967/2967/2967 2895/2895/2895 2968/2968/2968
f 2895/2895/2895 2896/2896/2896 2968/2968/2968
f 2968/2968/2968 2896/2896/2896 2969/2969/2969
f 2896/2896/2896 2897/2897/2897 2969/2969/2969
f 2969/2969/2969 2897/2897/2897 2970/2970/2970
f 2897/2897/2897 2898/2898/2898 2970/2970/2970
f 2970/2970/2970 2898/2898/2898 2971/2971/2971
f 2898/2898/2898 2899/2899/2899 2971/2971/2971
f 2971/2971/2971 2899/2899/2899 2972/2972/2972
f 2899/2899/2899 2900/2900/2900 2972/2972/2972
f 2972/2972/2972 2900/2900/2900 2973/2973/2973
f 2900/2900/2900 2901/2901/2901 2973/2973/2973
f 2973/2973/2973 2901/2901/2901 2974/2974/2974
f 2901/2901/2901 2902/2902/2902 2974/2974/2974
f 2974/2974/2974 2902/2902/2902 2975/2975/2975
f 2902/2902/2902 2903/2903/2903 2975/2975/2975
f 2975/2975/2975 2903/2903/2903 2976/2976/2976
f 2903/2903/2903 2904/2904/2904 2976/2976/2976
f 2976/2976/2976 2904/2904/2904 2977/2977/2977
f 2904/2904/2904 2905/2905/2905 2977/2977/2977
f 2977/2977/2977 2905/2905/2905 2978/2978/2978
f 2905/2905/2905 2906/2906/2906 2978/2978/2978
f 2978/2978/2978 2906/2906/2906 2979/2979/2979
f 2906/2906/2906 2907/2907/2907 2979/2979/2979
f 2979/2979/2979 2907/2907/2907 2980/2980/2980
f 2907/2907/2907 2908/2908/2908 2980/2980/2980
f 2980/2980/2980 2908/2908/2908 2981/2981/2981
f 2908/2908/2908 2909/2909/2909 2981/2981/2981
f 2981/2981/2981 2909/2909/2909 2982/2982/2982
f 2909/2909/2909 2910/2910/2910 2982/2982/2982
f 2982/2982/2982 2910/2910/2910 2983/2983/2983
f 2910/2910/2910 2911/2911/2911 2983/2983/2983
f 2983/2983/2983 2911/2911/2911 2984/2984/2984
f 2911/2911/2911 2912/2912/2912 2984/2984/2984
f 2984/2984/2984 2912/2912/2912 2985/2985/2985
f 2912/2912/2912 2913/2913/2913 2985/2985/2985
f 2985/2985/2985 2913/2913/2913 2986/2986/2986
f 2913/2913/2913 2914/2914/2914 2986/2986/2986
f 2986/2986/2986 2914/2914/2914 2987/2987/2987
f 2914/2914/2914 2915/2915/2915 2987/2987/2987
f 2987/2987/2987 2915/2915/2915 2988/2988/2988
f 2915/2915/2915 2916/2916/2916 2988/2988/2988
f 2988/2988/2988 2916/2916/2916 2989/2989/2989
f 2916/2916/2916 2917/2917/2917 2989/2989/2989
f 2989/2989/2989 2917/2917/2917 2990/2990/2990
f 2917/2917/2917 2918/2918/2918 2990/2990/2990
f 2990/2990/2990 2918/2918/2918 2991/2991/2991
f 2918/2918/2918 2919/2919/2919 2991/2991/2991
f 2991/2991/2991 2919/2919/2919 2992/2992/2992
f 2919/2919/2919 2920/2920/2920 2992/2992/2992
f 2992/2992/2992 2920/2920/2920 2993/2993/2993
f 2921/2921/2921 2922/2922/2922 2994/2994/2994
f 2994/2994/2994 2922/2922/2922 2995/2995/2995
f 2922/2922/2922 2923/2923/2923 2995/2995/2995
f 2995/2995/2995 2923/2923/2923 2996/2996/2996
f 2923/2923/2923 2924/2924/2924 2996/2996/2996
f 2996/2996/2996 2924/2924/2924 2997/2997/2997
f 2924/2924/2924 2925/2925/2925 2997/2997/2997
f 2997/2997/2997 2925/2925/2925 2998/2998/2998
f 2925/2925/2925 2926/2926/2926 2998/2998/2998
f 2998/2998/2998 2926/2926/2926 2999/2999/2999
f 2926/2926/2926 2927/2927/2927 2999/2999/2999
f 2999/2999/2999 2927/2927/2927 3000/3000/3000
f 2927/2927/2927 2928/2928/2928 3000/3000/3000
f 3000/3000/3000 2928/2928/2928 3001/3001/3001
f 2928/2928/2928 2929/2929/2929 3001/3001/3001
f 3001/3001/3001 2929/2929/2929 3002/3002/3002
f 2929/2929/2929 2930/2930/2930 3002/3002/3002
f 3002/3002/3002 2930/2930/2930 3003/3003/3003
f 2930/2930/2930 2931/2931/2931 3003/3003/3003
f 3003/3003/3003 2931/2931/2931 3004/3004/3004
f 2931/2931/2931 2932/2932/2932 3004/3004/3004
f 3004/3004/3004 2932/2932/2932 3005/3005/3005
f 2932/2932/2932 2933/2933/2933 3005/3005/3005
f 3005/3005/3005 2933/2933/2933 3006/3006/3006
f 2933/2933/2933 2934/2934/2934 3006/3006/3006
f 3006/3006/3006 2934/2934/2934 3007/3007/3007
f 2934/2934/2934 2935/2935/2935 3007/3007/3007
f 3007/3007/3007 2935/2935/2935 3008/3008/3008
f 2935/2935/2935 2936/2936/2936 3008/3008/3008
f 3008/3008/3008 2936/2936/2936 3009/3009/3009
f 2936/2936/2936 2937/2937/2937 3009/3009/3009
f 3009/3009/3009 2937/2937/2937 3010/3010/3010
f 2937/2937/2937 2938/2938/2938 3010/3010/3010
f 3010/3010/3010 2938/2938/2938 3011/3011/3011
f 2938/2938/2938 2939/2939/2939 3011/3011/3011
f 3011/3011/3011 2939/2939/2939 3012/3012/3012
f 2939/2939/2939 2940/2940/2940 3012/3012/3012
f 3012/3012/3012 2940/2940/2940 3013/3013/3013
f 2940/2940/2940 2941/2941/2941 3013/3013/3013
f 3013/3013/3013 2941/2941/2941 3014/3014/3014
f 2941/2941/2941 2942/2942/2942 3014/3014/3014
f 3014/3014/3014 2942/2942/2942 3015/3015/3015
f 2942/2942/2942 2943/2943/2943 3015/3015/3015
f 3015/3015/3015 2943/2943/2943 3016/3016/3016
f 2943/2943/2943 2944/2944/2944 3016/3016/3016
f 3016/3016/3016 2944/2944/2944 3017/3017/3017
f 2944/2944/2944 2945/2945/2945 3017/3017/3017
f 3017/3017/3017 2945/2945/2945 3018/3018/3018
f 2945/2945/2945 2946/2946/2946 3018/3018/3018
f 3018/3018/3018 2946/2946/2946 3019/3019/3019
f 2946/2946/2946 2947/2947/2947 3019/3019/3019
f 3019/3019/3019 2947/2947/2947 3020/3020/3020
f 2947/2947/2947 2948/2948/2948 3020/3020/3020
f 3020/3020/3020 2948/2948/2948 3021/3021/3021
f 2948/2948/2948 2949/2949/2949 3021/3021/3021
f 3021/3021/3021 2949/2949/2949 3022/3022/3022
f 2949/2949/2949 2950/2950/2950 3022/3022/3022
f 3022/3022/3022 2950/2950/2950 3023/3023/3023
f 2950/2950/2950 2951/2951/2951 3023/3023/3023
f 3023/3023/3023 2951/2951/2951 3024/3024/3024
f 2951/2951/2951 2952/2952/2952 3024/3024/3024
f 3024/3024/3024 2952/2952/2952 3025/3025/3025
f 2952/2952/2952 2953/2953/2953 3025/3025/3025
f 3025/3025/3025 2953/2953/2953 3026/3026/3026
f 2953/2953/2953 2954/2954/2954 3026/3026/3026
f 3026/3026/3026 2954/2954/2954 3027/3027/3027
f 2954/2954/2954 2955/2955/2955 3027/3027/3027
f 3027/3027/3027 2955/2955/2955 3028/3028/3028
f 2955/2955/2955 2956/2956/2956 3028/3028/3028
f 3028/3028/3028 2956/2956/2956 3029/3029/3029
f 2956/2956/2956 2957/2957/2957 3029/3029/3029
f 3029/3029/3029 2957/2957/2957 3030/3030/3030
f 2957/2957/2957 2958/2958/2958 3030/3030/3030
f 3030/3030/3030 2958/2958/2958 3031/3031/3031
f 2958/2958/2958 2959/2959/2959 3031/3031/3031
f 3031/3031/3031 2959/2959/2959 3032/3032/3032
f 2959/2959/2959 2960/2960/2960 3032/3032/3032
f 3032/3032/3032 2960/2960/2960 3033/3033/3033
f 2960/2960/2960 2961/2961/2961 3033/3033/3033
f 3033/3033/3033 2961/2961/2961 3034/3034/3034
f 2961/2961/2961 2962/2962/2962 3034/3034/3034
f 3034/3034/3034 2962/2962/2962 3035/3035/3035
f 2962/2962/2962 2963/2963/2963 3035/3035/3035
f 3035/3035/3035 2963/2963/2963 3036/3036/3036
f 2963/2963/2963 2964/2964/2964 3036/3036/3036
f 3036/3036/3036 2964/2964/2964 3037/3037/3037
f 2964/2964/2964 2965/2965/2965 3037/3037/3037
f 3037/3037/3037 2965/2965/2965 3038/3038/3038
f 2965/2965/2965 2966/2966/2966 3038/3038/3038
f 3038/3038/3038 2966/2966/2966 3039/3039/3039
f 2966/2966/2966 2967/2967/2967 3039/3039/3039
f 3039/3039/3039 2967/2967/2967 3040/3040/3040
f 2967/2967/2967 2968/2968/2968 3040/3040/3040
f 3040/3040/3040 2968/2968/2968 3041/3041/3041
f 2968/2968/2968 2969/2969/2969 3041/3041/3041
f 3041/3041/3041 2969/2969/2969 3042/3042/3042
f 2969/2969/2969 2970/2970/2970 3042/3042/3042
f 3042/3042/3042 2970/2970/2970 3043/3043/3043
f 2970/2970/2970 2971/2971/2971 3043/3043/3043
f 3043/3043/3043 2971/2971/2971 3044/3044/3044
f 2971/2971/2971 2972/2972/2972 3044/3044/3044
f 3044/3044/3044 2972/2972/2972 3045/3045/3045
f 2972/2972/2972 2973/2973/2973 3045/3045/3045
f 3045/3045/3045 2973/2973/2973 3046/3046/3046
f 2973/2973/2973 2974/2974/2974 3046/3046/3046
f 3046/3046/3046 2974/2974/2974 3047/3047/3047
f 2974/2974/2974 2975/2975/2975 3047/3047/3047
f 3047/3047/3047 2975/2975/2975 3048/3048/3048
f 2975/2975/2975 2976/2976/2976 3048/3048/3048
f 3048/3048/3048 2976/2976/2976 3049/3049/3049
f 2976/2976/2976 2977/2977/2977 3049/3049/3049
f 3049/3049/3049 2977/2977/2977 3050/3050/3050
f 2977/2977/2977 2978/2978/2978 3050/3050/3050
f 3050/3050/3050 2978/2978/2978 3051/3051/3051
f 2978/2978/2978 2979/2979/2979 3051/3051/3051
f 3051/3051/3051 2979/2979/2979 3052/3052/3052
f 2979/2979/2979 2980/2980/2980 3052/3052/3052
f 3052/3052/3052 2980/2980/2980 3053/3053/3053
f 2980/2980/2980 2981/2981/2981 3053/3053/3053
f 3053/3053/3053 2981/2981/2981 3054/3054/3054
f 2981/2981/2981 2982/2982/2982 3054/3054/3054
f 3054/3054/3054 2982/2982/2982 3055/3055/3055
f 2982/2982/2982 2983/2983/2983 3055/3055/3055
f 3055/3055/3055 2983/2983/2983 3056/3056/3056
f 2983/2983/2983 2984/2984/2984 3056/3056/3056
f 3056/3056/3056 2984/2984/2984 3057/3057/3057
f 2984/2984/2984 2985/2985/2985 3057/3057/3057
f 3057/3057/3057 2985/2985/2985 3058/3058/3058
f 2985/2985/2985 2986/2986/2986 3058/3058/3058
f 3058/3058/3058 2986/2986/2986 3059/3059/3059
f 2986/2986/2986 2987/2987/2987 3059/3059/3059
f 3059/3059/3059 2987/2987/2987 3060/3060/3060
f 2987/2987/2987 2988/2988/2988 3060/3060/3060
f 3060/3060/3060 2988/2988/2988 3061/3061/3061
f 2988/2988/2988 2989/2989/2989 3061/3061/3061
f 3061/3061/3061 2989/2989/2989 3062/3062/3062
f 2989/2989/2989 2990/2990/2990 3062/3062/3062
f 3062/3062/3062 2990/2990/2990 3063/3063/3063
f 2990/2990/2990 2991/2991/2991 3063/3063/3063
f 3063/3063/3063 2991/2991/2991 3064/3064/3064
f 2991/2991/2991 2992/2992/2992 3064/3064/3064
f 3064/3064/3064 2992/2992/2992 3065/3065/3065
f 2992/2992/2992 2993/2993/2993 3065/3065/3065
f 3065/3065/3065 2993/2993/2993 3066/3066/3066
f 2994/2994/2994 2995/2995/2995 3067/3067/3067
f 3067/3067/3067 2995/2995/2995 3068/3068/3068
f 2995/2995/2995 2996/2996/2996 3068/3068/3068
f 3068/3068/3068 2996/2996/2996 3069/3069/3069
f 2996/2996/2996 2997/2997/2997 3069/3069/3069
f 3069/3069/3069 2997/2997/2997 3070/3070/3070
f 2997/2997/2997 2998/2998/2998 3070/3070/3070
f 3070/3070/3070 2998/2998/2998 3071/3071/3071
f 2998/2998/2998 2999/2999/2999 3071/3071/3071
f 3071/3071/3071 2999/2999/2999 3072/3072/3072
f 2999/2999/2999 3000/3000/3000 3072/3072/3072
f 3072/3072/3072 3000/3000/3000 3073/3073/3073
f 3000/3000/3000 3001/3001/3001 3073/3073/3073
f 3073/3073/3073 3001/3001/3001 3074/3074/3074
f 3001/3001/3001 3002/3002/3002 3074/3074/3074
f 3074/3074/3074 3002/3002/3002 3075/3075/3075
f 3002/3002/3002 3003/3003/3003 3075/3075/3075
f 3075/3075/3075 3003/3003/3003 3076/3076/3076
f 3003/3003/3003 3004/3004/3004 3076/3076/3076
f 3076/3076/3076 3004/3004/3004 3077/3077/3077
f 3004/3004/3004 3005/3005/3005 3077/3077/3077
f 3077/3077/3077 3005/3005/3005 3078/3078/3078
f 3005/3005/3005 3006/3006/3006 3078/3078/3078
f 3078/3078/3078 3006/3006/3006 3079/3079/3079
f 3006/3006/3006 3007/3007/3007 3079/3079/3079
f 3079/3079/3079 3007/3007/3007 3080/3080/3080
f 3007/3007/3007 3008/3008/3008 3080/3080/3080
f 3080/3080/3080 3008/3008/3008 3081/3081/3081
f 3008/3008/3008 3009/3009/3009 3081/3081/3081
f 3081/3081/3081 3009/3009/3009 3082/3082/3082
f 3009/3009/3009 3010/3010/3010 3082/3082/3082
f 3082/3082/3082 3010/3010/3010 3083/3083/3083
f 3010/3010/3010 3011/3011/3011 3083/3083/3083
f 3083/3083/3083 3011/3011/3011 3084/3084/3084
f 3011/3011/3011 3012/3012/3012 3084/3084/3084
f 3084/3084/3084 3012/3012/3012 3085/3085/3085
f 3012/3012/3012 3013/3013/3013 3085/3085/3085
f 3085/3085/3085 3013/3013/3013 3086/3086/3086
f 3013/3013/3013 3014/3014/3014 3086/3086/3086
f 3086/3086/3086 3014/3014/3014 3087/3087/3087
f 3014/3014/3014 3015/3015/3015 3087/3087/3087
f 3087/3087/3087 3015/3015/3015 3088/3088/3088
f 3015/3015/3015 3016/3016/3016 3088/3088/3088
f 3088/3088/3088 3016/3016/3016 3089/3089/3089
f 3016/3016/3016 3017/3017/3017 3089/3089/3089
f 3089/3089/3089 3017/3017/3017 3090/3090/3090
f 3017/3017/3017 3018/3018/3018 3090/3090/3090
f 3090/3090/3090 3018/3018/3018 3091/3091/3091
f 3018/3018/3018 3019/3019/3019 3091/3091/3091
f 3091/3091/3091 3019/3019/3019 3092/3092/3092
f 3019/3019/3019 3020/3020/3020 3092/3092/3092
f 3092/3092/3092 3020/3020/3020 3093/3093/3093
f 3020/3020/3020 3021/3021/3021 3093/3093/3093
f 3093/3093/3093 3021/3021/3021 3094/3094/3094
f 3021/3021/3021 3022/3022/3022 3094/3094/3094
f 3094/3094/3094 3022/3022/3022 3095/3095/3095
f 3022/3022/3022 3023/3023/3023 3095/3095/3095
f 3095/3095/3095 3023/3023/3023 3096/3096/3096
f 3023/3023/3023 3024/3024/3024 3096/3096/3096
f 3096/3096/3096 3024/3024/3024 3097/3097/3097
f 3024/3024/3024 3025/3025/3025 3097/3097/3097
f 3097/3097/3097 3025/3025/3025 3098/3098/3098
f 3025/3025/3025 3026/3026/3026 3098/3098/3098
f 3098/3098/3098 3026/3026/3026 3099/3099/3099
f 3026/3026/3026 3027/3027/3027 3099/3099/3099
f 3099/3099/3099 3027/3027/3027 3100/3100/3100
f 3027/3027/3027 3028/3028/3028 3100/3100/3100
f 3100/3100/3100 3028/3028/3028 3101/3101/3101
f 3028/3028/3028 3029/3029/3029 3101/3101/3101
f 3101/3101/3101 3029/3029/3029 3102/3102/3102
f 3029/3029/3029 3030/3030/3030 3102/3102/3102
f 3102/3102/3102 3030/3030/3030 3103/3103/3103
f 3030/3030/3030 3031/3031/3031 3103/3103/3103
f 3103/3103/3103 3031/3031/3031 3104/3104/3104
f 3031/3031/3031 3032/3032/3032 3104/3104/3104
f 3104/3104/3104 3032/3032/3032 3105/3105/3105
f 3032/3032/3032 3033/3033/3033 3105/3105/3105
f 3105/3105/3105 3033/3033/3033 3106/3106/3106
f 3033/3033/3033 3034/3034/3034 3106/3106/3106
f 3106/3106/3106 3034/3034/3034 3107/3107/3107
f 3034/3034/3034 3035/3035/3035 3107/3107/3107
f 3107/3107/3107 3035/3035/3035 3108/3108/3108
f 3035/3035/3035 3036/3036/3036 3108/3108/3108
f 3108/3108/3108 3036/3036/3036 3109/3109/3109
f 3036/3036/3036 3037/3037/3037 3109/3109/3109
f 3109/3109/3109 3037/3037/3037 3110/3110/3110
f 3037/3037/3037 3038/3038/3038 3110/3110/3110
f 3110/3110/3110 3038/3038/3038 3111/3111/3111
f 3038/3038/3038 3039/3039/3039 3111/3111/3111
f 3111/3111/3111 3039/3039/3039 3112/3112/3112
f 3039/3039/3039 3040/3040/3040 3112/3112/3112
f 3112/3112/3112 3040/3040/3040 3113/3113/3113
f 3040/3040/3040 3041/3041/3041 3113/3113/3113
f 3113/3113/3113 3041/3041/3041 3114/3114/3114
f 3041/3041/3041 3042/3042/3042 3114/3114/3114
f 3114/3114/3114 3042/3042/3042 3115/3115/3115
f 3042/3042/3042 3043/3043/3043 3115/3115/3115
f 3115/3115/3115 3043/3043/3043 3116/3116/3116
f 3043/3043/3043 3044/3044/3044 3116/3116/3116
f 3116/3116/3116 3044/3044/3044 3117/3117/3117
f 3044/3044/3044 3045/3045/3045 3117/3117/3117
f 3117/3117/3117 3045/3045/3045 3118/3118/3118
f 3045/3045/3045 3046/3046/3046 3118/3118/3118
f 3118/3118/3118 3046/3046/3046 3119/3119/3119
f 3046/3046/3046 3047/3047/3047 3119/3119/3119
f 3119/3119/3119 3047/3047/3047 3120/3120/3120
f 3047/3047/3047 3048/3048/3048 3120/3120/3120
f 3120/3120/3120 3048/3048/3048 3121/3121/3121
f 3048/3048/3048 3049/3049/3049 3121/3121/3121
f 3121/3121/3121 3049/3049/3049 3122/3122/3122
f 3049/3049/3049 3050/3050/3050 3122/3122/3122
f 3122/3122/3122 3050/3050/3050 3123/3123/3123
f 3050/3050/3050 3051/3051/3051 3123/3123/3123
f 3123/3123/3123 3051/3051/3051 3124/3124/3124
f 3051/3051/3051 3052/3052/3052 3124/3124/3124
f 3124/3124/3124 3052/3052/3052 3125/3125/3125
f 3052/3052/3052 3053/3053/3053 3125/3125/3125
f 3125/3125/3125 3053/3053/3053 3126/3126/3126
f 3053/3053/3053 3054/3054/3054 3126/3126/3126
f 3126/3126/3126 3054/3054/3054 3127/3127/3127
f 3054/3054/3054 3055/3055/3055 3127/3127/3127
f 3127/3127/3127 3055/3055/3055 3128/3128/3128
f 3055/3055/3055 3056/3056/3056 3128/3128/3128
f 3128/3128/3128 3056/3056/3056 3129/3129/3129
f 3056/3056/3056 3057/3057/3057 3129/3129/3129
f 3129/3129/3129 3057/3057/3057 3130/3130/3130
f 3057/3057/3057 3058/3058/3058 3130/3130/3130
f 3130/3130/3130 3058/3058/3058 3131/3131/3131
f 3058/3058/3058 3059/3059/3059 3131/3131/3131
f 3131/3131/3131 3059/3059/3059 3132/3132/3132
f 3059/3059/3059 3060/3060/3060 3132/3132/3132
f 3132/3132/3132 3060/3060/3060 3133/3133/3133
f 3060/3060/3060 3061/3061/3061 3133/3133/3133
f 3133/3133/3133 3061/3061/3061 3134/3134/3134
f 3061/3061/3061 3062/3062/3062 3134/3134/3134
f 3134/3134/3134 3062/3062/3062 3135/3135/3135
f 3062/3062/3062 3063/3063/3063 3135/3135/3135
f 3135/3135/3135 3063/3063/3063 3136/3136/3136
f 3063/3063/3063 3064/3064/3064 3136/3136/3136
f 3136/3136/3136 3064/3064/3064 3137/3137/3137
f 3064/3064/3064 3065/3065/3065 3137/3137/3137
f 3137/3137/3137 3065/3065/3065 3138/3138/3138
f 3065/3065/3065 3066/3066/3066 3138/3138/3138
f 3138/3138/3138 3066/3066/3066 3139/3139/3139
f 3067/3067/3067 3068/3068/3068 3140/3140/3140
f 3140/3140/3140 3068/3068/3068 3141/3141/3141
f 3068/3068/3068 3069/3069/3069 3141/3141/3141
f 3141/3141/3141 3069/3069/3069 3142/3142/3142
f 3069/3069/3069 3070/3070/3070 3142/3142/3142
f 3142/3142/3142 3070/3070/3070 3143/3143/3143
f 3070/3070/3070 3071/3071/3071 3143/3143/3143
f 3143/3143/3143 3071/3071/3071 3144/3144/3144
f 3071/3071/3071 3072/3072/3072 3144/3144/3144
f 3144/3144/3144 3072/3072/3072 3145/3145/3145
f 3072/3072/3072 3073/3073/3073 3145/3145/3145
f 3145/3145/3145 3073/3073/3073 3146/3146/3146
f 3073/3073/3073 3074/3074/3074 3146/3146/3146
f 3146/3146/3146 3074/3074/3074 3147/3147/3147
f 3074/3074/3074 3075/3075/3075 3147/3147/3147
f 3147/3147/3147 3075/3075/3075 3148/3148/3148
f 3075/3075/3075 3076/3076/3076 3148/3148/3148
f 3148/3148/3148 3076/3076/3076 3149/3149/3149
f 3076/3076/3076 3077/3077/3077 3149/3149/3149
f 3149/3149/3149 3077/3077/3077 3150/3150/3150
f 3077/3077/3077 3078/3078/3078 3150/3150/3150
f 3150/3150/3150 3078/3078/3078 3151/3151/3151
f 3078/3078/3078 3079/3079/3079 3151/3151/3151
f 3151/3151/3151 3079/3079/3079 3152/3152/3152
f 3079/3079/3079 3080/3080/3080 3152/3152/3152
f 3152/3152/3152 3080/3080/3080 3153/3153/3153
f 3080/3080/3080 3081/3081/3081 3153/3153/3153
f 3153/3153/3153 3081/3081/3081 3154/3154/3154
f 3081/3081/3081 3082/3082/3082 3154/3154/3154
f 3154/3154/3154 3082/3082/3082 3155/3155/3155
f 3082/3082/3082 3083/3083/3083 3155/3155/3155
f 3155/3155/3155 3083/3083/3083 3156/3156/3156
f 3083/3083/3083 3084/3084/3084 3156/3156/3156
f 3156/3156/3156 3084/3084/3084 3157/3157/3157
f 3084/3084/3084 3085/3085/3085 3157/3157/3157
f 3157/3157/3157 3085/3085/3085 3158/3158/3158
f 3085/3085/3085 3086/3086/3086 3158/3158/3158
f 3158/3158/3158 3086/3086/3086 3159/3159/3159
f 3086/3086/3086 3087/3087/3087 3159/3159/3159
f 3159/3159/3159 3087/3087/3087 3160/3160/3160
f 3087/3087/3087 3088/3088/3088 3160/3160/3160
f 3160/3160/3160 3088/3088/3088 3161/3161/3161
f 3088/3088/3088 3089/3089/3089 3161/3161/3161
f 3161/3161/3161 3089/3089/3089 3162/3162/3162
f 3089/3089/3089 3090/3090/3090 3162/3162/3162
f 3162/3162/3162 3090/3090/3090 3163/3163/3163
f 3090/3090/3090 3091/3091/3091 3163/3163/3163
f 3163/3163/3163 3091/3091/3091 3164/3164/3164
f 3091/3091/3091 3092/3092/3092 3164/3164/3164
f 3164/3164/3164 3092/3092/3092 3165/3165/3165
f 3092/3092/3092 3093/3093/3093 3165/3165/3165
f 3165/3165/3165 3093/3093/3093 3166/3166/3166
f 3093/3093/3093 3094/3094/3094 3166/3166/3166
f 3166/3166/3166 3094/3094/3094 3167/3167/3167
f 3094/3094/3094 3095/3095/3095 3167/3167/3167
f 3167/3167/3167 3095/3095/3095 3168/3168/3168
f 3095/3095/3095 3096/3096/3096 3168/3168/3168
f 3168/3168/3168 3096/3096/3096 3169/3169/3169
f 3096/3096/3096 3097/3097/3097 3169/3169/3169
f 3169/3169/3169 3097/3097/3097 3170/3170/3170
f 3097/3097/3097 3098/3098/3098 3170/3170/3170
f 3170/3170/3170 3098/3098/3098 3171/3171/3171
f 3098/3098/3098 3099/3099/3099 3171/3171/3171
f 3171/3171/3171 3099/3099/3099 3172/3172/3172
f 3099/3099/3099 3100/3100/3100 3172/3172/3172
f 3172/3172/3172 3100/3100/3100 3173/3173/3173
f 3100/3100/3100 3101/3101/3101 3173/3173/3173
f 3173/3173/3173 3101/3101/3101 3174/3174/3174
f 3101/3101/3101 3102/3102/3102 3174/3174/3174
f 3174/3174/3174 3102/3102/3102 3175/3175/3175
f 3102/3102/3102 3103/3103/3103 3175/3175/3175
f 3175/3175/3175 3103/3103/3103 3176/3176/3176
f 3103/3103/3103 3104/3104/3104 3176/3176/3176
f 3176/3176/3176 3104/3104/3104 3177/3177/3177
f 3104/3104/3104 3105/3105/3105 3177/3177/3177
f 3177/3177/3177 3105/3105/3105 3178/3178/3178
f 3105/3105/3105 3106/3106/3106 3178/3178/3178
f 3178/3178/3178 3106/3106/3106 3179/3179/3179
f 3106/3106/3106 3107/3107/3107 3179/3179/3179
f 3179/3179/3179 3107/3107/3107 3180/3180/3180
f 3107/3107/3107 3108/3108/3108 3180/3180/3180
f 3180/3180/3180 3108/3108/3108 3181/3181/3181
f 3108/3108/3108 3109/3109/3109 3181/3181/3181
f 3181/3181/3181 3109/3109/3109 3182/3182/3182
f 3109/3109/3109 3110/3110/3110 3182/3182/3182
f 3182/3182/3182 3110/3110/3110 3183/3183/3183
f 3110/3110/3110 3111/3111/3111 3183/3183/3183
f 3183/3183/3183 3111/3111/3111 3184/3184/3184
f 3111/3111/3111 3112/3112/3112 3184/3184/3184
f 3184/3184/3184 3112/3112/3112 3185/3185/3185
f 3112/3112/3112 3113/3113/3113 3185/3185/3185
f 3185/3185/3185 3113/3113/3113 3186/3186/3186
f 3113/3113/3113 3114/3114/3114 3186/3186/3186
f 3186/3186/3186 3114/3114/3114 3187/3187/3187
f 3114/3114/3114 3115/3115/3115 3187/3187/3187
f 3187/3187/3187 3115/3115/3115 3188/3188/3188
f 3115/3115/3115 3116/3116/3116 3188/3188/3188
f 3188/3188/3188 3116/3116/3116 3189/3189/3189
f 3116/3116/3116 3117/3117/3117 3189/3189/3189
f 3189/3189/3189 3117/3117/3117 3190/3190/3190
f 3117/3117/3117 3118/3118/3118 3190/3190/3190
f 3190/3190/3190 3118/3118/3118 3191/3191/3191
f 3118/3118/3118 3119/3119/3119 3191/3191/3191
f 3191/3191/3191 3119/3119/3119 3192/3192/3192
f 3119/3119/3119 3120/3120/3120 3192/3192/3192
f 3192/3192/3192 3120/3120/3120 3193/3193/3193
f 3120/3120/3120 3121/3121/3121 3193/3193/3193
f 3193/3193/3193 3121/3121/3121 3194/3194/3194
f 3121/3121/3121 3122/3122/3122 3194/3194/3194
f 3194/3194/3194 3122/3122/3122 3195/3195/3195
f 3122/3122/3122 3123/3123/3123 3195/3195/3195
f 3195/3195/3195 3123/3123/3123 3196/3196/3196
f 3123/3123/3123 3124/3124/3124 3196/3196/3196
f 3196/3196/3196 3124/3124/3124 3197/3197/3197
f 3124/3124/3124 3125/3125/3125 3197/3197/3197
f 3197/3197/3197 3125/3125/3125 3198/3198/3198
f 3125/3125/3125 3126/3126/3126 3198/3198/3198
f 3198/3198/3198 3126/3126/3126 3199/3199/3199
f 3126/3126/3126 3127/3127/3127 3199/3199/3199
f 3199/3199/3199 3127/3127/3127 3200/3200/3200
f 3127/3127/3127 3128/3128/3128 3200/3200/3200
f 3200/3200/3200 3128/3128/3128 3201/3201/3201
f 3128/3128/3128 3129/3129/3129 3201/3201/3201
f 3201/3201/3201 3129/3129/3129 3202/3202/3202
f 3129/3129/3129 3130/3130/3130 3202/3202/3202
f 3202/3202/3202 3130/3130/3130 3203/3203/3203
f 3130/3130/3130 3131/3131/3131 3203/3203/3203
f 3203/3203/3203 3131/3131/3131 3204/3204/3204
f 3131/3131/3131 3132/3132/3132 3204/3204/3204
f 3204/3204/3204 3132/3132/3132 3205/3205/3205
f 3132/3132/3132 3133/3133/3133 3205/3205/3205
f 3205/3205/3205 3133/3133/3133 3206/3206/3206
f 3133/3133/3133 3134/3134/3134 3206/3206/3206
f 3206/3206/3206 3134/3134/3134 3207/3207/3207
f 3134/3134/3134 3135/3135/3135 3207/3207/3207
f 3207/3207/3207 3135/3135/3135 3208/3208/3208
f 3135/3135/3135 3136/3136/3136 3208/3208/3208
f 3208/3208/3208 3136/3136/3136 3209/3209/3209
f 3136/3136/3136 3137/3137/3137 3209/3209/3209
f 3209/3209/3209 3137/3137/3137 3210/3210/3210
f 3137/3137/3137 3138/3138/3138 3210/3210/3210
f 3210/3210/3210 3138/3138/3138 3211/3211/3211
f 3138/3138/3138 3139/3139/3139 3211/3211/3211
f 3211/3211/3211 3139/3139/3139 3212/3212/3212
f 3140/3140/3140 3141/3141/3141 3213/3213/3213
f 3213/3213/3213 3141/3141/3141 3214/3214/3214
f 3141/3141/3141 3142/3142/3142 3214/3214/3214
f 3214/3214/3214 3142/3142/3142 3215/3215/3215
f 3142/3142/3142 3143/3143/3143 3215/3215/3215
f 3215/3215/3215 3143/3143/3143 3216/3216/3216
f 3143/3143/3143 3144/3144/3144 3216/3216/3216
f 3216/3216/3216 3144/3144/3144 3217/3217/3217
f 3144/3144/3144 3145/3145/3145 3217/3217/3217
f 3217/3217/3217 3145/3145/3145 3218/3218/3218
f 3145/3145/3145 3146/3146/3146 3218/3218/3218
f 3218/3218/3218 3146/3146/3146 3219/3219/3219
f 3146/3146/3146 3147/3147/3147 3219/3219/3219
f 3219/3219/3219 3147/3147/3147 3220/3220/3220
f 3147/3147/3147 3148/3148/3148 3220/3220/3220
f 3220/3220/3220 3148/3148/3148 3221/3221/3221
f 3148/3148/3148 3149/3149/3149 3221/3221/3221
f 3221/3221/3221 3149/3149/3149 3222/3222/3222
f 3149/3149/3149 3150/3150/3150 3222/3222/3222
f 3222/3222/3222 3150/3150/3150 3223/3223/3223
f 3150/3150/3150 3151/3151/3151 3223/3223/3223
f 3223/3223/3223 3151/3151/3151 3224/3224/3224
f 3151/3151/3151 3152/3152/3152 3224/3224/3224
f 3224/3224/3224 3152/3152/3152 3225/3225/3225
f 3152/3152/3152 3153/3153/3153 3225/3225/3225
f 3225/3225/3225 3153/3153/3153 3226/3226/3226
f 3153/3153/3153 3154/3154/3154 3226/3226/3226
f 3226/3226/3226 3154/3154/3154 3227/3227/3227
f 3154/3154/3154 3155/3155/3155 3227/3227/3227
f 3227/3227/3227 3155/3155/3155 3228/3228/3228
f 3155/3155/3155 3156/3156/3156 3228/3228/3228
f 3228/3228/3228 3156/3156/3156 3229/3229/3229
f 3156/3156/3156 3157/3157/3157 3229/3229/3229
f 3229/3229/3229 3157/3157/3157 3230/3230/3230
f 3157/3157/3157 3158/3158/3158 3230/3230/3230
f 3230/3230/3230 3158/3158/3158 3231/3231/3231
f 3158/3158/3158 3159/3159/3159 3231/3231/3231
f 3231/3231/3231 3159/3159/3159 3232/3232/3232
f 3159/3159/3159 3160/3160/3160 3232/3232/3232
f 3232/3232/3232 3160/3160/3160 3233/3233/3233
f 3160/3160/3160 3161/3161/3161 3233/3233/3233
f 3233/3233/3233 3161/3161/3161 3234/3234/3234
f 3161/3161/3161 3162/3162/3162 3234/3234/3234
f 3234/3234/3234 3162/3162/3162 3235/3235/3235
f 3162/3162/3162 3163/3163/3163 3235/3235/3235
f 3235/3235/3235 3163/3163/3163 3236/3236/3236
f 3163/3163/3163 3164/3164/3164 3236/3236/3236
f 3236/3236/3236 3164/3164/3164 3237/3237/3237
f 3164/3164/3164 3165/3165/3165 3237/3237/3237
f 3237/3237/3237 3165/3165/3165 3238/3238/3238
f 3165/3165/3165 3166/3166/3166 3238/3238/3238
f 3238/3238/3238 3166/3166/3166 3239/3239/3239
f 3166/3166/3166 3167/3167/3167 3239/3239/3239
f 3239/3239/3239 3167/3167/3167 3240/3240/3240
f 3167/3167/3167 3168/3168/3168 3240/3240/3240
f 3240/3240/3240 3168/3168/3168 3241/3241/3241
f 3168/3168/3168 3169/3169/3169 3241/3241/3241
f 3241/3241/3241 3169/3169/3169 3242/3242/3242
f 3169/3169/3169 3170/3170/3170 3242/3242/3242
f 3242/3242/3242 3170/3170/3170 3243/3243/3243
f 3170/3170/3170 3171/3171/3171 3243/3243/3243
f 3243/3243/3243 3171/3171/3171 3244/3244/3244
f 3171/3171/3171 3172/3172/3172 3244/3244/3244
f 3244/3244/3244 3172/3172/3172 3245/3245/3245
f 3172/3172/3172 3173/3173/3173 3245/3245/3245
f 3245/3245/3245 3173/3173/3173 3246/3246/3246
f 3173/3173/3173 3174/3174/3174 3246/3246/3246
f 3246/3246/3246 3174/3174/3174 3247/3247/3247
f 3174/3174/3174 3175/3175/3175 3247/3247/3247
f 3247/3247/3247 3175/3175/3175 3248/3248/3248
f 3175/3175/3175 3176/3176/3176 3248/3248/3248
f 3248/3248/3248 3176/3176/3176 3249/3249/3249
f 3176/3176/3176 3177/3177/3177 3249/3249/3249
f 3249/3249/3249 3177/3177/3177 3250/3250/3250
f 3177/3177/3177 3178/3178/3178 3250/3250/3250
f 3250/3250/3250 3178/3178/3178 3251/3251/3251
f 3178/3178/3178 3179/3179/3179 3251/3251/3251
f 3251/3251/3251 3179/3179/3179 3252/3252/3252
f 3179/3179/3179 3180/3180/3180 3252/3252/3252
f 3252/3252/3252 3180/3180/3180 3253/3253/3253
f 3180/3180/3180 3181/3181/3181 3253/3253/3253
f 3253/3253/3253 3181/3181/3181 3254/3254/3254
f 3181/3181/3181 3182/3182/3182 3254/3254/3254
f 3254/3254/3254 3182/3182/3182 3255/3255/3255
f 3182/3182/3182 3183/3183/3183 3255/3255/3255
f 3255/3255/3255 3183/3183/3183 3256/3256/3256
f 3183/3183/3183 3184/3184/3184 3256/3256/3256
f 3256/3256/3256 3184/3184/3184 3257/3257/3257
f 3184/3184/3184 3185/3185/3185 3257/3257/3257
f 3257/3257/3257 3185/3185/3185 3258/3258/3258
f 3185/3185/3185 3186/3186/3186 3258/3258/3258
f 3258/3258/3258 3186/3186/3186 3259/3259/3259
f 3186/3186/3186 3187/3187/3187 3259/3259/3259
f 3259/3259/3259 3187/3187/3187 3260/3260/3260
f 3187/3187/3187 3188/3188/3188 3260/3260/3260
f 3260/3260/3260 3188/3188/3188 3261/3261/3261
f 3188/3188/3188 3189/3189/3189 3261/3261/3261
f 3261/3261/3261 3189/3189/3189 3262/3262/3262
f 3189/3189/3189 3190/3190/3190 3262/3262/3262
f 3262/3262/3262 3190/3190/3190 3263/3263/3263
f 3190/3190/3190 3191/3191/3191 3263/3263/3263
f 3263/3263/3263 3191/3191/3191 3264/3264/3264
f 3191/3191/3191 3192/3192/3192 3264/3264/3264
f 3264/3264/3264 3192/3192/3192 3265/3265/3265
f 3192/3192/3192 3193/3193/3193 3265/3265/3265
f 3265/3265/3265 3193/3193/3193 3266/3266/3266
f 3193/3193/3193 3194/3194/3194 3266/3266/3266
f 3266/3266/3266 3194/3194/3194 3267/3267/3267
f 3194/3194/3194 3195/3195/3195 3267/3267/3267
f 3267/3267/3267 3195/3195/3195 3268/3268/3268
f 3195/3195/3195 3196/3196/3196 3268/3268/3268
f 3268/3268/3268 3196/3196/3196 3269/3269/3269
f 3196/3196/3196 3197/3197/3197 3269/3269/3269
f 3269/3269/3269 3197/3197/3197 3270/3270/3270
f 3197/3197/3197 3198/3198/3198 3270/3270/3270
f 3270/3270/3270 3198/3198/3198 3271/3271/3271
f 3198/3198/3198 3199/3199/3199 3271/3271/3271
f 3271/3271/3271 3199/3199/3199 3272/3272/3272
f 3199/3199/3199 3200/3200/3200 3272/3272/3272
f 3272/3272/3272 3200/3200/3200 3273/3273/3273
f 3200/3200/3200 3201/3201/3201 3273/3273/3273
f 3273/3273/3273 3201/3201/3201 3274/3274/3274
f 3201/3201/3201 3202/3202/3202 3274/3274/3274
f 3274/3274/3274 3202/3202/3202 3275/3275/3275
f 3202/3202/3202 3203/3203/3203 3275/3275/3275
f 3275/3275/3275 3203/3203/3203 3276/3276/3276
f 3203/3203/3203 3204/3204/3204 3276/3276/3276
f 3276/3276/3276 3204/3204/3204 3277/3277/3277
f 3204/3204/3204 3205/3205/3205 3277/3277/3277
f 3277/3277/3277 3205/3205/3205 3278/3278/3278
f 3205/3205/3205 3206/3206/3206 3278/3278/3278
f 3278/3278/3278 3206/3206/3206 3279/3279/3279
f 3206/3206/3206 3207/3207/3207 3279/3279/3279
f 3279/3279/3279 3207/3207/3207 3280/3280/3280
f 3207/3207/3207 3208/3208/3208 3280/3280/3280
f 3280/3280/3280 3208/3208/3208 3281/3281/3281
f 3208/3208/3208 3209/3209/3209 3281/3281/3281
f 3281/3281/3281 3209/3209/3209 3282/3282/3282
f 3209/3209/3209 3210/3210/3210 3282/3282/3282
f 3282/3282/3282 3210/3210/3210 3283/3283/3283
f 3210/3210/3210 3211/3211/3211 3283/3283/3283
f 3283/3283/3283 3211/3211/3211 3284/3284/3284
f 3211/3211/3211 3212/3212/3212 3284/3284/3284
f 3284/3284/3284 3212/3212/3212 3285/3285/3285
f 3213/3213/3213 3214/3214/3214 3286/3286/3286
f 3286/3286/3286 3214/3214/3214 3287/3287/3287
f 3214/3214/3214 3215/3215/3215 3287/3287/3287
f 3287/3287/3287 3215/3215/3215 3288/3288/3288
f 3215/3215/3215 3216/3216/3216 3288/3288/3288
f 3288/3288/3288 3216/3216/3216 3289/3289/3289
f 3216/3216/3216 3217/3217/3217 3289/3289/3289
f 3289/3289/3289 3217/3217/3217 3290/3290/3290
f 3217/3217/3217 3218/3218/3218 3290/3290/3290
f 3290/3290/3290 3218/3218/3218 3291/3291/3291
f 3218/3218/3218 3219/3219/3219 3291/3291/3291
f 3291/3291/3291 3219/3219/3219 3292/3292/3292
f 3219/3219/3219 3220/3220/3220 3292/3292/3292
f 3292/3292/3292 3220/3220/3220 3293/3293/3293
f 3220/3220/3220 3221/3221/3221 3293/3293/3293
f 3293/3293/3293 3221/3221/3221 3294/3294/3294
f 3221/3221/3221 3222/3222/3222 3294/3294/3294
f 3294/3294/3294 3222/3222/3222 3295/3295/3295
f 3222/3222/3222 3223/3223/3223 3295/3295/3295
f 3295/3295/3295 3223/3223/3223 3296/3296/3296
f 3223/3223/3223 3224/3224/3224 3296/3296/3296
f 3296/3296/3296 3224/3224/3224 3297/3297/3297
f 3224/3224/3224 3225/3225/3225 3297/3297/3297
f 3297/3297/3297 3225/3225/3225 3298/3298/3298
f 3225/3225/3225 3226/3226/3226 3298/3298/3298
f 3298/3298/3298 3226/3226/3226 3299/3299/3299
f 3226/3226/3226 3227/3227/3227 3299/3299/3299
f 3299/3299/3299 3227/3227/3227 3300/3300/3300
f 3227/3227/3227 3228/3228/3228 3300/3300/3300
f 3300/3300/3300 3228/3228/3228 3301/3301/3301
f 3228/3228/3228 3229/3229/3229 3301/3301/3301
f 3301/3301/3301 3229/3229/3229 3302/3302/3302
f 3229/3229/3229 3230/3230/3230 3302/3302/3302
f 3302/3302/3302 3230/3230/3230 3303/3303/3303
f 3230/3230/3230 3231/3231/3231 3303/3303/3303
f 3303/3303/3303 3231/3231/3231 3304/3304/3304
f 3231/3231/3231 3232/3232/3232 3304/3304/3304
f 3304/3304/3304 3232/3232/3232 3305/3305/3305
f 3232/3232/3232 3233/3233/3233 3305/3305/3305
f 3305/3305/3305 3233/3233/3233 3306/3306/3306
f 3233/3233/3233 3234/3234/3234 3306/3306/3306
f 3306/3306/3306 3234/3234/3234 3307/3307/3307
f 3234/3234/3234 3235/3235/3235 3307/3307/3307
f 3307/3307/3307 3235/3235/3235 3308/3308/3308
f 3235/3235/3235 3236/3236/3236 3308/3308/3308
f 3308/3308/3308 3236/3236/3236 3309/3309/3309
f 3236/3236/3236 3237/3237/3237 3309/3309/3309
f 3309/3309/3309 3237/3237/3237 3310/3310/3310
f 3237/3237/3237 3238/3238/3238 3310/3310/3310
f 3310/3310/3310 3238/3238/3238 3311/3311/3311
f 3238/3238/3238 3239/3239/3239 3311/3311/3311
f 3311/3311/3311 3239/3239/3239 3312/3312/3312
f 3239/3239/3239 3240/3240/3240 3312/3312/3312
f 3312/3312/3312 3240/3240/3240 3313/3313/3313
f 3240/3240/3240 3241/3241/3241 3313/3313/3313
f 3313/3313/3313 3241/3241/3241 3314/3314/3314
f 3241/3241/3241 3242/3242/3242 3314/3314/3314
f 3314/3314/3314 3242/3242/3242 3315/3315/3315
f 3242/3242/3242 3243/3243/3243 3315/3315/3315
f 3315/3315/3315 3243/3243/3243 3316/3316/3316
f 3243/3243/3243 3244/3244/3244 3316/3316/3316
f 3316/3316/3316 3244/3244/3244 3317/3317/3317
f 3244/3244/3244 3245/3245/3245 3317/3317/3317
f 3317/3317/3317 3245/3245/3245 3318/3318/3318
f 3245/3245/3245 3246/3246/3246 3318/3318/3318
f 3318/3318/3318 3246/3246/3246 3319/3319/3319
f 3246/3246/3246 3247/3247/3247 3319/3319/3319
f 3319/3319/3319 3247/3247/3247 3320/3320/3320
f 3247/3247/3247 3248/3248/3248 3320/3320/3320
f 3320/3320/3320 3248/3248/3248 3321/3321/3321
f 3248/3248/3248 3249/3249/3249 3321/3321/3321
f 3321/3321/3321 3249/3249/3249 3322/3322/3322
f 3249/3249/3249 3250/3250/3250 3322/3322/3322
f 3322/3322/3322 3250/3250/3250 3323/3323/3323
f 3250/3250/3250 3251/3251/3251 3323/3323/3323
f 3323/3323/3323 3251/3251/3251 3324/3324/3324
f 3251/3251/3251 3252/3252/3252 3324/3324/3324
f 3324/3324/3324 3252/3252/3252 3325/3325/3325
f 3252/3252/3252 3253/3253/3253 3325/3325/3325
f 3325/3325/3325 3253/3253/3253 3326/3326/3326
f 3253/3253/3253 3254/3254/3254 3326/3326/3326
f 3326/3326/3326 3254/3254/3254 3327/3327/3327
f 3254/3254/3254 3255/3255/3255 3327/3327/3327
f 3327/3327/3327 3255/3255/3255 3328/3328/3328
f 3255/3255/3255 3256/3256/3256 3328/3328/3328
f 3328/3328/3328 3256/3256/3256 3329/3329/3329
f 3256/3256/3256 3257/3257/3257 3329/3329/3329
f 3329/3329/3329 3257/3257/3257 3330/3330/3330
f 3257/3257/3257 3258/3258/3258 3330/3330/3330
f 3330/3330/3330 3258/3258/3258 3331/3331/3331
f 3258/3258/3258 3259/3259/3259 3331/3331/3331
f 3331/3331/3331 3259/3259/3259 3332/3332/3332
f 3259/3259/3259 3260/3260/3260 3332/3332/3332
f 3332/3332/3332 3260/3260/3260 3333/3333/3333
f 3260/3260/3260 3261/3261/3261 3333/3333/3333
f 3333/3333/3333 3261/3261/3261 3334/3334/3334
f 3261/3261/3261 3262/3262/3262 3334/3334/3334
f 3334/3334/3334 3262/3262/3262 3335/3335/3335
f 3262/3262/3262 3263/3263/3263 3335/3335/3335
f 3335/3335/3335 3263/3263/3263 3336/3336/3336
f 3263/3263/3263 3264/3264/3264 3336/3336/3336
f 3336/3336/3336 3264/3264/3264 3337/3337/3337
f 3264/3264/3264 3265/3265/3265 3337/3337/3337
f 3337/3337/3337 3265/3265/3265 3338/3338/3338
f 3265/3265/3265 3266/3266/3266 3338/3338/3338
f 3338/3338/3338 3266/3266/3266 3339/3339/3339
f 3266/3266/3266 3267/3267/3267 3339/3339/3339
f 3339/3339/3339 3267/3267/3267 3340/3340/3340
f 3267/3267/3267 3268/3268/3268 3340/3340/3340
f 3340/3340/3340 3268/3268/3268 3341/3341/3341
f 3268/3268/3268 3269/3269/3269 3341/3341/3341
f 3341/3341/3341 3269/3269/3269 3342/3342/3342
f 3269/3269/3269 3270/3270/3270 3342/3342/3342
f 3342/3342/3342 3270/3270/3270 3343/3343/3343
f 3270/3270/3270 3271/3271/3271 3343/3343/3343
f 3343/3343/3343 3271/3271/3271 3344/3344/3344
f 3271/3271/3271 3272/3272/3272 3344/3344/3344
f 3344/3344/3344 3272/3272/3272 3345/3345/3345
f 3272/3272/3272 3273/3273/3273 3345/3345/3345
f 3345/3345/3345 3273/3273/3273 3346/3346/3346
f 3273/3273/3273 3274/3274/3274 3346/3346/3346
f 3346/3346/3346 3274/3274/3274 3347/3347/3347
f 3274/3274/3274 3275/3275/3275 3347/3347/3347
f 3347/3347/3347 3275/3275/3275 3348/3348/3348
f 3275/3275/3275 3276/3276/3276 3348/3348/3348
f 3348/3348/3348 3276/3276/3276 3349/3349/3349
f 3276/3276/3276 3277/3277/3277 3349/3349/3349
f 3349/3349/3349 3277/3277/3277 3350/3350/3350
f 3277/3277/3277 3278/3278/3278 3350/3350/3350
f 3350/3350/3350 3278/3278/3278 3351/3351/3351
f 3278/3278/3278 3279/3279/3279 3351/3351/3351
f 3351/3351/3351 3279/3279/3279 3352/3352/3352
f 3279/3279/3279 3280/3280/3280 3352/3352/3352
f 3352/3352/3352 3280/3280/3280 3353/3353/3353
f 3280/3280/3280 3281/3281/3281 3353/3353/3353
f 3353/3353/3353 3281/3281/3281 3354/3354/3354
f 3281/3281/3281 3282/3282/3282 3354/3354/3354
f 3354/3354/3354 3282/3282/3282 3355/3355/3355
f 3282/3282/3282 3283/3283/3283 3355/3355/3355
f 3355/3355/3355 3283/3283/3283 3356/3356/3356
f 3283/3283/3283 3284/3284/3284 3356/3356/3356
f 3356/3356/3356 3284/3284/3284 3357/3357/3357
f 3284/3284/3284 3285/3285/3285 3357/3357/3357
f 3357/3357/3357 3285/3285/3285 3358/3358/3358
f 3286/3286/3286 3287/3287/3287 3359/3359/3359
f 3359/3359/3359 3287/3287/3287 3360/3360/3360
f 3287/3287/3287 3288/3288/3288 3360/3360/3360
f 3360/3360/3360 3288/3288/3288 3361/3361/3361
f 3288/3288/3288 3289/3289/3289 3361/3361/3361
f 3361/3361/3361 3289/3289/3289 3362/3362/3362
f 3289/3289/3289 3290/3290/3290 3362/3362/3362
f 3362/3362/3362 3290/3290/3290 3363/3363/3363
f 3290/3290/3290 3291/3291/3291 3363/3363/3363
f 3363/3363/3363 3291/3291/3291 3364/3364/3364
f 3291/3291/3291 3292/3292/3292 3364/3364/3364
f 3364/3364/3364 3292/3292/3292 3365/3365/3365
f 3292/3292/3292 3293/3293/3293 3365/3365/3365
f 3365/3365/3365 3293/3293/3293 3366/3366/3366
f 3293/3293/3293 3294/3294/3294 3366/3366/3366
f 3366/3366/3366 3294/3294/3294 3367/3367/3367
f 3294/3294/3294 3295/3295/3295 3367/3367/3367
f 3367/3367/3367 3295/3295/3295 3368/3368/3368
f 3295/3295/3295 3296/3296/3296 3368/3368/3368
f 3368/3368/3368 3296/3296/3296 3369/3369/3369
f 3296/3296/3296 3297/3297/3297 3369/3369/3369
f 3369/3369/3369 3297/3297/3297 3370/3370/3370
f 3297/3297/3297 3298/3298/3298 3370/3370/3370
f 3370/3370/3370 3298/3298/3298 3371/3371/3371
f 3298/3298/3298 3299/3299/3299 3371/3371/3371
f 3371/3371/3371 3299/3299/3299 3372/3372/3372
f 3299/3299/3299 3300/3300/3300 3372/3372/3372
f 3372/3372/3372 3300/3300/3300 3373/3373/3373
f 3300/3300/3300 3301/3301/3301 3373/3373/3373
f 3373/3373/3373 3301/3301/3301 3374/3374/3374
f 3301/3301/3301 3302/3302/3302 3374/3374/3374
f 3374/3374/3374 3302/3302/3302 3375/3375/3375
f 3302/3302/3302 3303/3303/3303 3375/3375/3375
f 3375/3375/3375 3303/3303/3303 3376/3376/3376
f 3303/3303/3303 3304/3304/3304 3376/3376/3376
f 3376/3376/3376 3304/3304/3304 3377/3377/3377
f 3304/3304/3304 3305/3305/3305 3377/3377/3377
f 3377/3377/3377 3305/3305/3305 3378/3378/3378
f 3305/3305/3305 3306/3306/3306 3378/3378/3378
f 3378/3378/3378 3306/3306/3306 3379/3379/3379
f 3306/3306/3306 3307/3307/3307 3379/3379/3379
f 3379/3379/3379 3307/3307/3307 3380/3380/3380
f 3307/3307/3307 3308/3308/3308 3380/3380/3380
f 3380/3380/3380 3308/3308/3308 3381/3381/3381
f 3308/3308/3308 3309/3309/3309 3381/3381/3381
f 3381/3381/3381 3309/3309/3309 3382/3382/3382
f 3309/3309/3309 3310/3310/3310 3382/3382/3382
f 3382/3382/3382 3310/3310/3310 3383/3383/3383
f 3310/3310/3310 3311/3311/3311 3383/3383/3383
f 3383/3383/3383 3311/3311/3311 3384/3384/3384
f 3311/3311/3311 3312/3312/3312 3384/3384/3384
f 3384/3384/3384 3312/3312/3312 3385/3385/3385
f 3312/3312/3312 3313/3313/3313 3385/3385/3385
f 3385/3385/3385 3313/3313/3313 3386/3386/3386
f 3313/3313/3313 3314/3314/3314 3386/3386/3386
f 3386/3386/3386 3314/3314/3314 3387/3387/3387
f 3314/3314/3314 3315/3315/3315 3387/3387/3387
f 3387/3387/3387 3315/3315/3315 3388/3388/3388
f 3315/3315/3315 3316/3316/3316 3388/3388/3388
f 3388/3388/3388 3316/3316/3316 3389/3389/3389
f 3316/3316/3316 3317/3317/3317 3389/3389/3389
f 3389/3389/3389 3317/3317/3317 3390/3390/3390
f 3317/3317/3317 3318/3318/3318 3390/3390/3390
f 3390/3390/3390 3318/3318/3318 3391/3391/3391
f 3318/3318/3318 3319/3319/3319 3391/3391/3391
f 3391/3391/3391 3319/3319/3319 3392/3392/3392
f 3319/3319/3319 3320/3320/3320 3392/3392/3392
f 3392/3392/3392 3320/3320/3320 3393/3393/3393
f 3320/3320/3320 3321/3321/3321 3393/3393/3393
f 3393/3393/3393 3321/3321/3321 3394/3394/3394
f 3321/3321/3321 3322/3322/3322 3394/3394/3394
f 3394/3394/3394 3322/3322/3322 3395/3395/3395
f 3322/3322/3322 3323/3323/3323 3395/3395/3395
f 3395/3395/3395 3323/3323/3323 3396/3396/3396
f 3323/3323/3323 3324/3324/3324 3396/3396/3396
f 3396/3396/3396 3324/3324/3324 3397/3397/3397
f 3324/3324/3324 3325/3325/3325 3397/3397/3397
f 3397/3397/3397 3325/3325/3325 3398/3398/3398
f 3325/3325/3325 3326/3326/3326 3398/3398/3398
f 3398/3398/3398 3326/3326/3326 3399/3399/3399
f 3326/3326/3326 3327/3327/3327 3399/3399/3399
f 3399/3399/3399 3327/3327/3327 3400/3400/3400
f 3327/3327/3327 3328/3328/3328 3400/3400/3400
f 3400/3400/3400 3328/3328/3328 3401/3401/3401
f 3328/3328/3328 3329/3329/3329 3401/3401/3401
f 3401/3401/3401 3329/3329/3329 3402/3402/3402
f 3329/3329/3329 3330/3330/3330 3402/3402/3402
f 3402/3402/3402 3330/3330/3330 3403/3403/3403
f 3330/3330/3330 3331/3331/3331 3403/3403/3403
f 3403/3403/3403 3331/3331/3331 3404/3404/3404
f 3331/3331/3331 3332/3332/3332 3404/3404/3404
f 3404/3404/3404 3332/3332/3332 3405/3405/3405
f 3332/3332/3332 3333/3333/3333 3405/3405/3405
f 3405/3405/3405 3333/3333/3333 3406/3406/3406
f 3333/3333/3333 3334/3334/3334 3406/3406/3406
f 3406/3406/3406 3334/3334/3334 3407/3407/3407
f 3334/3334/3334 3335/3335/3335 3407/3407/3407
f 3407/3407/3407 3335/3335/3335 3408/3408/3408
f 3335/3335/3335 3336/3336/3336 3408/3408/3408
f 3408/3408/3408 3336/3336/3336 3409/3409/3409
f 3336/3336/3336 3337/3337/3337 3409/3409/3409
f 3409/3409/3409 3337/3337/3337 3410/3410/3410
f 3337/3337/3337 3338/3338/3338 3410/3410/3410
f 3410/3410/3410 3338/3338/3338 3411/3411/3411
f 3338/3338/3338 3339/3339/3339 3411/3411/3411
f 3411/3411/3411 3339/3339/3339 3412/3412/3412
f 3339/3339/3339 3340/3340/3340 3412/3412/3412
f 3412/3412/3412 3340/3340/3340 3413/3413/3413
f 3340/3340/3340 3341/3341/3341 3413/3413/3413
f 3413/3413/3413 3341/3341/3341 3414/3414/3414
f 3341/3341/3341 3342/3342/3342 3414/3414/3414
f 3414/3414/3414 3342/3342/3342 3415/3415/3415
f 3342/3342/3342 3343/3343/3343 3415/3415/3415
f 3415/3415/3415 3343/3343/3343 3416/3416/3416
f 3343/3343/3343 3344/3344/3344 3416/3416/3416
f 3416/3416/3416 3344/3344/3344 3417/3417/3417
f 3344/3344/3344 3345/3345/3345 3417/3417/3417
f 3417/3417/3417 3345/3345/3345 3418/3418/3418
f 3345/3345/3345 3346/3346/3346 3418/3418/3418
f 3418/3418/3418 3346/3346/3346 3419/3419/3419
f 3346/3346/3346 3347/3347/3347 3419/3419/3419
f 3419/3419/3419 3347/3347/3347 3420/3420/3420
f 3347/3347/3347 3348/3348/3348 3420/3420/3420
f 3420/3420/3420 3348/3348/3348 3421/3421/3421
f 3348/3348/3348 3349/3349/3349 3421/3421/3421
f 3421/3421/3421 3349/3349/3349 3422/3422/3422
f 3349/3349/3349 3350/3350/3350 3422/3422/3422
f 3422/3422/3422 3350/3350/3350 3423/3423/3423
f 3350/3350/3350 3351/3351/3351 3423/3423/3423
f 3423/3423/3423 3351/3351/3351 3424/3424/3424
f 3351/3351/3351 3352/3352/3352 3424/3424/3424
f 3424/3424/3424 3352/3352/3352 3425/3425/3425
f 3352/3352/3352 3353/3353/3353 3425/3425/3425
f 3425/3425/3425 3353/3353/3353 3426/3426/3426
f 3353/3353/3353 3354/3354/3354 3426/3426/3426
f 3426/3426/3426 3354/3354/3354 3427/3427/3427
f 3354/3354/3354 3355/3355/3355 3427/3427/3427
f 3427/3427/3427 3355/3355/3355 3428/3428/3428
f 3355/3355/3355 3356/3356/3356 3428/3428/3428
f 3428/3428/3428 3356/3356/3356 3429/3429/3429
f 3356/3356/3356 3357/3357/3357 3429/3429/3429
f 3429/3429/3429 3357/3357/3357 3430/3430/3430
f 3357/3357/3357 3358/3358/3358 3430/3430/3430
f 3430/3430/3430 3358/3358/3358 3431/3431/3431
f 3359/3359/3359 3360/3360/3360 3432/3432/3432
f 3432/3432/3432 3360/3360/3360 3433/3433/3433
f 3360/3360/3360 3361/3361/3361 3433/3433/3433
f 3433/3433/3433 3361/3361/3361 3434/3434/3434
f 3361/3361/3361 3362/3362/3362 3434/3434/3434
f 3434/3434/3434 3362/3362/3362 3435/3435/3435
f 3362/3362/3362 3363/3363/3363 3435/3435/3435
f 3435/3435/3435 3363/3363/3363 3436/3436/3436
f 3363/3363/3363 3364/3364/3364 3436/3436/3436
f 3436/3436/3436 3364/3364/3364 3437/3437/3437
f 3364/3364/3364 3365/3365/3365 3437/3437/3437
f 3437/3437/3437 3365/3365/3365 3438/3438/3438
f 3365/3365/3365 3366/3366/3366 3438/3438/3438
f 3438/3438/3438 3366/3366/3366 3439/3439/3439
f 3366/3366/3366 3367/3367/3367 3439/3439/3439
f 3439/3439/3439 3367/3367/3367 3440/3440/3440
f 3367/3367/3367 3368/3368/3368 3440/3440/3440
f 3440/3440/3440 3368/3368/3368 3441/3441/3441
f 3368/3368/3368 3369/3369/3369 3441/3441/3441
f 3441/3441/3441 3369/3369/3369 3442/3442/3442
f 3369/3369/3369 3370/3370/3370 3442/3442/3442
f 3442/3442/3442 3370/3370/3370 3443/3443/3443
f 3370/3370/3370 3371/3371/3371 3443/3443/3443
f 3443/3443/3443 3371/3371/3371 3444/3444/3444
f 3371/3371/3371 3372/3372/3372 3444/3444/3444
f 3444/3444/3444 3372/3372/3372 3445/3445/3445
f 3372/3372/3372 3373/3373/3373 3445/3445/3445
f 3445/3445/3445 3373/3373/3373 3446/3446/3446
f 3373/3373/3373 3374/3374/3374 3446/3446/3446
f 3446/3446/3446 3374/3374/3374 3447/3447/3447
f 3374/3374/3374 3375/3375/3375 3447/3447/3447
f 3447/3447/3447 3375/3375/3375 3448/3448/3448
f 3375/3375/3375 3376/3376/3376 3448/3448/3448
f 3448/3448/3448 3376/3376/3376 3449/3449/3449
f 3376/3376/3376 3377/3377/3377 3449/3449/3449
f 3449/3449/3449 3377/3377/3377 3450/3450/3450
f 3377/3377/3377 3378/3378/3378 3450/3450/3450
f 3450/3450/3450 3378/3378/3378 3451/3451/3451
f 3378/3378/3378 3379/3379/3379 3451/3451/3451
f 3451/3451/3451 3379/3379/3379 3452/3452/3452
f 3379/3379/3379 3380/3380/3380 3452/3452/3452
f 3452/3452/3452 3380/3380/3380 3453/3453/3453
f 3380/3380/3380 3381/3381/3381 3453/3453/3453
f 3453/3453/3453 3381/3381/3381 3454/3454/3454
f 3381/3381/3381 3382/3382/3382 3454/3454/3454
f 3454/3454/3454 3382/3382/3382 3455/3455/3455
f 3382/3382/3382 3383/3383/3383 3455/3455/3455
f 3455/3455/3455 3383/3383/3383 3456/3456/3456
f 3383/3383/3383 3384/3384/3384 3456/3456/3456
f 3456/3456/3456 3384/3384/3384 3457/3457/3457
f 3384/3384/3384 3385/3385/3385 3457/3457/3457
f 3457/3457/3457 3385/3385/3385 3458/3458/3458
f 3385/3385/3385 3386/3386/3386 3458/3458/3458
f 3458/3458/3458 3386/3386/3386 3459/3459/3459
f 3386/3386/3386 3387/3387/3387 3459/3459/3459
f 3459/3459/3459 3387/3387/3387 3460/3460/3460
f 3387/3387/3387 3388/3388/3388 3460/3460/3460
f 3460/3460/3460 3388/3388/3388 3461/3461/3461
f 3388/3388/3388 3389/3389/3389 3461/3461/3461
f 3461/3461/3461 3389/3389/3389 3462/3462/3462
f 3389/3389/3389 3390/3390/3390 3462/3462/3462
f 3462/3462/3462 3390/3390/3390 3463/3463/3463
f 3390/3390/3390 3391/3391/3391 3463/3463/3463
f 3463/3463/3463 3391/3391/3391 3464/3464/3464
f 3391/3391/3391 3392/3392/3392 3464/3464/3464
f 3464/3464/3464 3392/3392/3392 3465/3465/3465
f 3392/3392/3392 3393/3393/3393 3465/3465/3465
f 3465/3465/3465 3393/3393/3393 3466/3466/3466
f 3393/3393/3393 3394/3394/3394 3466/3466/3466
f 3466/3466/3466 3394/3394/3394 3467/3467/3467
f 3394/3394/3394 3395/3395/3395 3467/3467/3467
f 3467/3467/3467 3395/3395/3395 3468/3468/3468
f 3395/3395/3395 3396/3396/3396 3468/3468/3468
f 3468/3468/3468 3396/3396/3396 3469/3469/3469
f 3396/3396/3396 3397/3397/3397 3469/3469/3469
f 3469/3469/3469 3397/3397/3397 3470/3470/3470
f 3397/3397/3397 3398/3398/3398 3470/3470/3470
f 3470/3470/3470 3398/3398/3398 3471/3471/3471
f 3398/3398/3398 3399/3399/3399 3471/3471/3471
f 3471/3471/3471 3399/3399/3399 3472/3472/3472
f 3399/3399/3399 3400/3400/3400 3472/3472/3472
f 3472/3472/3472 3400/3400/3400 3473/3473/3473
f 3400/3400/3400 3401/3401/3401 3473/3473/3473
f 3473/3473/3473 3401/3401/3401 3474/3474/3474
f 3401/3401/3401 3402/3402/3402 3474/3474/3474
f 3474/3474/3474 3402/3402/3402 3475/3475/3475
f 3402/3402/3402 3403/3403/3403 3475/3475/3475
f 3475/3475/3475 3403/3403/3403 3476/3476/3476
f 3403/3403/3403 3404/3404/3404 3476/3476/3476
f 3476/3476/3476 3404/3404/3404 3477/3477/3477
f 3404/3404/3404 3405/3405/3405 3477/3477/3477
f 3477/3477/3477 3405/3405/3405 3478/3478/3478
f 3405/3405/3405 3406/3406/3406 3478/3478/3478
f 3478/3478/3478 3406/3406/3406 3479/3479/3479
f 3406/3406/3406 3407/3407/3407 3479/3479/3479
f 3479/3479/3479 3407/3407/3407 3480/3480/3480
f 3407/3407/3407 3408/3408/3408 3480/3480/3480
f 3480/3480/3480 3408/3408/3408 3481/3481/3481
f 3408/3408/3408 3409/3409/3409 3481/3481/3481
f 3481/3481/3481 3409/3409/3409 3482/3482/3482
f 3409/3409/3409 3410/3410/3410 3482/3482/3482
f 3482/3482/3482 3410/3410/3410 3483/3483/3483
f 3410/3410/3410 3411/3411/3411 3483/3483/3483
f 3483/3483/3483 3411/3411/3411 3484/3484/3484
f 3411/3411/3411 3412/3412/3412 3484/3484/3484
f 3484/3484/3484 3412/3412/3412 3485/3485/3485
f 3412/3412/3412 3413/3413/3413 3485/3485/3485
f 3485/3485/3485 3413/3413/3413 3486/3486/3486
f 3413/3413/3413 3414/3414/3414 3486/3486/3486
f 3486/3486/3486 3414/3414/3414 3487/3487/3487
f 3414/3414/3414 3415/3415/3415 3487/3487/3487
f 3487/3487/3487 3415/3415/3415 3488/3488/3488
f 3415/3415/3415 3416/3416/3416 3488/3488/3488
f 3488/3488/3488 3416/3416/3416 3489/3489/3489
f 3416/3416/3416 3417/3417/3417 3489/3489/3489
f 3489/3489/3489 3417/3417/3417 3490/3490/3490
f 3417/3417/3417 3418/3418/3418 3490/3490/3490
f 3490/3490/3490 3418/3418/3418 3491/3491/3491
f 3418/3418/3418 3419/3419/3419 3491/3491/3491
f 3491/3491/3491 3419/3419/3419 3492/3492/3492
f 3419/3419/3419 3420/3420/3420 3492/3492/3492
f 3492/3492/3492 3420/3420/3420 3493/3493/3493
f 3420/3420/3420 3421/3421/3421 3493/3493/3493
f 3493/3493/3493 3421/3421/3421 3494/3494/3494
f 3421/3421/3421 3422/3422/3422 3494/3494/3494
f 3494/3494/3494 3422/3422/3422 3495/3495/3495
f 3422/3422/3422 3423/3423/3423 3495/3495/3495
f 3495/3495/3495 3423/3423/3423 3496/3496/3496
f 3423/3423/3423 3424/3424/3424 3496/3496/3496
f 3496/3496/3496 3424/3424/3424 3497/3497/3497
f 3424/3424/3424 3425/3425/3425 3497/3497/3497
f 3497/3497/3497 3425/3425/3425 3498/3498/3498
f 3425/3425/3425 3426/3426/3426 3498/3498/3498
f 3498/3498/3498 3426/3426/3426 3499/3499/3499
f 3426/3426/3426 3427/3427/3427 3499/3499/3499
f 3499/3499/3499 3427/3427/3427 3500/3500/3500
f 3427/3427/3427 3428/3428/3428 3500/3500/3500
f 3500/3500/3500 3428/3428/3428 3501/3501/3501
f 3428/3428/3428 3429/3429/3429 3501/3501/3501
f 3501/3501/3501 3429/3429/3429 3502/3502/3502
f 3429/3429/3429 3430/3430/3430 3502/3502/3502
f 3502/3502/3502 3430/3430/3430 3503/3503/3503
f 3430/3430/3430 3431/3431/3431 3503/3503/3503
f 3503/3503/3503 3431/3431/3431 3504/3504/3504
f 3432/3432/3432 3433/3433/3433 3505/3505/3505
f 3505/3505/3505 3433/3433/3433 3506/3506/3506
f 3433/3433/3433 3434/3434/3434 3506/3506/3506
f 3506/3506/3506 3434/3434/3434 3507/3507/3507
f 3434/3434/3434 3435/3435/3435 3507/3507/3507
f 3507/3507/3507 3435/3435/3435 3508/3508/3508
f 3435/3435/3435 3436/3436/3436 3508/3508/3508
f 3508/3508/3508 3436/3436/3436 3509/3509/3509
f 3436/3436/3436 3437/3437/3437 3509/3509/3509
f 3509/3509/3509 3437/3437/3437 3510/3510/3510
f 3437/3437/3437 3438/3438/3438 3510/3510/3510
f 3510/3510/3510 3438/3438/3438 3511/3511/3511
f 3438/3438/3438 3439/3439/3439 3511/3511/3511
f 3511/3511/3511 3439/3439/3439 3512/3512/3512
f 3439/3439/3439 3440/3440/3440 3512/3512/3512
f 3512/3512/3512 3440/3440/3440 3513/3513/3513
f 3440/3440/3440 3441/3441/3441 3513/3513/3513
f 3513/3513/3513 3441/3441/3441 3514/3514/3514
f 3441/3441/3441 3442/3442/3442 3514/3514/3514
f 3514/3514/3514 3442/3442/3442 3515/3515/3515
f 3442/3442/3442 3443/3443/3443 3515/3515/3515
f 3515/3515/3515 3443/3443/3443 3516/3516/3516
f 3443/3443/3443 3444/3444/3444 3516/3516/3516
f 3516/3516/3516 3444/3444/3444 3517/3517/3517
f 3444/3444/3444 3445/3445/3445 3517/3517/3517
f 3517/3517/3517 3445/3445/3445 3518/3518/3518
f 3445/3445/3445 3446/3446/3446 3518/3518/3518
f 3518/3518/3518 3446/3446/3446 3519/3519/3519
f 3446/3446/3446 3447/3447/3447 3519/3519/3519
f 3519/3519/3519 3447/3447/3447 3520/3520/3520
f 3447/3447/3447 3448/3448/3448 3520/3520/3520
f 3520/3520/3520 3448/3448/3448 3521/3521/3521
f 3448/3448/3448 3449/3449/3449 3521/3521/3521
f 3521/3521/3521 3449/3449/3449 3522/3522/3522
f 3449/3449/3449 3450/3450/3450 3522/3522/3522
f 3522/3522/3522 3450/3450/3450 3523/3523/3523
f 3450/3450/3450 3451/3451/3451 3523/3523/3523
f 3523/3523/3523 3451/3451/3451 3524/3524/3524
f 3451/3451/3451 3452/3452/3452 3524/3524/3524
f 3524/3524/3524 3452/3452/3452 3525/3525/3525
f 3452/3452/3452 3453/3453/3453 3525/3525/3525
f 3525/3525/3525 3453/3453/3453 3526/3526/3526
f 3453/3453/3453 3454/3454/3454 3526/3526/3526
f 3526/3526/3526 3454/3454/3454 3527/3527/3527
f 3454/3454/3454 3455/3455/3455 3527/3527/3527
f 3527/3527/3527 3455/3455/3455 3528/3528/3528
f 3455/3455/3455 3456/3456/3456 3528/3528/3528
f 3528/3528/3528 3456/3456/3456 3529/3529/3529
f 3456/3456/3456 3457/3457/3457 3529/3529/3529
f 3529/3529/3529 3457/3457/3457 3530/3530/3530
f 3457/3457/3457 3458/3458/3458 3530/3530/3530
f 3530/3530/3530 3458/3458/3458 3531/3531/3531
f 3458/3458/3458 3459/3459/3459 3531/3531/3531
f 3531/3531/3531 3459/3459/3459 3532/3532/3532
f 3459/3459/3459 3460/3460/3460 3532/3532/3532
f 3532/3532/3532 3460/3460/3460 3533/3533/3533
f 3460/3460/3460 3461/3461/3461 3533/3533/3533
f 3533/3533/3533 3461/3461/3461 3534/3534/3534
f 3461/3461/3461 3462/3462/3462 3534/3534/3534
f 3534/3534/3534 3462/3462/3462 3535/3535/3535
f 3462/3462/3462 3463/3463/3463 3535/3535/3535
f 3535/3535/3535 3463/3463/3463 3536/3536/3536
f 3463/3463/3463 3464/3464/3464 3536/3536/3536
f 3536/3536/3536 3464/3464/3464 3537/3537/3537
f 3464/3464/3464 3465/3465/3465 3537/3537/3537
f 3537/3537/3537 3465/3465/3465 3538/3538/3538
f 3465/3465/3465 3466/3466/3466 3538/3538/3538
f 3538/3538/3538 3466/3466/3466 3539/3539/3539
f 3466/3466/3466 3467/3467/3467 3539/3539/3539
f 3539/3539/3539 3467/3467/3467 3540/3540/3540
f 3467/3467/3467 3468/3468/3468 3540/3540/3540
f 3540/3540/3540 3468/3468/3468 3541/3541/3541
f 3468/3468/3468 3469/3469/3469 3541/3541/3541
f 3541/3541/3541 3469/3469/3469 3542/3542/3542
f 3469/3469/3469 3470/3470/3470 3542/3542/3542
f 3542/3542/3542 3470/3470/3470 3543/3543/3543
f 3470/3470/3470 3471/3471/3471 3543/3543/3543
f 3543/3543/3543 3471/3471/3471 3544/3544/3544
f 3471/3471/3471 3472/3472/3472 3544/3544/3544
f 3544/3544/3544 3472/3472/3472 3545/3545/3545
f 3472/3472/3472 3473/3473/3473 3545/3545/3545
f 3545/3545/3545 3473/3473/3473 3546/3546/3546
f 3473/3473/3473 3474/3474/3474 3546/3546/3546
f 3546/3546/3546 3474/3474/3474 3547/3547/3547
f 3474/3474/3474 3475/3475/3475 3547/3547/3547
f 3547/3547/3547 3475/3475/3475 3548/3548/3548
f 3475/3475/3475 3476/3476/3476 3548/3548/3548
f 3548/3548/3548 3476/3476/3476 3549/3549/3549
f 3476/3476/3476 3477/3477/3477 3549/3549/3549
f 3549/3549/3549 3477/3477/3477 3550/3550/3550
f 3477/3477/3477 3478/3478/3478 3550/3550/3550
f 3550/3550/3550 3478/3478/3478 3551/3551/3551
f 3478/3478/3478 3479/3479/3479 3551/3551/3551
f 3551/3551/3551 3479/3479/3479 3552/3552/3552
f 3479/3479/3479 3480/3480/3480 3552/3552/3552
f 3552/3552/3552 3480/3480/3480 3553/3553/3553
f 3480/3480/3480 3481/3481/3481 3553/3553/3553
f 3553/3553/3553 3481/3481/3481 3554/3554/3554
f 3481/3481/3481 3482/3482/3482 3554/3554/3554
f 3554/3554/3554 3482/3482/3482 3555/3555/3555
f 3482/3482/3482 3483/3483/3483 3555/3555/3555
f 3555/3555/3555 3483/3483/3483 3556/3556/3556
f 3483/3483/3483 3484/3484/3484 3556/3556/3556
f 3556/3556/3556 3484/3484/3484 3557/3557/3557
f 3484/3484/3484 3485/3485/3485 3557/3557/3557
f 3557/3557/3557 3485/3485/3485 3558/3558/3558
f 3485/3485/3485 3486/3486/3486 3558/3558/3558
f 3558/3558/3558 3486/3486/3486 3559/3559/3559
f 3486/3486/3486 3487/3487/3487 3559/3559/3559
f 3559/3559/3559 3487/3487/3487 3560/3560/3560
f 3487/3487/3487 3488/3488/3488 3560/3560/3560
f 3560/3560/3560 3488/3488/3488 3561/3561/3561
f 3488/3488/3488 3489/3489/3489 3561/3561/3561
f 3561/3561/3561 3489/3489/3489 3562/3562/3562
f 3489/3489/3489 3490/3490/3490 3562/3562/3562
f 3562/3562/3562 3490/3490/3490 3563/3563/3563
f 3490/3490/3490 3491/3491/3491 3563/3563/3563
f 3563/3563/3563 3491/3491/3491 3564/3564/3564
f 3491/3491/3491 3492/3492/3492 3564/3564/3564
f 3564/3564/3564 3492/3492/3492 3565/3565/3565
f 3492/3492/3492 3493/3493/3493 3565/3565/3565
f 3565/3565/3565 3493/3493/3493 3566/3566/3566
f 3493/3493/3493 3494/3494/3494 3566/3566/3566
f 3566/3566/3566 3494/3494/3494 3567/3567/3567
f 3494/3494/3494 3495/3495/3495 3567/3567/3567
f 3567/3567/3567 3495/3495/3495 3568/3568/3568
f 3495/3495/3495 3496/3496/3496 3568/3568/3568
f 3568/3568/3568 3496/3496/3496 3569/3569/3569
f 3496/3496/3496 3497/3497/3497 3569/3569/3569
f 3569/3569/3569 3497/3497/3497 3570/3570/3570
f 3497/3497/3497 3498/3498/3498 3570/3570/3570
f 3570/3570/3570 3498/3498/3498 3571/3571/3571
f 3498/3498/3498 3499/3499/3499 3571/3571/3571
f 3571/3571/3571 3499/3499/3499 3572/3572/3572
f 3499/3499/3499 3500/3500/3500 3572/3572/3572
f 3572/3572/3572 3500/3500/3500 3573/3573/3573
f 3500/3500/3500 3501/3501/3501 3573/3573/3573
f 3573/3573/3573 3501/3501/3501 3574/3574/3574
f 3501/3501/3501 3502/3502/3502 3574/3574/3574
f 3574/3574/3574 3502/3502/3502 3575/3575/3575
f 3502/3502/3502 3503/3503/3503 3575/3575/3575
f 3575/3575/3575 3503/3503/3503 3576/3576/3576
f 3503/3503/3503 3504/3504/3504 3576/3576/3576
f 3576/3576/3576 3504/3504/3504 3577/3577/3577
f 3505/3505/3505 3506/3506/3506 3578/3578/3578
f 3578/3578/3578 3506/3506/3506 3579/3579/3579
f 3506/3506/3506 3507/3507/3507 3579/3579/3579
f 3579/3579/3579 3507/3507/3507 3580/3580/3580
f 3507/3507/3507 3508/3508/3508 3580/3580/3580
f 3580/3580/3580 3508/3508/3508 3581/3581/3581
f 3508/3508/3508 3509/3509/3509 3581/3581/3581
f 3581/3581/3581 3509/3509/3509 3582/3582/3582
f 3509/3509/3509 3510/3510/3510 3582/3582/3582
f 3582/3582/3582 3510/3510/3510 3583/3583/3583
f 3510/3510/3510 3511/3511/3511 3583/3583/3583
f 3583/3583/3583 3511/3511/3511 3584/3584/3584
f 3511/3511/3511 3512/3512/3512 3584/3584/3584
f 3584/3584/3584 3512/3512/3512 3585/3585/3585
f 3512/3512/3512 3513/3513/3513 3585/3585/3585
f 3585/3585/3585 3513/3513/3513 3586/3586/3586
f 3513/3513/3513 3514/3514/3514 3586/3586/3586
f 3586/3586/3586 3514/3514/3514 3587/3587/3587
f 3514/3514/3514 3515/3515/3515 3587/3587/3587
f 3587/3587/3587 3515/3515/3515 3588/3588/3588
f 3515/3515/3515 3516/3516/3516 3588/3588/3588
f 3588/3588/3588 3516/3516/3516 3589/3589/3589
f 3516/3516/3516 3517/3517/3517 3589/3589/3589
f 3589/3589/3589 3517/3517/3517 3590/3590/3590
f 3517/3517/3517 3518/3518/3518 3590/3590/3590
f 3590/3590/3590 3518/3518/3518 3591/3591/3591
f 3518/3518/3518 3519/3519/3519 3591/3591/3591
f 3591/3591/3591 3519/3519/3519 3592/3592/3592
f 3519/3519/3519 3520/3520/3520 3592/3592/3592
f 3592/3592/3592 3520/3520/3520 3593/3593/3593
f 3520/3520/3520 3521/3521/3521 3593/3593/3593
f 3593/3593/3593 3521/3521/3521 3594/3594/3594
f 3521/3521/3521 3522/3522/3522 3594/3594/3594
f 3594/3594/3594 3522/3522/3522 3595/3595/3595
f 3522/3522/3522 3523/3523/3523 3595/3595/3595
f 3595/3595/3595 3523/3523/3523 3596/3596/3596
f 3523/3523/3523 3524/3524/3524 3596/3596/3596
f 3596/3596/3596 3524/3524/3524 3597/3597/3597
f 3524/3524/3524 3525/3525/3525 3597/3597/3597
f 3597/3597/3597 3525/3525/3525 3598/3598/3598
f 3525/3525/3525 3526/3526/3526 3598/3598/3598
f 3598/3598/3598 3526/3526/3526 3599/3599/3599
f 3526/3526/3526 3527/3527/3527 3599/3599/3599
f 3599/3599/3599 3527/3527/3527 3600/3600/3600
f 3527/3527/3527 3528/3528/3528 3600/3600/3600
f 3600/3600/3600 3528/3528/3528 3601/3601/3601
f 3528/3528/3528 3529/3529/3529 3601/3601/3601
f 3601/3601/3601 3529/3529/3529 3602/3602/3602
f 3529/3529/3529 3530/3530/3530 3602/3602/3602
f 3602/3602/3602 3530/3530/3530 3603/3603/3603
f 3530/3530/3530 3531/3531/3531 3603/3603/3603
f 3603/3603/3603 3531/3531/3531 3604/3604/3604
f 3531/3531/3531 3532/3532/3532 3604/3604/3604
f 3604/3604/3604 3532/3532/3532 3605/3605/3605
f 3532/3532/3532 3533/3533/3533 3605/3605/3605
f 3605/3605/3605 3533/3533/3533 3606/3606/3606
f 3533/3533/3533 3534/3534/3534 3606/3606/3606
f 3606/3606/3606 3534/3534/3534 3607/3607/3607
f 3534/3534/3534 3535/3535/3535 3607/3607/3607
f 3607/3607/3607 3535/3535/3535 3608/3608/3608
f 3535/3535/3535 3536/3536/3536 3608/3608/3608
f 3608/3608/3608 3536/3536/3536 3609/3609/3609
f 3536/3536/3536 3537/3537/3537 3609/3609/3609
f 3609/3609/3609 3537/3537/3537 3610/3610/3610
f 3537/3537/3537 3538/3538/3538 3610/3610/3610
f 3610/3610/3610 3538/3538/3538 3611/3611/3611
f 3538/3538/3538 3539/3539/3539 3611/3611/3611
f 3611/3611/3611 3539/3539/3539 3612/3612/3612
f 3539/3539/3539 3540/3540/3540 3612/3612/3612
f 3612/3612/3612 3540/3540/3540 3613/3613/3613
f 3540/3540/3540 3541/3541/3541 3613/3613/3613
f 3613/3613/3613 3541/3541/3541 3614/3614/3614
f 3541/3541/3541 3542/3542/3542 3614/3614/3614
f 3614/3614/3614 3542/3542/3542 3615/3615/3615
f 3542/3542/3542 3543/3543/3543 3615/3615/3615
f 3615/3615/3615 3543/3543/3543 3616/3616/3616
f 3543/3543/3543 3544/3544/3544 3616/3616/3616
f 3616/3616/3616 3544/3544/3544 3617/3617/3617
f 3544/3544/3544 3545/3545/3545 3617/3617/3617
f 3617/3617/3617 3545/3545/3545 3618/3618/3618
f 3545/3545/3545 3546/3546/3546 3618/3618/3618
f 3618/3618/3618 3546/3546/3546 3619/3619/3619
f 3546/3546/3546 3547/3547/3547 3619/3619/3619
f 3619/3619/3619 3547/3547/3547 3620/3620/3620
f 3547/3547/3547 3548/3548/3548 3620/3620/3620
f 3620/3620/3620 3548/3548/3548 3621/3621/3621
f 3548/3548/3548 3549/3549/3549 3621/3621/3621
f 3621/3621/3621 3549/3549/3549 3622/3622/3622
f 3549/3549/3549 3550/3550/3550 3622/3622/3622
f 3622/3622/3622 3550/3550/3550 3623/3623/3623
f 3550/3550/3550 3551/3551/3551 3623/3623/3623
f 3623/3623/3623 3551/3551/3551 3624/3624/3624
f 3551/3551/3551 3552/3552/3552 3624/3624/3624
f 3624/3624/3624 3552/3552/3552 3625/3625/3625
f 3552/3552/3552 3553/3553/3553 3625/3625/3625
f 3625/3625/3625 3553/3553/3553 3626/3626/3626
f 3553/3553/3553 3554/3554/3554 3626/3626/3626
f 3626/3626/3626 3554/3554/3554 3627/3627/3627
f 3554/3554/3554 3555/3555/3555 3627/3627/3627
f 3627/3627/3627 3555/3555/3555 3628/3628/3628
f 3555/3555/3555 3556/3556/3556 3628/3628/3628
f 3628/3628/3628 3556/3556/3556 3629/3629/3629
f 3556/3556/3556 3557/3557/3557 3629/3629/3629
f 3629/3629/3629 3557/3557/3557 3630/3630/3630
f 3557/3557/3557 3558/3558/3558 3630/3630/3630
f 3630/3630/3630 3558/3558/3558 3631/3631/3631
f 3558/3558/3558 3559/3559/3559 3631/3631/3631
f 3631/3631/3631 3559/3559/3559 3632/3632/3632
f 3559/3559/3559 3560/3560/3560 3632/3632/3632
f 3632/3632/3632 3560/3560/3560 3633/3633/3633
f 3560/3560/3560 3561/3561/3561 3633/3633/3633
f 3633/3633/3633 3561/3561/3561 3634/3634/3634
f 3561/3561/3561 3562/3562/3562 3634/3634/3634
f 3634/3634/3634 3562/3562/3562 3635/3635/3635
f 3562/3562/3562 3563/3563/3563 3635/3635/3635
f 3635/3635/3635 3563/3563/3563 3636/3636/3636
f 3563/3563/3563 3564/3564/3564 3636/3636/3636
f 3636/3636/3636 3564/3564/3564 3637/3637/3637
f 3564/3564/3564 3565/3565/3565 3637/3637/3637
f 3637/3637/3637 3565/3565/3565 3638/3638/3638
f 3565/3565/3565 3566/3566/3566 3638/3638/3638
f 3638/3638/3638 3566/3566/3566 3639/3639/3639
f 3566/3566/3566 3567/3567/3567 3639/3639/3639
f 3639/3639/3639 3567/3567/3567 3640/3640/3640
f 3567/3567/3567 3568/3568/3568 3640/3640/3640
f 3640/3640/3640 3568/3568/3568 3641/3641/3641
f 3568/3568/3568 3569/3569/3569 3641/3641/3641
f 3641/3641/3641 3569/3569/3569 3642/3642/3642
f 3569/3569/3569 3570/3570/3570 3642/3642/3642
f 3642/3642/3642 3570/3570/3570 3643/3643/3643
f 3570/3570/3570 3571/3571/3571 3643/3643/3643
f 3643/3643/3643 3571/3571/3571 3644/3644/3644
f 3571/3571/3571 3572/3572/3572 3644/3644/3644
f 3644/3644/3644 3572/3572/3572 3645/3645/3645
f 3572/3572/3572 3573/3573/3573 3645/3645/3645
f 3645/3645/3645 3573/3573/3573 3646/3646/3646
f 3573/3573/3573 3574/3574/3574 3646/3646/3646
f 3646/3646/3646 3574/3574/3574 3647/3647/3647
f 3574/3574/3574 3575/3575/3575 3647/3647/3647
f 3647/3647/3647 3575/3575/3575 3648/3648/3648
f 3575/3575/3575 3576/3576/3576 3648/3648/3648
f 3648/3648/3648 3576/3576/3576 3649/3649/3649
f 3576/3576/3576 3577/3577/3577 3649/3649/3649
f 3649/3649/3649 3577/3577/3577 3650/3650/3650
f 3578/3578/3578 3579/3579/3579 3651/3651/3651
f 3651/3651/3651 3579/3579/3579 3652/3652/3652
f 3579/3579/3579 3580/3580/3580 3652/3652/3652
f 3652/3652/3652 3580/3580/3580 3653/3653/3653
f 3580/3580/3580 3581/3581/3581 3653/3653/3653
f 3653/3653/3653 3581/3581/3581 3654/3654/3654
f 3581/3581/3581 3582/3582/3582 3654/3654/3654
f 3654/3654/3654 3582/3582/3582 3655/3655/3655
f 3582/3582/3582 3583/3583/3583 3655/3655/3655
f 3655/3655/3655 3583/3583/3583 3656/3656/3656
f 3583/3583/3583 3584/3584/3584 3656/3656/3656
f 3656/3656/3656 3584/3584/3584 3657/3657/3657
f 3584/3584/3584 3585/3585/3585 3657/3657/3657
f 3657/3657/3657 3585/3585/3585 3658/3658/3658
f 3585/3585/3585 3586/3586/3586 3658/3658/3658
f 3658/3658/3658 3586/3586/3586 3659/3659/3659
f 3586/3586/3586 3587/3587/3587 3659/3659/3659
f 3659/3659/3659 3587/3587/3587 3660/3660/3660
f 3587/3587/3587 3588/3588/3588 3660/3660/3660
f 3660/3660/3660 3588/3588/3588 3661/3661/3661
f 3588/3588/3588 3589/3589/3589 3661/3661/3661
f 3661/3661/3661 3589/3589/3589 3662/3662/3662
f 3589/3589/3589 3590/3590/3590 3662/3662/3662
f 3662/3662/3662 3590/3590/3590 3663/3663/3663
f 3590/3590/3590 3591/3591/3591 3663/3663/3663
f 3663/3663/3663 3591/3591/3591 3664/3664/3664
f 3591/3591/3591 3592/3592/3592 3664/3664/3664
f 3664/3664/3664 3592/3592/3592 3665/3665/3665
f 3592/3592/3592 3593/3593/3593 3665/3665/3665
f 3665/3665/3665 3593/3593/3593 3666/3666/3666
f 3593/3593/3593 3594/3594/3594 3666/3666/3666
f 3666/3666/3666 3594/3594/3594 3667/3667/3667
f 3594/3594/3594 3595/3595/3595 3667/3667/3667
f 3667/3667/3667 3595/3595/3595 3668/3668/3668
f 3595/3595/3595 3596/3596/3596 3668/3668/3668
f 3668/3668/3668 3596/3596/3596 3669/3669/3669
f 3596/3596/3596 3597/3597/3597 3669/3669/3669
f 3669/3669/3669 3597/3597/3597 3670/3670/3670
f 3597/3597/3597 3598/3598/3598 3670/3670/3670
f 3670/3670/3670 3598/3598/3598 3671/3671/3671
f 3598/3598/3598 3599/3599/3599 3671/3671/3671
f 3671/3671/3671 3599/3599/3599 3672/3672/3672
f 3599/3599/3599 3600/3600/3600 3672/3672/3672
f 3672/3672/3672 3600/3600/3600 3673/3673/3673
f 3600/3600/3600 3601/3601/3601 3673/3673/3673
f 3673/3673/3673 3601/3601/3601 3674/3674/3674
f 3601/3601/3601 3602/3602/3602 3674/3674/3674
f 3674/3674/3674 3602/3602/3602 3675/3675/3675
f 3602/3602/3602 3603/3603/3603 3675/3675/3675
f 3675/3675/3675 3603/3603/3603 3676/3676/3676
f 3603/3603/3603 3604/3604/3604 3676/3676/3676
f 3676/3676/3676 3604/3604/3604 3677/3677/3677
f 3604/3604/3604 3605/3605/3605 3677/3677/3677
f 3677/3677/3677 3605/3605/3605 3678/3678/3678
f 3605/3605/3605 3606/3606/3606 3678/3678/3678
f 3678/3678/3678 3606/3606/3606 3679/3679/3679
f 3606/3606/3606 3607/3607/3607 3679/3679/3679
f 3679/3679/3679 3607/3607/3607 3680/3680/3680
f 3607/3607/3607 3608/3608/3608 3680/3680/3680
f 3680/3680/3680 3608/3608/3608 3681/3681/3681
f 3608/3608/3608 3609/3609/3609 3681/3681/3681
f 3681/3681/3681 3609/3609/3609 3682/3682/3682
f 3609/3609/3609 3610/3610/3610 3682/3682/3682
f 3682/3682/3682 3610/3610/3610 3683/3683/3683
f 3610/3610/3610 3611/3611/3611 3683/3683/3683
f 3683/3683/3683 3611/3611/3611 3684/3684/3684
f 3611/3611/3611 3612/3612/3612 3684/3684/3684
f 3684/3684/3684 3612/3612/3612 3685/3685/3685
f 3612/3612/3612 3613/3613/3613 3685/3685/3685
f 3685/3685/3685 3613/3613/3613 3686/3686/3686
f 3613/3613/3613 3614/3614/3614 3686/3686/3686
f 3686/3686/3686 3614/3614/3614 3687/3687/3687
f 3614/3614/3614 3615/3615/3615 3687/3687/3687
f 3687/3687/3687 3615/3615/3615 3688/3688/3688
f 3615/3615/3615 3616/3616/3616 3688/3688/3688
f 3688/3688/3688 3616/3616/3616 3689/3689/3689
f 3616/3616/3616 3617/3617/3617 3689/3689/3689
f 3689/3689/3689 3617/3617/3617 3690/3690/3690
f 3617/3617/3617 3618/3618/3618 3690/3690/3690
f 3690/3690/3690 3618/3618/3618 3691/3691/3691
f 3618/3618/3618 3619/3619/3619 3691/3691/3691
f 3691/3691/3691 3619/3619/3619 3692/3692/3692
f 3619/3619/3619 3620/3620/3620 3692/3692/3692
f 3692/3692/3692 3620/3620/3620 3693/3693/3693
f 3620/3620/3620 3621/3621/3621 3693/3693/3693
f 3693/3693/3693 3621/3621/3621 3694/3694/3694
f 3621/3621/3621 3622/3622/3622 3694/3694/3694
f 3694/3694/3694 3622/3622/3622 3695/3695/3695
f 3622/3622/3622 3623/3623/3623 3695/3695/3695
f 3695/3695/3695 3623/3623/3623 3696/3696/3696
f 3623/3623/3623 3624/3624/3624 3696/3696/3696
f 3696/3696/3696 3624/3624/3624 3697/3697/3697
f 3624/3624/3624 3625/3625/3625 3697/3697/3697
f 3697/3697/3697 3625/3625/3625 3698/3698/3698
f 3625/3625/3625 3626/3626/3626 3698/3698/3698
f 3698/3698/3698 3626/3626/3626 3699/3699/3699
f 3626/3626/3626 3627/3627/3627 3699/3699/3699
f 3699/3699/3699 3627/3627/3627 3700/3700/3700
f 3627/3627/3627 3628/3628/3628 3700/3700/3700
f 3700/3700/3700 3628/3628/3628 3701/3701/3701
f 3628/3628/3628 3629/3629/3629 3701/3701/3701
f 3701/3701/3701 3629/3629/3629 3702/3702/3702
f 3629/3629/3629 3630/3630/3630 3702/3702/3702
f 3702/3702/3702 3630/3630/3630 3703/3703/3703
f 3630/3630/3630 3631/3631/3631 3703/3703/3703
f 3703/3703/3703 3631/3631/3631 3704/3704/3704
f 3631/3631/3631 3632/3632/3632 3704/3704/3704
f 3704/3704/3704 3632/3632/3632 3705/3705/3705
f 3632/3632/3632 3633/3633/3633 3705/3705/3705
f 3705/3705/3705 3633/3633/3633 3706/3706/3706
f 3633/3633/3633 3634/3634/3634 3706/3706/3706
f 3706/3706/3706 3634/3634/3634 3707/3707/3707
f 3634/3634/3634 3635/3635/3635 3707/3707/3707
f 3707/3707/3707 3635/3635/3635 3708/3708/3708
f 3635/3635/3635 3636/3636/3636 3708/3708/3708
f 3708/3708/3708 3636/3636/3636 3709/3709/3709
f 3636/3636/3636 3637/3637/3637 3709/3709/3709
f 3709/3709/3709 3637/3637/3637 3710/3710/3710
f 3637/3637/3637 3638/3638/3638 3710/3710/3710
f 3710/3710/3710 3638/3638/3638 3711/3711/3711
f 3638/3638/3638 3639/3639/3639 3711/3711/3711
f 3711/3711/3711 3639/3639/3639 3712/3712/3712
f 3639/3639/3639 3640/3640/3640 3712/3712/3712
f 3712/3712/3712 3640/3640/3640 3713/3713/3713
f 3640/3640/3640 3641/3641/3641 3713/3713/3713
f 3713/3713/3713 3641/3641/3641 3714/3714/3714
f 3641/3641/3641 3642/3642/3642 3714/3714/3714
f 3714/3714/3714 3642/3642/3642 3715/3715/3715
f 3642/3642/3642 3643/3643/3643 3715/3715/3715
f 3715/3715/3715 3643/3643/3643 3716/3716/3716
f 3643/3643/3643 3644/3644/3644 3716/3716/3716
f 3716/3716/3716 3644/3644/3644 3717/3717/3717
f 3644/3644/3644 3645/3645/3645 3717/3717/3717
f 3717/3717/3717 3645/3645/3645 3718/3718/3718
f 3645/3645/3645 3646/3646/3646 3718/3718/3718
f 3718/3718/3718 3646/3646/3646 3719/3719/3719
f 3646/3646/3646 3647/3647/3647 3719/3719/3719
f 3719/3719/3719 3647/3647/3647 3720/3720/3720
f 3647/3647/3647 3648/3648/3648 3720/3720/3720
f 3720/3720/3720 3648/3648/3648 3721/3721/3721
f 3648/3648/3648 3649/3649/3649 3721/3721/3721
f 3721/3721/3721 3649/3649/3649 3722/3722/3722
f 3649/3649/3649 3650/3650/3650 3722/3722/3722
f 3722/3722/3722 3650/3650/3650 3723/3723/3723
f 3651/3651/3651 3652/3652/3652 3724/3724/3724
f 3724/3724/3724 3652/3652/3652 3725/3725/3725
f 3652/3652/3652 3653/3653/3653 3725/3725/3725
f 3725/3725/3725 3653/3653/3653 3726/3726/3726
f 3653/3653/3653 3654/3654/3654 3726/3726/3726
f 3726/3726/3726 3654/3654/3654 3727/3727/3727
f 3654/3654/3654 3655/3655/3655 3727/3727/3727
f 3727/3727/3727 3655/3655/3655 3728/3728/3728
f 3655/3655/3655 3656/3656/3656 3728/3728/3728
f 3728/3728/3728 3656/3656/3656 3729/3729/3729
f 3656/3656/3656 3657/3657/3657 3729/3729/3729
f 3729/3729/3729 3657/3657/3657 3730/3730/3730
f 3657/3657/3657 3658/3658/3658 3730/3730/3730
f 3730/3730/3730 3658/3658/3658 3731/3731/3731
f 3658/3658/3658 3659/3659/3659 3731/3731/3731
f 3731/3731/3731 3659/3659/3659 3732/3732/3732
f 3659/3659/3659 3660/3660/3660 3732/3732/3732
f 3732/3732/3732 3660/3660/3660 3733/3733/3733
f 3660/3660/3660 3661/3661/3661 3733/3733/3733
f 3733/3733/3733 3661/3661/3661 3734/3734/3734
f 3661/3661/3661 3662/3662/3662 3734/3734/3734
f 3734/3734/3734 3662/3662/3662 3735/3735/3735
f 3662/3662/3662 3663/3663/3663 3735/3735/3735
f 3735/3735/3735 3663/3663/3663 3736/3736/3736
f 3663/3663/3663 3664/3664/3664 3736/3736/3736
f 3736/3736/3736 3664/3664/3664 3737/3737/3737
f 3664/3664/3664 3665/3665/3665 3737/3737/3737
f 3737/3737/3737 3665/3665/3665 3738/3738/3738
f 3665/3665/3665 3666/3666/3666 3738/3738/3738
f 3738/3738/3738 3666/3666/3666 3739/3739/3739
f 3666/3666/3666 3667/3667/3667 3739/3739/3739
f 3739/3739/3739 3667/3667/3667 3740/3740/3740
f 3667/3667/3667 3668/3668/3668 3740/3740/3740
f 3740/3740/3740 3668/3668/3668 3741/3741/3741
f 3668/3668/3668 3669/3669/3669 3741/3741/3741
f 3741/3741/3741 3669/3669/3669 3742/3742/3742
f 3669/3669/3669 3670/3670/3670 3742/3742/3742
f 3742/3742/3742 3670/3670/3670 3743/3743/3743
f 3670/3670/3670 3671/3671/3671 3743/3743/3743
f 3743/3743/3743 3671/3671/3671 3744/3744/3744
f 3671/3671/3671 3672/3672/3672 3744/3744/3744
f 3744/3744/3744 3672/3672/3672 3745/3745/3745
f 3672/3672/3672 3673/3673/3673 3745/3745/3745
f 3745/3745/3745 3673/3673/3673 3746/3746/3746
f 3673/3673/3673 3674/3674/3674 3746/3746/3746
f 3746/3746/3746 3674/3674/3674 3747/3747/3747
f 3674/3674/3674 3675/3675/3675 3747/3747/3747
f 3747/3747/3747 3675/3675/3675 3748/3748/3748
f 3675/3675/3675 3676/3676/3676 3748/3748/3748
f 3748/3748/3748 3676/3676/3676 3749/3749/3749
f 3676/3676/3676 3677/3677/3677 3749/3749/3749
f 3749/3749/3749 3677/3677/3677 3750/3750/3750
f 3677/3677/3677 3678/3678/3678 3750/3750/3750
f 3750/3750/3750 3678/3678/3678 3751/3751/3751
f 3678/3678/3678 3679/3679/3679 3751/3751/3751
f 3751/3751/3751 3679/3679/3679 3752/3752/3752
f 3679/3679/3679 3680/3680/3680 3752/3752/3752
f 3752/3752/3752 3680/3680/3680 3753/3753/3753
f 3680/3680/3680 3681/3681/3681 3753/3753/3753
f 3753/3753/3753 3681/3681/3681 3754/3754/3754
f 3681/3681/3681 3682/3682/3682 3754/3754/3754
f 3754/3754/3754 3682/3682/3682 3755/3755/3755
f 3682/3682/3682 3683/3683/3683 3755/3755/3755
f 3755/3755/3755 3683/3683/3683 3756/3756/3756
f 3683/3683/3683 3684/3684/3684 3756/3756/3756
f 3756/3756/3756 3684/3684/3684 3757/3757/3757
f 3684/3684/3684 3685/3685/3685 3757/3757/3757
f 3757/3757/3757 3685/3685/3685 3758/3758/3758
f 3685/3685/3685 3686/3686/3686 3758/3758/3758
f 3758/3758/3758 3686/3686/3686 3759/3759/3759
f 3686/3686/3686 3687/3687/3687 3759/3759/3759
f 3759/3759/3759 3687/3687/3687 3760/3760/3760
f 3687/3687/3687 3688/3688/3688 3760/3760/3760
f 3760/3760/3760 3688/3688/3688 3761/3761/3761
f 3688/3688/3688 3689/3689/3689 3761/3761/3761
f 3761/3761/3761 3689/3689/3689 3762/3762/3762
f 3689/3689/3689 3690/3690/3690 3762/3762/3762
f 3762/3762/3762 3690/3690/3690 3763/3763/3763
f 3690/3690/3690 3691/3691/3691 3763/3763/3763
f 3763/3763/3763 3691/3691/3691 3764/3764/3764
f 3691/3691/3691 3692/3692/3692 3764/3764/3764
f 3764/3764/3764 3692/3692/3692 3765/3765/3765
f 3692/3692/3692 3693/3693/3693 3765/3765/3765
f 3765/3765/3765 3693/3693/3693 3766/3766/3766
f 3693/3693/3693 3694/3694/3694 3766/3766/3766
f 3766/3766/3766 3694/3694/3694 3767/3767/3767
f 3694/3694/3694 3695/3695/3695 3767/3767/3767
f 3767/3767/3767 3695/3695/3695 3768/3768/3768
f 3695/3695/3695 3696/3696/3696 3768/3768/3768
f 3768/3768/3768 3696/3696/3696 3769/3769/3769
f 3696/3696/3696 3697/3697/3697 3769/3769/3769
f 3769/3769/3769 3697/3697/3697 3770/3770/3770
f 3697/3697/3697 3698/3698/3698 3770/3770/3770
f 3770/3770/3770 3698/3698/3698 3771/3771/3771
f 3698/3698/3698 3699/3699/3699 3771/3771/3771
f 3771/3771/3771 3699/3699/3699 3772/3772/3772
f 3699/3699/3699 3700/3700/3700 3772/3772/3772
f 3772/3772/3772 3700/3700/3700 3773/3773/3773
f 3700/3700/3700 3701/3701/3701 3773/3773/3773
f 3773/3773/3773 3701/3701/3701 3774/3774/3774
f 3701/3701/3701 3702/3702/3702 3774/3774/3774
f 3774/3774/3774 3702/3702/3702 3775/3775/3775
f 3702/3702/3702 3703/3703/3703 3775/3775/3775
f 3775/3775/3775 3703/3703/3703 3776/3776/3776
f 3703/3703/3703 3704/3704/3704 3776/3776/3776
f 3776/3776/3776 3704/3704/3704 3777/3777/3777
f 3704/3704/3704 3705/3705/3705 3777/3777/3777
f 3777/3777/3777 3705/3705/3705 3778/3778/3778
f 3705/3705/3705 3706/3706/3706 3778/3778/3778
f 3778/3778/3778 3706/3706/3706 3779/3779/3779
f 3706/3706/3706 3707/3707/3707 3779/3779/3779
f 3779/3779/3779 3707/3707/3707 3780/3780/3780
f 3707/3707/3707 3708/3708/3708 3780/3780/3780
f 3780/3780/3780 3708/3708/3708 3781/3781/3781
f 3708/3708/3708 3709/3709/3709 3781/3781/3781
f 3781/3781/3781 3709/3709/3709 3782/3782/3782
f 3709/3709/3709 3710/3710/3710 3782/3782/3782
f 3782/3782/3782 3710/3710/3710 3783/3783/3783
f 3710/3710/3710 3711/3711/3711 3783/3783/3783
f 3783/3783/3783 3711/3711/3711 3784/3784/3784
f 3711/3711/3711 3712/3712/3712 3784/3784/3784
f 3784/3784/3784 3712/3712/3712 3785/3785/3785
f 3712/3712/3712 3713/3713/3713 3785/3785/3785
f 3785/3785/3785 3713/3713/3713 3786/3786/3786
f 3713/3713/3713 3714/3714/3714 3786/3786/3786
f 3786/3786/3786 3714/3714/3714 3787/3787/3787
f 3714/3714/3714 3715/3715/3715 3787/3787/3787
f 3787/3787/3787 3715/3715/3715 3788/3788/3788
f 3715/3715/3715 3716/3716/3716 3788/3788/3788
f 3788/3788/3788 3716/3716/3716 3789/3789/3789
f 3716/3716/3716 3717/3717/3717 3789/3789/3789
f 3789/3789/3789 3717/3717/3717 3790/3790/3790
f 3717/3717/3717 3718/3718/3718 3790/3790/3790
f 3790/3790/3790 3718/3718/3718 3791/3791/3791
f 3718/3718/3718 3719/3719/3719 3791/3791/3791
f 3791/3791/3791 3719/3719/3719 3792/3792/3792
f 3719/3719/3719 3720/3720/3720 3792/3792/3792
f 3792/3792/3792 3720/3720/3720 3793/3793/3793
f 3720/3720/3720 3721/3721/3721 3793/3793/3793
f 3793/3793/3793 3721/3721/3721 3794/3794/3794
f 3721/3721/3721 3722/3722/3722 3794/3794/3794
f 3794/3794/3794 3722/3722/3722 3795/3795/3795
f 3722/3722/3722 3723/3723/3723 3795/3795/3795
f 3795/3795/3795 3723/3723/3723 3796/3796/3796
f 3724/3724/3724 3725/3725/3725 3797/3797/3797
f 3797/3797/3797 3725/3725/3725 3798/3798/3798
f 3725/3725/3725 3726/3726/3726 3798/3798/3798
f 3798/3798/3798 3726/3726/3726 3799/3799/3799
f 3726/3726/3726 3727/3727/3727 3799/3799/3799
f 3799/3799/3799 3727/3727/3727 3800/3800/3800
f 3727/3727/3727 3728/3728/3728 3800/3800/3800
f 3800/3800/3800 3728/3728/3728 3801/3801/3801
f 3728/3728/3728 3729/3729/3729 3801/3801/3801
f 3801/3801/3801 3729/3729/3729 3802/3802/3802
f 3729/3729/3729 3730/3730/3730 3802/3802/3802
f 3802/3802/3802 3730/3730/3730 3803/3803/3803
f 3730/3730/3730 3731/3731/3731 3803/3803/3803
f 3803/3803/3803 3731/3731/3731 3804/3804/3804
f 3731/3731/3731 3732/3732/3732 3804/3804/3804
f 3804/3804/3804 3732/3732/3732 3805/3805/3805
f 3732/3732/3732 3733/3733/3733 3805/3805/3805
f 3805/3805/3805 3733/3733/3733 3806/3806/3806
f 3733/3733/3733 3734/3734/3734 3806/3806/3806
f 3806/3806/3806 3734/3734/3734 3807/3807/3807
f 3734/3734/3734 3735/3735/3735 3807/3807/3807
f 3807/3807/3807 3735/3735/3735 3808/3808/3808
f 3735/3735/3735 3736/3736/3736 3808/3808/3808
f 3808/3808/3808 3736/3736/3736 3809/3809/3809
f 3736/3736/3736 3737/3737/3737 3809/3809/3809
f 3809/3809/3809 3737/3737/3737 3810/3810/3810
f 3737/3737/3737 3738/3738/3738 3810/3810/3810
f 3810/3810/3810 3738/3738/3738 3811/3811/3811
f 3738/3738/3738 3739/3739/3739 3811/3811/3811
f 3811/3811/3811 3739/3739/3739 3812/3812/3812
f 3739/3739/3739 3740/3740/3740 3812/3812/3812
f 3812/3812/3812 3740/3740/3740 3813/3813/3813
f 3740/3740/3740 3741/3741/3741 3813/3813/3813
f 3813/3813/3813 3741/3741/3741 3814/3814/3814
f 3741/3741/3741 3742/3742/3742 3814/3814/3814
f 3814/3814/3814 3742/3742/3742 3815/3815/3815
f 3742/3742/3742 3743/3743/3743 3815/3815/3815
f 3815/3815/3815 3743/3743/3743 3816/3816/3816
f 3743/3743/3743 3744/3744/3744 3816/3816/3816
f 3816/3816/3816 3744/3744/3744 3817/3817/3817
f 3744/3744/3744 3745/3745/3745 3817/3817/3817
f 3817/3817/3817 3745/3745/3745 3818/3818/3818
f 3745/3745/3745 3746/3746/3746 3818/3818/3818
f 3818/3818/3818 3746/3746/3746 3819/3819/3819
f 3746/3746/3746 3747/3747/3747 3819/3819/3819
f 3819/3819/3819 3747/3747/3747 3820/3820/3820
f 3747/3747/3747 3748/3748/3748 3820/3820/3820
f 3820/3820/3820 3748/3748/3748 3821/3821/3821
f 3748/3748/3748 3749/3749/3749 3821/3821/3821
f 3821/3821/3821 3749/3749/3749 3822/3822/3822
f 3749/3749/3749 3750/3750/3750 3822/3822/3822
f 3822/3822/3822 3750/3750/3750 3823/3823/3823
f 3750/3750/3750 3751/3751/3751 3823/3823/3823
f 3823/3823/3823 3751/3751/3751 3824/3824/3824
f 3751/3751/3751 3752/3752/3752 3824/3824/3824
f 3824/3824/3824 3752/3752/3752 3825/3825/3825
f 3752/3752/3752 3753/3753/3753 3825/3825/3825
f 3825/3825/3825 3753/3753/3753 3826/3826/3826
f 3753/3753/3753 3754/3754/3754 3826/3826/3826
f 3826/3826/3826 3754/3754/3754 3827/3827/3827
f 3754/3754/3754 3755/3755/3755 3827/3827/3827
f 3827/3827/3827 3755/3755/3755 3828/3828/3828
f 3755/3755/3755 3756/3756/3756 3828/3828/3828
f 3828/3828/3828 3756/3756/3756 3829/3829/3829
f 3756/3756/3756 3757/3757/3757 3829/3829/3829
f 3829/3829/3829 3757/3757/3757 3830/3830/3830
f 3757/3757/3757 3758/3758/3758 3830/3830/3830
f 3830/3830/3830 3758/3758/3758 3831/3831/3831
f 3758/3758/3758 3759/3759/3759 3831/3831/3831
f 3831/3831/3831 3759/3759/3759 3832/3832/3832
f 3759/3759/3759 3760/3760/3760 3832/3832/3832
f 3832/3832/3832 3760/3760/3760 3833/3833/3833
f 3760/3760/3760 3761/3761/3761 3833/3833/3833
f 3833/3833/3833 3761/3761/3761 3834/3834/3834
f 3761/3761/3761 3762/3762/3762 3834/3834/3834
f 3834/3834/3834 3762/3762/3762 3835/3835/3835
f 3762/3762/3762 3763/3763/3763 3835/3835/3835
f 3835/3835/3835 3763/3763/3763 3836/3836/3836
f 3763/3763/3763 3764/3764/3764 3836/3836/3836
f 3836/3836/3836 3764/3764/3764 3837/3837/3837
f 3764/3764/3764 3765/3765/3765 3837/3837/3837
f 3837/3837/3837 3765/3765/3765 3838/3838/3838
f 3765/3765/3765 3766/3766/3766 3838/3838/3838
f 3838/3838/3838 3766/3766/3766 3839/3839/3839
f 3766/3766/3766 3767/3767/3767 3839/3839/3839
f 3839/3839/3839 3767/3767/3767 3840/3840/3840
f 3767/3767/3767 3768/3768/3768 3840/3840/3840
f 3840/3840/3840 3768/3768/3768 3841/3841/3841
f 3768/3768/3768 3769/3769/3769 3841/3841/3841
f 3841/3841/3841 3769/3769/3769 3842/3842/3842
f 3769/3769/3769 3770/3770/3770 3842/3842/3842
f 3842/3842/3842 3770/3770/3770 3843/3843/3843
f 3770/3770/3770 3771/3771/3771 3843/3843/3843
f 3843/3843/3843 3771/3771/3771 3844/3844/3844
f 3771/3771/3771 3772/3772/3772 3844/3844/3844
f 3844/3844/3844 3772/3772/3772 3845/3845/3845
f 3772/3772/3772 3773/3773/3773 3845/3845/3845
f 3845/3845/3845 3773/3773/3773 3846/3846/3846
f 3773/3773/3773 3774/3774/3774 3846/3846/3846
f 3846/3846/3846 3774/3774/3774 3847/3847/3847
f 3774/3774/3774 3775/3775/3775 3847/3847/3847
f 3847/3847/3847 3775/3775/3775 3848/3848/3848
f 3775/3775/3775 3776/3776/3776 3848/3848/3848
f 3848/3848/3848 3776/3776/3776 3849/3849/3849
f 3776/3776/3776 3777/3777/3777 3849/3849/3849
f 3849/3849/3849 3777/3777/3777 3850/3850/3850
f 3777/3777/3777 3778/3778/3778 3850/3850/3850
f 3850/3850/3850 3778/3778/3778 3851/3851/3851
f 3778/3778/3778 3779/3779/3779 3851/3851/3851
f 3851/3851/3851 3779/3779/3779 3852/3852/3852
f 3779/3779/3779 3780/3780/3780 3852/3852/3852
f 3852/3852/3852 3780/3780/3780 3853/3853/3853
f 3780/3780/3780 3781/3781/3781 3853/3853/3853
f 3853/3853/3853 3781/3781/3781 3854/3854/3854
f 3781/3781/3781 3782/3782/3782 3854/3854/3854
f 3854/3854/3854 3782/3782/3782 3855/3855/3855
f 3782/3782/3782 3783/3783/3783 3855/3855/3855
f 3855/3855/3855 3783/3783/3783 3856/3856/3856
f 3783/3783/3783 3784/3784/3784 3856/3856/3856
f 3856/3856/3856 3784/3784/3784 3857/3857/3857
f 3784/3784/3784 3785/3785/3785 3857/3857/3857
f 3857/3857/3857 3785/3785/3785 3858/3858/3858
f 3785/3785/3785 3786/3786/3786 3858/3858/3858
f 3858/3858/3858 3786/3786/3786 3859/3859/3859
f 3786/3786/3786 3787/3787/3787 3859/3859/3859
f 3859/3859/3859 3787/3787/3787 3860/3860/3860
f 3787/3787/3787 3788/3788/3788 3860/3860/3860
f 3860/3860/3860 3788/3788/3788 3861/3861/3861
f 3788/3788/3788 3789/3789/3789 3861/3861/3861
f 3861/3861/3861 3789/3789/3789 3862/3862/3862
f 3789/3789/3789 3790/3790/3790 3862/3862/3862
f 3862/3862/3862 3790/3790/3790 3863/3863/3863
f 3790/3790/3790 3791/3791/3791 3863/3863/3863
f 3863/3863/3863 3791/3791/3791 3864/3864/3864
f 3791/3791/3791 3792/3792/3792 3864/3864/3864
f 3864/3864/3864 3792/3792/3792 3865/3865/3865
f 3792/3792/3792 3793/3793/3793 3865/3865/3865
f 3865/3865/3865 3793/3793/3793 3866/3866/3866
f 3793/3793/3793 3794/3794/3794 3866/3866/3866
f 3866/3866/3866 3794/3794/3794 3867/3867/3867
f 3794/3794/3794 3795/3795/3795 3867/3867/3867
f 3867/3867/3867 3795/3795/3795 3868/3868/3868
f 3795/3795/3795 3796/3796/3796 3868/3868/3868
f 3868/3868/3868 3796/3796/3796 3869/3869/3869
f 3797/3797/3797 3798/3798/3798 3870/3870/3870
f 3870/3870/3870 3798/3798/3798 3871/3871/3871
f 3798/3798/3798 3799/3799/3799 3871/3871/3871
f 3871/3871/3871 3799/3799/3799 3872/3872/3872
f 3799/3799/3799 3800/3800/3800 3872/3872/3872
f 3872/3872/3872 3800/3800/3800 3873/3873/3873
f 3800/3800/3800 3801/3801/3801 3873/3873/3873
f 3873/3873/3873 3801/3801/3801 3874/3874/3874
f 3801/3801/3801 3802/3802/3802 3874/3874/3874
f 3874/3874/3874 3802/3802/3802 3875/3875/3875
f 3802/3802/3802 3803/3803/3803 3875/3875/3875
f 3875/3875/3875 3803/3803/3803 3876/3876/3876
f 3803/3803/3803 3804/3804/3804 3876/3876/3876
f 3876/3876/3876 3804/3804/3804 3877/3877/3877
f 3804/3804/3804 3805/3805/3805 3877/3877/3877
f 3877/3877/3877 3805/3805/3805 3878/3878/3878
f 3805/3805/3805 3806/3806/3806 3878/3878/3878
f 3878/3878/3878 3806/3806/3806 3879/3879/3879
f 3806/3806/3806 3807/3807/3807 3879/3879/3879
f 3879/3879/3879 3807/3807/3807 3880/3880/3880
f 3807/3807/3807 3808/3808/3808 3880/3880/3880
f 3880/3880/3880 3808/3808/3808 3881/3881/3881
f 3808/3808/3808 3809/3809/3809 3881/3881/3881
f 3881/3881/3881 3809/3809/3809 3882/3882/3882
f 3809/3809/3809 3810/3810/3810 3882/3882/3882
f 3882/3882/3882 3810/3810/3810 3883/3883/3883
f 3810/3810/3810 3811/3811/3811 3883/3883/3883
f 3883/3883/3883 3811/3811/3811 3884/3884/3884
f 3811/3811/3811 3812/3812/3812 3884/3884/3884
f 3884/3884/3884 3812/3812/3812 3885/3885/3885
f 3812/3812/3812 3813/3813/3813 3885/3885/3885
f 3885/3885/3885 3813/3813/3813 3886/3886/3886
f 3813/3813/3813 3814/3814/3814 3886/3886/3886
f 3886/3886/3886 3814/3814/3814 3887/3887/3887
f 3814/3814/3814 3815/3815/3815 3887/3887/3887
f 3887/3887/3887 3815/3815/3815 3888/3888/3888
f 3815/3815/3815 3816/3816/3816 3888/3888/3888
f 3888/3888/3888 3816/3816/3816 3889/3889/3889
f 3816/3816/3816 3817/3817/3817 3889/3889/3889
f 3889/3889/3889 3817/3817/3817 3890/3890/3890
f 3817/3817/3817 3818/3818/3818 3890/3890/3890
f 3890/3890/3890 3818/3818/3818 3891/3891/3891
f 3818/3818/3818 3819/3819/3819 3891/3891/3891
f 3891/3891/3891 3819/3819/3819 3892/3892/3892
f 3819/3819/3819 3820/3820/3820 3892/3892/3892
f 3892/3892/3892 3820/3820/3820 3893/3893/3893
f 3820/3820/3820 3821/3821/3821 3893/3893/3893
f 3893/3893/3893 3821/3821/3821 3894/3894/3894
f 3821/3821/3821 3822/3822/3822 3894/3894/3894
f 3894/3894/3894 3822/3822/3822 3895/3895/3895
f 3822/3822/3822 3823/3823/3823 3895/3895/3895
f 3895/3895/3895 3823/3823/3823 3896/3896/3896
f 3823/3823/3823 3824/3824/3824 3896/3896/3896
f 3896/3896/3896 3824/3824/3824 3897/3897/3897
f 3824/3824/3824 3825/3825/3825 3897/3897/3897
f 3897/3897/3897 3825/3825/3825 3898/3898/3898
f 3825/3825/3825 3826/3826/3826 3898/3898/3898
f 3898/3898/3898 3826/3826/3826 3899/3899/3899
f 3826/3826/3826 3827/3827/3827 3899/3899/3899
f 3899/3899/3899 3827/3827/3827 3900/3900/3900
f 3827/3827/3827 3828/3828/3828 3900/3900/3900
f 3900/3900/3900 3828/3828/3828 3901/3901/3901
f 3828/3828/3828 3829/3829/3829 3901/3901/3901
f 3901/3901/3901 3829/3829/3829 3902/3902/3902
f 3829/3829/3829 3830/3830/3830 3902/3902/3902
f 3902/3902/3902 3830/3830/3830 3903/3903/3903
f 3830/3830/3830 3831/3831/3831 3903/3903/3903
f 3903/3903/3903 3831/3831/3831 3904/3904/3904
f 3831/3831/3831 3832/3832/3832 3904/3904/3904
f 3904/3904/3904 3832/3832/3832 3905/3905/3905
f 3832/3832/3832 3833/3833/3833 3905/3905/3905
f 3905/3905/3905 3833/3833/3833 3906/3906/3906
f 3833/3833/3833 3834/3834/3834 3906/3906/3906
f 3906/3906/3906 3834/3834/3834 3907/3907/3907
f 3834/3834/3834 3835/3835/3835 3907/3907/3907
f 3907/3907/3907 3835/3835/3835 3908/3908/3908
f 3835/3835/3835 3836/3836/3836 3908/3908/3908
f 3908/3908/3908 3836/3836/3836 3909/3909/3909
f 3836/3836/3836 3837/3837/3837 3909/3909/3909
f 3909/3909/3909 3837/3837/3837 3910/3910/3910
f 3837/3837/3837 3838/3838/3838 3910/3910/3910
f 3910/3910/3910 3838/3838/3838 3911/3911/3911
f 3838/3838/3838 3839/3839/3839 3911/3911/3911
f 3911/3911/3911 3839/3839/3839 3912/3912/3912
f 3839/3839/3839 3840/3840/3840 3912/3912/3912
f 3912/3912/3912 3840/3840/3840 3913/3913/3913
f 3840/3840/3840 3841/3841/3841 3913/3913/3913
f 3913/3913/3913 3841/3841/3841 3914/3914/3914
f 3841/3841/3841 3842/3842/3842 3914/3914/3914
f 3914/3914/3914 3842/3842/3842 3915/3915/3915
f 3842/3842/3842 3843/3843/3843 3915/3915/3915
f 3915/3915/3915 3843/3843/3843 3916/3916/3916
f 3843/3843/3843 3844/3844/3844 3916/3916/3916
f 3916/3916/3916 3844/3844/3844 3917/3917/3917
f 3844/3844/3844 3845/3845/3845 3917/3917/3917
f 3917/3917/3917 3845/3845/3845 3918/3918/3918
f 3845/3845/3845 3846/3846/3846 3918/3918/3918
f 3918/3918/3918 3846/3846/3846 3919/3919/3919
f 3846/3846/3846 3847/3847/3847 3919/3919/3919
f 3919/3919/3919 3847/3847/3847 3920/3920/3920
f 3847/3847/3847 3848/3848/3848 3920/3920/3920
f 3920/3920/3920 3848/3848/3848 3921/3921/3921
f 3848/3848/3848 3849/3849/3849 3921/3921/3921
f 3921/3921/3921 3849/3849/3849 3922/3922/3922
f 3849/3849/3849 3850/3850/3850 3922/3922/3922
f 3922/3922/3922 3850/3850/3850 3923/3923/3923
f 3850/3850/3850 3851/3851/3851 3923/3923/3923
f 3923/3923/3923 3851/3851/3851 3924/3924/3924
f 3851/3851/3851 3852/3852/3852 3924/3924/3924
f 3924/3924/3924 3852/3852/3852 3925/3925/3925
f 3852/3852/3852 3853/3853/3853 3925/3925/3925
f 3925/3925/3925 3853/3853/3853 3926/3926/3926
f 3853/3853/3853 3854/3854/3854 3926/3926/3926
f 3926/3926/3926 3854/3854/3854 3927/3927/3927
f 3854/3854/3854 3855/3855/3855 3927/3927/3927
f 3927/3927/3927 3855/3855/3855 3928/3928/3928
f 3855/3855/3855 3856/3856/3856 3928/3928/3928
f 3928/3928/3928 3856/3856/3856 3929/3929/3929
f 3856/3856/3856 3857/3857/3857 3929/3929/3929
f 3929/3929/3929 3857/3857/3857 3930/3930/3930
f 3857/3857/3857 3858/3858/3858 3930/3930/3930
f 3930/3930/3930 3858/3858/3858 3931/3931/3931
f 3858/3858/3858 3859/3859/3859 3931/3931/3931
f 3931/3931/3931 3859/3859/3859 3932/3932/3932
f 3859/3859/3859 3860/3860/3860 3932/3932/3932
f 3932/3932/3932 3860/3860/3860 3933/3933/3933
f 3860/3860/3860 3861/3861/3861 3933/3933/3933
f 3933/3933/3933 3861/3861/3861 3934/3934/3934
f 3861/3861/3861 3862/3862/3862 3934/3934/3934
f 3934/3934/3934 3862/3862/3862 3935/3935/3935
f 3862/3862/3862 3863/3863/3863 3935/3935/3935
f 3935/3935/3935 3863/3863/3863 3936/3936/3936
f 3863/3863/3863 3864/3864/3864 3936/3936/3936
f 3936/3936/3936 3864/3864/3864 3937/3937/3937
f 3864/3864/3864 3865/3865/3865 3937/3937/3937
f 3937/3937/3937 3865/3865/3865 3938/3938/3938
f 3865/3865/3865 3866/3866/3866 3938/3938/3938
f 3938/3938/3938 3866/3866/3866 3939/3939/3939
f 3866/3866/3866 3867/3867/3867 3939/3939/3939
f 3939/3939/3939 3867/3867/3867 3940/3940/3940
f 3867/3867/3867 3868/3868/3868 3940/3940/3940
f 3940/3940/3940 3868/3868/3868 3941/3941/3941
f 3868/3868/3868 3869/3869/3869 3941/3941/3941
f 3941/3941/3941 3869/3869/3869 3942/3942/3942
f 3870/3870/3870 3871/3871/3871 3943/3943/3943
f 3943/3943/3943 3871/3871/3871 3944/3944/3944
f 3871/3871/3871 3872/3872/3872 3944/3944/3944
f 3944/3944/3944 3872/3872/3872 3945/3945/3945
f 3872/3872/3872 3873/3873/3873 3945/3945/3945
f 3945/3945/3945 3873/3873/3873 3946/3946/3946
f 3873/3873/3873 3874/3874/3874 3946/3946/3946
f 3946/3946/3946 3874/3874/3874 3947/3947/3947
f 3874/3874/3874 3875/3875/3875 3947/3947/3947
f 3947/3947/3947 3875/3875/3875 3948/3948/3948
f 3875/3875/3875 3876/3876/3876 3948/3948/3948
f 3948/3948/3948 3876/3876/3876 3949/3949/3949
f 3876/3876/3876 3877/3877/3877 3949/3949/3949
f 3949/3949/3949 3877/3877/3877 3950/3950/3950
f 3877/3877/3877 3878/3878/3878 3950/3950/3950
f 3950/3950/3950 3878/3878/3878 3951/3951/3951
f 3878/3878/3878 3879/3879/3879 3951/3951/3951
f 3951/3951/3951 3879/3879/3879 3952/3952/3952
f 3879/3879/3879 3880/3880/3880 3952/3952/3952
f 3952/3952/3952 3880/3880/3880 3953/3953/3953
f 3880/3880/3880 3881/3881/3881 3953/3953/3953
f 3953/3953/3953 3881/3881/3881 3954/3954/3954
f 3881/3881/3881 3882/3882/3882 3954/3954/3954
f 3954/3954/3954 3882/3882/3882 3955/3955/3955
f 3882/3882/3882 3883/3883/3883 3955/3955/3955
f 3955/3955/3955 3883/3883/3883 3956/3956/3956
f 3883/3883/3883 3884/3884/3884 3956/3956/3956
f 3956/3956/3956 3884/3884/3884 3957/3957/3957
f 3884/3884/3884 3885/3885/3885 3957/3957/3957
f 3957/3957/3957 3885/3885/3885 3958/3958/3958
f 3885/3885/3885 3886/3886/3886 3958/3958/3958
f 3958/3958/3958 3886/3886/3886 3959/3959/3959
f 3886/3886/3886 3887/3887/3887 3959/3959/3959
f 3959/3959/3959 3887/3887/3887 3960/3960/3960
f 3887/3887/3887 3888/3888/3888 3960/3960/3960
f 3960/3960/3960 3888/3888/3888 3961/3961/3961
f 3888/3888/3888 3889/3889/3889 3961/3961/3961
f 3961/3961/3961 3889/3889/3889 3962/3962/3962
f 3889/3889/3889 3890/3890/3890 3962/3962/3962
f 3962/3962/3962 3890/3890/3890 3963/3963/3963
f 3890/3890/3890 3891/3891/3891 3963/3963/3963
f 3963/3963/3963 3891/3891/3891 3964/3964/3964
f 3891/3891/3891 3892/3892/3892 3964/3964/3964
f 3964/3964/3964 3892/3892/3892 3965/3965/3965
f 3892/3892/3892 3893/3893/3893 3965/3965/3965
f 3965/3965/3965 3893/3893/3893 3966/3966/3966
f 3893/3893/3893 3894/3894/3894 3966/3966/3966
f 3966/3966/3966 3894/3894/3894 3967/3967/3967
f 3894/3894/3894 3895/3895/3895 3967/3967/3967
f 3967/3967/3967 3895/3895/3895 3968/3968/3968
f 3895/3895/3895 3896/3896/3896 3968/3968/3968
f 3968/3968/3968 3896/3896/3896 3969/3969/3969
f 3896/3896/3896 3897/3897/3897 3969/3969/3969
f 3969/3969/3969 3897/3897/3897 3970/3970/3970
f 3897/3897/3897 3898/3898/3898 3970/3970/3970
f 3970/3970/3970 3898/3898/3898 3971/3971/3971
f 3898/3898/3898 3899/3899/3899 3971/3971/3971
f 3971/3971/3971 3899/3899/3899 3972/3972/3972
f 3899/3899/3899 3900/3900/3900 3972/3972/3972
f 3972/3972/3972 3900/3900/3900 3973/3973/3973
f 3900/3900/3900 3901/3901/3901 3973/3973/3973
f 3973/3973/3973 3901/3901/3901 3974/3974/3974
f 3901/3901/3901 3902/3902/3902 3974/3974/3974
f 3974/3974/3974 3902/3902/3902 3975/3975/3975
f 3902/3902/3902 3903/3903/3903 3975/3975/3975
f 3975/3975/3975 3903/3903/3903 3976/3976/3976
f 3903/3903/3903 3904/3904/3904 3976/3976/3976
f 3976/3976/3976 3904/3904/3904 3977/3977/3977
f 3904/3904/3904 3905/3905/3905 3977/3977/3977
f 3977/3977/3977 3905/3905/3905 3978/3978/3978
f 3905/3905/3905 3906/3906/3906 3978/3978/3978
f 3978/3978/3978 3906/3906/3906 3979/3979/3979
f 3906/3906/3906 3907/3907/3907 3979/3979/3979
f 3979/3979/3979 3907/3907/3907 3980/3980/3980
f 3907/3907/3907 3908/3908/3908 3980/3980/3980
f 3980/3980/3980 3908/3908/3908 3981/3981/3981
f 3908/3908/3908 3909/3909/3909 3981/3981/3981
f 3981/3981/3981 3909/3909/3909 3982/3982/3982
f 3909/3909/3909 3910/3910/3910 3982/3982/3982
f 3982/3982/3982 3910/3910/3910 3983/3983/3983
f 3910/3910/3910 3911/3911/3911 3983/3983/3983
f 3983/3983/3983 3911/3911/3911 3984/3984/3984
f 3911/3911/3911 3912/3912/3912 3984/3984/3984
f 3984/3984/3984 3912/3912/3912 3985/3985/3985
f 3912/3912/3912 3913/3913/3913 3985/3985/3985
f 3985/3985/3985 3913/3913/3913 3986/3986/3986
f 3913/3913/3913 3914/3914/3914 3986/3986/3986
f 3986/3986/3986 3914/3914/3914 3987/3987/3987
f 3914/3914/3914 3915/3915/3915 3987/3987/3987
f 3987/3987/3987 3915/3915/3915 3988/3988/3988
f 3915/3915/3915 3916/3916/3916 3988/3988/3988
f 3988/3988/3988 3916/3916/3916 3989/3989/3989
f 3916/3916/3916 3917/3917/3917 3989/3989/3989
f 3989/3989/3989 3917/3917/3917 3990/3990/3990
f 3917/3917/3917 3918/3918/3918 3990/3990/3990
f 3990/3990/3990 3918/3918/3918 3991/3991/3991
f 3918/3918/3918 3919/3919/3919 3991/3991/3991
f 3991/3991/3991 3919/3919/3919 3992/3992/3992
f 3919/3919/3919 3920/3920/3920 3992/3992/3992
f 3992/3992/3992 3920/3920/3920 3993/3993/3993
f 3920/3920/3920 3921/3921/3921 3993/3993/3993
f 3993/3993/3993 3921/3921/3921 3994/3994/3994
f 3921/3921/3921 3922/3922/3922 3994/3994/3994
f 3994/3994/3994 3922/3922/3922 3995/3995/3995
f 3922/3922/3922 3923/3923/3923 3995/3995/3995
f 3995/3995/3995 3923/3923/3923 3996/3996/3996
f 3923/3923/3923 3924/3924/3924 3996/3996/3996
f 3996/3996/3996 3924/3924/3924 3997/3997/3997
f 3924/3924/3924 3925/3925/3925 3997/3997/3997
f 3997/3997/3997 3925/3925/3925 3998/3998/3998
f 3925/3925/3925 3926/3926/3926 3998/3998/3998
f 3998/3998/3998 3926/3926/3926 3999/3999/3999
f 3926/3926/3926 3927/3927/3927 3999/3999/3999
f 3999/3999/3999 3927/3927/3927 4000/4000/4000
f 3927/3927/3927 3928/3928/3928 4000/4000/4000
f 4000/4000/4000 3928/3928/3928 4001/4001/4001
f 3928/3928/3928 3929/3929/3929 4001/4001/4001
f 4001/4001/4001 3929/3929/3929 4002/4002/4002
f 3929/3929/3929 3930/3930/3930 4002/4002/4002
f 4002/4002/4002 3930/3930/3930 4003/4003/4003
f 3930/3930/3930 3931/3931/3931 4003/4003/4003
f 4003/4003/4003 3931/3931/3931 4004/4004/4004
f 3931/3931/3931 3932/3932/3932 4004/4004/4004
f 4004/4004/4004 3932/3932/3932 4005/4005/4005
f 3932/3932/3932 3933/3933/3933 4005/4005/4005
f 4005/4005/4005 3933/3933/3933 4006/4006/4006
f 3933/3933/3933 3934/3934/3934 4006/4006/4006
f 4006/4006/4006 3934/3934/3934 4007/4007/4007
f 3934/3934/3934 3935/3935/3935 4007/4007/4007
f 4007/4007/4007 3935/3935/3935 4008/4008/4008
f 3935/3935/3935 3936/3936/3936 4008/4008/4008
f 4008/4008/4008 3936/3936/3936 4009/4009/4009
f 3936/3936/3936 3937/3937/3937 4009/4009/4009
f 4009/4009/4009 3937/3937/3937 4010/4010/4010
f 3937/3937/3937 3938/3938/3938 4010/4010/4010
f 4010/4010/4010 3938/3938/3938 4011/4011/4011
f 3938/3938/3938 3939/3939/3939 4011/4011/4011
f 4011/4011/4011 3939/3939/3939 4012/4012/4012
f 3939/3939/3939 3940/3940/3940 4012/4012/4012
f 4012/4012/4012 3940/3940/3940 4013/4013/4013
f 3940/3940/3940 3941/3941/3941 4013/4013/4013
f 4013/4013/4013 3941/3941/3941 4014/4014/4014
f 3941/3941/3941 3942/3942/3942 4014/4014/4014
f 4014/4014/4014 3942/3942/3942 4015/4015/4015
f 3943/3943/3943 3944/3944/3944 4016/4016/4016
f 4016/4016/4016 3944/3944/3944 4017/4017/4017
f 3944/3944/3944 3945/3945/3945 4017/4017/4017
f 4017/4017/4017 3945/3945/3945 4018/4018/4018
f 3945/3945/3945 3946/3946/3946 4018/4018/4018
f 4018/4018/4018 3946/3946/3946 4019/4019/4019
f 3946/3946/3946 3947/3947/3947 4019/4019/4019
f 4019/4019/4019 3947/3947/3947 4020/4020/4020
f 3947/3947/3947 3948/3948/3948 4020/4020/4020
f 4020/4020/4020 3948/3948/3948 4021/4021/4021
f 3948/3948/3948 3949/3949/3949 4021/4021/4021
f 4021/4021/4021 3949/3949/3949 4022/4022/4022
f 3949/3949/3949 3950/3950/3950 4022/4022/4022
f 4022/4022/4022 3950/3950/3950 4023/4023/4023
f 3950/3950/3950 3951/3951/3951 4023/4023/4023
f 4023/4023/4023 3951/3951/3951 4024/4024/4024
f 3951/3951/3951 3952/3952/3952 4024/4024/4024
f 4024/4024/4024 3952/3952/3952 4025/4025/4025
f 3952/3952/3952 3953/3953/3953 4025/4025/4025
f 4025/4025/4025 3953/3953/3953 4026/4026/4026
f 3953/3953/3953 3954/3954/3954 4026/4026/4026
f 4026/4026/4026 3954/3954/3954 4027/4027/4027
f 3954/3954/3954 3955/3955/3955 4027/4027/4027
f 4027/4027/4027 3955/3955/3955 4028/4028/4028
f 3955/3955/3955 3956/3956/3956 4028/4028/4028
f 4028/4028/4028 3956/3956/3956 4029/4029/4029
f 3956/3956/3956 3957/3957/3957 4029/4029/4029
f 4029/4029/4029 3957/3957/3957 4030/4030/4030
f 3957/3957/3957 3958/3958/3958 4030/4030/4030
f 4030/4030/4030 3958/3958/3958 4031/4031/4031
f 3958/3958/3958 3959/3959/3959 4031/4031/4031
f 4031/4031/4031 3959/3959/3959 4032/4032/4032
f 3959/3959/3959 3960/3960/3960 4032/4032/4032
f 4032/4032/4032 3960/3960/3960 4033/4033/4033
f 3960/3960/3960 3961/3961/3961 4033/4033/4033
f 4033/4033/4033 3961/3961/3961 4034/4034/4034
f 3961/3961/3961 3962/3962/3962 4034/4034/4034
f 4034/4034/4034 3962/3962/3962 4035/4035/4035
f 3962/3962/3962 3963/3963/3963 4035/4035/4035
f 4035/4035/4035 3963/3963/3963 4036/4036/4036
f 3963/3963/3963 3964/3964/3964 4036/4036/4036
f 4036/4036/4036 3964/3964/3964 4037/4037/4037
f 3964/3964/3964 3965/3965/3965 4037/4037/4037
f 4037/4037/4037 3965/3965/3965 4038/4038/4038
f 3965/3965/3965 3966/3966/3966 4038/4038/4038
f 4038/4038/4038 3966/3966/3966 4039/4039/4039
f 3966/3966/3966 3967/3967/3967 4039/4039/4039
f 4039/4039/4039 3967/3967/3967 4040/4040/4040
f 3967/3967/3967 3968/3968/3968 4040/4040/4040
f 4040/4040/4040 3968/3968/3968 4041/4041/4041
f 3968/3968/3968 3969/3969/3969 4041/4041/4041
f 4041/4041/4041 3969/3969/3969 4042/4042/4042
f 3969/3969/3969 3970/3970/3970 4042/4042/4042
f 4042/4042/4042 3970/3970/3970 4043/4043/4043
f 3970/3970/3970 3971/3971/3971 4043/4043/4043
f 4043/4043/4043 3971/3971/3971 4044/4044/4044
f 3971/3971/3971 3972/3972/3972 4044/4044/4044
f 4044/4044/4044 3972/3972/3972 4045/4045/4045
f 3972/3972/3972 3973/3973/3973 4045/4045/4045
f 4045/4045/4045 3973/3973/3973 4046/4046/4046
f 3973/3973/3973 3974/3974/3974 4046/4046/4046
f 4046/4046/4046 3974/3974/3974 4047/4047/4047
f 3974/3974/3974 3975/3975/3975 4047/4047/4047
f 4047/4047/4047 3975/3975/3975 4048/4048/4048
f 3975/3975/3975 3976/3976/3976 4048/4048/4048
f 4048/4048/4048 3976/3976/3976 4049/4049/4049
f 3976/3976/3976 3977/3977/3977 4049/4049/4049
f 4049/4049/4049 3977/3977/3977 4050/4050/4050
f 3977/3977/3977 3978/3978/3978 4050/4050/4050
f 4050/4050/4050 3978/3978/3978 4051/4051/4051
f 3978/3978/3978 3979/3979/3979 4051/4051/4051
f 4051/4051/4051 3979/3979/3979 4052/4052/4052
f 3979/3979/3979 3980/3980/3980 4052/4052/4052
f 4052/4052/4052 3980/3980/3980 4053/4053/4053
f 3980/3980/3980 3981/3981/3981 4053/4053/4053
f 4053/4053/4053 3981/3981/3981 4054/4054/4054
f 3981/3981/3981 3982/3982/3982 4054/4054/4054
f 4054/4054/4054 3982/3982/3982 4055/4055/4055
f 3982/3982/3982 3983/3983/3983 4055/4055/4055
f 4055/4055/4055 3983/3983/3983 4056/4056/4056
f 3983/3983/3983 3984/3984/3984 4056/4056/4056
f 4056/4056/4056 3984/3984/3984 4057/4057/4057
f 3984/3984/3984 3985/3985/3985 4057/4057/4057
f 4057/4057/4057 3985/3985/3985 4058/4058/4058
f 3985/3985/3985 3986/3986/3986 4058/4058/4058
f 4058/4058/4058 3986/3986/3986 4059/4059/4059
f 3986/3986/3986 3987/3987/3987 4059/4059/4059
f 4059/4059/4059 3987/3987/3987 4060/4060/4060
f 3987/3987/3987 3988/3988/3988 4060/4060/4060
f 4060/4060/4060 3988/3988/3988 4061/4061/4061
f 3988/3988/3988 3989/3989/3989 4061/4061/4061
f 4061/4061/4061 3989/3989/3989 4062/4062/4062
f 3989/3989/3989 3990/3990/3990 4062/4062/4062
f 4062/4062/4062 3990/3990/3990 4063/4063/4063
f 3990/3990/3990 3991/3991/3991 4063/4063/4063
f 4063/4063/4063 3991/3991/3991 4064/4064/4064
f 3991/3991/3991 3992/3992/3992 4064/4064/4064
f 4064/4064/4064 3992/3992/3992 4065/4065/4065
f 3992/3992/3992 3993/3993/3993 4065/4065/4065
f 4065/4065/4065 3993/3993/3993 4066/4066/4066
f 3993/3993/3993 3994/3994/3994 4066/4066/4066
f 4066/4066/4066 3994/3994/3994 4067/4067/4067
f 3994/3994/3994 3995/3995/3995 4067/4067/4067
f 4067/4067/4067 3995/3995/3995 4068/4068/4068
f 3995/3995/3995 3996/3996/3996 4068/4068/4068
f 4068/4068/4068 3996/3996/3996 4069/4069/4069
f 3996/3996/3996 3997/3997/3997 4069/4069/4069
f 4069/4069/4069 3997/3997/3997 4070/4070/4070
f 3997/3997/3997 3998/3998/3998 4070/4070/4070
f 4070/4070/4070 3998/3998/3998 4071/4071/4071
f 3998/3998/3998 3999/3999/3999 4071/4071/4071
f 4071/4071/4071 3999/3999/3999 4072/4072/4072
f 3999/3999/3999 4000/4000/4000 4072/4072/4072
f 4072/4072/4072 4000/4000/4000 4073/4073/4073
f 4000/4000/4000 4001/4001/4001 4073/4073/4073
f 4073/4073/4073 4001/4001/4001 4074/4074/4074
f 4001/4001/4001 4002/4002/4002 4074/4074/4074
f 4074/4074/4074 4002/4002/4002 4075/4075/4075
f 4002/4002/4002 4003/4003/4003 4075/4075/4075
f 4075/4075/4075 4003/4003/4003 4076/4076/4076
f 4003/4003/4003 4004/4004/4004 4076/4076/4076
f 4076/4076/4076 4004/4004/4004 4077/4077/4077
f 4004/4004/4004 4005/4005/4005 4077/4077/4077
f 4077/4077/4077 4005/4005/4005 4078/4078/4078
f 4005/4005/4005 4006/4006/4006 4078/4078/4078
f 4078/4078/4078 4006/4006/4006 4079/4079/4079
f 4006/4006/4006 4007/4007/4007 4079/4079/4079
f 4079/4079/4079 4007/4007/4007 4080/4080/4080
f 4007/4007/4007 4008/4008/4008 4080/4080/4080
f 4080/4080/4080 4008/4008/4008 4081/4081/4081
f 4008/4008/4008 4009/4009/4009 4081/4081/4081
f 4081/4081/4081 4009/4009/4009 4082/4082/4082
f 4009/4009/4009 4010/4010/4010 4082/4082/4082
f 4082/4082/4082 4010/4010/4010 4083/4083/4083
f 4010/4010/4010 4011/4011/4011 4083/4083/4083
f 4083/4083/4083 4011/4011/4011 4084/4084/4084
f 4011/4011/4011 4012/4012/4012 4084/4084/4084
f 4084/4084/4084 4012/4012/4012 4085/4085/4085
f 4012/4012/4012 4013/4013/4013 4085/4085/4085
f 4085/4085/4085 4013/4013/4013 4086/4086/4086
f 4013/4013/4013 4014/4014/4014 4086/4086/4086
f 4086/4086/4086 4014/4014/4014 4087/4087/4087
f 4014/4014/4014 4015/4015/4015 4087/4087/4087
f 4087/4087/4087 4015/4015/4015 4088/4088/4088
f 4016/4016/4016 4017/4017/4017 4089/4089/4089
f 4089/4089/4089 4017/4017/4017 4090/4090/4090
f 4017/4017/4017 4018/4018/4018 4090/4090/4090
f 4090/4090/4090 4018/4018/4018 4091/4091/4091
f 4018/4018/4018 4019/4019/4019 4091/4091/4091
f 4091/4091/4091 4019/4019/4019 4092/4092/4092
f 4019/4019/4019 4020/4020/4020 4092/4092/4092
f 4092/4092/4092 4020/4020/4020 4093/4093/4093
f 4020/4020/4020 4021/4021/4021 4093/4093/4093
f 4093/4093/4093 4021/4021/4021 4094/4094/4094
f 4021/4021/4021 4022/4022/4022 4094/4094/4094
f 4094/4094/4094 4022/4022/4022 4095/4095/4095
f 4022/4022/4022 4023/4023/4023 4095/4095/4095
f 4095/4095/4095 4023/4023/4023 4096/4096/4096
f 4023/4023/4023 4024/4024/4024 4096/4096/4096
f 4096/4096/4096 4024/4024/4024 4097/4097/4097
f 4024/4024/4024 4025/4025/4025 4097/4097/4097
f 4097/4097/4097 4025/4025/4025 4098/4098/4098
f 4025/4025/4025 4026/4026/4026 4098/4098/4098
f 4098/4098/4098 4026/4026/4026 4099/4099/4099
f 4026/4026/4026 4027/4027/4027 4099/4099/4099
f 4099/4099/4099 4027/4027/4027 4100/4100/4100
f 4027/4027/4027 4028/4028/4028 4100/4100/4100
f 4100/4100/4100 4028/4028/4028 4101/4101/4101
f 4028/4028/4028 4029/4029/4029 4101/4101/4101
f 4101/4101/4101 4029/4029/4029 4102/4102/4102
f 4029/4029/4029 4030/4030/4030 4102/4102/4102
f 4102/4102/4102 4030/4030/4030 4103/4103/4103
f 4030/4030/4030 4031/4031/4031 4103/4103/4103
f 4103/4103/4103 4031/4031/4031 4104/4104/4104
f 4031/4031/4031 4032/4032/4032 4104/4104/4104
f 4104/4104/4104 4032/4032/4032 4105/4105/4105
f 4032/4032/4032 4033/4033/4033 4105/4105/4105
f 4105/4105/4105 4033/4033/4033 4106/4106/4106
f 4033/4033/4033 4034/4034/4034 4106/4106/4106
f 4106/4106/4106 4034/4034/4034 4107/4107/4107
f 4034/4034/4034 4035/4035/4035 4107/4107/4107
f 4107/4107/4107 4035/4035/4035 4108/4108/4108
f 4035/4035/4035 4036/4036/4036 4108/4108/4108
f 4108/4108/4108 4036/4036/4036 4109/4109/4109
f 4036/4036/4036 4037/4037/4037 4109/4109/4109
f 4109/4109/4109 4037/4037/4037 4110/4110/4110
f 4037/4037/4037 4038/4038/4038 4110/4110/4110
f 4110/4110/4110 4038/4038/4038 4111/4111/4111
f 4038/4038/4038 4039/4039/4039 4111/4111/4111
f 4111/4111/4111 4039/4039/4039 4112/4112/4112
f 4039/4039/4039 4040/4040/4040 4112/4112/4112
f 4112/4112/4112 4040/4040/4040 4113/4113/4113
f 4040/4040/4040 4041/4041/4041 4113/4113/4113
f 4113/4113/4113 4041/4041/4041 4114/4114/4114
f 4041/4041/4041 4042/4042/4042 4114/4114/4114
f 4114/4114/4114 4042/4042/4042 4115/4115/4115
f 4042/4042/4042 4043/4043/4043 4115/4115/4115
f 4115/4115/4115 4043/4043/4043 4116/4116/4116
f 4043/4043/4043 4044/4044/4044 4116/4116/4116
f 4116/4116/4116 4044/4044/4044 4117/4117/4117
f 4044/4044/4044 4045/4045/4045 4117/4117/4117
f 4117/4117/4117 4045/4045/4045 4118/4118/4118
f 4045/4045/4045 4046/4046/4046 4118/4118/4118
f 4118/4118/4118 4046/4046/4046 4119/4119/4119
f 4046/4046/4046 4047/4047/4047 4119/4119/4119
f 4119/4119/4119 4047/4047/4047 4120/4120/4120
f 4047/4047/4047 4048/4048/4048 4120/4120/4120
f 4120/4120/4120 4048/4048/4048 4121/4121/4121
f 4048/4048/4048 4049/4049/4049 4121/4121/4121
f 4121/4121/4121 4049/4049/4049 4122/4122/4122
f 4049/4049/4049 4050/4050/4050 4122/4122/4122
f 4122/4122/4122 4050/4050/4050 4123/4123/4123
f 4050/4050/4050 4051/4051/4051 4123/4123/4123
f 4123/4123/4123 4051/4051/4051 4124/4124/4124
f 4051/4051/4051 4052/4052/4052 4124/4124/4124
f 4124/4124/4124 4052/4052/4052 4125/4125/4125
f 4052/4052/4052 4053/4053/4053 4125/4125/4125
f 4125/4125/4125 4053/4053/4053 4126/4126/4126
f 4053/4053/4053 4054/4054/4054 4126/4126/4126
f 4126/4126/4126 4054/4054/4054 4127/4127/4127
f 4054/4054/4054 4055/4055/4055 4127/4127/4127
f 4127/4127/4127 4055/4055/4055 4128/4128/4128
f 4055/4055/4055 4056/4056/4056 4128/4128/4128
f 4128/4128/4128 4056/4056/4056 4129/4129/4129
f 4056/4056/4056 4057/4057/4057 4129/4129/4129
f 4129/4129/4129 4057/4057/4057 4130/4130/4130
f 4057/4057/4057 4058/4058/4058 4130/4130/4130
f 4130/4130/4130 4058/4058/4058 4131/4131/4131
f 4058/4058/4058 4059/4059/4059 4131/4131/4131
f 4131/4131/4131 4059/4059/4059 4132/4132/4132
f 4059/4059/4059 4060/4060/4060 4132/4132/4132
f 4132/4132/4132 4060/4060/4060 4133/4133/4133
f 4060/4060/4060 4061/4061/4061 4133/4133/4133
f 4133/4133/4133 4061/4061/4061 4134/4134/4134
f 4061/4061/4061 4062/4062/4062 4134/4134/4134
f 4134/4134/4134 4062/4062/4062 4135/4135/4135
f 4062/4062/4062 4063/4063/4063 4135/4135/4135
f 4135/4135/4135 4063/4063/4063 4136/4136/4136
f 4063/4063/4063 4064/4064/4064 4136/4136/4136
f 4136/4136/4136 4064/4064/4064 4137/4137/4137
f 4064/4064/4064 4065/4065/4065 4137/4137/4137
f 4137/4137/4137 4065/4065/4065 4138/4138/4138
f 4065/4065/4065 4066/4066/4066 4138/4138/4138
f 4138/4138/4138 4066/4066/4066 4139/4139/4139
f 4066/4066/4066 4067/4067/4067 4139/4139/4139
f 4139/4139/4139 4067/4067/4067 4140/4140/4140
f 4067/4067/4067 4068/4068/4068 4140/4140/4140
f 4140/4140/4140 4068/4068/4068 4141/4141/4141
f 4068/4068/4068 4069/4069/4069 4141/4141/4141
f 4141/4141/4141 4069/4069/4069 4142/4142/4142
f 4069/4069/4069 4070/4070/4070 4142/4142/4142
f 4142/4142/4142 4070/4070/4070 4143/4143/4143
f 4070/4070/4070 4071/4071/4071 4143/4143/4143
f 4143/4143/4143 4071/4071/4071 4144/4144/4144
f 4071/4071/4071 4072/4072/4072 4144/4144/4144
f 4144/4144/4144 4072/4072/4072 4145/4145/4145
f 4072/4072/4072 4073/4073/4073 4145/4145/4145
f 4145/4145/4145 4073/4073/4073 4146/4146/4146
f 4073/4073/4073 4074/4074/4074 4146/4146/4146
f 4146/4146/4146 4074/4074/4074 4147/4147/4147
f 4074/4074/4074 4075/4075/4075 4147/4147/4147
f 4147/4147/4147 4075/4075/4075 4148/4148/4148
f 4075/4075/4075 4076/4076/4076 4148/4148/4148
f 4148/4148/4148 4076/4076/4076 4149/4149/4149
f 4076/4076/4076 4077/4077/4077 4149/4149/4149
f 4149/4149/4149 4077/4077/4077 4150/4150/4150
f 4077/4077/4077 4078/4078/4078 4150/4150/4150
f 4150/4150/4150 4078/4078/4078 4151/4151/4151
f 4078/4078/4078 4079/4079/4079 4151/4151/4151
f 4151/4151/4151 4079/4079/4079 4152/4152/4152
f 4079/4079/4079 4080/4080/4080 4152/4152/4152
f 4152/4152/4152 4080/4080/4080 4153/4153/4153
f 4080/4080/4080 4081/4081/4081 4153/4153/4153
f 4153/4153/4153 4081/4081/4081 4154/4154/4154
f 4081/4081/4081 4082/4082/4082 4154/4154/4154
f 4154/4154/4154 4082/4082/4082 4155/4155/4155
f 4082/4082/4082 4083/4083/4083 4155/4155/4155
f 4155/4155/4155 4083/4083/4083 4156/4156/4156
f 4083/4083/4083 4084/4084/4084 4156/4156/4156
f 4156/4156/4156 4084/4084/4084 4157/4157/4157
f 4084/4084/4084 4085/4085/4085 4157/4157/4157
f 4157/4157/4157 4085/4085/4085 4158/4158/4158
f 4085/4085/4085 4086/4086/4086 4158/4158/4158
f 4158/4158/4158 4086/4086/4086 4159/4159/4159
f 4086/4086/4086 4087/4087/4087 4159/4159/4159
f 4159/4159/4159 4087/4087/4087 4160/4160/4160
f 4087/4087/4087 4088/4088/4088 4160/4160/4160
f 4160/4160/4160 4088/4088/4088 4161/4161/4161
f 4089/4089/4089 4090/4090/4090 4162/4162/4162
f 4162/4162/4162 4090/4090/4090 4163/4163/4163
f 4090/4090/4090 4091/4091/4091 4163/4163/4163
f 4163/4163/4163 4091/4091/4091 4164/4164/4164
f 4091/4091/4091 4092/4092/4092 4164/4164/4164
f 4164/4164/4164 4092/4092/4092 4165/4165/4165
f 4092/4092/4092 4093/4093/4093 4165/4165/4165
f 4165/4165/4165 4093/4093/4093 4166/4166/4166
f 4093/4093/4093 4094/4094/4094 4166/4166/4166
f 4166/4166/4166 4094/4094/4094 4167/4167/4167
f 4094/4094/4094 4095/4095/4095 4167/4167/4167
f 4167/4167/4167 4095/4095/4095 4168/4168/4168
f 4095/4095/4095 4096/4096/4096 4168/4168/4168
f 4168/4168/4168 4096/4096/4096 4169/4169/4169
f 4096/4096/4096 4097/4097/4097 4169/4169/4169
f 4169/4169/4169 4097/4097/4097 4170/4170/4170
f 4097/4097/4097 4098/4098/4098 4170/4170/4170
f 4170/4170/4170 4098/4098/4098 4171/4171/4171
f 4098/4098/4098 4099/4099/4099 4171/4171/4171
f 4171/4171/4171 4099/4099/4099 4172/4172/4172
f 4099/4099/4099 4100/4100/4100 4172/4172/4172
f 4172/4172/4172 4100/4100/4100 4173/4173/4173
f 4100/4100/4100 4101/4101/4101 4173/4173/4173
f 4173/4173/4173 4101/4101/4101 4174/4174/4174
f 4101/4101/4101 4102/4102/4102 4174/4174/4174
f 4174/4174/4174 4102/4102/4102 4175/4175/4175
f 4102/4102/4102 4103/4103/4103 4175/4175/4175
f 4175/4175/4175 4103/4103/4103 4176/4176/4176
f 4103/4103/4103 4104/4104/4104 4176/4176/4176
f 4176/4176/4176 4104/4104/4104 4177/4177/4177
f 4104/4104/4104 4105/4105/4105 4177/4177/4177
f 4177/4177/4177 4105/4105/4105 4178/4178/4178
f 4105/4105/4105 4106/4106/4106 4178/4178/4178
f 4178/4178/4178 4106/4106/4106 4179/4179/4179
f 4106/4106/4106 4107/4107/4107 4179/4179/4179
f 4179/4179/4179 4107/4107/4107 4180/4180/4180
f 4107/4107/4107 4108/4108/4108 4180/4180/4180
f 4180/4180/4180 4108/4108/4108 4181/4181/4181
f 4108/4108/4108 4109/4109/4109 4181/4181/4181
f 4181/4181/4181 4109/4109/4109 4182/4182/4182
f 4109/4109/4109 4110/4110/4110 4182/4182/4182
f 4182/4182/4182 4110/4110/4110 4183/4183/4183
f 4110/4110/4110 4111/4111/4111 4183/4183/4183
f 4183/4183/4183 4111/4111/4111 4184/4184/4184
f 4111/4111/4111 4112/4112/4112 4184/4184/4184
f 4184/4184/4184 4112/4112/4112 4185/4185/4185
f 4112/4112/4112 4113/4113/4113 4185/4185/4185
f 4185/4185/4185 4113/4113/4113 4186/4186/4186
f 4113/4113/4113 4114/4114/4114 4186/4186/4186
f 4186/4186/4186 4114/4114/4114 4187/4187/4187
f 4114/4114/4114 4115/4115/4115 4187/4187/4187
f 4187/4187/4187 4115/4115/4115 4188/4188/4188
f 4115/4115/4115 4116/4116/4116 4188/4188/4188
f 4188/4188/4188 4116/4116/4116 4189/4189/4189
f 4116/4116/4116 4117/4117/4117 4189/4189/4189
f 4189/4189/4189 4117/4117/4117 4190/4190/4190
f 4117/4117/4117 4118/4118/4118 4190/4190/4190
f 4190/4190/4190 4118/4118/4118 4191/4191/4191
f 4118/4118/4118 4119/4119/4119 4191/4191/4191
f 4191/4191/4191 4119/4119/4119 4192/4192/4192
f 4119/4119/4119 4120/4120/4120 4192/4192/4192
f 4192/4192/4192 4120/4120/4120 4193/4193/4193
f 4120/4120/4120 4121/4121/4121 4193/4193/4193
f 4193/4193/4193 4121/4121/4121 4194/4194/4194
f 4121/4121/4121 4122/4122/4122 4194/4194/4194
f 4194/4194/4194 4122/4122/4122 4195/4195/4195
f 4122/4122/4122 4123/4123/4123 4195/4195/4195
f 4195/4195/4195 4123/4123/4123 4196/4196/4196
f 4123/4123/4123 4124/4124/4124 4196/4196/4196
f 4196/4196/4196 4124/4124/4124 4197/4197/4197
f 4124/4124/4124 4125/4125/4125 4197/4197/4197
f 4197/4197/4197 4125/4125/4125 4198/4198/4198
f 4125/4125/4125 4126/4126/4126 4198/4198/4198
f 4198/4198/4198 4126/4126/4126 4199/4199/4199
f 4126/4126/4126 4127/4127/4127 4199/4199/4199
f 4199/4199/4199 4127/4127/4127 4200/4200/4200
f 4127/4127/4127 4128/4128/4128 4200/4200/4200
f 4200/4200/4200 4128/4128/4128 4201/4201/4201
f 4128/4128/4128 4129/4129/4129 4201/4201/4201
f 4201/4201/4201 4129/4129/4129 4202/4202/4202
f 4129/4129/4129 4130/4130/4130 4202/4202/4202
f 4202/4202/4202 4130/4130/4130 4203/4203/4203
f 4130/4130/4130 4131/4131/4131 4203/4203/4203
f 4203/4203/4203 4131/4131/4131 4204/4204/4204
f 4131/4131/4131 4132/4132/4132 4204/4204/4204
f 4204/4204/4204 4132/4132/4132 4205/4205/4205
f 4132/4132/4132 4133/4133/4133 4205/4205/4205
f 4205/4205/4205 4133/4133/4133 4206/4206/4206
f 4133/4133/4133 4134/4134/4134 4206/4206/4206
f 4206/4206/4206 4134/4134/4134 4207/4207/4207
f 4134/4134/4134 4135/4135/4135 4207/4207/4207
f 4207/4207/4207 4135/4135/4135 4208/4208/4208
f 4135/4135/4135 4136/4136/4136 4208/4208/4208
f 4208/4208/4208 4136/4136/4136 4209/4209/4209
f 4136/4136/4136 4137/4137/4137 4209/4209/4209
f 4209/4209/4209 4137/4137/4137 4210/4210/4210
f 4137/4137/4137 4138/4138/4138 4210/4210/4210
f 4210/4210/4210 4138/4138/4138 4211/4211/4211
f 4138/4138/4138 4139/4139/4139 4211/4211/4211
f 4211/4211/4211 4139/4139/4139 4212/4212/4212
f 4139/4139/4139 4140/4140/4140 4212/4212/4212
f 4212/4212/4212 4140/4140/4140 4213/4213/4213
f 4140/4140/4140 4141/4141/4141 4213/4213/4213
f 4213/4213/4213 4141/4141/4141 4214/4214/4214
f 4141/4141/4141 4142/4142/4142 4214/4214/4214
f 4214/4214/4214 4142/4142/4142 4215/4215/4215
f 4142/4142/4142 4143/4143/4143 4215/4215/4215
f 4215/4215/4215 4143/4143/4143 4216/4216/4216
f 4143/4143/4143 4144/4144/4144 4216/4216/4216
f 4216/4216/4216 4144/4144/4144 4217/4217/4217
f 4144/4144/4144 4145/4145/4145 4217/4217/4217
f 4217/4217/4217 4145/4145/4145 4218/4218/4218
f 4145/4145/4145 4146/4146/4146 4218/4218/4218
f 4218/4218/4218 4146/4146/4146 4219/4219/4219
f 4146/4146/4146 4147/4147/4147 4219/4219/4219
f 4219/4219/4219 4147/4147/4147 4220/4220/4220
f 4147/4147/4147 4148/4148/4148 4220/4220/4220
f 4220/4220/4220 4148/4148/4148 4221/4221/4221
f 4148/4148/4148 4149/4149/4149 4221/4221/4221
f 4221/4221/4221 4149/4149/4149 4222/4222/4222
f 4149/4149/4149 4150/4150/4150 4222/4222/4222
f 4222/4222/4222 4150/4150/4150 4223/4223/4223
f 4150/4150/4150 4151/4151/4151 4223/4223/4223
f 4223/4223/4223 4151/4151/4151 4224/4224/4224
f 4151/4151/4151 4152/4152/4152 4224/4224/4224
f 4224/4224/4224 4152/4152/4152 4225/4225/4225
f 4152/4152/4152 4153/4153/4153 4225/4225/4225
f 4225/4225/4225 4153/4153/4153 4226/4226/4226
f 4153/4153/4153 4154/4154/4154 4226/4226/4226
f 4226/4226/4226 4154/4154/4154 4227/4227/4227
f 4154/4154/4154 4155/4155/4155 4227/4227/4227
f 4227/4227/4227 4155/4155/4155 4228/4228/4228
f 4155/4155/4155 4156/4156/4156 4228/4228/4228
f 4228/4228/4228 4156/4156/4156 4229/4229/4229
f 4156/4156/4156 4157/4157/4157 4229/4229/4229
f 4229/4229/4229 4157/4157/4157 4230/4230/4230
f 4157/4157/4157 4158/4158/4158 4230/4230/4230
f 4230/4230/4230 4158/4158/4158 4231/4231/4231
f 4158/4158/4158 4159/4159/4159 4231/4231/4231
f 4231/4231/4231 4159/4159/4159 4232/4232/4232
f 4159/4159/4159 4160/4160/4160 4232/4232/4232
f 4232/4232/4232 4160/4160/4160 4233/4233/4233
f 4160/4160/4160 4161/4161/4161 4233/4233/4233
f 4233/4233/4233 4161/4161/4161 4234/4234/4234
f 4162/4162/4162 4163/4163/4163 4235/4235/4235
f 4235/4235/4235 4163/4163/4163 4236/4236/4236
f 4163/4163/4163 4164/4164/4164 4236/4236/4236
f 4236/4236/4236 4164/4164/4164 4237/4237/4237
f 4164/4164/4164 4165/4165/4165 4237/4237/4237
f 4237/4237/4237 4165/4165/4165 4238/4238/4238
f 4165/4165/4165 4166/4166/4166 4238/4238/4238
f 4238/4238/4238 4166/4166/4166 4239/4239/4239
f 4166/4166/4166 4167/4167/4167 4239/4239/4239
f 4239/4239/4239 4167/4167/4167 4240/4240/4240
f 4167/4167/4167 4168/4168/4168 4240/4240/4240
f 4240/4240/4240 4168/4168/4168 4241/4241/4241
f 4168/4168/4168 4169/4169/4169 4241/4241/4241
f 4241/4241/4241 4169/4169/4169 4242/4242/4242
f 4169/4169/4169 4170/4170/4170 4242/4242/4242
f 4242/4242/4242 4170/4170/4170 4243/4243/4243
f 4170/4170/4170 4171/4171/4171 4243/4243/4243
f 4243/4243/4243 4171/4171/4171 4244/4244/4244
f 4171/4171/4171 4172/4172/4172 4244/4244/4244
f 4244/4244/4244 4172/4172/4172 4245/4245/4245
f 4172/4172/4172 4173/4173/4173 4245/4245/4245
f 4245/4245/4245 4173/4173/4173 4246/4246/4246
f 4173/4173/4173 4174/4174/4174 4246/4246/4246
f 4246/4246/4246 4174/4174/4174 4247/4247/4247
f 4174/4174/4174 4175/4175/4175 4247/4247/4247
f 4247/4247/4247 4175/4175/4175 4248/4248/4248
f 4175/4175/4175 4176/4176/4176 4248/4248/4248
f 4248/4248/4248 4176/4176/4176 4249/4249/4249
f 4176/4176/4176 4177/4177/4177 4249/4249/4249
f 4249/4249/4249 4177/4177/4177 4250/4250/4250
f 4177/4177/4177 4178/4178/4178 4250/4250/4250
f 4250/4250/4250 4178/4178/4178 4251/4251/4251
f 4178/4178/4178 4179/4179/4179 4251/4251/4251
f 4251/4251/4251 4179/4179/4179 4252/4252/4252
f 4179/4179/4179 4180/4180/4180 4252/4252/4252
f 4252/4252/4252 4180/4180/4180 4253/4253/4253
f 4180/4180/4180 4181/4181/4181 4253/4253/4253
f 4253/4253/4253 4181/4181/4181 4254/4254/4254
f 4181/4181/4181 4182/4182/4182 4254/4254/4254
f 4254/4254/4254 4182/4182/4182 4255/4255/4255
f 4182/4182/4182 4183/4183/4183 4255/4255/4255
f 4255/4255/4255 4183/4183/4183 4256/4256/4256
f 4183/4183/4183 4184/4184/4184 4256/4256/4256
f 4256/4256/4256 4184/4184/4184 4257/4257/4257
f 4184/4184/4184 4185/4185/4185 4257/4257/4257
f 4257/4257/4257 4185/4185/4185 4258/4258/4258
f 4185/4185/4185 4186/4186/4186 4258/4258/4258
f 4258/4258/4258 4186/4186/4186 4259/4259/4259
f 4186/4186/4186 4187/4187/4187 4259/4259/4259
f 4259/4259/4259 4187/4187/4187 4260/4260/4260
f 4187/4187/4187 4188/4188/4188 4260/4260/4260
f 4260/4260/4260 4188/4188/4188 4261/4261/4261
f 4188/4188/4188 4189/4189/4189 4261/4261/4261
f 4261/4261/4261 4189/4189/4189 4262/4262/4262
f 4189/4189/4189 4190/4190/4190 4262/4262/4262
f 4262/4262/4262 4190/4190/4190 4263/4263/4263
f 4190/4190/4190 4191/4191/4191 4263/4263/4263
f 4263/4263/4263 4191/4191/4191 4264/4264/4264
f 4191/4191/4191 4192/4192/4192 4264/4264/4264
f 4264/4264/4264 4192/4192/4192 4265/4265/4265
f 4192/4192/4192 4193/4193/4193 4265/4265/4265
f 4265/4265/4265 4193/4193/4193 4266/4266/4266
f 4193/4193/4193 4194/4194/4194 4266/4266/4266
f 4266/4266/4266 4194/4194/4194 4267/4267/4267
f 4194/4194/4194 4195/4195/4195 4267/4267/4267
f 4267/4267/4267 4195/4195/4195 4268/4268/4268
f 4195/4195/4195 4196/4196/4196 4268/4268/4268
f 4268/4268/4268 4196/4196/4196 4269/4269/4269
f 4196/4196/4196 4197/4197/4197 4269/4269/4269
f 4269/4269/4269 4197/4197/4197 4270/4270/4270
f 4197/4197/4197 4198/4198/4198 4270/4270/4270
f 4270/4270/4270 4198/4198/4198 4271/4271/4271
f 4198/4198/4198 4199/4199/4199 4271/4271/4271
f 4271/4271/4271 4199/4199/4199 4272/4272/4272
f 4199/4199/4199 4200/4200/4200 4272/4272/4272
f 4272/4272/4272 4200/4200/4200 4273/4273/4273
f 4200/4200/4200 4201/4201/4201 4273/4273/4273
f 4273/4273/4273 4201/4201/4201 4274/4274/4274
f 4201/4201/4201 4202/4202/4202 4274/4274/4274
f 4274/4274/4274 4202/4202/4202 4275/4275/4275
f 4202/4202/4202 4203/4203/4203 4275/4275/4275
f 4275/4275/4275 4203/4203/4203 4276/4276/4276
f 4203/4203/4203 4204/4204/4204 4276/4276/4276
f 4276/4276/4276 4204/4204/4204 4277/4277/4277
f 4204/4204/4204 4205/4205/4205 4277/4277/4277
f 4277/4277/4277 4205/4205/4205 4278/4278/4278
f 4205/4205/4205 4206/4206/4206 4278/4278/4278
f 4278/4278/4278 4206/4206/4206 4279/4279/4279
f 4206/4206/4206 4207/4207/4207 4279/4279/4279
f 4279/4279/4279 4207/4207/4207 4280/4280/4280
f 4207/4207/4207 4208/4208/4208 4280/4280/4280
f 4280/4280/4280 4208/4208/4208 4281/4281/4281
f 4208/4208/4208 4209/4209/4209 4281/4281/4281
f 4281/4281/4281 4209/4209/4209 4282/4282/4282
f 4209/4209/4209 4210/4210/4210 4282/4282/4282
f 4282/4282/4282 4210/4210/4210 4283/4283/4283
f 4210/4210/4210 4211/4211/4211 4283/4283/4283
f 4283/4283/4283 4211/4211/4211 4284/4284/4284
f 4211/4211/4211 4212/4212/4212 4284/4284/4284
f 4284/4284/4284 4212/4212/4212 4285/4285/4285
f 4212/4212/4212 4213/4213/4213 4285/4285/4285
f 4285/4285/4285 4213/4213/4213 4286/4286/4286
f 4213/4213/4213 4214/4214/4214 4286/4286/4286
f 4286/4286/4286 4214/4214/4214 4287/4287/4287
f 4214/4214/4214 4215/4215/4215 4287/4287/4287
f 4287/4287/4287 4215/4215/4215 4288/4288/4288
f 4215/4215/4215 4216/4216/4216 4288/4288/4288
f 4288/4288/4288 4216/4216/4216 4289/4289/4289
f 4216/4216/4216 4217/4217/4217 4289/4289/4289
f 4289/4289/4289 4217/4217/4217 4290/4290/4290
f 4217/4217/4217 4218/4218/4218 4290/4290/4290
f 4290/4290/4290 4218/4218/4218 4291/4291/4291
f 4218/4218/4218 4219/4219/4219 4291/4291/4291
f 4291/4291/4291 4219/4219/4219 4292/4292/4292
f 4219/4219/4219 4220/4220/4220 4292/4292/4292
f 4292/4292/4292 4220/4220/4220 4293/4293/4293
f 4220/4220/4220 4221/4221/4221 4293/4293/4293
f 4293/4293/4293 4221/4221/4221 4294/4294/4294
f 4221/4221/4221 4222/4222/4222 4294/4294/4294
f 4294/4294/4294 4222/4222/4222 4295/4295/4295
f 4222/4222/4222 4223/4223/4223 4295/4295/4295
f 4295/4295/4295 4223/4223/4223 4296/4296/4296
f 4223/4223/4223 4224/4224/4224 4296/4296/4296
f 4296/4296/4296 4224/4224/4224 4297/4297/4297
f 4224/4224/4224 4225/4225/4225 4297/4297/4297
f 4297/4297/4297 4225/4225/4225 4298/4298/4298
f 4225/4225/4225 4226/4226/4226 4298/4298/4298
f 4298/4298/4298 4226/4226/4226 4299/4299/4299
f 4226/4226/4226 4227/4227/4227 4299/4299/4299
f 4299/4299/4299 4227/4227/4227 4300/4300/4300
f 4227/4227/4227 4228/4228/4228 4300/4300/4300
f 4300/4300/4300 4228/4228/4228 4301/4301/4301
f 4228/4228/4228 4229/4229/4229 4301/4301/4301
f 4301/4301/4301 4229/4229/4229 4302/4302/4302
f 4229/4229/4229 4230/4230/4230 4302/4302/4302
f 4302/4302/4302 4230/4230/4230 4303/4303/4303
f 4230/4230/4230 4231/4231/4231 4303/4303/4303
f 4303/4303/4303 4231/4231/4231 4304/4304/4304
f 4231/4231/4231 4232/4232/4232 4304/4304/4304
f 4304/4304/4304 4232/4232/4232 4305/4305/4305
f 4232/4232/4232 4233/4233/4233 4305/4305/4305
f 4305/4305/4305 4233/4233/4233 4306/4306/4306
f 4233/4233/4233 4234/4234/4234 4306/4306/4306
f 4306/4306/4306 4234/4234/4234 4307/4307/4307
f 4235/4235/4235 4236/4236/4236 4308/4308/4308
f 4308/4308/4308 4236/4236/4236 4309/4309/4309
f 4236/4236/4236 4237/4237/4237 4309/4309/4309
f 4309/4309/4309 4237/4237/4237 4310/4310/4310
f 4237/4237/4237 4238/4238/4238 4310/4310/4310
f 4310/4310/4310 4238/4238/4238 4311/4311/4311
f 4238/4238/4238 4239/4239/4239 4311/4311/4311
f 4311/4311/4311 4239/4239/4239 4312/4312/4312
f 4239/4239/4239 4240/4240/4240 4312/4312/4312
f 4312/4312/4312 4240/4240/4240 4313/4313/4313
f 4240/4240/4240 4241/4241/4241 4313/4313/4313
f 4313/4313/4313 4241/4241/4241 4314/4314/4314
f 4241/4241/4241 4242/4242/4242 4314/4314/4314
f 4314/4314/4314 4242/4242/4242 4315/4315/4315
f 4242/4242/4242 4243/4243/4243 4315/4315/4315
f 4315/4315/4315 4243/4243/4243 4316/4316/4316
f 4243/4243/4243 4244/4244/4244 4316/4316/4316
f 4316/4316/4316 4244/4244/4244 4317/4317/4317
f 4244/4244/4244 4245/4245/4245 4317/4317/4317
f 4317/4317/4317 4245/4245/4245 4318/4318/4318
f 4245/4245/4245 4246/4246/4246 4318/4318/4318
f 4318/4318/4318 4246/4246/4246 4319/4319/4319
f 4246/4246/4246 4247/4247/4247 4319/4319/4319
f 4319/4319/4319 4247/4247/4247 4320/4320/4320
f 4247/4247/4247 4248/4248/4248 4320/4320/4320
f 4320/4320/4320 4248/4248/4248 4321/4321/4321
f 4248/4248/4248 4249/4249/4249 4321/4321/4321
f 4321/4321/4321 4249/4249/4249 4322/4322/4322
f 4249/4249/4249 4250/4250/4250 4322/4322/4322
f 4322/4322/4322 4250/4250/4250 4323/4323/4323
f 4250/4250/4250 4251/4251/4251 4323/4323/4323
f 4323/4323/4323 4251/4251/4251 4324/4324/4324
f 4251/4251/4251 4252/4252/4252 4324/4324/4324
f 4324/4324/4324 4252/4252/4252 4325/4325/4325
f 4252/4252/4252 4253/4253/4253 4325/4325/4325
f 4325/4325/4325 4253/4253/4253 4326/4326/4326
f 4253/4253/4253 4254/4254/4254 4326/4326/4326
f 4326/4326/4326 4254/4254/4254 4327/4327/4327
f 4254/4254/4254 4255/4255/4255 4327/4327/4327
f 4327/4327/4327 4255/4255/4255 4328/4328/4328
f 4255/4255/4255 4256/4256/4256 4328/4328/4328
f 4328/4328/4328 4256/4256/4256 4329/4329/4329
f 4256/4256/4256 4257/4257/4257 4329/4329/4329
f 4329/4329/4329 4257/4257/4257 4330/4330/4330
f 4257/4257/4257 4258/4258/4258 4330/4330/4330
f 4330/4330/4330 4258/4258/4258 4331/4331/4331
f 4258/4258/4258 4259/4259/4259 4331/4331/4331
f 4331/4331/4331 4259/4259/4259 4332/4332/4332
f 4259/4259/4259 4260/4260/4260 4332/4332/4332
f 4332/4332/4332 4260/4260/4260 4333/4333/4333
f 4260/4260/4260 4261/4261/4261 4333/4333/4333
f 4333/4333/4333 4261/4261/4261 4334/4334/4334
f 4261/4261/4261 4262/4262/4262 4334/4334/4334
f 4334/4334/4334 4262/4262/4262 4335/4335/4335
f 4262/4262/4262 4263/4263/4263 4335/4335/4335
f 4335/4335/4335 4263/4263/4263 4336/4336/4336
f 4263/4263/4263 4264/4264/4264 4336/4336/4336
f 4336/4336/4336 4264/4264/4264 4337/4337/4337
f 4264/4264/4264 4265/4265/4265 4337/4337/4337
f 4337/4337/4337 4265/4265/4265 4338/4338/4338
f 4265/4265/4265 4266/4266/4266 4338/4338/4338
f 4338/4338/4338 4266/4266/4266 4339/4339/4339
f 4266/4266/4266 4267/4267/4267 4339/4339/4339
f 4339/4339/4339 4267/4267/4267 4340/4340/4340
f 4267/4267/4267 4268/4268/4268 4340/4340/4340
f 4340/4340/4340 4268/4268/4268 4341/4341/4341
f 4268/4268/4268 4269/4269/4269 4341/4341/4341
f 4341/4341/4341 4269/4269/4269 4342/4342/4342
f 4269/4269/4269 4270/4270/4270 4342/4342/4342
f 4342/4342/4342 4270/4270/4270 4343/4343/4343
f 4270/4270/4270 4271/4271/4271 4343/4343/4343
f 4343/4343/4343 4271/4271/4271 4344/4344/4344
f 4271/4271/4271 4272/4272/4272 4344/4344/4344
f 4344/4344/4344 4272/4272/4272 4345/4345/4345
f 4272/4272/4272 4273/4273/4273 4345/4345/4345
f 4345/4345/4345 4273/4273/4273 4346/4346/4346
f 4273/4273/4273 4274/4274/4274 4346/4346/4346
f 4346/4346/4346 4274/4274/4274 4347/4347/4347
f 4274/4274/4274 4275/4275/4275 4347/4347/4347
f 4347/4347/4347 4275/4275/4275 4348/4348/4348
f 4275/4275/4275 4276/4276/4276 4348/4348/4348
f 4348/4348/4348 4276/4276/4276 4349/4349/4349
f 4276/4276/4276 4277/4277/4277 4349/4349/4349
f 4349/4349/4349 4277/4277/4277 4350/4350/4350
f 4277/4277/4277 4278/4278/4278 4350/4350/4350
f 4350/4350/4350 4278/4278/4278 4351/4351/4351
f 4278/4278/4278 4279/4279/4279 4351/4351/4351
f 4351/4351/4351 4279/4279/4279 4352/4352/4352
f 4279/4279/4279 4280/4280/4280 4352/4352/4352
f 4352/4352/4352 4280/4280/4280 4353/4353/4353
f 4280/4280/4280 4281/4281/4281 4353/4353/4353
f 4353/4353/4353 4281/4281/4281 4354/4354/4354
f 4281/4281/4281 4282/4282/4282 4354/4354/4354
f 4354/4354/4354 4282/4282/4282 4355/4355/4355
f 4282/4282/4282 4283/4283/4283 4355/4355/4355
f 4355/4355/4355 4283/4283/4283 4356/4356/4356
f 4283/4283/4283 4284/4284/4284 4356/4356/4356
f 4356/4356/4356 4284/4284/4284 4357/4357/4357
f 4284/4284/4284 4285/4285/4285 4357/4357/4357
f 4357/4357/4357 4285/4285/4285 4358/4358/4358
f 4285/4285/4285 4286/4286/4286 4358/4358/4358
f 4358/4358/4358 4286/4286/4286 4359/4359/4359
f 4286/4286/4286 4287/4287/4287 4359/4359/4359
f 4359/4359/4359 4287/4287/4287 4360/4360/4360
f 4287/4287/4287 4288/4288/4288 4360/4360/4360
f 4360/4360/4360 4288/4288/4288 4361/4361/4361
f 4288/4288/4288 4289/4289/4289 4361/4361/4361
f 4361/4361/4361 4289/4289/4289 4362/4362/4362
f 4289/4289/4289 4290/4290/4290 4362/4362/4362
f 4362/4362/4362 4290/4290/4290 4363/4363/4363
f 4290/4290/4290 4291/4291/4291 4363/4363/4363
f 4363/4363/4363 4291/4291/4291 4364/4364/4364
f 4291/4291/4291 4292/4292/4292 4364/4364/4364
f 4364/4364/4364 4292/4292/4292 4365/4365/4365
f 4292/4292/4292 4293/4293/4293 4365/4365/4365
f 4365/4365/4365 4293/4293/4293 4366/4366/4366
f 4293/4293/4293 4294/4294/4294 4366/4366/4366
f 4366/4366/4366 4294/4294/4294 4367/4367/4367
f 4294/4294/4294 4295/4295/4295 4367/4367/4367
f 4367/4367/4367 4295/4295/4295 4368/4368/4368
f 4295/4295/4295 4296/4296/4296 4368/4368/4368
f 4368/4368/4368 4296/4296/4296 4369/4369/4369
f 4296/4296/4296 4297/4297/4297 4369/4369/4369
f 4369/4369/4369 4297/4297/4297 4370/4370/4370
f 4297/4297/4297 4298/4298/4298 4370/4370/4370
f 4370/4370/4370 4298/4298/4298 4371/4371/4371
f 4298/4298/4298 4299/4299/4299 4371/4371/4371
f 4371/4371/4371 4299/4299/4299 4372/4372/4372
f 4299/4299/4299 4300/4300/4300 4372/4372/4372
f 4372/4372/4372 4300/4300/4300 4373/4373/4373
f 4300/4300/4300 4301/4301/4301 4373/4373/4373
f 4373/4373/4373 4301/4301/4301 4374/4374/4374
f 4301/4301/4301 4302/4302/4302 4374/4374/4374
f 4374/4374/4374 4302/4302/4302 4375/4375/4375
f 4302/4302/4302 4303/4303/4303 4375/4375/4375
f 4375/4375/4375 4303/4303/4303 4376/4376/4376
f 4303/4303/4303 4304/4304/4304 4376/4376/4376
f 4376/4376/4376 4304/4304/4304 4377/4377/4377
f 4304/4304/4304 4305/4305/4305 4377/4377/4377
f 4377/4377/4377 4305/4305/4305 4378/4378/4378
f 4305/4305/4305 4306/4306/4306 4378/4378/4378
f 4378/4378/4378 4306/4306/4306 4379/4379/4379
f 4306/4306/4306 4307/4307/4307 4379/4379/4379
f 4379/4379/4379 4307/4307/4307 4380/4380/4380
f 4308/4308/4308 4309/4309/4309 4381/4381/4381
f 4381/4381/4381 4309/4309/4309 4382/4382/4382
f 4309/4309/4309 4310/4310/4310 4382/4382/4382
f 4382/4382/4382 4310/4310/4310 4383/4383/4383
f 4310/4310/4310 4311/4311/4311 4383/4383/4383
f 4383/4383/4383 4311/4311/4311 4384/4384/4384
f 4311/4311/4311 4312/4312/4312 4384/4384/4384
f 4384/4384/4384 4312/4312/4312 4385/4385/4385
f 4312/4312/4312 4313/4313/4313 4385/4385/4385
f 4385/4385/4385 4313/4313/4313 4386/4386/4386
f 4313/4313/4313 4314/4314/4314 4386/4386/4386
f 4386/4386/4386 4314/4314/4314 4387/4387/4387
f 4314/4314/4314 4315/4315/4315 4387/4387/4387
f 4387/4387/4387 4315/4315/4315 4388/4388/4388
f 4315/4315/4315 4316/4316/4316 4388/4388/4388
f 4388/4388/4388 4316/4316/4316 4389/4389/4389
f 4316/4316/4316 4317/4317/4317 4389/4389/4389
f 4389/4389/4389 4317/4317/4317 4390/4390/4390
f 4317/4317/4317 4318/4318/4318 4390/4390/4390
f 4390/4390/4390 4318/4318/4318 4391/4391/4391
f 4318/4318/4318 4319/4319/4319 4391/4391/4391
f 4391/4391/4391 4319/4319/4319 4392/4392/4392
f 4319/4319/4319 4320/4320/4320 4392/4392/4392
f 4392/4392/4392 4320/4320/4320 4393/4393/4393
f 4320/4320/4320 4321/4321/4321 4393/4393/4393
f 4393/4393/4393 4321/4321/4321 4394/4394/4394
f 4321/4321/4321 4322/4322/4322 4394/4394/4394
f 4394/4394/4394 4322/4322/4322 4395/4395/4395
f 4322/4322/4322 4323/4323/4323 4395/4395/4395
f 4395/4395/4395 4323/4323/4323 4396/4396/4396
f 4323/4323/4323 4324/4324/4324 4396/4396/4396
f 4396/4396/4396 4324/4324/4324 4397/4397/4397
f 4324/4324/4324 4325/4325/4325 4397/4397/4397
f 4397/4397/4397 4325/4325/4325 4398/4398/4398
f 4325/4325/4325 4326/4326/4326 4398/4398/4398
f 4398/4398/4398 4326/4326/4326 4399/4399/4399
f 4326/4326/4326 4327/4327/4327 4399/4399/4399
f 4399/4399/4399 4327/4327/4327 4400/4400/4400
f 4327/4327/4327 4328/4328/4328 4400/4400/4400
f 4400/4400/4400 4328/4328/4328 4401/4401/4401
f 4328/4328/4328 4329/4329/4329 4401/4401/4401
f 4401/4401/4401 4329/4329/4329 4402/4402/4402
f 4329/4329/4329 4330/4330/4330 4402/4402/4402
f 4402/4402/4402 4330/4330/4330 4403/4403/4403
f 4330/4330/4330 4331/4331/4331 4403/4403/4403
f 4403/4403/4403 4331/4331/4331 4404/4404/4404
f 4331/4331/4331 4332/4332/4332 4404/4404/4404
f 4404/4404/4404 4332/4332/4332 4405/4405/4405
f 4332/4332/4332 4333/4333/4333 4405/4405/4405
f 4405/4405/4405 4333/4333/4333 4406/4406/4406
f 4333/4333/4333 4334/4334/4334 4406/4406/4406
f 4406/4406/4406 4334/4334/4334 4407/4407/4407
f 4334/4334/4334 4335/4335/4335 4407/4407/4407
f 4407/4407/4407 4335/4335/4335 4408/4408/4408
f 4335/4335/4335 4336/4336/4336 4408/4408/4408
f 4408/4408/4408 4336/4336/4336 4409/4409/4409
f 4336/4336/4336 4337/4337/4337 4409/4409/4409
f 4409/4409/4409 4337/4337/4337 4410/4410/4410
f 4337/4337/4337 4338/4338/4338 4410/4410/4410
f 4410/4410/4410 4338/4338/4338 4411/4411/4411
f 4338/4338/4338 4339/4339/4339 4411/4411/4411
f 4411/4411/4411 4339/4339/4339 4412/4412/4412
f 4339/4339/4339 4340/4340/4340 4412/4412/4412
f 4412/4412/4412 4340/4340/4340 4413/4413/4413
f 4340/4340/4340 4341/4341/4341 4413/4413/4413
f 4413/4413/4413 4341/4341/4341 4414/4414/4414
f 4341/4341/4341 4342/4342/4342 4414/4414/4414
f 4414/4414/4414 4342/4342/4342 4415/4415/4415
f 4342/4342/4342 4343/4343/4343 4415/4415/4415
f 4415/4415/4415 4343/4343/4343 4416/4416/4416
f 4343/4343/4343 4344/4344/4344 4416/4416/4416
f 4416/4416/4416 4344/4344/4344 4417/4417/4417
f 4344/4344/4344 4345/4345/4345 4417/4417/4417
f 4417/4417/4417 4345/4345/4345 4418/4418/4418
f 4345/4345/4345 4346/4346/4346 4418/4418/4418
f 4418/4418/4418 4346/4346/4346 4419/4419/4419
f 4346/4346/4346 4347/4347/4347 4419/4419/4419
f 4419/4419/4419 4347/4347/4347 4420/4420/4420
f 4347/4347/4347 4348/4348/4348 4420/4420/4420
f 4420/4420/4420 4348/4348/4348 4421/4421/4421
f 4348/4348/4348 4349/4349/4349 4421/4421/4421
f 4421/4421/4421 4349/4349/4349 4422/4422/4422
f 4349/4349/4349 4350/4350/4350 4422/4422/4422
f 4422/4422/4422 4350/4350/4350 4423/4423/4423
f 4350/4350/4350 4351/4351/4351 4423/4423/4423
f 4423/4423/4423 4351/4351/4351 4424/4424/4424
f 4351/4351/4351 4352/4352/4352 4424/4424/4424
f 4424/4424/4424 4352/4352/4352 4425/4425/4425
f 4352/4352/4352 4353/4353/4353 4425/4425/4425
f 4425/4425/4425 4353/4353/4353 4426/4426/4426
f 4353/4353/4353 4354/4354/4354 4426/4426/4426
f 4426/4426/4426 4354/4354/4354 4427/4427/4427
f 4354/4354/4354 4355/4355/4355 4427/4427/4427
f 4427/4427/4427 4355/4355/4355 4428/4428/4428
f 4355/4355/4355 4356/4356/4356 4428/4428/4428
f 4428/4428/4428 4356/4356/4356 4429/4429/4429
f 4356/4356/4356 4357/4357/4357 4429/4429/4429
f 4429/4429/4429 4357/4357/4357 4430/4430/4430
f 4357/4357/4357 4358/4358/4358 4430/4430/4430
f 4430/4430/4430 4358/4358/4358 4431/4431/4431
f 4358/4358/4358 4359/4359/4359 4431/4431/4431
f 4431/4431/4431 4359/4359/4359 4432/4432/4432
f 4359/4359/4359 4360/4360/4360 4432/4432/4432
f 4432/4432/4432 4360/4360/4360 4433/4433/4433
f 4360/4360/4360 4361/4361/4361 4433/4433/4433
f 4433/4433/4433 4361/4361/4361 4434/4434/4434
f 4361/4361/4361 4362/4362/4362 4434/4434/4434
f 4434/4434/4434 4362/4362/4362 4435/4435/4435
f 4362/4362/4362 4363/4363/4363 4435/4435/4435
f 4435/4435/4435 4363/4363/4363 4436/4436/4436
f 4363/4363/4363 4364/4364/4364 4436/4436/4436
f 4436/4436/4436 4364/4364/4364 4437/4437/4437
f 4364/4364/4364 4365/4365/4365 4437/4437/4437
f 4437/4437/4437 4365/4365/4365 4438/4438/4438
f 4365/4365/4365 4366/4366/4366 4438/4438/4438
f 4438/4438/4438 4366/4366/4366 4439/4439/4439
f 4366/4366/4366 4367/4367/4367 4439/4439/4439
f 4439/4439/4439 4367/4367/4367 4440/4440/4440
f 4367/4367/4367 4368/4368/4368 4440/4440/4440
f 4440/4440/4440 4368/4368/4368 4441/4441/4441
f 4368/4368/4368 4369/4369/4369 4441/4441/4441
f 4441/4441/4441 4369/4369/4369 4442/4442/4442
f 4369/4369/4369 4370/4370/4370 4442/4442/4442
f 4442/4442/4442 4370/4370/4370 4443/4443/4443
f 4370/4370/4370 4371/4371/4371 4443/4443/4443
f 4443/4443/4443 4371/4371/4371 4444/4444/4444
f 4371/4371/4371 4372/4372/4372 4444/4444/4444
f 4444/4444/4444 4372/4372/4372 4445/4445/4445
f 4372/4372/4372 4373/4373/4373 4445/4445/4445
f 4445/4445/4445 4373/4373/4373 4446/4446/4446
f 4373/4373/4373 4374/4374/4374 4446/4446/4446
f 4446/4446/4446 4374/4374/4374 4447/4447/4447
f 4374/4374/4374 4375/4375/4375 4447/4447/4447
f 4447/4447/4447 4375/4375/4375 4448/4448/4448
f 4375/4375/4375 4376/4376/4376 4448/4448/4448
f 4448/4448/4448 4376/4376/4376 4449/4449/4449
f 4376/4376/4376 4377/4377/4377 4449/4449/4449
f 4449/4449/4449 4377/4377/4377 4450/4450/4450
f 4377/4377/4377 4378/4378/4378 4450/4450/4450
f 4450/4450/4450 4378/4378/4378 4451/4451/4451
f 4378/4378/4378 4379/4379/4379 4451/4451/4451
f 4451/4451/4451 4379/4379/4379 4452/4452/4452
f 4379/4379/4379 4380/4380/4380 4452/4452/4452
f 4452/4452/4452 4380/4380/4380 4453/4453/4453
f 4381/4381/4381 4382/4382/4382 4454/4454/4454
f 4454/4454/4454 4382/4382/4382 4455/4455/4455
f 4382/4382/4382 4383/4383/4383 4455/4455/4455
f 4455/4455/4455 4383/4383/4383 4456/4456/4456
f 4383/4383/4383 4384/4384/4384 4456/4456/4456
f 4456/4456/4456 4384/4384/4384 4457/4457/4457
f 4384/4384/4384 4385/4385/4385 4457/4457/4457
f 4457/4457/4457 4385/4385/4385 4458/4458/4458
f 4385/4385/4385 4386/4386/4386 4458/4458/4458
f 4458/4458/4458 4386/4386/4386 4459/4459/4459
f 4386/4386/4386 4387/4387/4387 4459/4459/4459
f 4459/4459/4459 4387/4387/4387 4460/4460/4460
f 4387/4387/4387 4388/4388/4388 4460/4460/4460
f 4460/4460/4460 4388/4388/4388 4461/4461/4461
f 4388/4388/4388 4389/4389/4389 4461/4461/4461
f 4461/4461/4461 4389/4389/4389 4462/4462/4462
f 4389/4389/4389 4390/4390/4390 4462/4462/4462
f 4462/4462/4462 4390/4390/4390 4463/4463/4463
f 4390/4390/4390 4391/4391/4391 4463/4463/4463
f 4463/4463/4463 4391/4391/4391 4464/4464/4464
f 4391/4391/4391 4392/4392/4392 4464/4464/4464
f 4464/4464/4464 4392/4392/4392 4465/4465/4465
f 4392/4392/4392 4393/4393/4393 4465/4465/4465
f 4465/4465/4465 4393/4393/4393 4466/4466/4466
f 4393/4393/4393 4394/4394/4394 4466/4466/4466
f 4466/4466/4466 4394/4394/4394 4467/4467/4467
f 4394/4394/4394 4395/4395/4395 4467/4467/4467
f 4467/4467/4467 4395/4395/4395 4468/4468/4468
f 4395/4395/4395 4396/4396/4396 4468/4468/4468
f 4468/4468/4468 4396/4396/4396 4469/4469/4469
f 4396/4396/4396 4397/4397/4397 4469/4469/4469
f 4469/4469/4469 4397/4397/4397 4470/4470/4470
f 4397/4397/4397 4398/4398/4398 4470/4470/4470
f 4470/4470/4470 4398/4398/4398 4471/4471/4471
f 4398/4398/4398 4399/4399/4399 4471/4471/4471
f 4471/4471/4471 4399/4399/4399 4472/4472/4472
f 4399/4399/4399 4400/4400/4400 4472/4472/4472
f 4472/4472/4472 4400/4400/4400 4473/4473/4473
f 4400/4400/4400 4401/4401/4401 4473/4473/4473
f 4473/4473/4473 4401/4401/4401 4474/4474/4474
f 4401/4401/4401 4402/4402/4402 4474/4474/4474
f 4474/4474/4474 4402/4402/4402 4475/4475/4475
f 4402/4402/4402 4403/4403/4403 4475/4475/4475
f 4475/4475/4475 4403/4403/4403 4476/4476/4476
f 4403/4403/4403 4404/4404/4404 4476/4476/4476
f 4476/4476/4476 4404/4404/4404 4477/4477/4477
f 4404/4404/4404 4405/4405/4405 4477/4477/4477
f 4477/4477/4477 4405/4405/4405 4478/4478/4478
f 4405/4405/4405 4406/4406/4406 4478/4478/4478
f 4478/4478/4478 4406/4406/4406 4479/4479/4479
f 4406/4406/4406 4407/4407/4407 4479/4479/4479
f 4479/4479/4479 4407/4407/4407 4480/4480/4480
f 4407/4407/4407 4408/4408/4408 4480/4480/4480
f 4480/4480/4480 4408/4408/4408 4481/4481/4481
f 4408/4408/4408 4409/4409/4409 4481/4481/4481
f 4481/4481/4481 4409/4409/4409 4482/4482/4482
f 4409/4409/4409 4410/4410/4410 4482/4482/4482
f 4482/4482/4482 4410/4410/4410 4483/4483/4483
f 4410/4410/4410 4411/4411/4411 4483/4483/4483
f 4483/4483/4483 4411/4411/4411 4484/4484/4484
f 4411/4411/4411 4412/4412/4412 4484/4484/4484
f 4484/4484/4484 4412/4412/4412 4485/4485/4485
f 4412/4412/4412 4413/4413/4413 4485/4485/4485
f 4485/4485/4485 4413/4413/4413 4486/4486/4486
f 4413/4413/4413 4414/4414/4414 4486/4486/4486
f 4486/4486/4486 4414/4414/4414 4487/4487/4487
f 4414/4414/4414 4415/4415/4415 4487/4487/4487
f 4487/4487/4487 4415/4415/4415 4488/4488/4488
f 4415/4415/4415 4416/4416/4416 4488/4488/4488
f 4488/4488/4488 4416/4416/4416 4489/4489/4489
f 4416/4416/4416 4417/4417/4417 4489/4489/4489
f 4489/4489/4489 4417/4417/4417 4490/4490/4490
f 4417/4417/4417 4418/4418/4418 4490/4490/4490
f 4490/4490/4490 4418/4418/4418 4491/4491/4491
f 4418/4418/4418 4419/4419/4419 4491/4491/4491
f 4491/4491/4491 4419/4419/4419 4492/4492/4492
f 4419/4419/4419 4420/4420/4420 4492/4492/4492
f 4492/4492/4492 4420/4420/4420 4493/4493/4493
f 4420/4420/4420 4421/4421/4421 4493/4493/4493
f 4493/4493/4493 4421/4421/4421 4494/4494/4494
f 4421/4421/4421 4422/4422/4422 4494/4494/4494
f 4494/4494/4494 4422/4422/4422 4495/4495/4495
f 4422/4422/4422 4423/4423/4423 4495/4495/4495
f 4495/4495/4495 4423/4423/4423 4496/4496/4496
f 4423/4423/4423 4424/4424/4424 4496/4496/4496
f 4496/4496/4496 4424/4424/4424 4497/4497/4497
f 4424/4424/4424 4425/4425/4425 4497/4497/4497
f 4497/4497/4497 4425/4425/4425 4498/4498/4498
f 4425/4425/4425 4426/4426/4426 4498/4498/4498
f 4498/4498/4498 4426/4426/4426 4499/4499/4499
f 4426/4426/4426 4427/4427/4427 4499/4499/4499
f 4499/4499/4499 4427/4427/4427 4500/4500/4500
f 4427/4427/4427 4428/4428/4428 4500/4500/4500
f 4500/4500/4500 4428/4428/4428 4501/4501/4501
f 4428/4428/4428 4429/4429/4429 4501/4501/4501
f 4501/4501/4501 4429/4429/4429 4502/4502/4502
f 4429/4429/4429 4430/4430/4430 4502/4502/4502
f 4502/4502/4502 4430/4430/4430 4503/4503/4503
f 4430/4430/4430 4431/4431/4431 4503/4503/4503
f 4503/4503/4503 4431/4431/4431 4504/4504/4504
f 4431/4431/4431 4432/4432/4432 4504/4504/4504
f 4504/4504/4504 4432/4432/4432 4505/4505/4505
f 4432/4432/4432 4433/4433/4433 4505/4505/4505
f 4505/4505/4505 4433/4433/4433 4506/4506/4506
f 4433/4433/4433 4434/4434/4434 4506/4506/4506
f 4506/4506/4506 4434/4434/4434 4507/4507/4507
f 4434/4434/4434 4435/4435/4435 4507/4507/4507
f 4507/4507/4507 4435/4435/4435 4508/4508/4508
f 4435/4435/4435 4436/4436/4436 4508/4508/4508
f 4508/4508/4508 4436/4436/4436 4509/4509/4509
f 4436/4436/4436 4437/4437/4437 4509/4509/4509
f 4509/4509/4509 4437/4437/4437 4510/4510/4510
f 4437/4437/4437 4438/4438/4438 4510/4510/4510
f 4510/4510/4510 4438/4438/4438 4511/4511/4511
f 4438/4438/4438 4439/4439/4439 4511/4511/4511
f 4511/4511/4511 4439/4439/4439 4512/4512/4512
f 4439/4439/4439 4440/4440/4440 4512/4512/4512
f 4512/4512/4512 4440/4440/4440 4513/4513/4513
f 4440/4440/4440 4441/4441/4441 4513/4513/4513
f 4513/4513/4513 4441/4441/4441 4514/4514/4514
f 4441/4441/4441 4442/4442/4442 4514/4514/4514
f 4514/4514/4514 4442/4442/4442 4515/4515/4515
f 4442/4442/4442 4443/4443/4443 4515/4515/4515
f 4515/4515/4515 4443/4443/4443 4516/4516/4516
f 4443/4443/4443 4444/4444/4444 4516/4516/4516
f 4516/4516/4516 4444/4444/4444 4517/4517/4517
f 4444/4444/4444 4445/4445/4445 4517/4517/4517
f 4517/4517/4517 4445/4445/4445 4518/4518/4518
f 4445/4445/4445 4446/4446/4446 4518/4518/4518
f 4518/4518/4518 4446/4446/4446 4519/4519/4519
f 4446/4446/4446 4447/4447/4447 4519/4519/4519
f 4519/4519/4519 4447/4447/4447 4520/4520/4520
f 4447/4447/4447 4448/4448/4448 4520/4520/4520
f 4520/4520/4520 4448/4448/4448 4521/4521/4521
f 4448/4448/4448 4449/4449/4449 4521/4521/4521
f 4521/4521/4521 4449/4449/4449 4522/4522/4522
f 4449/4449/4449 4450/4450/4450 4522/4522/4522
f 4522/4522/4522 4450/4450/4450 4523/4523/4523
f 4450/4450/4450 4451/4451/4451 4523/4523/4523
f 4523/4523/4523 4451/4451/4451 4524/4524/4524
f 4451/4451/4451 4452/4452/4452 4524/4524/4524
f 4524/4524/4524 4452/4452/4452 4525/4525/4525
f 4452/4452/4452 4453/4453/4453 4525/4525/4525
f 4525/4525/4525 4453/4453/4453 4526/4526/4526
f 4454/4454/4454 4455/4455/4455 4527/4527/4527
f 4527/4527/4527 4455/4455/4455 4528/4528/4528
f 4455/4455/4455 4456/4456/4456 4528/4528/4528
f 4528/4528/4528 4456/4456/4456 4529/4529/4529
f 4456/4456/4456 4457/4457/4457 4529/4529/4529
f 4529/4529/4529 4457/4457/4457 4530/4530/4530
f 4457/4457/4457 4458/4458/4458 4530/4530/4530
f 4530/4530/4530 4458/4458/4458 4531/4531/4531
f 4458/4458/4458 4459/4459/4459 4531/4531/4531
f 4531/4531/4531 4459/4459/4459 4532/4532/4532
f 4459/4459/4459 4460/4460/4460 4532/4532/4532
f 4532/4532/4532 4460/4460/4460 4533/4533/4533
f 4460/4460/4460 4461/4461/4461 4533/4533/4533
f 4533/4533/4533 4461/4461/4461 4534/4534/4534
f 4461/4461/4461 4462/4462/4462 4534/4534/4534
f 4534/4534/4534 4462/4462/4462 4535/4535/4535
f 4462/4462/4462 4463/4463/4463 4535/4535/4535
f 4535/4535/4535 4463/4463/4463 4536/4536/4536
f 4463/4463/4463 4464/4464/4464 4536/4536/4536
f 4536/4536/4536 4464/4464/4464 4537/4537/4537
f 4464/4464/4464 4465/4465/4465 4537/4537/4537
f 4537/4537/4537 4465/4465/4465 4538/4538/4538
f 4465/4465/4465 4466/4466/4466 4538/4538/4538
f 4538/4538/4538 4466/4466/4466 4539/4539/4539
f 4466/4466/4466 4467/4467/4467 4539/4539/4539
f 4539/4539/4539 4467/4467/4467 4540/4540/4540
f 4467/4467/4467 4468/4468/4468 4540/4540/4540
f 4540/4540/4540 4468/4468/4468 4541/4541/4541
f 4468/4468/4468 4469/4469/4469 4541/4541/4541
f 4541/4541/4541 4469/4469/4469 4542/4542/4542
f 4469/4469/4469 4470/4470/4470 4542/4542/4542
f 4542/4542/4542 4470/4470/4470 4543/4543/4543
f 4470/4470/4470 4471/4471/4471 4543/4543/4543
f 4543/4543/4543 4471/4471/4471 4544/4544/4544
f 4471/4471/4471 4472/4472/4472 4544/4544/4544
f 4544/4544/4544 4472/4472/4472 4545/4545/4545
f 4472/4472/4472 4473/4473/4473 4545/4545/4545
f 4545/4545/4545 4473/4473/4473 4546/4546/4546
f 4473/4473/4473 4474/4474/4474 4546/4546/4546
f 4546/4546/4546 4474/4474/4474 4547/4547/4547
f 4474/4474/4474 4475/4475/4475 4547/4547/4547
f 4547/4547/4547 4475/4475/4475 4548/4548/4548
f 4475/4475/4475 4476/4476/4476 4548/4548/4548
f 4548/4548/4548 4476/4476/4476 4549/4549/4549
f 4476/4476/4476 4477/4477/4477 4549/4549/4549
f 4549/4549/4549 4477/4477/4477 4550/4550/4550
f 4477/4477/4477 4478/4478/4478 4550/4550/4550
f 4550/4550/4550 4478/4478/4478 4551/4551/4551
f 4478/4478/4478 4479/4479/4479 4551/4551/4551
f 4551/4551/4551 4479/4479/4479 4552/4552/4552
f 4479/4479/4479 4480/4480/4480 4552/4552/4552
f 4552/4552/4552 4480/4480/4480 4553/4553/4553
f 4480/4480/4480 4481/4481/4481 4553/4553/4553
f 4553/4553/4553 4481/4481/4481 4554/4554/4554
f 4481/4481/4481 4482/4482/4482 4554/4554/4554
f 4554/4554/4554 4482/4482/4482 4555/4555/4555
f 4482/4482/4482 4483/4483/4483 4555/4555/4555
f 4555/4555/4555 4483/4483/4483 4556/4556/4556
f 4483/4483/4483 4484/4484/4484 4556/4556/4556
f 4556/4556/4556 4484/4484/4484 4557/4557/4557
f 4484/4484/4484 4485/4485/4485 4557/4557/4557
f 4557/4557/4557 4485/4485/4485 4558/4558/4558
f 4485/4485/4485 4486/4486/4486 4558/4558/4558
f 4558/4558/4558 4486/4486/4486 4559/4559/4559
f 4486/4486/4486 4487/4487/4487 4559/4559/4559
f 4559/4559/4559 4487/4487/4487 4560/4560/4560
f 4487/4487/4487 4488/4488/4488 4560/4560/4560
f 4560/4560/4560 4488/4488/4488 4561/4561/4561
f 4488/4488/4488 4489/4489/4489 4561/4561/4561
f 4561/4561/4561 4489/4489/4489 4562/4562/4562
f 4489/4489/4489 4490/4490/4490 4562/4562/4562
f 4562/4562/4562 4490/4490/4490 4563/4563/4563
f 4490/4490/4490 4491/4491/4491 4563/4563/4563
f 4563/4563/4563 4491/4491/4491 4564/4564/4564
f 4491/4491/4491 4492/4492/4492 4564/4564/4564
f 4564/4564/4564 4492/4492/4492 4565/4565/4565
f 4492/4492/4492 4493/4493/4493 4565/4565/4565
f 4565/4565/4565 4493/4493/4493 4566/4566/4566
f 4493/4493/4493 4494/4494/4494 4566/4566/4566
f 4566/4566/4566 4494/4494/4494 4567/4567/4567
f 4494/4494/4494 4495/4495/4495 4567/4567/4567
f 4567/4567/4567 4495/4495/4495 4568/4568/4568
f 4495/4495/4495 4496/4496/4496 4568/4568/4568
f 4568/4568/4568 4496/4496/4496 4569/4569/4569
f 4496/4496/4496 4497/4497/4497 4569/4569/4569
f 4569/4569/4569 4497/4497/4497 4570/4570/4570
f 4497/4497/4497 4498/4498/4498 4570/4570/4570
f 4570/4570/4570 4498/4498/4498 4571/4571/4571
f 4498/4498/4498 4499/4499/4499 4571/4571/4571
f 4571/4571/4571 4499/4499/4499 4572/4572/4572
f 4499/4499/4499 4500/4500/4500 4572/4572/4572
f 4572/4572/4572 4500/4500/4500 4573/4573/4573
f 4500/4500/4500 4501/4501/4501 4573/4573/4573
f 4573/4573/4573 4501/4501/4501 4574/4574/4574
f 4501/4501/4501 4502/4502/4502 4574/4574/4574
f 4574/4574/4574 4502/4502/4502 4575/4575/4575
f 4502/4502/4502 4503/4503/4503 4575/4575/4575
f 4575/4575/4575 4503/4503/4503 4576/4576/4576
f 4503/4503/4503 4504/4504/4504 4576/4576/4576
f 4576/4576/4576 4504/4504/4504 4577/4577/4577
f 4504/4504/4504 4505/4505/4505 4577/4577/4577
f 4577/4577/4577 4505/4505/4505 4578/4578/4578
f 4505/4505/4505 4506/4506/4506 4578/4578/4578
f 4578/4578/4578 4506/4506/4506 4579/4579/4579
f 4506/4506/4506 4507/4507/4507 4579/4579/4579
f 4579/4579/4579 4507/4507/4507 4580/4580/4580
f 4507/4507/4507 4508/4508/4508 4580/4580/4580
f 4580/4580/4580 4508/4508/4508 4581/4581/4581
f 4508/4508/4508 4509/4509/4509 4581/4581/4581
f 4581/4581/4581 4509/4509/4509 4582/4582/4582
f 4509/4509/4509 4510/4510/4510 4582/4582/4582
f 4582/4582/4582 4510/4510/4510 4583/4583/4583
f 4510/4510/4510 4511/4511/4511 4583/4583/4583
f 4583/4583/4583 4511/4511/4511 4584/4584/4584
f 4511/4511/4511 4512/4512/4512 4584/4584/4584
f 4584/4584/4584 4512/4512/4512 4585/4585/4585
f 4512/4512/4512 4513/4513/4513 4585/4585/4585
f 4585/4585/4585 4513/4513/4513 4586/4586/4586
f 4513/4513/4513 4514/4514/4514 4586/4586/4586
f 4586/4586/4586 4514/4514/4514 4587/4587/4587
f 4514/4514/4514 4515/4515/4515 4587/4587/4587
f 4587/4587/4587 4515/4515/4515 4588/4588/4588
f 4515/4515/4515 4516/4516/4516 4588/4588/4588
f 4588/4588/4588 4516/4516/4516 4589/4589/4589
f 4516/4516/4516 4517/4517/4517 4589/4589/4589
f 4589/4589/4589 4517/4517/4517 4590/4590/4590
f 4517/4517/4517 4518/4518/4518 4590/4590/4590
f 4590/4590/4590 4518/4518/4518 4591/4591/4591
f 4518/4518/4518 4519/4519/4519 4591/4591/4591
f 4591/4591/4591 4519/4519/4519 4592/4592/4592
f 4519/4519/4519 4520/4520/4520 4592/4592/4592
f 4592/4592/4592 4520/4520/4520 4593/4593/4593
f 4520/4520/4520 4521/4521/4521 4593/4593/4593
f 4593/4593/4593 4521/4521/4521 4594/4594/4594
f 4521/4521/4521 4522/4522/4522 4594/4594/4594
f 4594/4594/4594 4522/4522/4522 4595/4595/4595
f 4522/4522/4522 4523/4523/4523 4595/4595/4595
f 4595/4595/4595 4523/4523/4523 4596/4596/4596
f 4523/4523/4523 4524/4524/4524 4596/4596/4596
f 4596/4596/4596 4524/4524/4524 4597/4597/4597
f 4524/4524/4524 4525/4525/4525 4597/4597/4597
f 4597/4597/4597 4525/4525/4525 4598/4598/4598
f 4525/4525/4525 4526/4526/4526 4598/4598/4598
f 4598/4598/4598 4526/4526/4526 4599/4599/4599
f 4527/4527/4527 4528/4528/4528 4600/4600/4600
f 4600/4600/4600 4528/4528/4528 4601/4601/4601
f 4528/4528/4528 4529/4529/4529 4601/4601/4601
f 4601/4601/4601 4529/4529/4529 4602/4602/4602
f 4529/4529/4529 4530/4530/4530 4602/4602/4602
f 4602/4602/4602 4530/4530/4530 4603/4603/4603
f 4530/4530/4530 4531/4531/4531 4603/4603/4603
f 4603/4603/4603 4531/4531/4531 4604/4604/4604
f 4531/4531/4531 4532/4532/4532 4604/4604/4604
f 4604/4604/4604 4532/4532/4532 4605/4605/4605
f 4532/4532/4532 4533/4533/4533 4605/4605/4605
f 4605/4605/4605 4533/4533/4533 4606/4606/4606
f 4533/4533/4533 4534/4534/4534 4606/4606/4606
f 4606/4606/4606 4534/4534/4534 4607/4607/4607
f 4534/4534/4534 4535/4535/4535 4607/4607/4607
f 4607/4607/4607 4535/4535/4535 4608/4608/4608
f 4535/4535/4535 4536/4536/4536 4608/4608/4608
f 4608/4608/4608 4536/4536/4536 4609/4609/4609
f 4536/4536/4536 4537/4537/4537 4609/4609/4609
f 4609/4609/4609 4537/4537/4537 4610/4610/4610
f 4537/4537/4537 4538/4538/4538 4610/4610/4610
f 4610/4610/4610 4538/4538/4538 4611/4611/4611
f 4538/4538/4538 4539/4539/4539 4611/4611/4611
f 4611/4611/4611 4539/4539/4539 4612/4612/4612
f 4539/4539/4539 4540/4540/4540 4612/4612/4612
f 4612/4612/4612 4540/4540/4540 4613/4613/4613
f 4540/4540/4540 4541/4541/4541 4613/4613/4613
f 4613/4613/4613 4541/4541/4541 4614/4614/4614
f 4541/4541/4541 4542/4542/4542 4614/4614/4614
f 4614/4614/4614 4542/4542/4542 4615/4615/4615
f 4542/4542/4542 4543/4543/4543 4615/4615/4615
f 4615/4615/4615 4543/4543/4543 4616/4616/4616
f 4543/4543/4543 4544/4544/4544 4616/4616/4616
f 4616/4616/4616 4544/4544/4544 4617/4617/4617
f 4544/4544/4544 4545/4545/4545 4617/4617/4617
f 4617/4617/4617 4545/4545/4545 4618/4618/4618
f 4545/4545/4545 4546/4546/4546 4618/4618/4618
f 4618/4618/4618 4546/4546/4546 4619/4619/4619
f 4546/4546/4546 4547/4547/4547 4619/4619/4619
f 4619/4619/4619 4547/4547/4547 4620/4620/4620
f 4547/4547/4547 4548/4548/4548 4620/4620/4620
f 4620/4620/4620 4548/4548/4548 4621/4621/4621
f 4548/4548/4548 4549/4549/4549 4621/4621/4621
f 4621/4621/4621 4549/4549/4549 4622/4622/4622
f 4549/4549/4549 4550/4550/4550 4622/4622/4622
f 4622/4622/4622 4550/4550/4550 4623/4623/4623
f 4550/4550/4550 4551/4551/4551 4623/4623/4623
f 4623/4623/4623 4551/4551/4551 4624/4624/4624
f 4551/4551/4551 4552/4552/4552 4624/4624/4624
f 4624/4624/4624 4552/4552/4552 4625/4625/4625
f 4552/4552/4552 4553/4553/4553 4625/4625/4625
f 4625/4625/4625 4553/4553/4553 4626/4626/4626
f 4553/4553/4553 4554/4554/4554 4626/4626/4626
f 4626/4626/4626 4554/4554/4554 4627/4627/4627
f 4554/4554/4554 4555/4555/4555 4627/4627/4627
f 4627/4627/4627 4555/4555/4555 4628/4628/4628
f 4555/4555/4555 4556/4556/4556 4628/4628/4628
f 4628/4628/4628 4556/4556/4556 4629/4629/4629
f 4556/4556/4556 4557/4557/4557 4629/4629/4629
f 4629/4629/4629 4557/4557/4557 4630/4630/4630
f 4557/4557/4557 4558/4558/4558 4630/4630/4630
f 4630/4630/4630 4558/4558/4558 4631/4631/4631
f 4558/4558/4558 4559/4559/4559 4631/4631/4631
f 4631/4631/4631 4559/4559/4559 4632/4632/4632
f 4559/4559/4559 4560/4560/4560 4632/4632/4632
f 4632/4632/4632 4560/4560/4560 4633/4633/4633
f 4560/4560/4560 4561/4561/4561 4633/4633/4633
f 4633/4633/4633 4561/4561/4561 4634/4634/4634
f 4561/4561/4561 4562/4562/4562 4634/4634/4634
f 4634/4634/4634 4562/4562/4562 4635/4635/4635
f 4562/4562/4562 4563/4563/4563 4635/4635/4635
f 4635/4635/4635 4563/4563/4563 4636/4636/4636
f 4563/4563/4563 4564/4564/4564 4636/4636/4636
f 4636/4636/4636 4564/4564/4564 4637/4637/4637
f 4564/4564/4564 4565/4565/4565 4637/4637/4637
f 4637/4637/4637 4565/4565/4565 4638/4638/4638
f 4565/4565/4565 4566/4566/4566 4638/4638/4638
f 4638/4638/4638 4566/4566/4566 4639/4639/4639
f 4566/4566/4566 4567/4567/4567 4639/4639/4639
f 4639/4639/4639 4567/4567/4567 4640/4640/4640
f 4567/4567/4567 4568/4568/4568 4640/4640/4640
f 4640/4640/4640 4568/4568/4568 4641/4641/4641
f 4568/4568/4568 4569/4569/4569 4641/4641/4641
f 4641/4641/4641 4569/4569/4569 4642/4642/4642
f 4569/4569/4569 4570/4570/4570 4642/4642/4642
f 4642/4642/4642 4570/4570/4570 4643/4643/4643
f 4570/4570/4570 4571/4571/4571 4643/4643/4643
f 4643/4643/4643 4571/4571/4571 4644/4644/4644
f 4571/4571/4571 4572/4572/4572 4644/4644/4644
f 4644/4644/4644 4572/4572/4572 4645/4645/4645
f 4572/4572/4572 4573/4573/4573 4645/4645/4645
f 4645/4645/4645 4573/4573/4573 4646/4646/4646
f 4573/4573/4573 4574/4574/4574 4646/4646/4646
f 4646/4646/4646 4574/4574/4574 4647/4647/4647
f 4574/4574/4574 4575/4575/4575 4647/4647/4647
f 4647/4647/4647 4575/4575/4575 4648/4648/4648
f 4575/4575/4575 4576/4576/4576 4648/4648/4648
f 4648/4648/4648 4576/4576/4576 4649/4649/4649
f 4576/4576/4576 4577/4577/4577 4649/4649/4649
f 4649/4649/4649 4577/4577/4577 4650/4650/4650
f 4577/4577/4577 4578/4578/4578 4650/4650/4650
f 4650/4650/4650 4578/4578/4578 4651/4651/4651
f 4578/4578/4578 4579/4579/4579 4651/4651/4651
f 4651/4651/4651 4579/4579/4579 4652/4652/4652
f 4579/4579/4579 4580/4580/4580 4652/4652/4652
f 4652/4652/4652 4580/4580/4580 4653/4653/4653
f 4580/4580/4580 4581/4581/4581 4653/4653/4653
f 4653/4653/4653 4581/4581/4581 4654/4654/4654
f 4581/4581/4581 4582/4582/4582 4654/4654/4654
f 4654/4654/4654 4582/4582/4582 4655/4655/4655
f 4582/4582/4582 4583/4583/4583 4655/4655/4655
f 4655/4655/4655 4583/4583/4583 4656/4656/4656
f 4583/4583/4583 4584/4584/4584 4656/4656/4656
f 4656/4656/4656 4584/4584/4584 4657/4657/4657
f 4584/4584/4584 4585/4585/4585 4657/4657/4657
f 4657/4657/4657 4585/4585/4585 4658/4658/4658
f 4585/4585/4585 4586/4586/4586 4658/4658/4658
f 4658/4658/4658 4586/4586/4586 4659/4659/4659
f 4586/4586/4586 4587/4587/4587 4659/4659/4659
f 4659/4659/4659 4587/4587/4587 4660/4660/4660
f 4587/4587/4587 4588/4588/4588 4660/4660/4660
f 4660/4660/4660 4588/4588/4588 4661/4661/4661
f 4588/4588/4588 4589/4589/4589 4661/4661/4661
f 4661/4661/4661 4589/4589/4589 4662/4662/4662
f 4589/4589/4589 4590/4590/4590 4662/4662/4662
f 4662/4662/4662 4590/4590/4590 4663/4663/4663
f 4590/4590/4590 4591/4591/4591 4663/4663/4663
f 4663/4663/4663 4591/4591/4591 4664/4664/4664
f 4591/4591/4591 4592/4592/4592 4664/4664/4664
f 4664/4664/4664 4592/4592/4592 4665/4665/4665
f 4592/4592/4592 4593/4593/4593 4665/4665/4665
f 4665/4665/4665 4593/4593/4593 4666/4666/4666
f 4593/4593/4593 4594/4594/4594 4666/4666/4666
f 4666/4666/4666 4594/4594/4594 4667/4667/4667
f 4594/4594/4594 4595/4595/4595 4667/4667/4667
f 4667/4667/4667 4595/4595/4595 4668/4668/4668
f 4595/4595/4595 4596/4596/4596 4668/4668/4668
f 4668/4668/4668 4596/4596/4596 4669/4669/4669
f 4596/4596/4596 4597/4597/4597 4669/4669/4669
f 4669/4669/4669 4597/4597/4597 4670/4670/4670
f 4597/4597/4597 4598/4598/4598 4670/4670/4670
f 4670/4670/4670 4598/4598/4598 4671/4671/4671
f 4598/4598/4598 4599/4599/4599 4671/4671/4671
f 4671/4671/4671 4599/4599/4599 4672/4672/4672
f 4600/4600/4600 4601/4601/4601 4673/4673/4673
f 4673/4673/4673 4601/4601/4601 4674/4674/4674
f 4601/4601/4601 4602/4602/4602 4674/4674/4674
f 4674/4674/4674 4602/4602/4602 4675/4675/4675
f 4602/4602/4602 4603/4603/4603 4675/4675/4675
f 4675/4675/4675 4603/4603/4603 4676/4676/4676
f 4603/4603/4603 4604/4604/4604 4676/4676/4676
f 4676/4676/4676 4604/4604/4604 4677/4677/4677
f 4604/4604/4604 4605/4605/4605 4677/4677/4677
f 4677/4677/4677 4605/4605/4605 4678/4678/4678
f 4605/4605/4605 4606/4606/4606 4678/4678/4678
f 4678/4678/4678 4606/4606/4606 4679/4679/4679
f 4606/4606/4606 4607/4607/4607 4679/4679/4679
f 4679/4679/4679 4607/4607/4607 4680/4680/4680
f 4607/4607/4607 4608/4608/4608 4680/4680/4680
f 4680/4680/4680 4608/4608/4608 4681/4681/4681
f 4608/4608/4608 4609/4609/4609 4681/4681/4681
f 4681/4681/4681 4609/4609/4609 4682/4682/4682
f 4609/4609/4609 4610/4610/4610 4682/4682/4682
f 4682/4682/4682 4610/4610/4610 4683/4683/4683
f 4610/4610/4610 4611/4611/4611 4683/4683/4683
f 4683/4683/4683 4611/4611/4611 4684/4684/4684
f 4611/4611/4611 4612/4612/4612 4684/4684/4684
f 4684/4684/4684 4612/4612/4612 4685/4685/4685
f 4612/4612/4612 4613/4613/4613 4685/4685/4685
f 4685/4685/4685 4613/4613/4613 4686/4686/4686
f 4613/4613/4613 4614/4614/4614 4686/4686/4686
f 4686/4686/4686 4614/4614/4614 4687/4687/4687
f 4614/4614/4614 4615/4615/4615 4687/4687/4687
f 4687/4687/4687 4615/4615/4615 4688/4688/4688
f 4615/4615/4615 4616/4616/4616 4688/4688/4688
f 4688/4688/4688 4616/4616/4616 4689/4689/4689
f 4616/4616/4616 4617/4617/4617 4689/4689/4689
f 4689/4689/4689 4617/4617/4617 4690/4690/4690
f 4617/4617/4617 4618/4618/4618 4690/4690/4690
f 4690/4690/4690 4618/4618/4618 4691/4691/4691
f 4618/4618/4618 4619/4619/4619 4691/4691/4691
f 4691/4691/4691 4619/4619/4619 4692/4692/4692
f 4619/4619/4619 4620/4620/4620 4692/4692/4692
f 4692/4692/4692 4620/4620/4620 4693/4693/4693
f 4620/4620/4620 4621/4621/4621 4693/4693/4693
f 4693/4693/4693 4621/4621/4621 4694/4694/4694
f 4621/4621/4621 4622/4622/4622 4694/4694/4694
f 4694/4694/4694 4622/4622/4622 4695/4695/4695
f 4622/4622/4622 4623/4623/4623 4695/4695/4695
f 4695/4695/4695 4623/4623/4623 4696/4696/4696
f 4623/4623/4623 4624/4624/4624 4696/4696/4696
f 4696/4696/4696 4624/4624/4624 4697/4697/4697
f 4624/4624/4624 4625/4625/4625 4697/4697/4697
f 4697/4697/4697 4625/4625/4625 4698/4698/4698
f 4625/4625/4625 4626/4626/4626 4698/4698/4698
f 4698/4698/4698 4626/4626/4626 4699/4699/4699
f 4626/4626/4626 4627/4627/4627 4699/4699/4699
f 4699/4699/4699 4627/4627/4627 4700/4700/4700
f 4627/4627/4627 4628/4628/4628 4700/4700/4700
f 4700/4700/4700 4628/4628/4628 4701/4701/4701
f 4628/4628/4628 4629/4629/4629 4701/4701/4701
f 4701/4701/4701 4629/4629/4629 4702/4702/4702
f 4629/4629/4629 4630/4630/4630 4702/4702/4702
f 4702/4702/4702 4630/4630/4630 4703/4703/4703
f 4630/4630/4630 4631/4631/4631 4703/4703/4703
f 4703/4703/4703 4631/4631/4631 4704/4704/4704
f 4631/4631/4631 4632/4632/4632 4704/4704/4704
f 4704/4704/4704 4632/4632/4632 4705/4705/4705
f 4632/4632/4632 4633/4633/4633 4705/4705/4705
f 4705/4705/4705 4633/4633/4633 4706/4706/4706
f 4633/4633/4633 4634/4634/4634 4706/4706/4706
f 4706/4706/4706 4634/4634/4634 4707/4707/4707
f 4634/4634/4634 4635/4635/4635 4707/4707/4707
f 4707/4707/4707 4635/4635/4635 4708/4708/4708
f 4635/4635/4635 4636/4636/4636 4708/4708/4708
f 4708/4708/4708 4636/4636/4636 4709/4709/4709
f 4636/4636/4636 4637/4637/4637 4709/4709/4709
f 4709/4709/4709 4637/4637/4637 4710/4710/4710
f 4637/4637/4637 4638/4638/4638 4710/4710/4710
f 4710/4710/4710 4638/4638/4638 4711/4711/4711
f 4638/4638/4638 4639/4639/4639 4711/4711/4711
f 4711/4711/4711 4639/4639/4639 4712/4712/4712
f 4639/4639/4639 4640/4640/4640 4712/4712/4712
f 4712/4712/4712 4640/4640/4640 4713/4713/4713
f 4640/4640/4640 4641/4641/4641 4713/4713/4713
f 4713/4713/4713 4641/4641/4641 4714/4714/4714
f 4641/4641/4641 4642/4642/4642 4714/4714/4714
f 4714/4714/4714 4642/4642/4642 4715/4715/4715
f 4642/4642/4642 4643/4643/4643 4715/4715/4715
f 4715/4715/4715 4643/4643/4643 4716/4716/4716
f 4643/4643/4643 4644/4644/4644 4716/4716/4716
f 4716/4716/4716 4644/4644/4644 4717/4717/4717
f 4644/4644/4644 4645/4645/4645 4717/4717/4717
f 4717/4717/4717 4645/4645/4645 4718/4718/4718
f 4645/4645/4645 4646/4646/4646 4718/4718/4718
f 4718/4718/4718 4646/4646/4646 4719/4719/4719
f 4646/4646/4646 4647/4647/4647 4719/4719/4719
f 4719/4719/4719 4647/4647/4647 4720/4720/4720
f 4647/4647/4647 4648/4648/4648 4720/4720/4720
f 4720/4720/4720 4648/4648/4648 4721/4721/4721
f 4648/4648/4648 4649/4649/4649 4721/4721/4721
f 4721/4721/4721 4649/4649/4649 4722/4722/4722
f 4649/4649/4649 4650/4650/4650 4722/4722/4722
f 4722/4722/4722 4650/4650/4650 4723/4723/4723
f 4650/4650/4650 4651/4651/4651 4723/4723/4723
f 4723/4723/4723 4651/4651/4651 4724/4724/4724
f 4651/4651/4651 4652/4652/4652 4724/4724/4724
f 4724/4724/4724 4652/4652/4652 4725/4725/4725
f 4652/4652/4652 4653/4653/4653 4725/4725/4725
f 4725/4725/4725 4653/4653/4653 4726/4726/4726
f 4653/4653/4653 4654/4654/4654 4726/4726/4726
f 4726/4726/4726 4654/4654/4654 4727/4727/4727
f 4654/4654/4654 4655/4655/4655 4727/4727/4727
f 4727/4727/4727 4655/4655/4655 4728/4728/4728
f 4655/4655/4655 4656/4656/4656 4728/4728/4728
f 4728/4728/4728 4656/4656/4656 4729/4729/4729
f 4656/4656/4656 4657/4657/4657 4729/4729/4729
f 4729/4729/4729 4657/4657/4657 4730/4730/4730
f 4657/4657/4657 4658/4658/4658 4730/4730/4730
f 4730/4730/4730 4658/4658/4658 4731/4731/4731
f 4658/4658/4658 4659/4659/4659 4731/4731/4731
f 4731/4731/4731 4659/4659/4659 4732/4732/4732
f 4659/4659/4659 4660/4660/4660 4732/4732/4732
f 4732/4732/4732 4660/4660/4660 4733/4733/4733
f 4660/4660/4660 4661/4661/4661 4733/4733/4733
f 4733/4733/4733 4661/4661/4661 4734/4734/4734
f 4661/4661/4661 4662/4662/4662 4734/4734/4734
f 4734/4734/4734 4662/4662/4662 4735/4735/4735
f 4662/4662/4662 4663/4663/4663 4735/4735/4735
f 4735/4735/4735 4663/4663/4663 4736/4736/4736
f 4663/4663/4663 4664/4664/4664 4736/4736/4736
f 4736/4736/4736 4664/4664/4664 4737/4737/4737
f 4664/4664/4664 4665/4665/4665 4737/4737/4737
f 4737/4737/4737 4665/4665/4665 4738/4738/4738
f 4665/4665/4665 4666/4666/4666 4738/4738/4738
f 4738/4738/4738 4666/4666/4666 4739/4739/4739
f 4666/4666/4666 4667/4667/4667 4739/4739/4739
f 4739/4739/4739 4667/4667/4667 4740/4740/4740
f 4667/4667/4667 4668/4668/4668 4740/4740/4740
f 4740/4740/4740 4668/4668/4668 4741/4741/4741
f 4668/4668/4668 4669/4669/4669 4741/4741/4741
f 4741/4741/4741 4669/4669/4669 4742/4742/4742
f 4669/4669/4669 4670/4670/4670 4742/4742/4742
f 4742/4742/4742 4670/4670/4670 4743/4743/4743
f 4670/4670/4670 4671/4671/4671 4743/4743/4743
f 4743/4743/4743 4671/4671/4671 4744/4744/4744
f 4671/4671/4671 4672/4672/4672 4744/4744/4744
f 4744/4744/4744 4672/4672/4672 4745/4745/4745
f 4673/4673/4673 4674/4674/4674 4746/4746/4746
f 4746/4746/4746 4674/4674/4674 4747/4747/4747
f 4674/4674/4674 4675/4675/4675 4747/4747/4747
f 4747/4747/4747 4675/4675/4675 4748/4748/4748
f 4675/4675/4675 4676/4676/4676 4748/4748/4748
f 4748/4748/4748 4676/4676/4676 4749/4749/4749
f 4676/4676/4676 4677/4677/4677 4749/4749/4749
f 4749/4749/4749 4677/4677/4677 4750/4750/4750
f 4677/4677/4677 4678/4678/4678 4750/4750/4750
f 4750/4750/4750 4678/4678/4678 4751/4751/4751
f 4678/4678/4678 4679/4679/4679 4751/4751/4751
f 4751/4751/4751 4679/4679/4679 4752/4752/4752
f 4679/4679/4679 4680/4680/4680 4752/4752/4752
f 4752/4752/4752 4680/4680/4680 4753/4753/4753
f 4680/4680/4680 4681/4681/4681 4753/4753/4753
f 4753/4753/4753 4681/4681/4681 4754/4754/4754
f 4681/4681/4681 4682/4682/4682 4754/4754/4754
f 4754/4754/4754 4682/4682/4682 4755/4755/4755
f 4682/4682/4682 4683/4683/4683 4755/4755/4755
f 4755/4755/4755 4683/4683/4683 4756/4756/4756
f 4683/4683/4683 4684/4684/4684 4756/4756/4756
f 4756/4756/4756 4684/4684/4684 4757/4757/4757
f 4684/4684/4684 4685/4685/4685 4757/4757/4757
f 4757/4757/4757 4685/4685/4685 4758/4758/4758
f 4685/4685/4685 4686/4686/4686 4758/4758/4758
f 4758/4758/4758 4686/4686/4686 4759/4759/4759
f 4686/4686/4686 4687/4687/4687 4759/4759/4759
f 4759/4759/4759 4687/4687/4687 4760/4760/4760
f 4687/4687/4687 4688/4688/4688 4760/4760/4760
f 4760/4760/4760 4688/4688/4688 4761/4761/4761
f 4688/4688/4688 4689/4689/4689 4761/4761/4761
f 4761/4761/4761 4689/4689/4689 4762/4762/4762
f 4689/4689/4689 4690/4690/4690 4762/4762/4762
f 4762/4762/4762 4690/4690/4690 4763/4763/4763
f 4690/4690/4690 4691/4691/4691 4763/4763/4763
f 4763/4763/4763 4691/4691/4691 4764/4764/4764
f 4691/4691/4691 4692/4692/4692 4764/4764/4764
f 4764/4764/4764 4692/4692/4692 4765/4765/4765
f 4692/4692/4692 4693/4693/4693 4765/4765/4765
f 4765/4765/4765 4693/4693/4693 4766/4766/4766
f 4693/4693/4693 4694/4694/4694 4766/4766/4766
f 4766/4766/4766 4694/4694/4694 4767/4767/4767
f 4694/4694/4694 4695/4695/4695 4767/4767/4767
f 4767/4767/4767 4695/4695/4695 4768/4768/4768
f 4695/4695/4695 4696/4696/4696 4768/4768/4768
f 4768/4768/4768 4696/4696/4696 4769/4769/4769
f 4696/4696/4696 4697/4697/4697 4769/4769/4769
f 4769/4769/4769 4697/4697/4697 4770/4770/4770
f 4697/4697/4697 4698/4698/4698 4770/4770/4770
f 4770/4770/4770 4698/4698/4698 4771/4771/4771
f 4698/4698/4698 4699/4699/4699 4771/4771/4771
f 4771/4771/4771 4699/4699/4699 4772/4772/4772
f 4699/4699/4699 4700/4700/4700 4772/4772/4772
f 4772/4772/4772 4700/4700/4700 4773/4773/4773
f 4700/4700/4700 4701/4701/4701 4773/4773/4773
f 4773/4773/4773 4701/4701/4701 4774/4774/4774
f 4701/4701/4701 4702/4702/4702 4774/4774/4774
f 4774/4774/4774 4702/4702/4702 4775/4775/4775
f 4702/4702/4702 4703/4703/4703 4775/4775/4775
f 4775/4775/4775 4703/4703/4703 4776/4776/4776
f 4703/4703/4703 4704/4704/4704 4776/4776/4776
f 4776/4776/4776 4704/4704/4704 4777/4777/4777
f 4704/4704/4704 4705/4705/4705 4777/4777/4777
f 4777/4777/4777 4705/4705/4705 4778/4778/4778
f 4705/4705/4705 4706/4706/4706 4778/4778/4778
f 4778/4778/4778 4706/4706/4706 4779/4779/4779
f 4706/4706/4706 4707/4707/4707 4779/4779/4779
f 4779/4779/4779 4707/4707/4707 4780/4780/4780
f 4707/4707/4707 4708/4708/4708 4780/4780/4780
f 4780/4780/4780 4708/4708/4708 4781/4781/4781
f 4708/4708/4708 4709/4709/4709 4781/4781/4781
f 4781/4781/4781 4709/4709/4709 4782/4782/4782
f 4709/4709/4709 4710/4710/4710 4782/4782/4782
f 4782/4782/4782 4710/4710/4710 4783/4783/4783
f 4710/4710/4710 4711/4711/4711 4783/4783/4783
f 4783/4783/4783 4711/4711/4711 4784/4784/4784
f 4711/4711/4711 4712/4712/4712 4784/4784/4784
f 4784/4784/4784 4712/4712/4712 4785/4785/4785
f 4712/4712/4712 4713/4713/4713 4785/4785/4785
f 4785/4785/4785 4713/4713/4713 4786/4786/4786
f 4713/4713/4713 4714/4714/4714 4786/4786/4786
f 4786/4786/4786 4714/4714/4714 4787/4787/4787
f 4714/4714/4714 4715/4715/4715 4787/4787/4787
f 4787/4787/4787 4715/4715/4715 4788/4788/4788
f 4715/4715/4715 4716/4716/4716 4788/4788/4788
f 4788/4788/4788 4716/4716/4716 4789/4789/4789
f 4716/4716/4716 4717/4717/4717 4789/4789/4789
f 4789/4789/4789 4717/4717/4717 4790/4790/4790
f 4717/4717/4717 4718/4718/4718 4790/4790/4790
f 4790/4790/4790 4718/4718/4718 4791/4791/4791
f 4718/4718/4718 4719/4719/4719 4791/4791/4791
f 4791/4791/4791 4719/4719/4719 4792/4792/4792
f 4719/4719/4719 4720/4720/4720 4792/4792/4792
f 4792/4792/4792 4720/4720/4720 4793/4793/4793
f 4720/4720/4720 4721/4721/4721 4793/4793/4793
f 4793/4793/4793 4721/4721/4721 4794/4794/4794
f 4721/4721/4721 4722/4722/4722 4794/4794/4794
f 4794/4794/4794 4722/4722/4722 4795/4795/4795
f 4722/4722/4722 4723/4723/4723 4795/4795/4795
f 4795/4795/4795 4723/4723/4723 4796/4796/4796
f 4723/4723/4723 4724/4724/4724 4796/4796/4796
f 4796/4796/4796 4724/4724/4724 4797/4797/4797
f 4724/4724/4724 4725/4725/4725 4797/4797/4797
f 4797/4797/4797 4725/4725/4725 4798/4798/4798
f 4725/4725/4725 4726/4726/4726 4798/4798/4798
f 4798/4798/4798 4726/4726/4726 4799/4799/4799
f 4726/4726/4726 4727/4727/4727 4799/4799/4799
f 4799/4799/4799 4727/4727/4727 4800/4800/4800
f 4727/4727/4727 4728/4728/4728 4800/4800/4800
f 4800/4800/4800 4728/4728/4728 4801/4801/4801
f 4728/4728/4728 4729/4729/4729 4801/4801/4801
f 4801/4801/4801 4729/4729/4729 4802/4802/4802
f 4729/4729/4729 4730/4730/4730 4802/4802/4802
f 4802/4802/4802 4730/4730/4730 4803/4803/4803
f 4730/4730/4730 4731/4731/4731 4803/4803/4803
f 4803/4803/4803 4731/4731/4731 4804/4804/4804
f 4731/4731/4731 4732/4732/4732 4804/4804/4804
f 4804/4804/4804 4732/4732/4732 4805/4805/4805
f 4732/4732/4732 4733/4733/4733 4805/4805/4805
f 4805/4805/4805 4733/4733/4733 4806/4806/4806
f 4733/4733/4733 4734/4734/4734 4806/4806/4806
f 4806/4806/4806 4734/4734/4734 4807/4807/4807
f 4734/4734/4734 4735/4735/4735 4807/4807/4807
f 4807/4807/4807 4735/4735/4735 4808/4808/4808
f 4735/4735/4735 4736/4736/4736 4808/4808/4808
f 4808/4808/4808 4736/4736/4736 4809/4809/4809
f 4736/4736/4736 4737/4737/4737 4809/4809/4809
f 4809/4809/4809 4737/4737/4737 4810/4810/4810
f 4737/4737/4737 4738/4738/4738 4810/4810/4810
f 4810/4810/4810 4738/4738/4738 4811/4811/4811
f 4738/4738/4738 4739/4739/4739 4811/4811/4811
f 4811/4811/4811 4739/4739/4739 4812/4812/4812
f 4739/4739/4739 4740/4740/4740 4812/4812/4812
f 4812/4812/4812 4740/4740/4740 4813/4813/4813
f 4740/4740/4740 4741/4741/4741 4813/4813/4813
f 4813/4813/4813 4741/4741/4741 4814/4814/4814
f 4741/4741/4741 4742/4742/4742 4814/4814/4814
f 4814/4814/4814 4742/4742/4742 4815/4815/4815
f 4742/4742/4742 4743/4743/4743 4815/4815/4815
f 4815/4815/4815 4743/4743/4743 4816/4816/4816
f 4743/4743/4743 4744/4744/4744 4816/4816/4816
f 4816/4816/4816 4744/4744/4744 4817/4817/4817
f 4744/4744/4744 4745/4745/4745 4817/4817/4817
f 4817/4817/4817 4745/4745/4745 4818/4818/4818
f 4746/4746/4746 4747/4747/4747 4819/4819/4819
f 4819/4819/4819 4747/4747/4747 4820/4820/4820
f 4747/4747/4747 4748/4748/4748 4820/4820/4820
f 4820/4820/4820 4748/4748/4748 4821/4821/4821
f 4748/4748/4748 4749/4749/4749 4821/4821/4821
f 4821/4821/4821 4749/4749/4749 4822/4822/4822
f 4749/4749/4749 4750/4750/4750 4822/4822/4822
f 4822/4822/4822 4750/4750/4750 4823/4823/4823
f 4750/4750/4750 4751/4751/4751 4823/4823/4823
f 4823/4823/4823 4751/4751/4751 4824/4824/4824
f 4751/4751/4751 4752/4752/4752 4824/4824/4824
f 4824/4824/4824 4752/4752/4752 4825/4825/4825
f 4752/4752/4752 4753/4753/4753 4825/4825/4825
f 4825/4825/4825 4753/4753/4753 4826/4826/4826
f 4753/4753/4753 4754/4754/4754 4826/4826/4826
f 4826/4826/4826 4754/4754/4754 4827/4827/4827
f 4754/4754/4754 4755/4755/4755 4827/4827/4827
f 4827/4827/4827 4755/4755/4755 4828/4828/4828
f 4755/4755/4755 4756/4756/4756 4828/4828/4828
f 4828/4828/4828 4756/4756/4756 4829/4829/4829
f 4756/4756/4756 4757/4757/4757 4829/4829/4829
f 4829/4829/4829 4757/4757/4757 4830/4830/4830
f 4757/4757/4757 4758/4758/4758 4830/4830/4830
f 4830/4830/4830 4758/4758/4758 4831/4831/4831
f 4758/4758/4758 4759/4759/4759 4831/4831/4831
f 4831/4831/4831 4759/4759/4759 4832/4832/4832
f 4759/4759/4759 4760/4760/4760 4832/4832/4832
f 4832/4832/4832 4760/4760/4760 4833/4833/4833
f 4760/4760/4760 4761/4761/4761 4833/4833/4833
f 4833/4833/4833 4761/4761/4761 4834/4834/4834
f 4761/4761/4761 4762/4762/4762 4834/4834/4834
f 4834/4834/4834 4762/4762/4762 4835/4835/4835
f 4762/4762/4762 4763/4763/4763 4835/4835/4835
f 4835/4835/4835 4763/4763/4763 4836/4836/4836
f 4763/4763/4763 4764/4764/4764 4836/4836/4836
f 4836/4836/4836 4764/4764/4764 4837/4837/4837
f 4764/4764/4764 4765/4765/4765 4837/4837/4837
f 4837/4837/4837 4765/4765/4765 4838/4838/4838
f 4765/4765/4765 4766/4766/4766 4838/4838/4838
f 4838/4838/4838 4766/4766/4766 4839/4839/4839
f 4766/4766/4766 4767/4767/4767 4839/4839/4839
f 4839/4839/4839 4767/4767/4767 4840/4840/4840
f 4767/4767/4767 4768/4768/4768 4840/4840/4840
f 4840/4840/4840 4768/4768/4768 4841/4841/4841
f 4768/4768/4768 4769/4769/4769 4841/4841/4841
f 4841/4841/4841 4769/4769/4769 4842/4842/4842
f 4769/4769/4769 4770/4770/4770 4842/4842/4842
f 4842/4842/4842 4770/4770/4770 4843/4843/4843
f 4770/4770/4770 4771/4771/4771 4843/4843/4843
f 4843/4843/4843 4771/4771/4771 4844/4844/4844
f 4771/4771/4771 4772/4772/4772 4844/4844/4844
f 4844/4844/4844 4772/4772/4772 4845/4845/4845
f 4772/4772/4772 4773/4773/4773 4845/4845/4845
f 4845/4845/4845 4773/4773/4773 4846/4846/4846
f 4773/4773/4773 4774/4774/4774 4846/4846/4846
f 4846/4846/4846 4774/4774/4774 4847/4847/4847
f 4774/4774/4774 4775/4775/4775 4847/4847/4847
f 4847/4847/4847 4775/4775/4775 4848/4848/4848
f 4775/4775/4775 4776/4776/4776 4848/4848/4848
f 4848/4848/4848 4776/4776/4776 4849/4849/4849
f 4776/4776/4776 4777/4777/4777 4849/4849/4849
f 4849/4849/4849 4777/4777/4777 4850/4850/4850
f 4777/4777/4777 4778/4778/4778 4850/4850/4850
f 4850/4850/4850 4778/4778/4778 4851/4851/4851
f 4778/4778/4778 4779/4779/4779 4851/4851/4851
f 4851/4851/4851 4779/4779/4779 4852/4852/4852
f 4779/4779/4779 4780/4780/4780 4852/4852/4852
f 4852/4852/4852 4780/4780/4780 4853/4853/4853
f 4780/4780/4780 4781/4781/4781 4853/4853/4853
f 4853/4853/4853 4781/4781/4781 4854/4854/4854
f 4781/4781/4781 4782/4782/4782 4854/4854/4854
f 4854/4854/4854 4782/4782/4782 4855/4855/4855
f 4782/4782/4782 4783/4783/4783 4855/4855/4855
f 4855/4855/4855 4783/4783/4783 4856/4856/4856
f 4783/4783/4783 4784/4784/4784 4856/4856/4856
f 4856/4856/4856 4784/4784/4784 4857/4857/4857
f 4784/4784/4784 4785/4785/4785 4857/4857/4857
f 4857/4857/4857 4785/4785/4785 4858/4858/4858
f 4785/4785/4785 4786/4786/4786 4858/4858/4858
f 4858/4858/4858 4786/4786/4786 4859/4859/4859
f 4786/4786/4786 4787/4787/4787 4859/4859/4859
f 4859/4859/4859 4787/4787/4787 4860/4860/4860
f 4787/4787/4787 4788/4788/4788 4860/4860/4860
f 4860/4860/4860 4788/4788/4788 4861/4861/4861
f 4788/4788/4788 4789/4789/4789 4861/4861/4861
f 4861/4861/4861 4789/4789/4789 4862/4862/4862
f 4789/4789/4789 4790/4790/4790 4862/4862/4862
f 4862/4862/4862 4790/4790/4790 4863/4863/4863
f 4790/4790/4790 4791/4791/4791 4863/4863/4863
f 4863/4863/4863 4791/4791/4791 4864/4864/4864
f 4791/4791/4791 4792/4792/4792 4864/4864/4864
f 4864/4864/4864 4792/4792/4792 4865/4865/4865
f 4792/4792/4792 4793/4793/4793 4865/4865/4865
f 4865/4865/4865 4793/4793/4793 4866/4866/4866
f 4793/4793/4793 4794/4794/4794 4866/4866/4866
f 4866/4866/4866 4794/4794/4794 4867/4867/4867
f 4794/4794/4794 4795/4795/4795 4867/4867/4867
f 4867/4867/4867 4795/4795/4795 4868/4868/4868
f 4795/4795/4795 4796/4796/4796 4868/4868/4868
f 4868/4868/4868 4796/4796/4796 4869/4869/4869
f 4796/4796/4796 4797/4797/4797 4869/4869/4869
f 4869/4869/4869 4797/4797/4797 4870/4870/4870
f 4797/4797/4797 4798/4798/4798 4870/4870/4870
f 4870/4870/4870 4798/4798/4798 4871/4871/4871
f 4798/4798/4798 4799/4799/4799 4871/4871/4871
f 4871/4871/4871 4799/4799/4799 4872/4872/4872
f 4799/4799/4799 4800/4800/4800 4872/4872/4872
f 4872/4872/4872 4800/4800/4800 4873/4873/4873
f 4800/4800/4800 4801/4801/4801 4873/4873/4873
f 4873/4873/4873 4801/4801/4801 4874/4874/4874
f 4801/4801/4801 4802/4802/4802 4874/4874/4874
f 4874/4874/4874 4802/4802/4802 4875/4875/4875
f 4802/4802/4802 4803/4803/4803 4875/4875/4875
f 4875/4875/4875 4803/4803/4803 4876/4876/4876
f 4803/4803/4803 4804/4804/4804 4876/4876/4876
f 4876/4876/4876 4804/4804/4804 4877/4877/4877
f 4804/4804/4804 4805/4805/4805 4877/4877/4877
f 4877/4877/4877 4805/4805/4805 4878/4878/4878
f 4805/4805/4805 4806/4806/4806 4878/4878/4878
f 4878/4878/4878 4806/4806/4806 4879/4879/4879
f 4806/4806/4806 4807/4807/4807 4879/4879/4879
f 4879/4879/4879 4807/4807/4807 4880/4880/4880
f 4807/4807/4807 4808/4808/4808 4880/4880/4880
f 4880/4880/4880 4808/4808/4808 4881/4881/4881
f 4808/4808/4808 4809/4809/4809 4881/4881/4881
f 4881/4881/4881 4809/4809/4809 4882/4882/4882
f 4809/4809/4809 4810/4810/4810 4882/4882/4882
f 4882/4882/4882 4810/4810/4810 4883/4883/4883
f 4810/4810/4810 4811/4811/4811 4883/4883/4883
f 4883/4883/4883 4811/4811/4811 4884/4884/4884
f 4811/4811/4811 4812/4812/4812 4884/4884/4884
f 4884/4884/4884 4812/4812/4812 4885/4885/4885
f 4812/4812/4812 4813/4813/4813 4885/4885/4885
f 4885/4885/4885 4813/4813/4813 4886/4886/4886
f 4813/4813/4813 4814/4814/4814 4886/4886/4886
f 4886/4886/4886 4814/4814/4814 4887/4887/4887
f 4814/4814/4814 4815/4815/4815 4887/4887/4887
f 4887/4887/4887 4815/4815/4815 4888/4888/4888
f 4815/4815/4815 4816/4816/4816 4888/4888/4888
f 4888/4888/4888 4816/4816/4816 4889/4889/4889
f 4816/4816/4816 4817/4817/4817 4889/4889/4889
f 4889/4889/4889 4817/4817/4817 4890/4890/4890
f 4817/4817/4817 4818/4818/4818 4890/4890/4890
f 4890/4890/4890 4818/4818/4818 4891/4891/4891
f 4819/4819/4819 4820/4820/4820 4892/4892/4892
f 4892/4892/4892 4820/4820/4820 4893/4893/4893
f 4820/4820/4820 4821/4821/4821 4893/4893/4893
f 4893/4893/4893 4821/4821/4821 4894/4894/4894
f 4821/4821/4821 4822/4822/4822 4894/4894/4894
f 4894/4894/4894 4822/4822/4822 4895/4895/4895
f 4822/4822/4822 4823/4823/4823 4895/4895/4895
f 4895/4895/4895 4823/4823/4823 4896/4896/4896
f 4823/4823/4823 4824/4824/4824 4896/4896/4896
f 4896/4896/4896 4824/4824/4824 4897/4897/4897
f 4824/4824/4824 4825/4825/4825 4897/4897/4897
f 4897/4897/4897 4825/4825/4825 4898/4898/4898
f 4825/4825/4825 4826/4826/4826 4898/4898/4898
f 4898/4898/4898 4826/4826/4826 4899/4899/4899
f 4826/4826/4826 4827/4827/4827 4899/4899/4899
f 4899/4899/4899 4827/4827/4827 4900/4900/4900
f 4827/4827/4827 4828/4828/4828 4900/4900/4900
f 4900/4900/4900 4828/4828/4828 4901/4901/4901
f 4828/4828/4828 4829/4829/4829 4901/4901/4901
f 4901/4901/4901 4829/4829/4829 4902/4902/4902
f 4829/4829/4829 4830/4830/4830 4902/4902/4902
f 4902/4902/4902 4830/4830/4830 4903/4903/4903
f 4830/4830/4830 4831/4831/4831 4903/4903/4903
f 4903/4903/4903 4831/4831/4831 4904/4904/4904
f 4831/4831/4831 4832/4832/4832 4904/4904/4904
f 4904/4904/4904 4832/4832/4832 4905/4905/4905
f 4832/4832/4832 4833/4833/4833 4905/4905/4905
f 4905/4905/4905 4833/4833/4833 4906/4906/4906
f 4833/4833/4833 4834/4834/4834 4906/4906/4906
f 4906/4906/4906 4834/4834/4834 4907/4907/4907
f 4834/4834/4834 4835/4835/4835 4907/4907/4907
f 4907/4907/4907 4835/4835/4835 4908/4908/4908
f 4835/4835/4835 4836/4836/4836 4908/4908/4908
f 4908/4908/4908 4836/4836/4836 4909/4909/4909
f 4836/4836/4836 4837/4837/4837 4909/4909/4909
f 4909/4909/4909 4837/4837/4837 4910/4910/4910
f 4837/4837/4837 4838/4838/4838 4910/4910/4910
f 4910/4910/4910 4838/4838/4838 4911/4911/4911
f 4838/4838/4838 4839/4839/4839 4911/4911/4911
f 4911/4911/4911 4839/4839/4839 4912/4912/4912
f 4839/4839/4839 4840/4840/4840 4912/4912/4912
f 4912/4912/4912 4840/4840/4840 4913/4913/4913
f 4840/4840/4840 4841/4841/4841 4913/4913/4913
f 4913/4913/4913 4841/4841/4841 4914/4914/4914
f 4841/4841/4841 4842/4842/4842 4914/4914/4914
f 4914/4914/4914 4842/4842/4842 4915/4915/4915
f 4842/4842/4842 4843/4843/4843 4915/4915/4915
f 4915/4915/4915 4843/4843/4843 4916/4916/4916
f 4843/4843/4843 4844/4844/4844 4916/4916/4916
f 4916/4916/4916 4844/4844/4844 4917/4917/4917
f 4844/4844/4844 4845/4845/4845 4917/4917/4917
f 4917/4917/4917 4845/4845/4845 4918/4918/4918
f 4845/4845/4845 4846/4846/4846 4918/4918/4918
f 4918/4918/4918 4846/4846/4846 4919/4919/4919
f 4846/4846/4846 4847/4847/4847 4919/4919/4919
f 4919/4919/4919 4847/4847/4847 4920/4920/4920
f 4847/4847/4847 4848/4848/4848 4920/4920/4920
f 4920/4920/4920 4848/4848/4848 4921/4921/4921
f 4848/4848/4848 4849/4849/4849 4921/4921/4921
f 4921/4921/4921 4849/4849/4849 4922/4922/4922
f 4849/4849/4849 4850/4850/4850 4922/4922/4922
f 4922/4922/4922 4850/4850/4850 4923/4923/4923
f 4850/4850/4850 4851/4851/4851 4923/4923/4923
f 4923/4923/4923 4851/4851/4851 4924/4924/4924
f 4851/4851/4851 4852/4852/4852 4924/4924/4924
f 4924/4924/4924 4852/4852/4852 4925/4925/4925
f 4852/4852/4852 4853/4853/4853 4925/4925/4925
f 4925/4925/4925 4853/4853/4853 4926/4926/4926
f 4853/4853/4853 4854/4854/4854 4926/4926/4926
f 4926/4926/4926 4854/4854/4854 4927/4927/4927
f 4854/4854/4854 4855/4855/4855 4927/4927/4927
f 4927/4927/4927 4855/4855/4855 4928/4928/4928
f 4855/4855/4855 4856/4856/4856 4928/4928/4928
f 4928/4928/4928 4856/4856/4856 4929/4929/4929
f 4856/4856/4856 4857/4857/4857 4929/4929/4929
f 4929/4929/4929 4857/4857/4857 4930/4930/4930
f 4857/4857/4857 4858/4858/4858 4930/4930/4930
f 4930/4930/4930 4858/4858/4858 4931/4931/4931
f 4858/4858/4858 4859/4859/4859 4931/4931/4931
f 4931/4931/4931 4859/4859/4859 4932/4932/4932
f 4859/4859/4859 4860/4860/4860 4932/4932/4932
f 4932/4932/4932 4860/4860/4860 4933/4933/4933
f 4860/4860/4860 4861/4861/4861 4933/4933/4933
f 4933/4933/4933 4861/4861/4861 4934/4934/4934
f 4861/4861/4861 4862/4862/4862 4934/4934/4934
f 4934/4934/4934 4862/4862/4862 4935/4935/4935
f 4862/4862/4862 4863/4863/4863 4935/4935/4935
f 4935/4935/4935 4863/4863/4863 4936/4936/4936
f 4863/4863/4863 4864/4864/4864 4936/4936/4936
f 4936/4936/4936 4864/4864/4864 4937/4937/4937
f 4864/4864/4864 4865/4865/4865 4937/4937/4937
f 4937/4937/4937 4865/4865/4865 4938/4938/4938
f 4865/4865/4865 4866/4866/4866 4938/4938/4938
f 4938/4938/4938 4866/4866/4866 4939/4939/4939
f 4866/4866/4866 4867/4867/4867 4939/4939/4939
f 4939/4939/4939 4867/4867/4867 4940/4940/4940
f 4867/4867/4867 4868/4868/4868 4940/4940/4940
f 4940/4940/4940 4868/4868/4868 4941/4941/4941
f 4868/4868/4868 4869/4869/4869 4941/4941/4941
f 4941/4941/4941 4869/4869/4869 4942/4942/4942
f 4869/4869/4869 4870/4870/4870 4942/4942/4942
f 4942/4942/4942 4870/4870/4870 4943/4943/4943
f 4870/4870/4870 4871/4871/4871 4943/4943/4943
f 4943/4943/4943 4871/4871/4871 4944/4944/4944
f 4871/4871/4871 4872/4872/4872 4944/4944/4944
f 4944/4944/4944 4872/4872/4872 4945/4945/4945
f 4872/4872/4872 4873/4873/4873 4945/4945/4945
f 4945/4945/4945 4873/4873/4873 4946/4946/4946
f 4873/4873/4873 4874/4874/4874 4946/4946/4946
f 4946/4946/4946 4874/4874/4874 4947/4947/4947
f 4874/4874/4874 4875/4875/4875 4947/4947/4947
f 4947/4947/4947 4875/4875/4875 4948/4948/4948
f 4875/4875/4875 4876/4876/4876 4948/4948/4948
f 4948/4948/4948 4876/4876/4876 4949/4949/4949
f 4876/4876/4876 4877/4877/4877 4949/4949/4949
f 4949/4949/4949 4877/4877/4877 4950/4950/4950
f 4877/4877/4877 4878/4878/4878 4950/4950/4950
f 4950/4950/4950 4878/4878/4878 4951/4951/4951
f 4878/4878/4878 4879/4879/4879 4951/4951/4951
f 4951/4951/4951 4879/4879/4879 4952/4952/4952
f 4879/4879/4879 4880/4880/4880 4952/4952/4952
f 4952/4952/4952 4880/4880/4880 4953/4953/4953
f 4880/4880/4880 4881/4881/4881 4953/4953/4953
f 4953/4953/4953 4881/4881/4881 4954/4954/4954
f 4881/4881/4881 4882/4882/4882 4954/4954/4954
f 4954/4954/4954 4882/4882/4882 4955/4955/4955
f 4882/4882/4882 4883/4883/4883 4955/4955/4955
f 4955/4955/4955 4883/4883/4883 4956/4956/4956
f 4883/4883/4883 4884/4884/4884 4956/4956/4956
f 4956/4956/4956 4884/4884/4884 4957/4957/4957
f 4884/4884/4884 4885/4885/4885 4957/4957/4957
f 4957/4957/4957 4885/4885/4885 4958/4958/4958
f 4885/4885/4885 4886/4886/4886 4958/4958/4958
f 4958/4958/4958 4886/4886/4886 4959/4959/4959
f 4886/4886/4886 4887/4887/4887 4959/4959/4959
f 4959/4959/4959 4887/4887/4887 4960/4960/4960
f 4887/4887/4887 4888/4888/4888 4960/4960/4960
f 4960/4960/4960 4888/4888/4888 4961/4961/4961
f 4888/4888/4888 4889/4889/4889 4961/4961/4961
f 4961/4961/4961 4889/4889/4889 4962/4962/4962
f 4889/4889/4889 4890/4890/4890 4962/4962/4962
f 4962/4962/4962 4890/4890/4890 4963/4963/4963
f 4890/4890/4890 4891/4891/4891 4963/4963/4963
f 4963/4963/4963 4891/4891/4891 4964/4964/4964
f 4892/4892/4892 4893/4893/4893 4965/4965/4965
f 4965/4965/4965 4893/4893/4893 4966/4966/4966
f 4893/4893/4893 4894/4894/4894 4966/4966/4966
f 4966/4966/4966 4894/4894/4894 4967/4967/4967
f 4894/4894/4894 4895/4895/4895 4967/4967/4967
f 4967/4967/4967 4895/4895/4895 4968/4968/4968
f 4895/4895/4895 4896/4896/4896 4968/4968/4968
f 4968/4968/4968 4896/4896/4896 4969/4969/4969
f 4896/4896/4896 4897/4897/4897 4969/4969/4969
f 4969/4969/4969 4897/4897/4897 4970/4970/4970
f 4897/4897/4897 4898/4898/4898 4970/4970/4970
f 4970/4970/4970 4898/4898/4898 4971/4971/4971
f 4898/4898/4898 4899/4899/4899 4971/4971/4971
f 4971/4971/4971 4899/4899/4899 4972/4972/4972
f 4899/4899/4899 4900/4900/4900 4972/4972/4972
f 4972/4972/4972 4900/4900/4900 4973/4973/4973
f 4900/4900/4900 4901/4901/4901 4973/4973/4973
f 4973/4973/4973 4901/4901/4901 4974/4974/4974
f 4901/4901/4901 4902/4902/4902 4974/4974/4974
f 4974/4974/4974 4902/4902/4902 4975/4975/4975
f 4902/4902/4902 4903/4903/4903 4975/4975/4975
f 4975/4975/4975 4903/4903/4903 4976/4976/4976
f 4903/4903/4903 4904/4904/4904 4976/4976/4976
f 4976/4976/4976 4904/4904/4904 4977/4977/4977
f 4904/4904/4904 4905/4905/4905 4977/4977/4977
f 4977/4977/4977 4905/4905/4905 4978/4978/4978
f 4905/4905/4905 4906/4906/4906 4978/4978/4978
f 4978/4978/4978 4906/4906/4906 4979/4979/4979
f 4906/4906/4906 4907/4907/4907 4979/4979/4979
f 4979/4979/4979 4907/4907/4907 4980/4980/4980
f 4907/4907/4907 4908/4908/4908 4980/4980/4980
f 4980/4980/4980 4908/4908/4908 4981/4981/4981
f 4908/4908/4908 4909/4909/4909 4981/4981/4981
f 4981/4981/4981 4909/4909/4909 4982/4982/4982
f 4909/4909/4909 4910/4910/4910 4982/4982/4982
f 4982/4982/4982 4910/4910/4910 4983/4983/4983
f 4910/4910/4910 4911/4911/4911 4983/4983/4983
f 4983/4983/4983 4911/4911/4911 4984/4984/4984
f 4911/4911/4911 4912/4912/4912 4984/4984/4984
f 4984/4984/4984 4912/4912/4912 4985/4985/4985
f 4912/4912/4912 4913/4913/4913 4985/4985/4985
f 4985/4985/4985 4913/4913/4913 4986/4986/4986
f 4913/4913/4913 4914/4914/4914 4986/4986/4986
f 4986/4986/4986 4914/4914/4914 4987/4987/4987
f 4914/4914/4914 4915/4915/4915 4987/4987/4987
f 4987/4987/4987 4915/4915/4915 4988/4988/4988
f 4915/4915/4915 4916/4916/4916 4988/4988/4988
f 4988/4988/4988 4916/4916/4916 4989/4989/4989
f 4916/4916/4916 4917/4917/4917 4989/4989/4989
f 4989/4989/4989 4917/4917/4917 4990/4990/4990
f 4917/4917/4917 4918/4918/4918 4990/4990/4990
f 4990/4990/4990 4918/4918/4918 4991/4991/4991
f 4918/4918/4918 4919/4919/4919 4991/4991/4991
f 4991/4991/4991 4919/4919/4919 4992/4992/4992
f 4919/4919/4919 4920/4920/4920 4992/4992/4992
f 4992/4992/4992 4920/4920/4920 4993/4993/4993
f 4920/4920/4920 4921/4921/4921 4993/4993/4993
f 4993/4993/4993 4921/4921/4921 4994/4994/4994
f 4921/4921/4921 4922/4922/4922 4994/4994/4994
f 4994/4994/4994 4922/4922/4922 4995/4995/4995
f 4922/4922/4922 4923/4923/4923 4995/4995/4995
f 4995/4995/4995 4923/4923/4923 4996/4996/4996
f 4923/4923/4923 4924/4924/4924 4996/4996/4996
f 4996/4996/4996 4924/4924/4924 4997/4997/4997
f 4924/4924/4924 4925/4925/4925 4997/4997/4997
f 4997/4997/4997 4925/4925/4925 4998/4998/4998
f 4925/4925/4925 4926/4926/4926 4998/4998/4998
f 4998/4998/4998 4926/4926/4926 4999/4999/4999
f 4926/4926/4926 4927/4927/4927 4999/4999/4999
f 4999/4999/4999 4927/4927/4927 5000/5000/5000
f 4927/4927/4927 4928/4928/4928 5000/5000/5000
f 5000/5000/5000 4928/4928/4928 5001/5001/5001
f 4928/4928/4928 4929/4929/4929 5001/5001/5001
f 5001/5001/5001 4929/4929/4929 5002/5002/5002
f 4929/4929/4929 4930/4930/4930 5002/5002/5002
f 5002/5002/5002 4930/4930/4930 5003/5003/5003
f 4930/4930/4930 4931/4931/4931 5003/5003/5003
f 5003/5003/5003 4931/4931/4931 5004/5004/5004
f 4931/4931/4931 4932/4932/4932 5004/5004/5004
f 5004/5004/5004 4932/4932/4932 5005/5005/5005
f 4932/4932/4932 4933/4933/4933 5005/5005/5005
f 5005/5005/5005 4933/4933/4933 5006/5006/5006
f 4933/4933/4933 4934/4934/4934 5006/5006/5006
f 5006/5006/5006 4934/4934/4934 5007/5007/5007
f 4934/4934/4934 4935/4935/4935 5007/5007/5007
f 5007/5007/5007 4935/4935/4935 5008/5008/5008
f 4935/4935/4935 4936/4936/4936 5008/5008/5008
f 5008/5008/5008 4936/4936/4936 5009/5009/5009
f 4936/4936/4936 4937/4937/4937 5009/5009/5009
f 5009/5009/5009 4937/4937/4937 5010/5010/5010
f 4937/4937/4937 4938/4938/4938 5010/5010/5010
f 5010/5010/5010 4938/4938/4938 5011/5011/5011
f 4938/4938/4938 4939/4939/4939 5011/5011/5011
f 5011/5011/5011 4939/4939/4939 5012/5012/5012
f 4939/4939/4939 4940/4940/4940 5012/5012/5012
f 5012/5012/5012 4940/4940/4940 5013/5013/5013
f 4940/4940/4940 4941/4941/4941 5013/5013/5013
f 5013/5013/5013 4941/4941/4941 5014/5014/5014
f 4941/4941/4941 4942/4942/4942 5014/5014/5014
f 5014/5014/5014 4942/4942/4942 5015/5015/5015
f 4942/4942/4942 4943/4943/4943 5015/5015/5015
f 5015/5015/5015 4943/4943/4943 5016/5016/5016
f 4943/4943/4943 4944/4944/4944 5016/5016/5016
f 5016/5016/5016 4944/4944/4944 5017/5017/5017
f 4944/4944/4944 4945/4945/4945 5017/5017/5017
f 5017/5017/5017 4945/4945/4945 5018/5018/5018
f 4945/4945/4945 4946/4946/4946 5018/5018/5018
f 5018/5018/5018 4946/4946/4946 5019/5019/5019
f 4946/4946/4946 4947/4947/4947 5019/5019/5019
f 5019/5019/5019 4947/4947/4947 5020/5020/5020
f 4947/4947/4947 4948/4948/4948 5020/5020/5020
f 5020/5020/5020 4948/4948/4948 5021/5021/5021
f 4948/4948/4948 4949/4949/4949 5021/5021/5021
f 5021/5021/5021 4949/4949/4949 5022/5022/5022
f 4949/4949/4949 4950/4950/4950 5022/5022/5022
f 5022/5022/5022 4950/4950/4950 5023/5023/5023
f 4950/4950/4950 4951/4951/4951 5023/5023/5023
f 5023/5023/5023 4951/4951/4951 5024/5024/5024
f 4951/4951/4951 4952/4952/4952 5024/5024/5024
f 5024/5024/5024 4952/4952/4952 5025/5025/5025
f 4952/4952/4952 4953/4953/4953 5025/5025/5025
f 5025/5025/5025 4953/4953/4953 5026/5026/5026
f 4953/4953/4953 4954/4954/4954 5026/5026/5026
f 5026/5026/5026 4954/4954/4954 5027/5027/5027
f 4954/4954/4954 4955/4955/4955 5027/5027/5027
f 5027/5027/5027 4955/4955/4955 5028/5028/5028
f 4955/4955/4955 4956/4956/4956 5028/5028/5028
f 5028/5028/5028 4956/4956/4956 5029/5029/5029
f 4956/4956/4956 4957/4957/4957 5029/5029/5029
f 5029/5029/5029 4957/4957/4957 5030/5030/5030
f 4957/4957/4957 4958/4958/4958 5030/5030/5030
f 5030/5030/5030 4958/4958/4958 5031/5031/5031
f 4958/4958/4958 4959/4959/4959 5031/5031/5031
f 5031/5031/5031 4959/4959/4959 5032/5032/5032
f 4959/4959/4959 4960/4960/4960 5032/5032/5032
f 5032/5032/5032 4960/4960/4960 5033/5033/5033
f 4960/4960/4960 4961/4961/4961 5033/5033/5033
f 5033/5033/5033 4961/4961/4961 5034/5034/5034
f 4961/4961/4961 4962/4962/4962 5034/5034/5034
f 5034/5034/5034 4962/4962/4962 5035/5035/5035
f 4962/4962/4962 4963/4963/4963 5035/5035/5035
f 5035/5035/5035 4963/4963/4963 5036/5036/5036
f 4963/4963/4963 4964/4964/4964 5036/5036/5036
f 5036/5036/5036 4964/4964/4964 5037/5037/5037
f 4965/4965/4965 4966/4966/4966 5038/5038/5038
f 5038/5038/5038 4966/4966/4966 5039/5039/5039
f 4966/4966/4966 4967/4967/4967 5039/5039/5039
f 5039/5039/5039 4967/4967/4967 5040/5040/5040
f 4967/4967/4967 4968/4968/4968 5040/5040/5040
f 5040/5040/5040 4968/4968/4968 5041/5041/5041
f 4968/4968/4968 4969/4969/4969 5041/5041/5041
f 5041/5041/5041 4969/4969/4969 5042/5042/5042
f 4969/4969/4969 4970/4970/4970 5042/5042/5042
f 5042/5042/5042 4970/4970/4970 5043/5043/5043
f 4970/4970/4970 4971/4971/4971 5043/5043/5043
f 5043/5043/5043 4971/4971/4971 5044/5044/5044
f 4971/4971/4971 4972/4972/4972 5044/5044/5044
f 5044/5044/5044 4972/4972/4972 5045/5045/5045
f 4972/4972/4972 4973/4973/4973 5045/5045/5045
f 5045/5045/5045 4973/4973/4973 5046/5046/5046
f 4973/4973/4973 4974/4974/4974 5046/5046/5046
f 5046/5046/5046 4974/4974/4974 5047/5047/5047
f 4974/4974/4974 4975/4975/4975 5047/5047/5047
f 5047/5047/5047 4975/4975/4975 5048/5048/5048
f 4975/4975/4975 4976/4976/4976 5048/5048/5048
f 5048/5048/5048 4976/4976/4976 5049/5049/5049
f 4976/4976/4976 4977/4977/4977 5049/5049/5049
f 5049/5049/5049 4977/4977/4977 5050/5050/5050
f 4977/4977/4977 4978/4978/4978 5050/5050/5050
f 5050/5050/5050 4978/4978/4978 5051/5051/5051
f 4978/4978/4978 4979/4979/4979 5051/5051/5051
f 5051/5051/5051 4979/4979/4979 5052/5052/5052
f 4979/4979/4979 4980/4980/4980 5052/5052/5052
f 5052/5052/5052 4980/4980/4980 5053/5053/5053
f 4980/4980/4980 4981/4981/4981 5053/5053/5053
f 5053/5053/5053 4981/4981/4981 5054/5054/5054
f 4981/4981/4981 4982/4982/4982 5054/5054/5054
f 5054/5054/5054 4982/4982/4982 5055/5055/5055
f 4982/4982/4982 4983/4983/4983 5055/5055/5055
f 5055/5055/5055 4983/4983/4983 5056/5056/5056
f 4983/4983/4983 4984/4984/4984 5056/5056/5056
f 5056/5056/5056 4984/4984/4984 5057/5057/5057
f 4984/4984/4984 4985/4985/4985 5057/5057/5057
f 5057/5057/5057 4985/4985/4985 5058/5058/5058
f 4985/4985/4985 4986/4986/4986 5058/5058/5058
f 5058/5058/5058 4986/4986/4986 5059/5059/5059
f 4986/4986/4986 4987/4987/4987 5059/5059/5059
f 5059/5059/5059 4987/4987/4987 5060/5060/5060
f 4987/4987/4987 4988/4988/4988 5060/5060/5060
f 5060/5060/5060 4988/4988/4988 5061/5061/5061
f 4988/4988/4988 4989/4989/4989 5061/5061/5061
f 5061/5061/5061 4989/4989/4989 5062/5062/5062
f 4989/4989/4989 4990/4990/4990 5062/5062/5062
f 5062/5062/5062 4990/4990/4990 5063/5063/5063
f 4990/4990/4990 4991/4991/4991 5063/5063/5063
f 5063/5063/5063 4991/4991/4991 5064/5064/5064
f 4991/4991/4991 4992/4992/4992 5064/5064/5064
f 5064/5064/5064 4992/4992/4992 5065/5065/5065
f 4992/4992/4992 4993/4993/4993 5065/5065/5065
f 5065/5065/5065 4993/4993/4993 5066/5066/5066
f 4993/4993/4993 4994/4994/4994 5066/5066/5066
f 5066/5066/5066 4994/4994/4994 5067/5067/5067
f 4994/4994/4994 4995/4995/4995 5067/5067/5067
f 5067/5067/5067 4995/4995/4995 5068/5068/5068
f 4995/4995/4995 4996/4996/4996 5068/5068/5068
f 5068/5068/5068 4996/4996/4996 5069/5069/5069
f 4996/4996/4996 4997/4997/4997 5069/5069/5069
f 5069/5069/5069 4997/4997/4997 5070/5070/5070
f 4997/4997/4997 4998/4998/4998 5070/5070/5070
f 5070/5070/5070 4998/4998/4998 5071/5071/5071
f 4998/4998/4998 4999/4999/4999 5071/5071/5071
f 5071/5071/5071 4999/4999/4999 5072/5072/5072
f 4999/4999/4999 5000/5000/5000 5072/5072/5072
f 5072/5072/5072 5000/5000/5000 5073/5073/5073
f 5000/5000/5000 5001/5001/5001 5073/5073/5073
f 5073/5073/5073 5001/5001/5001 5074/5074/5074
f 5001/5001/5001 5002/5002/5002 5074/5074/5074
f 5074/5074/5074 5002/5002/5002 5075/5075/5075
f 5002/5002/5002 5003/5003/5003 5075/5075/5075
f 5075/5075/5075 5003/5003/5003 5076/5076/5076
f 5003/5003/5003 5004/5004/5004 5076/5076/5076
f 5076/5076/5076 5004/5004/5004 5077/5077/5077
f 5004/5004/5004 5005/5005/5005 5077/5077/5077
f 5077/5077/5077 5005/5005/5005 5078/5078/5078
f 5005/5005/5005 5006/5006/5006 5078/5078/5078
f 5078/5078/5078 5006/5006/5006 5079/5079/5079
f 5006/5006/5006 5007/5007/5007 5079/5079/5079
f 5079/5079/5079 5007/5007/5007 5080/5080/5080
f 5007/5007/5007 5008/5008/5008 5080/5080/5080
f 5080/5080/5080 5008/5008/5008 5081/5081/5081
f 5008/5008/5008 5009/5009/5009 5081/5081/5081
f 5081/5081/5081 5009/5009/5009 5082/5082/5082
f 5009/5009/5009 5010/5010/5010 5082/5082/5082
f 5082/5082/5082 5010/5010/5010 5083/5083/5083
f 5010/5010/5010 5011/5011/5011 5083/5083/5083
f 5083/5083/5083 5011/5011/5011 5084/5084/5084
f 5011/5011/5011 5012/5012/5012 5084/5084/5084
f 5084/5084/5084 5012/5012/5012 5085/5085/5085
f 5012/5012/5012 5013/5013/5013 5085/5085/5085
f 5085/5085/5085 5013/5013/5013 5086/5086/5086
f 5013/5013/5013 5014/5014/5014 5086/5086/5086
f 5086/5086/5086 5014/5014/5014 5087/5087/5087
f 5014/5014/5014 5015/5015/5015 5087/5087/5087
f 5087/5087/5087 5015/5015/5015 5088/5088/5088
f 5015/5015/5015 5016/5016/5016 5088/5088/5088
f 5088/5088/5088 5016/5016/5016 5089/5089/5089
f 5016/5016/5016 5017/5017/5017 5089/5089/5089
f 5089/5089/5089 5017/5017/5017 5090/5090/5090
f 5017/5017/5017 5018/5018/5018 5090/5090/5090
f 5090/5090/5090 5018/5018/5018 5091/5091/5091
f 5018/5018/5018 5019/5019/5019 5091/5091/5091
f 5091/5091/5091 5019/5019/5019 5092/5092/5092
f 5019/5019/5019 5020/5020/5020 5092/5092/5092
f 5092/5092/5092 5020/5020/5020 5093/5093/5093
f 5020/5020/5020 5021/5021/5021 5093/5093/5093
f 5093/5093/5093 5021/5021/5021 5094/5094/5094
f 5021/5021/5021 5022/5022/5022 5094/5094/5094
f 5094/5094/5094 5022/5022/5022 5095/5095/5095
f 5022/5022/5022 5023/5023/5023 5095/5095/5095
f 5095/5095/5095 5023/5023/5023 5096/5096/5096
f 5023/5023/5023 5024/5024/5024 5096/5096/5096
f 5096/5096/5096 5024/5024/5024 5097/5097/5097
f 5024/5024/5024 5025/5025/5025 5097/5097/5097
f 5097/5097/5097 5025/5025/5025 5098/5098/5098
f 5025/5025/5025 5026/5026/5026 5098/5098/5098
f 5098/5098/5098 5026/5026/5026 5099/5099/5099
f 5026/5026/5026 5027/5027/5027 5099/5099/5099
f 5099/5099/5099 5027/5027/5027 5100/5100/5100
f 5027/5027/5027 5028/5028/5028 5100/5100/5100
f 5100/5100/5100 5028/5028/5028 5101/5101/5101
f 5028/5028/5028 5029/5029/5029 5101/5101/5101
f 5101/5101/5101 5029/5029/5029 5102/5102/5102
f 5029/5029/5029 5030/5030/5030 5102/5102/5102
f 5102/5102/5102 5030/5030/5030 5103/5103/5103
f 5030/5030/5030 5031/5031/5031 5103/5103/5103
f 5103/5103/5103 5031/5031/5031 5104/5104/5104
f 5031/5031/5031 5032/5032/5032 5104/5104/5104
f 5104/5104/5104 5032/5032/5032 5105/5105/5105
f 5032/5032/5032 5033/5033/5033 5105/5105/5105
f 5105/5105/5105 5033/5033/5033 5106/5106/5106
f 5033/5033/5033 5034/5034/5034 5106/5106/5106
f 5106/5106/5106 5034/5034/5034 5107/5107/5107
f 5034/5034/5034 5035/5035/5035 5107/5107/5107
f 5107/5107/5107 5035/5035/5035 5108/5108/5108
f 5035/5035/5035 5036/5036/5036 5108/5108/5108
f 5108/5108/5108 5036/5036/5036 5109/5109/5109
f 5036/5036/5036 5037/5037/5037 5109/5109/5109
f 5109/5109/5109 5037/5037/5037 5110/5110/5110
f 5038/5038/5038 5039/5039/5039 5111/5111/5111
f 5111/5111/5111 5039/5039/5039 5112/5112/5112
f 5039/5039/5039 5040/5040/5040 5112/5112/5112
f 5112/5112/5112 5040/5040/5040 5113/5113/5113
f 5040/5040/5040 5041/5041/5041 5113/5113/5113
f 5113/5113/5113 5041/5041/5041 5114/5114/5114
f 5041/5041/5041 5042/5042/5042 5114/5114/5114
f 5114/5114/5114 5042/5042/5042 5115/5115/5115
f 5042/5042/5042 5043/5043/5043 5115/5115/5115
f 5115/5115/5115 5043/5043/5043 5116/5116/5116
f 5043/5043/5043 5044/5044/5044 5116/5116/5116
f 5116/5116/5116 5044/5044/5044 5117/5117/5117
f 5044/5044/5044 5045/5045/5045 5117/5117/5117
f 5117/5117/5117 5045/5045/5045 5118/5118/5118
f 5045/5045/5045 5046/5046/5046 5118/5118/5118
f 5118/5118/5118 5046/5046/5046 5119/5119/5119
f 5046/5046/5046 5047/5047/5047 5119/5119/5119
f 5119/5119/5119 5047/5047/5047 5120/5120/5120
f 5047/5047/5047 5048/5048/5048 5120/5120/5120
f 5120/5120/5120 5048/5048/5048 5121/5121/5121
f 5048/5048/5048 5049/5049/5049 5121/5121/5121
f 5121/5121/5121 5049/5049/5049 5122/5122/5122
f 5049/5049/5049 5050/5050/5050 5122/5122/5122
f 5122/5122/5122 5050/5050/5050 5123/5123/5123
f 5050/5050/5050 5051/5051/5051 5123/5123/5123
f 5123/5123/5123 5051/5051/5051 5124/5124/5124
f 5051/5051/5051 5052/5052/5052 5124/5124/5124
f 5124/5124/5124 5052/5052/5052 5125/5125/5125
f 5052/5052/5052 5053/5053/5053 5125/5125/5125
f 5125/5125/5125 5053/5053/5053 5126/5126/5126
f 5053/5053/5053 5054/5054/5054 5126/5126/5126
f 5126/5126/5126 5054/5054/5054 5127/5127/5127
f 5054/5054/5054 5055/5055/5055 5127/5127/5127
f 5127/5127/5127 5055/5055/5055 5128/5128/5128
f 5055/5055/5055 5056/5056/5056 5128/5128/5128
f 5128/5128/5128 5056/5056/5056 5129/5129/5129
f 5056/5056/5056 5057/5057/5057 5129/5129/5129
f 5129/5129/5129 5057/5057/5057 5130/5130/5130
f 5057/5057/5057 5058/5058/5058 5130/5130/5130
f 5130/5130/5130 5058/5058/5058 5131/5131/5131
f 5058/5058/5058 5059/5059/5059 5131/5131/5131
f 5131/5131/5131 5059/5059/5059 5132/5132/5132
f 5059/5059/5059 5060/5060/5060 5132/5132/5132
f 5132/5132/5132 5060/5060/5060 5133/5133/5133
f 5060/5060/5060 5061/5061/5061 5133/5133/5133
f 5133/5133/5133 5061/5061/5061 5134/5134/5134
f 5061/5061/5061 5062/5062/5062 5134/5134/5134
f 5134/5134/5134 5062/5062/5062 5135/5135/5135
f 5062/5062/5062 5063/5063/5063 5135/5135/5135
f 5135/5135/5135 5063/5063/5063 5136/5136/5136
f 5063/5063/5063 5064/5064/5064 5136/5136/5136
f 5136/5136/5136 5064/5064/5064 5137/5137/5137
f 5064/5064/5064 5065/5065/5065 5137/5137/5137
f 5137/5137/5137 5065/5065/5065 5138/5138/5138
f 5065/5065/5065 5066/5066/5066 5138/5138/5138
f 5138/5138/5138 5066/5066/5066 5139/5139/5139
f 5066/5066/5066 5067/5067/5067 5139/5139/5139
f 5139/5139/5139 5067/5067/5067 5140/5140/5140
f 5067/5067/5067 5068/5068/5068 5140/5140/5140
f 5140/5140/5140 5068/5068/5068 5141/5141/5141
f 5068/5068/5068 5069/5069/5069 5141/5141/5141
f 5141/5141/5141 5069/5069/5069 5142/5142/5142
f 5069/5069/5069 5070/5070/5070 5142/5142/5142
f 5142/5142/5142 5070/5070/5070 5143/5143/5143
f 5070/5070/5070 5071/5071/5071 5143/5143/5143
f 5143/5143/5143 5071/5071/5071 5144/5144/5144
f 5071/5071/5071 5072/5072/5072 5144/5144/5144
f 5144/5144/5144 5072/5072/5072 5145/5145/5145
f 5072/5072/5072 5073/5073/5073 5145/5145/5145
f 5145/5145/5145 5073/5073/5073 5146/5146/5146
f 5073/5073/5073 5074/5074/5074 5146/5146/5146
f 5146/5146/5146 5074/5074/5074 5147/5147/5147
f 5074/5074/5074 5075/5075/5075 5147/5147/5147
f 5147/5147/5147 5075/5075/5075 5148/5148/5148
f 5075/5075/5075 5076/5076/5076 5148/5148/5148
f 5148/5148/5148 5076/5076/5076 5149/5149/5149
f 5076/5076/5076 5077/5077/5077 5149/5149/5149
f 5149/5149/5149 5077/5077/5077 5150/5150/5150
f 5077/5077/5077 5078/5078/5078 5150/5150/5150
f 5150/5150/5150 5078/5078/5078 5151/5151/5151
f 5078/5078/5078 5079/5079/5079 5151/5151/5151
f 5151/5151/5151 5079/5079/5079 5152/5152/5152
f 5079/5079/5079 5080/5080/5080 5152/5152/5152
f 5152/5152/5152 5080/5080/5080 5153/5153/5153
f 5080/5080/5080 5081/5081/5081 5153/5153/5153
f 5153/5153/5153 5081/5081/5081 5154/5154/5154
f 5081/5081/5081 5082/5082/5082 5154/5154/5154
f 5154/5154/5154 5082/5082/5082 5155/5155/5155
f 5082/5082/5082 5083/5083/5083 5155/5155/5155
f 5155/5155/5155 5083/5083/5083 5156/5156/5156
f 5083/5083/5083 5084/5084/5084 5156/5156/5156
f 5156/5156/5156 5084/5084/5084 5157/5157/5157
f 5084/5084/5084 5085/5085/5085 5157/5157/5157
f 5157/5157/5157 5085/5085/5085 5158/5158/5158
f 5085/5085/5085 5086/5086/5086 5158/5158/5158
f 5158/5158/5158 5086/5086/5086 5159/5159/5159
f 5086/5086/5086 5087/5087/5087 5159/5159/5159
f 5159/5159/5159 5087/5087/5087 5160/5160/5160
f 5087/5087/5087 5088/5088/5088 5160/5160/5160
f 5160/5160/5160 5088/5088/5088 5161/5161/5161
f 5088/5088/5088 5089/5089/5089 5161/5161/5161
f 5161/5161/5161 5089/5089/5089 5162/5162/5162
f 5089/5089/5089 5090/5090/5090 5162/5162/5162
f 5162/5162/5162 5090/5090/5090 5163/5163/5163
f 5090/5090/5090 5091/5091/5091 5163/5163/5163
f 5163/5163/5163 5091/5091/5091 5164/5164/5164
f 5091/5091/5091 5092/5092/5092 5164/5164/5164
f 5164/5164/5164 5092/5092/5092 5165/5165/5165
f 5092/5092/5092 5093/5093/5093 5165/5165/5165
f 5165/5165/5165 5093/5093/5093 5166/5166/5166
f 5093/5093/5093 5094/5094/5094 5166/5166/5166
f 5166/5166/5166 5094/5094/5094 5167/5167/5167
f 5094/5094/5094 5095/5095/5095 5167/5167/5167
f 5167/5167/5167 5095/5095/5095 5168/5168/5168
f 5095/5095/5095 5096/5096/5096 5168/5168/5168
f 5168/5168/5168 5096/5096/5096 5169/5169/5169
f 5096/5096/5096 5097/5097/5097 5169/5169/5169
f 5169/5169/5169 5097/5097/5097 5170/5170/5170
f 5097/5097/5097 5098/5098/5098 5170/5170/5170
f 5170/5170/5170 5098/5098/5098 5171/5171/5171
f 5098/5098/5098 5099/5099/5099 5171/5171/5171
f 5171/5171/5171 5099/5099/5099 5172/5172/5172
f 5099/5099/5099 5100/5100/5100 5172/5172/5172
f 5172/5172/5172 5100/5100/5100 5173/5173/5173
f 5100/5100/5100 5101/5101/5101 5173/5173/5173
f 5173/5173/5173 5101/5101/5101 5174/5174/5174
f 5101/5101/5101 5102/5102/5102 5174/5174/5174
f 5174/5174/5174 5102/5102/5102 5175/5175/5175
f 5102/5102/5102 5103/5103/5103 5175/5175/5175
f 5175/5175/5175 5103/5103/5103 5176/5176/5176
f 5103/5103/5103 5104/5104/5104 5176/5176/5176
f 5176/5176/5176 5104/5104/5104 5177/5177/5177
f 5104/5104/5104 5105/5105/5105 5177/5177/5177
f 5177/5177/5177 5105/5105/5105 5178/5178/5178
f 5105/5105/5105 5106/5106/5106 5178/5178/5178
f 5178/5178/5178 5106/5106/5106 5179/5179/5179
f 5106/5106/5106 5107/5107/5107 5179/5179/5179
f 5179/5179/5179 5107/5107/5107 5180/5180/5180
f 5107/5107/5107 5108/5108/5108 5180/5180/5180
f 5180/5180/5180 5108/5108/5108 5181/5181/5181
f 5108/5108/5108 5109/5109/5109 5181/5181/5181
f 5181/5181/5181 5109/5109/5109 5182/5182/5182
f 5109/5109/5109 5110/5110/5110 5182/5182/5182
f 5182/5182/5182 5110/5110/5110 5183/5183/5183
f 5111/5111/5111 5112/5112/5112 5184/5184/5184
f 5184/5184/5184 5112/5112/5112 5185/5185/5185
f 5112/5112/5112 5113/5113/5113 5185/5185/5185
f 5185/5185/5185 5113/5113/5113 5186/5186/5186
f 5113/5113/5113 5114/5114/5114 5186/5186/5186
f 5186/5186/5186 5114/5114/5114 5187/5187/5187
f 5114/5114/5114 5115/5115/5115 5187/5187/5187
f 5187/5187/5187 5115/5115/5115 5188/5188/5188
f 5115/5115/5115 5116/5116/5116 5188/5188/5188
f 5188/5188/5188 5116/5116/5116 5189/5189/5189
f 5116/5116/5116 5117/5117/5117 5189/5189/5189
f 5189/5189/5189 5117/5117/5117 5190/5190/5190
f 5117/5117/5117 5118/5118/5118 5190/5190/5190
f 5190/5190/5190 5118/5118/5118 5191/5191/5191
f 5118/5118/5118 5119/5119/5119 5191/5191/5191
f 5191/5191/5191 5119/5119/5119 5192/5192/5192
f 5119/5119/5119 5120/5120/5120 5192/5192/5192
f 5192/5192/5192 5120/5120/5120 5193/5193/5193
f 5120/5120/5120 5121/5121/5121 5193/5193/5193
f 5193/5193/5193 5121/5121/5121 5194/5194/5194
f 5121/5121/5121 5122/5122/5122 5194/5194/5194
f 5194/5194/5194 5122/5122/5122 5195/5195/5195
f 5122/5122/5122 5123/5123/5123 5195/5195/5195
f 5195/5195/5195 5123/5123/5123 5196/5196/5196
f 5123/5123/5123 5124/5124/5124 5196/5196/5196
f 5196/5196/5196 5124/5124/5124 5197/5197/5197
f 5124/5124/5124 5125/5125/5125 5197/5197/5197
f 5197/5197/5197 5125/5125/5125 5198/5198/5198
f 5125/5125/5125 5126/5126/5126 5198/5198/5198
f 5198/5198/5198 5126/5126/5126 5199/5199/5199
f 5126/5126/5126 5127/5127/5127 5199/5199/5199
f 5199/5199/5199 5127/5127/5127 5200/5200/5200
f 5127/5127/5127 5128/5128/5128 5200/5200/5200
f 5200/5200/5200 5128/5128/5128 5201/5201/5201
f 5128/5128/5128 5129/5129/5129 5201/5201/5201
f 5201/5201/5201 5129/5129/5129 5202/5202/5202
f 5129/5129/5129 5130/5130/5130 5202/5202/5202
f 5202/5202/5202 5130/5130/5130 5203/5203/5203
f 5130/5130/5130 5131/5131/5131 5203/5203/5203
f 5203/5203/5203 5131/5131/5131 5204/5204/5204
f 5131/5131/5131 5132/5132/5132 5204/5204/5204
f 5204/5204/5204 5132/5132/5132 5205/5205/5205
f 5132/5132/5132 5133/5133/5133 5205/5205/5205
f 5205/5205/5205 5133/5133/5133 5206/5206/5206
f 5133/5133/5133 5134/5134/5134 5206/5206/5206
f 5206/5206/5206 5134/5134/5134 5207/5207/5207
f 5134/5134/5134 5135/5135/5135 5207/5207/5207
f 5207/5207/5207 5135/5135/5135 5208/5208/5208
f 5135/5135/5135 5136/5136/5136 5208/5208/5208
f 5208/5208/5208 5136/5136/5136 5209/5209/5209
f 5136/5136/5136 5137/5137/5137 5209/5209/5209
f 5209/5209/5209 5137/5137/5137 5210/5210/5210
f 5137/5137/5137 5138/5138/5138 5210/5210/5210
f 5210/5210/5210 5138/5138/5138 5211/5211/5211
f 5138/5138/5138 5139/5139/5139 5211/5211/5211
f 5211/5211/5211 5139/5139/5139 5212/5212/5212
f 5139/5139/5139 5140/5140/5140 5212/5212/5212
f 5212/5212/5212 5140/5140/5140 5213/5213/5213
f 5140/5140/5140 5141/5141/5141 5213/5213/5213
f 5213/5213/5213 5141/5141/5141 5214/5214/5214
f 5141/5141/5141 5142/5142/5142 5214/5214/5214
f 5214/5214/5214 5142/5142/5142 5215/5215/5215
f 5142/5142/5142 5143/5143/5143 5215/5215/5215
f 5215/5215/5215 5143/5143/5143 5216/5216/5216
f 5143/5143/5143 5144/5144/5144 5216/5216/5216
f 5216/5216/5216 5144/5144/5144 5217/5217/5217
f 5144/5144/5144 5145/5145/5145 5217/5217/5217
f 5217/5217/5217 5145/5145/5145 5218/5218/5218
f 5145/5145/5145 5146/5146/5146 5218/5218/5218
f 5218/5218/5218 5146/5146/5146 5219/5219/5219
f 5146/5146/5146 5147/5147/5147 5219/5219/5219
f 5219/5219/5219 5147/5147/5147 5220/5220/5220
f 5147/5147/5147 5148/5148/5148 5220/5220/5220
f 5220/5220/5220 5148/5148/5148 5221/5221/5221
f 5148/5148/5148 5149/5149/5149 5221/5221/5221
f 5221/5221/5221 5149/5149/5149 5222/5222/5222
f 5149/5149/5149 5150/5150/5150 5222/5222/5222
f 5222/5222/5222 5150/5150/5150 5223/5223/5223
f 5150/5150/5150 5151/5151/5151 5223/5223/5223
f 5223/5223/5223 5151/5151/5151 5224/5224/5224
f 5151/5151/5151 5152/5152/5152 5224/5224/5224
f 5224/5224/5224 5152/5152/5152 5225/5225/5225
f 5152/5152/5152 5153/5153/5153 5225/5225/5225
f 5225/5225/5225 5153/5153/5153 5226/5226/5226
f 5153/5153/5153 5154/5154/5154 5226/5226/5226
f 5226/5226/5226 5154/5154/5154 5227/5227/5227
f 5154/5154/5154 5155/5155/5155 5227/5227/5227
f 5227/5227/5227 5155/5155/5155 5228/5228/5228
f 5155/5155/5155 5156/5156/5156 5228/5228/5228
f 5228/5228/5228 5156/5156/5156 5229/5229/5229
f 5156/5156/5156 5157/5157/5157 5229/5229/5229
f 5229/5229/5229 5157/5157/5157 5230/5230/5230
f 5157/5157/5157 5158/5158/5158 5230/5230/5230
f 5230/5230/5230 5158/5158/5158 5231/5231/5231
f 5158/5158/5158 5159/5159/5159 5231/5231/5231
f 5231/5231/5231 5159/5159/5159 5232/5232/5232
f 5159/5159/5159 5160/5160/5160 5232/5232/5232
f 5232/5232/5232 5160/5160/5160 5233/5233/5233
f 5160/5160/5160 5161/5161/5161 5233/5233/5233
f 5233/5233/5233 5161/5161/5161 5234/5234/5234
f 5161/5161/5161 5162/5162/5162 5234/5234/5234
f 5234/5234/5234 5162/5162/5162 5235/5235/5235
f 5162/5162/5162 5163/5163/5163 5235/5235/5235
f 5235/5235/5235 5163/5163/5163 5236/5236/5236
f 5163/5163/5163 5164/5164/5164 5236/5236/5236
f 5236/5236/5236 5164/5164/5164 5237/5237/5237
f 5164/5164/5164 5165/5165/5165 5237/5237/5237
f 5237/5237/5237 5165/5165/5165 5238/5238/5238
f 5165/5165/5165 5166/5166/5166 5238/5238/5238
f 5238/5238/5238 5166/5166/5166 5239/5239/5239
f 5166/5166/5166 5167/5167/5167 5239/5239/5239
f 5239/5239/5239 5167/5167/5167 5240/5240/5240
f 5167/5167/5167 5168/5168/5168 5240/5240/5240
f 5240/5240/5240 5168/5168/5168 5241/5241/5241
f 5168/5168/5168 5169/5169/5169 5241/5241/5241
f 5241/5241/5241 5169/5169/5169 5242/5242/5242
f 5169/5169/5169 5170/5170/5170 5242/5242/5242
f 5242/5242/5242 5170/5170/5170 5243/5243/5243
f 5170/5170/5170 5171/5171/5171 5243/5243/5243
f 5243/5243/5243 5171/5171/5171 5244/5244/5244
f 5171/5171/5171 5172/5172/5172 5244/5244/5244
f 5244/5244/5244 5172/5172/5172 5245/5245/5245
f 5172/5172/5172 5173/5173/5173 5245/5245/5245
f 5245/5245/5245 5173/5173/5173 5246/5246/5246
f 5173/5173/5173 5174/5174/5174 5246/5246/5246
f 5246/5246/5246 5174/5174/5174 5247/5247/5247
f 5174/5174/5174 5175/5175/5175 5247/5247/5247
f 5247/5247/5247 5175/5175/5175 5248/5248/5248
f 5175/5175/5175 5176/5176/5176 5248/5248/5248
f 5248/5248/5248 5176/5176/5176 5249/5249/5249
f 5176/5176/5176 5177/5177/5177 5249/5249/5249
f 5249/5249/5249 5177/5177/5177 5250/5250/5250
f 5177/5177/5177 5178/5178/5178 5250/5250/5250
f 5250/5250/5250 5178/5178/5178 5251/5251/5251
f 5178/5178/5178 5179/5179/5179 5251/5251/5251
f 5251/5251/5251 5179/5179/5179 5252/5252/5252
f 5179/5179/5179 5180/5180/5180 5252/5252/5252
f 5252/5252/5252 5180/5180/5180 5253/5253/5253
f 5180/5180/5180 5181/5181/5181 5253/5253/5253
f 5253/5253/5253 5181/5181/5181 5254/5254/5254
f 5181/5181/5181 5182/5182/5182 5254/5254/5254
f 5254/5254/5254 5182/5182/5182 5255/5255/5255
f 5182/5182/5182 5183/5183/5183 5255/5255/5255
f 5255/5255/5255 5183/5183/5183 5256/5256/5256
f 5184/5184/5184 5185/5185/5185 5257/5257/5257
f 5257/5257/5257 5185/5185/5185 5258/5258/5258
f 5185/5185/5185 5186/5186/5186 5258/5258/5258
f 5258/5258/5258 5186/5186/5186 5259/5259/5259
f 5186/5186/5186 5187/5187/5187 5259/5259/5259
f 5259/5259/5259 5187/5187/5187 5260/5260/5260
f 5187/5187/5187 5188/5188/5188 5260/5260/5260
f 5260/5260/5260 5188/5188/5188 5261/5261/5261
f 5188/5188/5188 5189/5189/5189 5261/5261/5261
f 5261/5261/5261 5189/5189/5189 5262/5262/5262
f 5189/5189/5189 5190/5190/5190 5262/5262/5262
f 5262/5262/5262 5190/5190/5190 5263/5263/5263
f 5190/5190/5190 5191/5191/5191 5263/5263/5263
f 5263/5263/5263 5191/5191/5191 5264/5264/5264
f 5191/5191/5191 5192/5192/5192 5264/5264/5264
f 5264/5264/5264 5192/5192/5192 5265/5265/5265
f 5192/5192/5192 5193/5193/5193 5265/5265/5265
f 5265/5265/5265 5193/5193/5193 5266/5266/5266
f 5193/5193/5193 5194/5194/5194 5266/5266/5266
f 5266/5266/5266 5194/5194/5194 5267/5267/5267
f 5194/5194/5194 5195/5195/5195 5267/5267/5267
f 5267/5267/5267 5195/5195/5195 5268/5268/5268
f 5195/5195/5195 5196/5196/5196 5268/5268/5268
f 5268/5268/5268 5196/5196/5196 5269/5269/5269
f 5196/5196/5196 5197/5197/5197 5269/5269/5269
f 5269/5269/5269 5197/5197/5197 5270/5270/5270
f 5197/5197/5197 5198/5198/5198 5270/5270/5270
f 5270/5270/5270 5198/5198/5198 5271/5271/5271
f 5198/5198/5198 5199/5199/5199 5271/5271/5271
f 5271/5271/5271 5199/5199/5199 5272/5272/5272
f 5199/5199/5199 5200/5200/5200 5272/5272/5272
f 5272/5272/5272 5200/5200/5200 5273/5273/5273
f 5200/5200/5200 5201/5201/5201 5273/5273/5273
f 5273/5273/5273 5201/5201/5201 5274/5274/5274
f 5201/5201/5201 5202/5202/5202 5274/5274/5274
f 5274/5274/5274 5202/5202/5202 5275/5275/5275
f 5202/5202/5202 5203/5203/5203 5275/5275/5275
f 5275/5275/5275 5203/5203/5203 5276/5276/5276
f 5203/5203/5203 5204/5204/5204 5276/5276/5276
f 5276/5276/5276 5204/5204/5204 5277/5277/5277
f 5204/5204/5204 5205/5205/5205 5277/5277/5277
f 5277/5277/5277 5205/5205/5205 5278/5278/5278
f 5205/5205/5205 5206/5206/5206 5278/5278/5278
f 5278/5278/5278 5206/5206/5206 5279/5279/5279
f 5206/5206/5206 5207/5207/5207 5279/5279/5279
f 5279/5279/5279 5207/5207/5207 5280/5280/5280
f 5207/5207/5207 5208/5208/5208 5280/5280/5280
f 5280/5280/5280 5208/5208/5208 5281/5281/5281
f 5208/5208/5208 5209/5209/5209 5281/5281/5281
f 5281/5281/5281 5209/5209/5209 5282/5282/5282
f 5209/5209/5209 5210/5210/5210 5282/5282/5282
f 5282/5282/5282 5210/5210/5210 5283/5283/5283
f 5210/5210/5210 5211/5211/5211 5283/5283/5283
f 5283/5283/5283 5211/5211/5211 5284/5284/5284
f 5211/5211/5211 5212/5212/5212 5284/5284/5284
f 5284/5284/5284 5212/5212/5212 5285/5285/5285
f 5212/5212/5212 5213/5213/5213 5285/5285/5285
f 5285/5285/5285 5213/5213/5213 5286/5286/5286
f 5213/5213/5213 5214/5214/5214 5286/5286/5286
f 5286/5286/5286 5214/5214/5214 5287/5287/5287
f 5214/5214/5214 5215/5215/5215 5287/5287/5287
f 5287/5287/5287 5215/5215/5215 5288/5288/5288
f 5215/5215/5215 5216/5216/5216 5288/5288/5288
f 5288/5288/5288 5216/5216/5216 5289/5289/5289
f 5216/5216/5216 5217/5217/5217 5289/5289/5289
f 5289/5289/5289 5217/5217/5217 5290/5290/5290
f 5217/5217/5217 5218/5218/5218 5290/5290/5290
f 5290/5290/5290 5218/5218/5218 5291/5291/5291
f 5218/5218/5218 5219/5219/5219 5291/5291/5291
f 5291/5291/5291 5219/5219/5219 5292/5292/5292
f 5219/5219/5219 5220/5220/5220 5292/5292/5292
f 5292/5292/5292 5220/5220/5220 5293/5293/5293
f 5220/5220/5220 5221/5221/5221 5293/5293/5293
f 5293/5293/5293 5221/5221/5221 5294/5294/5294
f 5221/5221/5221 5222/5222/5222 5294/5294/5294
f 5294/5294/5294 5222/5222/5222 5295/5295/5295
f 5222/5222/5222 5223/5223/5223 5295/5295/5295
f 5295/5295/5295 5223/5223/5223 5296/5296/5296
f 5223/5223/5223 5224/5224/5224 5296/5296/5296
f 5296/5296/5296 5224/5224/5224 5297/5297/5297
f 5224/5224/5224 5225/5225/5225 5297/5297/5297
f 5297/5297/5297 5225/5225/5225 5298/5298/5298
f 5225/5225/5225 5226/5226/5226 5298/5298/5298
f 5298/5298/5298 5226/5226/5226 5299/5299/5299
f 5226/5226/5226 5227/5227/5227 5299/5299/5299
f 5299/5299/5299 5227/5227/5227 5300/5300/5300
f 5227/5227/5227 5228/5228/5228 5300/5300/5300
f 5300/5300/5300 5228/5228/5228 5301/5301/5301
f 5228/5228/5228 5229/5229/5229 5301/5301/5301
f 5301/5301/5301 5229/5229/5229 5302/5302/5302
f 5229/5229/5229 5230/5230/5230 5302/5302/5302
f 5302/5302/5302 5230/5230/5230 5303/5303/5303
f 5230/5230/5230 5231/5231/5231 5303/5303/5303
f 5303/5303/5303 5231/5231/5231 5304/5304/5304
f 5231/5231/5231 5232/5232/5232 5304/5304/5304
f 5304/5304/5304 5232/5232/5232 5305/5305/5305
f 5232/5232/5232 5233/5233/5233 5305/5305/5305
f 5305/5305/5305 5233/5233/5233 5306/5306/5306
f 5233/5233/5233 5234/5234/5234 5306/5306/5306
f 5306/5306/5306 5234/5234/5234 5307/5307/5307
f 5234/5234/5234 5235/5235/5235 5307/5307/5307
f 5307/5307/5307 5235/5235/5235 5308/5308/5308
f 5235/5235/5235 5236/5236/5236 5308/5308/5308
f 5308/5308/5308 5236/5236/5236 5309/5309/5309
f 5236/5236/5236 5237/5237/5237 5309/5309/5309
f 5309/5309/5309 5237/5237/5237 5310/5310/5310
f 5237/5237/5237 5238/5238/5238 5310/5310/5310
f 5310/5310/5310 5238/5238/5238 5311/5311/5311
f 5238/5238/5238 5239/5239/5239 5311/5311/5311
f 5311/5311/5311 5239/5239/5239 5312/5312/5312
f 5239/5239/5239 5240/5240/5240 5312/5312/5312
f 5312/5312/5312 5240/5240/5240 5313/5313/5313
f 5240/5240/5240 5241/5241/5241 5313/5313/5313
f 5313/5313/5313 5241/5241/5241 5314/5314/5314
f 5241/5241/5241 5242/5242/5242 5314/5314/5314
f 5314/5314/5314 5242/5242/5242 5315/5315/5315
f 5242/5242/5242 5243/5243/5243 5315/5315/5315
f 5315/5315/5315 5243/5243/5243 5316/5316/5316
f 5243/5243/5243 5244/5244/5244 5316/5316/5316
f 5316/5316/5316 5244/5244/5244 5317/5317/5317
f 5244/5244/5244 5245/5245/5245 5317/5317/5317
f 5317/5317/5317 5245/5245/5245 5318/5318/5318
f 5245/5245/5245 5246/5246/5246 5318/5318/5318
f 5318/5318/5318 5246/5246/5246 5319/5319/5319
f 5246/5246/5246 5247/5247/5247 5319/5319/5319
f 5319/5319/5319 5247/5247/5247 5320/5320/5320
f 5247/5247/5247 5248/5248/5248 5320/5320/5320
f 5320/5320/5320 5248/5248/5248 5321/5321/5321
f 5248/5248/5248 5249/5249/5249 5321/5321/5321
f 5321/5321/5321 5249/5249/5249 5322/5322/5322
f 5249/5249/5249 5250/5250/5250 5322/5322/5322
f 5322/5322/5322 5250/5250/5250 5323/5323/5323
f 5250/5250/5250 5251/5251/5251 5323/5323/5323
f 5323/5323/5323 5251/5251/5251 5324/5324/5324
f 5251/5251/5251 5252/5252/5252 5324/5324/5324
f 5324/5324/5324 5252/5252/5252 5325/5325/5325
f 5252/5252/5252 5253/5253/5253 5325/5325/5325
f 5325/5325/5325 5253/5253/5253 5326/5326/5326
f 5253/5253/5253 5254/5254/5254 5326/5326/5326
f 5326/5326/5326 5254/5254/5254 5327/5327/5327
f 5254/5254/5254 5255/5255/5255 5327/5327/5327
f 5327/5327/5327 5255/5255/5255 5328/5328/5328
f 5255/5255/5255 5256/5256/5256 5328/5328/5328
f 5328/5328/5328 5256/5256/5256 5329/5329/5329
