# Sancta editable mesh extracted from the approved reference, cm, Z up
v 0.0 0.0 100.0
v 0.0 0.0 100.0
v 0.0 0.0 100.0
v 0.0 0.0 100.0
v 0.0 0.0 100.0
v 0.0 0.0 100.0
v 0.0 0.0 100.0
v 0.0 0.0 100.0
v 0.0 0.0 100.0
v 0.0 0.0 100.0
v 0.0 0.0 100.0
v 0.0 0.0 100.0
v 0.0 0.0 100.0
v 0.0 0.0 100.0
v 0.0 0.0 100.0
v 0.0 0.0 100.0
v 0.0 0.0 100.0
v 0.0 0.0 100.0
v 0.0 0.0 100.0
v 0.0 0.0 100.0
v 0.0 0.0 100.0
v 0.0 0.0 100.0
v 0.0 0.0 100.0
v 0.0 0.0 100.0
v 0.0 0.0 100.0
v 0.0 0.0 100.0
v 0.0 0.0 100.0
v 0.0 0.0 100.0
v 0.0 0.0 100.0
v 0.0 0.0 100.0
v 0.0 0.0 100.0
v 0.0 0.0 100.0
v 0.0 0.0 100.0
v 0.0 0.0 100.0
v 0.0 0.0 100.0
v 0.0 0.0 100.0
v 0.0 0.0 100.0
v 0.0 0.0 100.0
v 0.0 0.0 100.0
v 0.0 0.0 100.0
v 0.0 0.0 100.0
v 0.0 -8.71557444 99.619472
v -1.3634162 -8.60827118 99.619472
v -2.69326065 -8.28900337 99.619472
v -3.95678803 -7.76563361 99.619472
v -5.12288585 -7.05104768 99.619472
v -6.16284162 -6.16284162 99.619472
v -7.05104768 -5.12288585 99.619472
v -7.76563361 -3.95678803 99.619472
v -8.28900337 -2.69326065 99.619472
v -8.60827118 -1.3634162 99.619472
v -8.71557444 -5.33675011e-16 99.619472
v -8.60827118 1.3634162 99.619472
v -8.28900337 2.69326065 99.619472
v -7.76563361 3.95678803 99.619472
v -7.05104768 5.12288585 99.619472
v -6.16284162 6.16284162 99.619472
v -5.12288585 7.05104768 99.619472
v -3.95678803 7.76563361 99.619472
v -2.69326065 8.28900337 99.619472
v -1.3634162 8.60827118 99.619472
v -1.06735002e-15 8.71557444 99.619472
v 1.3634162 8.60827118 99.619472
v 2.69326065 8.28900337 99.619472
v 3.95678803 7.76563361 99.619472
v 5.12288585 7.05104768 99.619472
v 6.16284162 6.16284162 99.619472
v 7.05104768 5.12288585 99.619472
v 7.76563361 3.95678803 99.619472
v 8.28900337 2.69326065 99.619472
v 8.60827118 1.3634162 99.619472
v 8.71557444 1.60102495e-15 99.619472
v 8.60827118 -1.3634162 99.619472
v 8.28900337 -2.69326065 99.619472
v 7.76563361 -3.95678803 99.619472
v 7.05104768 -5.12288585 99.619472
v 6.16284162 -6.16284162 99.619472
v 5.12288585 -7.05104768 99.619472
v 3.95678803 -7.76563361 99.619472
v 2.69326065 -8.28900337 99.619472
v 1.3634162 -8.60827118 99.619472
v 2.13470004e-15 -8.71557444 99.619472
v 0.0 -17.3648179 98.480773
v -2.71645598 -17.1510279 98.480773
v -5.36602363 -16.5149227 98.480773
v -7.88346231 -15.4721662 98.480773
v -10.2067836 -14.0484333 98.480773
v -12.2787803 -12.2787803 98.480773
v -14.0484333 -10.2067836 98.480773
v -15.4721662 -7.88346231 98.480773
v -16.5149227 -5.36602363 98.480773
v -17.1510279 -2.71645598 98.480773
v -17.3648179 -1.0632884e-15 98.480773
v -17.1510279 2.71645598 98.480773
v -16.5149227 5.36602363 98.480773
v -15.4721662 7.88346231 98.480773
v -14.0484333 10.2067836 98.480773
v -12.2787803 12.2787803 98.480773
v -10.2067836 14.0484333 98.480773
v -7.88346231 15.4721662 98.480773
v -5.36602363 16.5149227 98.480773
v -2.71645598 17.1510279 98.480773
v -2.1265768e-15 17.3648179 98.480773
v 2.71645598 17.1510279 98.480773
v 5.36602363 16.5149227 98.480773
v 7.88346231 15.4721662 98.480773
v 10.2067836 14.0484333 98.480773
v 12.2787803 12.2787803 98.480773
v 14.0484333 10.2067836 98.480773
v 15.4721662 7.88346231 98.480773
v 16.5149227 5.36602363 98.480773
v 17.1510279 2.71645598 98.480773
v 17.3648179 3.1898652e-15 98.480773
v 17.1510279 -2.71645598 98.480773
v 16.5149227 -5.36602363 98.480773
v 15.4721662 -7.88346231 98.480773
v 14.0484333 -10.2067836 98.480773
v 12.2787803 -12.2787803 98.480773
v 10.2067836 -14.0484333 98.480773
v 7.88346231 -15.4721662 98.480773
v 5.36602363 -16.5149227 98.480773
v 2.71645598 -17.1510279 98.480773
v 4.2531536e-15 -17.3648179 98.480773
v 0.0 -25.8819044 96.5925813
v -4.0488217 -25.563255 96.5925813
v -7.99794868 -24.6151537 96.5925813
v -11.7501386 -23.0609462 96.5925813
v -15.2130023 -20.9389001 96.5925813
v -18.3012709 -18.3012709 96.5925813
v -20.9389001 -15.2130023 96.5925813
v -23.0609462 -11.7501386 96.5925813
v -24.6151537 -7.99794868 96.5925813
v -25.563255 -4.0488217 96.5925813
v -25.8819044 -1.58480956e-15 96.5925813
v -25.563255 4.0488217 96.5925813
v -24.6151537 7.99794868 96.5925813
v -23.0609462 11.7501386 96.5925813
v -20.9389001 15.2130023 96.5925813
v -18.3012709 18.3012709 96.5925813
v -15.2130023 20.9389001 96.5925813
v -11.7501386 23.0609462 96.5925813
v -7.99794868 24.6151537 96.5925813
v -4.0488217 25.563255 96.5925813
v -3.16961913e-15 25.8819044 96.5925813
v 4.0488217 25.563255 96.5925813
v 7.99794868 24.6151537 96.5925813
v 11.7501386 23.0609462 96.5925813
v 15.2130023 20.9389001 96.5925813
v 18.3012709 18.3012709 96.5925813
v 20.9389001 15.2130023 96.5925813
v 23.0609462 11.7501386 96.5925813
v 24.6151537 7.99794868 96.5925813
v 25.563255 4.0488217 96.5925813
v 25.8819044 4.75442869e-15 96.5925813
v 25.563255 -4.0488217 96.5925813
v 24.6151537 -7.99794868 96.5925813
v 23.0609462 -11.7501386 96.5925813
v 20.9389001 -15.2130023 96.5925813
v 18.3012709 -18.3012709 96.5925813
v 15.2130023 -20.9389001 96.5925813
v 11.7501386 -23.0609462 96.5925813
v 7.99794868 -24.6151537 96.5925813
v 4.0488217 -25.563255 96.5925813
v 6.33923825e-15 -25.8819044 96.5925813
v 0.0 -34.2020154 93.9692616
v -5.35037369 -33.7809294 93.9692616
v -10.569004 -32.5280488 93.9692616
v -15.5273899 -30.4742187 93.9692616
v -20.1034397 -27.6700109 93.9692616
v -24.1844758 -24.1844758 93.9692616
v -27.6700109 -20.1034397 93.9692616
v -30.4742187 -15.5273899 93.9692616
v -32.5280488 -10.569004 93.9692616
v -33.7809294 -5.35037369 93.9692616
v -34.2020154 -2.09426944e-15 93.9692616
v -33.7809294 5.35037369 93.9692616
v -32.5280488 10.569004 93.9692616
v -30.4742187 15.5273899 93.9692616
v -27.6700109 20.1034397 93.9692616
v -24.1844758 24.1844758 93.9692616
v -20.1034397 27.6700109 93.9692616
v -15.5273899 30.4742187 93.9692616
v -10.569004 32.5280488 93.9692616
v -5.35037369 33.7809294 93.9692616
v -4.18853888e-15 34.2020154 93.9692616
v 5.35037369 33.7809294 93.9692616
v 10.569004 32.5280488 93.9692616
v 15.5273899 30.4742187 93.9692616
v 20.1034397 27.6700109 93.9692616
v 24.1844758 24.1844758 93.9692616
v 27.6700109 20.1034397 93.9692616
v 30.4742187 15.5273899 93.9692616
v 32.5280488 10.569004 93.9692616
v 33.7809294 5.35037369 93.9692616
v 34.2020154 6.28280799e-15 93.9692616
v 33.7809294 -5.35037369 93.9692616
v 32.5280488 -10.569004 93.9692616
v 30.4742187 -15.5273899 93.9692616
v 27.6700109 -20.1034397 93.9692616
v 24.1844758 -24.1844758 93.9692616
v 20.1034397 -27.6700109 93.9692616
v 15.5273899 -30.4742187 93.9692616
v 10.569004 -32.5280488 93.9692616
v 5.35037369 -33.7809294 93.9692616
v 8.37707776e-15 -34.2020154 93.9692616
v 0.0 -42.261827 90.6307817
v -6.61120638 -41.7415142 90.6307817
v -13.059622 -40.1933849 90.6307817
v -19.1864669 -37.6555622 90.6307817
v -24.840878 -34.1905355 90.6307817
v -29.8836231 -29.8836231 90.6307817
v -34.1905355 -24.840878 90.6307817
v -37.6555622 -19.1864669 90.6307817
v -40.1933849 -13.059622 90.6307817
v -41.7415142 -6.61120638 90.6307817
v -42.261827 -2.58779054e-15 90.6307817
v -41.7415142 6.61120638 90.6307817
v -40.1933849 13.059622 90.6307817
v -37.6555622 19.1864669 90.6307817
v -34.1905355 24.840878 90.6307817
v -29.8836231 29.8836231 90.6307817
v -24.840878 34.1905355 90.6307817
v -19.1864669 37.6555622 90.6307817
v -13.059622 40.1933849 90.6307817
v -6.61120638 41.7415142 90.6307817
v -5.17558108e-15 42.261827 90.6307817
v 6.61120638 41.7415142 90.6307817
v 13.059622 40.1933849 90.6307817
v 19.1864669 37.6555622 90.6307817
v 24.840878 34.1905355 90.6307817
v 29.8836231 29.8836231 90.6307817
v 34.1905355 24.840878 90.6307817
v 37.6555622 19.1864669 90.6307817
v 40.1933849 13.059622 90.6307817
v 41.7415142 6.61120638 90.6307817
v 42.261827 7.76337129e-15 90.6307817
v 41.7415142 -6.61120638 90.6307817
v 40.1933849 -13.059622 90.6307817
v 37.6555622 -19.1864669 90.6307817
v 34.1905355 -24.840878 90.6307817
v 29.8836231 -29.8836231 90.6307817
v 24.840878 -34.1905355 90.6307817
v 19.1864669 -37.6555622 90.6307817
v 13.059622 -40.1933849 90.6307817
v 6.61120638 -41.7415142 90.6307817
v 1.03511622e-14 -42.261827 90.6307817
v 0.0 -50.0 86.6025388
v -7.82172307 -49.3844181 86.6025388
v -15.4508501 -47.552827 86.6025388
v -22.6995245 -44.5503265 86.6025388
v -29.3892622 -40.4508501 86.6025388
v -35.3553385 -35.3553385 86.6025388
v -40.4508501 -29.3892622 86.6025388
v -44.5503265 -22.6995245 86.6025388
v -47.552827 -15.4508501 86.6025388
v -49.3844181 -7.82172307 86.6025388
v -50.0 -3.06161713e-15 86.6025388
v -49.3844181 7.82172307 86.6025388
v -47.552827 15.4508501 86.6025388
v -44.5503265 22.6995245 86.6025388
v -40.4508501 29.3892622 86.6025388
v -35.3553385 35.3553385 86.6025388
v -29.3892622 40.4508501 86.6025388
v -22.6995245 44.5503265 86.6025388
v -15.4508501 47.552827 86.6025388
v -7.82172307 49.3844181 86.6025388
v -6.12323426e-15 50.0 86.6025388
v 7.82172307 49.3844181 86.6025388
v 15.4508501 47.552827 86.6025388
v 22.6995245 44.5503265 86.6025388
v 29.3892622 40.4508501 86.6025388
v 35.3553385 35.3553385 86.6025388
v 40.4508501 29.3892622 86.6025388
v 44.5503265 22.6995245 86.6025388
v 47.552827 15.4508501 86.6025388
v 49.3844181 7.82172307 86.6025388
v 50.0 9.18485073e-15 86.6025388
v 49.3844181 -7.82172307 86.6025388
v 47.552827 -15.4508501 86.6025388
v 44.5503265 -22.6995245 86.6025388
v 40.4508501 -29.3892622 86.6025388
v 35.3553385 -35.3553385 86.6025388
v 29.3892622 -40.4508501 86.6025388
v 22.6995245 -44.5503265 86.6025388
v 15.4508501 -47.552827 86.6025388
v 7.82172307 -49.3844181 86.6025388
v 1.22464685e-14 -50.0 86.6025388
v 0.0 -57.357645 81.9152057
v -8.97271261 -56.651473 81.9152057
v -17.7244872 -54.5503616 81.9152057
v -26.0398239 -51.1060357 81.9152057
v -33.7139755 -46.4033097 81.9152057
v -40.5579776 -40.5579776 81.9152057
v -46.4033097 -33.7139755 81.9152057
v -51.1060357 -26.0398239 81.9152057
v -54.5503616 -17.7244872 81.9152057
v -56.651473 -8.97271261 81.9152057
v -57.357645 -3.51214271e-15 81.9152057
v -56.651473 8.97271261 81.9152057
v -54.5503616 17.7244872 81.9152057
v -51.1060357 26.0398239 81.9152057
v -46.4033097 33.7139755 81.9152057
v -40.5579776 40.5579776 81.9152057
v -33.7139755 46.4033097 81.9152057
v -26.0398239 51.1060357 81.9152057
v -17.7244872 54.5503616 81.9152057
v -8.97271261 56.651473 81.9152057
v -7.02428541e-15 57.357645 81.9152057
v 8.97271261 56.651473 81.9152057
v 17.7244872 54.5503616 81.9152057
v 26.0398239 51.1060357 81.9152057
v 33.7139755 46.4033097 81.9152057
v 40.5579776 40.5579776 81.9152057
v 46.4033097 33.7139755 81.9152057
v 51.1060357 26.0398239 81.9152057
v 54.5503616 17.7244872 81.9152057
v 56.651473 8.97271261 81.9152057
v 57.357645 1.05364281e-14 81.9152057
v 56.651473 -8.97271261 81.9152057
v 54.5503616 -17.7244872 81.9152057
v 51.1060357 -26.0398239 81.9152057
v 46.4033097 -33.7139755 81.9152057
v 40.5579776 -40.5579776 81.9152057
v 33.7139755 -46.4033097 81.9152057
v 26.0398239 -51.1060357 81.9152057
v 17.7244872 -54.5503616 81.9152057
v 8.97271261 -56.651473 81.9152057
v 1.40485708e-14 -57.357645 81.9152057
v 0.0 -64.2787635 76.6044438
v -10.0554138 -63.4873807 76.6044438
v -19.86323 -61.132735 76.6044438
v -29.1819483 -57.2727978 76.6044438
v -37.7821088 -52.0026088 76.6044438
v -45.451948 -45.451948 76.6044438
v -52.0026088 -37.7821088 76.6044438
v -57.2727978 -29.1819483 76.6044438
v -61.132735 -19.86323 76.6044438
v -63.4873807 -10.0554138 76.6044438
v -64.2787635 -3.9359391e-15 76.6044438
v -63.4873807 10.0554138 76.6044438
v -61.132735 19.86323 76.6044438
v -57.2727978 29.1819483 76.6044438
v -52.0026088 37.7821088 76.6044438
v -45.451948 45.451948 76.6044438
v -37.7821088 52.0026088 76.6044438
v -29.1819483 57.2727978 76.6044438
v -19.86323 61.132735 76.6044438
v -10.0554138 63.4873807 76.6044438
v -7.8718782e-15 64.2787635 76.6044438
v 10.0554138 63.4873807 76.6044438
v 19.86323 61.132735 76.6044438
v 29.1819483 57.2727978 76.6044438
v 37.7821088 52.0026088 76.6044438
v 45.451948 45.451948 76.6044438
v 52.0026088 37.7821088 76.6044438
v 57.2727978 29.1819483 76.6044438
v 61.132735 19.86323 76.6044438
v 63.4873807 10.0554138 76.6044438
v 64.2787635 1.18078166e-14 76.6044438
v 63.4873807 -10.0554138 76.6044438
v 61.132735 -19.86323 76.6044438
v 57.2727978 -29.1819483 76.6044438
v 52.0026088 -37.7821088 76.6044438
v 45.451948 -45.451948 76.6044438
v 37.7821088 -52.0026088 76.6044438
v 29.1819483 -57.2727978 76.6044438
v 19.86323 -61.132735 76.6044438
v 10.0554138 -63.4873807 76.6044438
v 1.57437564e-14 -64.2787635 76.6044438
v 0.0 -70.7106769 70.7106769
v -11.0615872 -69.8401153 70.7106769
v -21.8508005 -67.2498524 70.7106769
v -32.1019769 -63.0036771 70.7106769
v -41.5626943 -57.2061419 70.7106769
v -50.0 -50.0 70.7106769
v -57.2061419 -41.5626943 70.7106769
v -63.0036771 -32.1019769 70.7106769
v -67.2498524 -21.8508005 70.7106769
v -69.8401153 -11.0615872 70.7106769
v -70.7106769 -4.3297803e-15 70.7106769
v -69.8401153 11.0615872 70.7106769
v -67.2498524 21.8508005 70.7106769
v -63.0036771 32.1019769 70.7106769
v -57.2061419 41.5626943 70.7106769
v -50.0 50.0 70.7106769
v -41.5626943 57.2061419 70.7106769
v -32.1019769 63.0036771 70.7106769
v -21.8508005 67.2498524 70.7106769
v -11.0615872 69.8401153 70.7106769
v -8.6595606e-15 70.7106769 70.7106769
v 11.0615872 69.8401153 70.7106769
v 21.8508005 67.2498524 70.7106769
v 32.1019769 63.0036771 70.7106769
v 41.5626943 57.2061419 70.7106769
v 50.0 50.0 70.7106769
v 57.2061419 41.5626943 70.7106769
v 63.0036771 32.1019769 70.7106769
v 67.2498524 21.8508005 70.7106769
v 69.8401153 11.0615872 70.7106769
v 70.7106769 1.29893402e-14 70.7106769
v 69.8401153 -11.0615872 70.7106769
v 67.2498524 -21.8508005 70.7106769
v 63.0036771 -32.1019769 70.7106769
v 57.2061419 -41.5626943 70.7106769
v 50.0 -50.0 70.7106769
v 41.5626943 -57.2061419 70.7106769
v 32.1019769 -63.0036771 70.7106769
v 21.8508005 -67.2498524 70.7106769
v 11.0615872 -69.8401153 70.7106769
v 1.73191212e-14 -70.7106769 70.7106769
v 0.0 -76.6044438 64.2787635
v -11.9835749 -75.6613135 64.2787635
v -23.6720756 -72.8551567 64.2787635
v -34.777689 -68.2550609 64.2787635
v -45.0269639 -61.974299 64.2787635
v -54.167521 -54.167521 64.2787635
v -61.974299 -45.0269639 64.2787635
v -68.2550609 -34.777689 64.2787635
v -72.8551567 -23.6720756 64.2787635
v -75.6613135 -11.9835749 64.2787635
v -76.6044438 -4.69066928e-15 64.2787635
v -75.6613135 11.9835749 64.2787635
v -72.8551567 23.6720756 64.2787635
v -68.2550609 34.777689 64.2787635
v -61.974299 45.0269639 64.2787635
v -54.167521 54.167521 64.2787635
v -45.0269639 61.974299 64.2787635
v -34.777689 68.2550609 64.2787635
v -23.6720756 72.8551567 64.2787635
v -11.9835749 75.6613135 64.2787635
v -9.38133855e-15 76.6044438 64.2787635
v 11.9835749 75.6613135 64.2787635
v 23.6720756 72.8551567 64.2787635
v 34.777689 68.2550609 64.2787635
v 45.0269639 61.974299 64.2787635
v 54.167521 54.167521 64.2787635
v 61.974299 45.0269639 64.2787635
v 68.2550609 34.777689 64.2787635
v 72.8551567 23.6720756 64.2787635
v 75.6613135 11.9835749 64.2787635
v 76.6044438 1.40720085e-14 64.2787635
v 75.6613135 -11.9835749 64.2787635
v 72.8551567 -23.6720756 64.2787635
v 68.2550609 -34.777689 64.2787635
v 61.974299 -45.0269639 64.2787635
v 54.167521 -54.167521 64.2787635
v 45.0269639 -61.974299 64.2787635
v 34.777689 -68.2550609 64.2787635
v 23.6720756 -72.8551567 64.2787635
v 11.9835749 -75.6613135 64.2787635
v 1.87626771e-14 -76.6044438 64.2787635
v 0.0 -81.9152057 57.357645
v -12.8143609 -80.9066951 57.357645
v -25.3131896 -77.9059887 57.357645
v -37.1887237 -72.9869843 57.357645
v -48.1485486 -66.2707925 57.357645
v -57.9227984 -57.9227984 57.357645
v -66.2707925 -48.1485486 57.357645
v -72.9869843 -37.1887237 57.357645
v -77.9059887 -25.3131896 57.357645
v -80.9066951 -12.8143609 57.357645
v -81.9152057 -5.01585978e-15 57.357645
v -80.9066951 12.8143609 57.357645
v -77.9059887 25.3131896 57.357645
v -72.9869843 37.1887237 57.357645
v -66.2707925 48.1485486 57.357645
v -57.9227984 57.9227984 57.357645
v -48.1485486 66.2707925 57.357645
v -37.1887237 72.9869843 57.357645
v -25.3131896 77.9059887 57.357645
v -12.8143609 80.9066951 57.357645
v -1.00317196e-14 81.9152057 57.357645
v 12.8143609 80.9066951 57.357645
v 25.3131896 77.9059887 57.357645
v 37.1887237 72.9869843 57.357645
v 48.1485486 66.2707925 57.357645
v 57.9227984 57.9227984 57.357645
v 66.2707925 48.1485486 57.357645
v 72.9869843 37.1887237 57.357645
v 77.9059887 25.3131896 57.357645
v 80.9066951 12.8143609 57.357645
v 81.9152057 1.50475787e-14 57.357645
v 80.9066951 -12.8143609 57.357645
v 77.9059887 -25.3131896 57.357645
v 72.9869843 -37.1887237 57.357645
v 66.2707925 -48.1485486 57.357645
v 57.9227984 -57.9227984 57.357645
v 48.1485486 -66.2707925 57.357645
v 37.1887237 -72.9869843 57.357645
v 25.3131896 -77.9059887 57.357645
v 12.8143609 -80.9066951 57.357645
v 2.00634391e-14 -81.9152057 57.357645
v 0.0 -86.6025388 50.0
v -13.5476217 -85.536319 50.0
v -26.761657 -82.3639095 50.0
v -39.3167317 -77.1634281 50.0
v -50.9036958 -70.0629294 50.0
v -61.2372458 -61.2372458 50.0
v -70.0629294 -50.9036958 50.0
v -77.1634281 -39.3167317 50.0
v -82.3639095 -26.761657 50.0
v -85.536319 -13.5476217 50.0
v -86.6025388 -5.30287624e-15 50.0
v -85.536319 13.5476217 50.0
v -82.3639095 26.761657 50.0
v -77.1634281 39.3167317 50.0
v -70.0629294 50.9036958 50.0
v -61.2372458 61.2372458 50.0
v -50.9036958 70.0629294 50.0
v -39.3167317 77.1634281 50.0
v -26.761657 82.3639095 50.0
v -13.5476217 85.536319 50.0
v -1.06057525e-14 86.6025388 50.0
v 13.5476217 85.536319 50.0
v 26.761657 82.3639095 50.0
v 39.3167317 77.1634281 50.0
v 50.9036958 70.0629294 50.0
v 61.2372458 61.2372458 50.0
v 70.0629294 50.9036958 50.0
v 77.1634281 39.3167317 50.0
v 82.3639095 26.761657 50.0
v 85.536319 13.5476217 50.0
v 86.6025388 1.59086287e-14 50.0
v 85.536319 -13.5476217 50.0
v 82.3639095 -26.761657 50.0
v 77.1634281 -39.3167317 50.0
v 70.0629294 -50.9036958 50.0
v 61.2372458 -61.2372458 50.0
v 50.9036958 -70.0629294 50.0
v 39.3167317 -77.1634281 50.0
v 26.761657 -82.3639095 50.0
v 13.5476217 -85.536319 50.0
v 2.12115049e-14 -86.6025388 50.0
v 0.0 -90.6307817 42.261827
v -14.1777769 -89.5149648 42.261827
v -28.0064523 -86.1949921 42.261827
v -41.1455125 -80.7526171 42.261827
v -53.2714367 -73.3218431 42.261827
v -64.0856385 -64.0856385 42.261827
v -73.3218431 -53.2714367 42.261827
v -80.7526171 -41.1455125 42.261827
v -86.1949921 -28.0064523 42.261827
v -89.5149648 -14.1777769 42.261827
v -90.6307817 -5.54953455e-15 42.261827
v -89.5149648 14.1777769 42.261827
v -86.1949921 28.0064523 42.261827
v -80.7526171 41.1455125 42.261827
v -73.3218431 53.2714367 42.261827
v -64.0856385 64.0856385 42.261827
v -53.2714367 73.3218431 42.261827
v -41.1455125 80.7526171 42.261827
v -28.0064523 86.1949921 42.261827
v -14.1777769 89.5149648 42.261827
v -1.10990691e-14 90.6307817 42.261827
v 14.1777769 89.5149648 42.261827
v 28.0064523 86.1949921 42.261827
v 41.1455125 80.7526171 42.261827
v 53.2714367 73.3218431 42.261827
v 64.0856385 64.0856385 42.261827
v 73.3218431 53.2714367 42.261827
v 80.7526171 41.1455125 42.261827
v 86.1949921 28.0064523 42.261827
v 89.5149648 14.1777769 42.261827
v 90.6307817 1.66486033e-14 42.261827
v 89.5149648 -14.1777769 42.261827
v 86.1949921 -28.0064523 42.261827
v 80.7526171 -41.1455125 42.261827
v 73.3218431 -53.2714367 42.261827
v 64.0856385 -64.0856385 42.261827
v 53.2714367 -73.3218431 42.261827
v 41.1455125 -80.7526171 42.261827
v 28.0064523 -86.1949921 42.261827
v 14.1777769 -89.5149648 42.261827
v 2.21981382e-14 -90.6307817 42.261827
v 0.0 -93.9692616 34.2020154
v -14.7000313 -92.8123474 34.2020154
v -29.0380985 -89.3700778 34.2020154
v -42.6611513 -83.7272227 34.2020154
v -55.2337468 -76.0227323 34.2020154
v -66.4463043 -66.4463043 34.2020154
v -76.0227323 -55.2337468 34.2020154
v -83.7272227 -42.6611513 34.2020154
v -89.3700778 -29.0380985 34.2020154
v -92.8123474 -14.7000313 34.2020154
v -93.9692616 -5.75395768e-15 34.2020154
v -92.8123474 14.7000313 34.2020154
v -89.3700778 29.0380985 34.2020154
v -83.7272227 42.6611513 34.2020154
v -76.0227323 55.2337468 34.2020154
v -66.4463043 66.4463043 34.2020154
v -55.2337468 76.0227323 34.2020154
v -42.6611513 83.7272227 34.2020154
v -29.0380985 89.3700778 34.2020154
v -14.7000313 92.8123474 34.2020154
v -1.15079154e-14 93.9692616 34.2020154
v 14.7000313 92.8123474 34.2020154
v 29.0380985 89.3700778 34.2020154
v 42.6611513 83.7272227 34.2020154
v 55.2337468 76.0227323 34.2020154
v 66.4463043 66.4463043 34.2020154
v 76.0227323 55.2337468 34.2020154
v 83.7272227 42.6611513 34.2020154
v 89.3700778 29.0380985 34.2020154
v 92.8123474 14.7000313 34.2020154
v 93.9692616 1.72618737e-14 34.2020154
v 92.8123474 -14.7000313 34.2020154
v 89.3700778 -29.0380985 34.2020154
v 83.7272227 -42.6611513 34.2020154
v 76.0227323 -55.2337468 34.2020154
v 66.4463043 -66.4463043 34.2020154
v 55.2337468 -76.0227323 34.2020154
v 42.6611513 -83.7272227 34.2020154
v 29.0380985 -89.3700778 34.2020154
v 14.7000313 -92.8123474 34.2020154
v 2.30158307e-14 -93.9692616 34.2020154
v 0.0 -96.5925813 25.8819044
v -15.1104093 -95.4033673 25.8819044
v -29.8487484 -91.8650031 25.8819044
v -43.8521147 -86.0646188 25.8819044
v -56.7756951 -78.1450391 25.8819044
v -68.3012724 -68.3012724 25.8819044
v -78.1450391 -56.7756951 25.8819044
v -86.0646188 -43.8521147 25.8819044
v -91.8650031 -29.8487484 25.8819044
v -95.4033673 -15.1104093 25.8819044
v -96.5925813 -5.91458953e-15 25.8819044
v -95.4033673 15.1104093 25.8819044
v -91.8650031 29.8487484 25.8819044
v -86.0646188 43.8521147 25.8819044
v -78.1450391 56.7756951 25.8819044
v -68.3012724 68.3012724 25.8819044
v -56.7756951 78.1450391 25.8819044
v -43.8521147 86.0646188 25.8819044
v -29.8487484 91.8650031 25.8819044
v -15.1104093 95.4033673 25.8819044
v -1.18291791e-14 96.5925813 25.8819044
v 15.1104093 95.4033673 25.8819044
v 29.8487484 91.8650031 25.8819044
v 43.8521147 86.0646188 25.8819044
v 56.7756951 78.1450391 25.8819044
v 68.3012724 68.3012724 25.8819044
v 78.1450391 56.7756951 25.8819044
v 86.0646188 43.8521147 25.8819044
v 91.8650031 29.8487484 25.8819044
v 95.4033673 15.1104093 25.8819044
v 96.5925813 1.77437693e-14 25.8819044
v 95.4033673 -15.1104093 25.8819044
v 91.8650031 -29.8487484 25.8819044
v 86.0646188 -43.8521147 25.8819044
v 78.1450391 -56.7756951 25.8819044
v 68.3012724 -68.3012724 25.8819044
v 56.7756951 -78.1450391 25.8819044
v 43.8521147 -86.0646188 25.8819044
v 29.8487484 -91.8650031 25.8819044
v 15.1104093 -95.4033673 25.8819044
v 2.36583581e-14 -96.5925813 25.8819044
v 0.0 -98.480773 17.3648179
v -15.4057875 -97.2683132 17.3648179
v -30.4322332 -93.6607838 17.3648179
v -44.7093368 -87.7470136 17.3648179
v -57.8855455 -79.6726227 17.3648179
v -69.6364224 -69.6364224 17.3648179
v -79.6726227 -57.8855455 17.3648179
v -87.7470136 -44.7093368 17.3648179
v -93.6607838 -30.4322332 17.3648179
v -97.2683132 -15.4057875 17.3648179
v -98.480773 -6.03020821e-15 17.3648179
v -97.2683132 15.4057875 17.3648179
v -93.6607838 30.4322332 17.3648179
v -87.7470136 44.7093368 17.3648179
v -79.6726227 57.8855455 17.3648179
v -69.6364224 69.6364224 17.3648179
v -57.8855455 79.6726227 17.3648179
v -44.7093368 87.7470136 17.3648179
v -30.4322332 93.6607838 17.3648179
v -15.4057875 97.2683132 17.3648179
v -1.20604164e-14 98.480773 17.3648179
v 15.4057875 97.2683132 17.3648179
v 30.4322332 93.6607838 17.3648179
v 44.7093368 87.7470136 17.3648179
v 57.8855455 79.6726227 17.3648179
v 69.6364224 69.6364224 17.3648179
v 79.6726227 57.8855455 17.3648179
v 87.7470136 44.7093368 17.3648179
v 93.6607838 30.4322332 17.3648179
v 97.2683132 15.4057875 17.3648179
v 98.480773 1.80906253e-14 17.3648179
v 97.2683132 -15.4057875 17.3648179
v 93.6607838 -30.4322332 17.3648179
v 87.7470136 -44.7093368 17.3648179
v 79.6726227 -57.8855455 17.3648179
v 69.6364224 -69.6364224 17.3648179
v 57.8855455 -79.6726227 17.3648179
v 44.7093368 -87.7470136 17.3648179
v 30.4322332 -93.6607838 17.3648179
v 15.4057875 -97.2683132 17.3648179
v 2.41208328e-14 -98.480773 17.3648179
v 0.0 -99.619472 8.71557444
v -15.583919 -98.3929873 8.71557444
v -30.7841092 -94.7437465 8.71557444
v -45.2262938 -88.7615979 8.71557444
v -58.554858 -80.5938423 8.71557444
v -70.4416037 -70.4416037 8.71557444
v -80.5938423 -58.554858 8.71557444
v -88.7615979 -45.2262938 8.71557444
v -94.7437465 -30.7841092 8.71557444
v -98.3929873 -15.583919 8.71557444
v -99.619472 -6.09993292e-15 8.71557444
v -98.3929873 15.583919 8.71557444
v -94.7437465 30.7841092 8.71557444
v -88.7615979 45.2262938 8.71557444
v -80.5938423 58.554858 8.71557444
v -70.4416037 70.4416037 8.71557444
v -58.554858 80.5938423 8.71557444
v -45.2262938 88.7615979 8.71557444
v -30.7841092 94.7437465 8.71557444
v -15.583919 98.3929873 8.71557444
v -1.21998658e-14 99.619472 8.71557444
v 15.583919 98.3929873 8.71557444
v 30.7841092 94.7437465 8.71557444
v 45.2262938 88.7615979 8.71557444
v 58.554858 80.5938423 8.71557444
v 70.4416037 70.4416037 8.71557444
v 80.5938423 58.554858 8.71557444
v 88.7615979 45.2262938 8.71557444
v 94.7437465 30.7841092 8.71557444
v 98.3929873 15.583919 8.71557444
v 99.619472 1.82998001e-14 8.71557444
v 98.3929873 -15.583919 8.71557444
v 94.7437465 -30.7841092 8.71557444
v 88.7615979 -45.2262938 8.71557444
v 80.5938423 -58.554858 8.71557444
v 70.4416037 -70.4416037 8.71557444
v 58.554858 -80.5938423 8.71557444
v 45.2262938 -88.7615979 8.71557444
v 30.7841092 -94.7437465 8.71557444
v 15.583919 -98.3929873 8.71557444
v 2.43997317e-14 -99.619472 8.71557444
v 0.0 -100.0 6.12323426e-15
v -15.6434461 -98.7688363 6.12323426e-15
v -30.9017003 -95.105654 6.12323426e-15
v -45.3990489 -89.1006529 6.12323426e-15
v -58.7785244 -80.9017003 6.12323426e-15
v -70.7106769 -70.7106769 6.12323426e-15
v -80.9017003 -58.7785244 6.12323426e-15
v -89.1006529 -45.3990489 6.12323426e-15
v -95.105654 -30.9017003 6.12323426e-15
v -98.7688363 -15.6434461 6.12323426e-15
v -100.0 -6.12323426e-15 6.12323426e-15
v -98.7688363 15.6434461 6.12323426e-15
v -95.105654 30.9017003 6.12323426e-15
v -89.1006529 45.3990489 6.12323426e-15
v -80.9017003 58.7785244 6.12323426e-15
v -70.7106769 70.7106769 6.12323426e-15
v -58.7785244 80.9017003 6.12323426e-15
v -45.3990489 89.1006529 6.12323426e-15
v -30.9017003 95.105654 6.12323426e-15
v -15.6434461 98.7688363 6.12323426e-15
v -1.22464685e-14 100.0 6.12323426e-15
v 15.6434461 98.7688363 6.12323426e-15
v 30.9017003 95.105654 6.12323426e-15
v 45.3990489 89.1006529 6.12323426e-15
v 58.7785244 80.9017003 6.12323426e-15
v 70.7106769 70.7106769 6.12323426e-15
v 80.9017003 58.7785244 6.12323426e-15
v 89.1006529 45.3990489 6.12323426e-15
v 95.105654 30.9017003 6.12323426e-15
v 98.7688363 15.6434461 6.12323426e-15
v 100.0 1.83697015e-14 6.12323426e-15
v 98.7688363 -15.6434461 6.12323426e-15
v 95.105654 -30.9017003 6.12323426e-15
v 89.1006529 -45.3990489 6.12323426e-15
v 80.9017003 -58.7785244 6.12323426e-15
v 70.7106769 -70.7106769 6.12323426e-15
v 58.7785244 -80.9017003 6.12323426e-15
v 45.3990489 -89.1006529 6.12323426e-15
v 30.9017003 -95.105654 6.12323426e-15
v 15.6434461 -98.7688363 6.12323426e-15
v 2.44929371e-14 -100.0 6.12323426e-15
vt 0.0125000002 0.0
vn 0.0 0.0 1.0
vt 0.0375000015 0.0
vn 0.0 0.0 1.0
vt 0.0625 0.0
vn 0.0 0.0 1.0
vt 0.0874999985 0.0
vn 0.0 0.0 1.0
vt 0.112499997 0.0
vn 0.0 0.0 1.0
vt 0.137500003 0.0
vn 0.0 0.0 1.0
vt 0.162499994 0.0
vn 0.0 0.0 1.0
vt 0.1875 0.0
vn 0.0 0.0 1.0
vt 0.212500006 0.0
vn 0.0 0.0 1.0
vt 0.237499997 0.0
vn 0.0 0.0 1.0
vt 0.262499988 0.0
vn 0.0 0.0 1.0
vt 0.287499994 0.0
vn 0.0 0.0 1.0
vt 0.3125 0.0
vn 0.0 0.0 1.0
vt 0.337500006 0.0
vn 0.0 0.0 1.0
vt 0.362500012 0.0
vn 0.0 0.0 1.0
vt 0.387499988 0.0
vn 0.0 0.0 1.0
vt 0.412499994 0.0
vn 0.0 0.0 1.0
vt 0.4375 0.0
vn 0.0 0.0 1.0
vt 0.462500006 0.0
vn 0.0 0.0 1.0
vt 0.487500012 0.0
vn 0.0 0.0 1.0
vt 0.512499988 0.0
vn 0.0 0.0 1.0
vt 0.537500024 0.0
vn 0.0 0.0 1.0
vt 0.5625 0.0
vn 0.0 0.0 1.0
vt 0.587499976 0.0
vn 0.0 0.0 1.0
vt 0.612500012 0.0
vn 0.0 0.0 1.0
vt 0.637499988 0.0
vn 0.0 0.0 1.0
vt 0.662500024 0.0
vn 0.0 0.0 1.0
vt 0.6875 0.0
vn 0.0 0.0 1.0
vt 0.712499976 0.0
vn 0.0 0.0 1.0
vt 0.737500012 0.0
vn 0.0 0.0 1.0
vt 0.762499988 0.0
vn 0.0 0.0 1.0
vt 0.787500024 0.0
vn 0.0 0.0 1.0
vt 0.8125 0.0
vn 0.0 0.0 1.0
vt 0.837499976 0.0
vn 0.0 0.0 1.0
vt 0.862500012 0.0
vn 0.0 0.0 1.0
vt 0.887499988 0.0
vn 0.0 0.0 1.0
vt 0.912500024 0.0
vn 0.0 0.0 1.0
vt 0.9375 0.0
vn 0.0 0.0 1.0
vt 0.962499976 0.0
vn 0.0 0.0 1.0
vt 0.987500012 0.0
vn 0.0 0.0 1.0
vt 1.01250005 0.0
vn 0.0 0.0 1.0
vt 0.0 0.055555582
vn 0.0 -0.0871557444 0.99619472
vt 0.0250000004 0.055555582
vn -0.013634162 -0.0860827118 0.99619472
vt 0.0500000007 0.055555582
vn -0.0269326065 -0.0828900337 0.99619472
vt 0.075000003 0.055555582
vn -0.0395678803 -0.0776563361 0.99619472
vt 0.100000001 0.055555582
vn -0.0512288585 -0.0705104768 0.99619472
vt 0.125 0.055555582
vn -0.0616284162 -0.0616284162 0.99619472
vt 0.150000006 0.055555582
vn -0.0705104768 -0.0512288585 0.99619472
vt 0.174999997 0.055555582
vn -0.0776563361 -0.0395678803 0.99619472
vt 0.200000003 0.055555582
vn -0.0828900337 -0.0269326065 0.99619472
vt 0.224999994 0.055555582
vn -0.0860827118 -0.013634162 0.99619472
vt 0.25 0.055555582
vn -0.0871557444 -5.33675011e-18 0.99619472
vt 0.275000006 0.055555582
vn -0.0860827118 0.013634162 0.99619472
vt 0.300000012 0.055555582
vn -0.0828900337 0.0269326065 0.99619472
vt 0.324999988 0.055555582
vn -0.0776563361 0.0395678803 0.99619472
vt 0.349999994 0.055555582
vn -0.0705104768 0.0512288585 0.99619472
vt 0.375 0.055555582
vn -0.0616284162 0.0616284162 0.99619472
vt 0.400000006 0.055555582
vn -0.0512288585 0.0705104768 0.99619472
vt 0.425000012 0.055555582
vn -0.0395678803 0.0776563361 0.99619472
vt 0.449999988 0.055555582
vn -0.0269326065 0.0828900337 0.99619472
vt 0.474999994 0.055555582
vn -0.013634162 0.0860827118 0.99619472
vt 0.5 0.055555582
vn -1.06735002e-17 0.0871557444 0.99619472
vt 0.524999976 0.055555582
vn 0.013634162 0.0860827118 0.99619472
vt 0.550000012 0.055555582
vn 0.0269326065 0.0828900337 0.99619472
vt 0.574999988 0.055555582
vn 0.0395678803 0.0776563361 0.99619472
vt 0.600000024 0.055555582
vn 0.0512288585 0.0705104768 0.99619472
vt 0.625 0.055555582
vn 0.0616284162 0.0616284162 0.99619472
vt 0.649999976 0.055555582
vn 0.0705104768 0.0512288585 0.99619472
vt 0.675000012 0.055555582
vn 0.0776563361 0.0395678803 0.99619472
vt 0.699999988 0.055555582
vn 0.0828900337 0.0269326065 0.99619472
vt 0.725000024 0.055555582
vn 0.0860827118 0.013634162 0.99619472
vt 0.75 0.055555582
vn 0.0871557444 1.60102495e-17 0.99619472
vt 0.774999976 0.055555582
vn 0.0860827118 -0.013634162 0.99619472
vt 0.800000012 0.055555582
vn 0.0828900337 -0.0269326065 0.99619472
vt 0.824999988 0.055555582
vn 0.0776563361 -0.0395678803 0.99619472
vt 0.850000024 0.055555582
vn 0.0705104768 -0.0512288585 0.99619472
vt 0.875 0.055555582
vn 0.0616284162 -0.0616284162 0.99619472
vt 0.899999976 0.055555582
vn 0.0512288585 -0.0705104768 0.99619472
vt 0.925000012 0.055555582
vn 0.0395678803 -0.0776563361 0.99619472
vt 0.949999988 0.055555582
vn 0.0269326065 -0.0828900337 0.99619472
vt 0.975000024 0.055555582
vn 0.013634162 -0.0860827118 0.99619472
vt 1.0 0.055555582
vn 2.13470004e-17 -0.0871557444 0.99619472
vt 0.0 0.111111104
vn 0.0 -0.173648179 0.98480773
vt 0.0250000004 0.111111104
vn -0.0271645598 -0.171510279 0.98480773
vt 0.0500000007 0.111111104
vn -0.0536602363 -0.165149227 0.98480773
vt 0.075000003 0.111111104
vn -0.0788346231 -0.154721662 0.98480773
vt 0.100000001 0.111111104
vn -0.102067836 -0.140484333 0.98480773
vt 0.125 0.111111104
vn -0.122787803 -0.122787803 0.98480773
vt 0.150000006 0.111111104
vn -0.140484333 -0.102067836 0.98480773
vt 0.174999997 0.111111104
vn -0.154721662 -0.0788346231 0.98480773
vt 0.200000003 0.111111104
vn -0.165149227 -0.0536602363 0.98480773
vt 0.224999994 0.111111104
vn -0.171510279 -0.0271645598 0.98480773
vt 0.25 0.111111104
vn -0.173648179 -1.0632884e-17 0.98480773
vt 0.275000006 0.111111104
vn -0.171510279 0.0271645598 0.98480773
vt 0.300000012 0.111111104
vn -0.165149227 0.0536602363 0.98480773
vt 0.324999988 0.111111104
vn -0.154721662 0.0788346231 0.98480773
vt 0.349999994 0.111111104
vn -0.140484333 0.102067836 0.98480773
vt 0.375 0.111111104
vn -0.122787803 0.122787803 0.98480773
vt 0.400000006 0.111111104
vn -0.102067836 0.140484333 0.98480773
vt 0.425000012 0.111111104
vn -0.0788346231 0.154721662 0.98480773
vt 0.449999988 0.111111104
vn -0.0536602363 0.165149227 0.98480773
vt 0.474999994 0.111111104
vn -0.0271645598 0.171510279 0.98480773
vt 0.5 0.111111104
vn -2.1265768e-17 0.173648179 0.98480773
vt 0.524999976 0.111111104
vn 0.0271645598 0.171510279 0.98480773
vt 0.550000012 0.111111104
vn 0.0536602363 0.165149227 0.98480773
vt 0.574999988 0.111111104
vn 0.0788346231 0.154721662 0.98480773
vt 0.600000024 0.111111104
vn 0.102067836 0.140484333 0.98480773
vt 0.625 0.111111104
vn 0.122787803 0.122787803 0.98480773
vt 0.649999976 0.111111104
vn 0.140484333 0.102067836 0.98480773
vt 0.675000012 0.111111104
vn 0.154721662 0.0788346231 0.98480773
vt 0.699999988 0.111111104
vn 0.165149227 0.0536602363 0.98480773
vt 0.725000024 0.111111104
vn 0.171510279 0.0271645598 0.98480773
vt 0.75 0.111111104
vn 0.173648179 3.1898652e-17 0.98480773
vt 0.774999976 0.111111104
vn 0.171510279 -0.0271645598 0.98480773
vt 0.800000012 0.111111104
vn 0.165149227 -0.0536602363 0.98480773
vt 0.824999988 0.111111104
vn 0.154721662 -0.0788346231 0.98480773
vt 0.850000024 0.111111104
vn 0.140484333 -0.102067836 0.98480773
vt 0.875 0.111111104
vn 0.122787803 -0.122787803 0.98480773
vt 0.899999976 0.111111104
vn 0.102067836 -0.140484333 0.98480773
vt 0.925000012 0.111111104
vn 0.0788346231 -0.154721662 0.98480773
vt 0.949999988 0.111111104
vn 0.0536602363 -0.165149227 0.98480773
vt 0.975000024 0.111111104
vn 0.0271645598 -0.171510279 0.98480773
vt 1.0 0.111111104
vn 4.2531536e-17 -0.173648179 0.98480773
vt 0.0 0.166666687
vn 0.0 -0.258819044 0.965925813
vt 0.0250000004 0.166666687
vn -0.040488217 -0.25563255 0.965925813
vt 0.0500000007 0.166666687
vn -0.0799794868 -0.246151537 0.965925813
vt 0.075000003 0.166666687
vn -0.117501386 -0.230609462 0.965925813
vt 0.100000001 0.166666687
vn -0.152130023 -0.209389001 0.965925813
vt 0.125 0.166666687
vn -0.183012709 -0.183012709 0.965925813
vt 0.150000006 0.166666687
vn -0.209389001 -0.152130023 0.965925813
vt 0.174999997 0.166666687
vn -0.230609462 -0.117501386 0.965925813
vt 0.200000003 0.166666687
vn -0.246151537 -0.0799794868 0.965925813
vt 0.224999994 0.166666687
vn -0.25563255 -0.040488217 0.965925813
vt 0.25 0.166666687
vn -0.258819044 -1.58480956e-17 0.965925813
vt 0.275000006 0.166666687
vn -0.25563255 0.040488217 0.965925813
vt 0.300000012 0.166666687
vn -0.246151537 0.0799794868 0.965925813
vt 0.324999988 0.166666687
vn -0.230609462 0.117501386 0.965925813
vt 0.349999994 0.166666687
vn -0.209389001 0.152130023 0.965925813
vt 0.375 0.166666687
vn -0.183012709 0.183012709 0.965925813
vt 0.400000006 0.166666687
vn -0.152130023 0.209389001 0.965925813
vt 0.425000012 0.166666687
vn -0.117501386 0.230609462 0.965925813
vt 0.449999988 0.166666687
vn -0.0799794868 0.246151537 0.965925813
vt 0.474999994 0.166666687
vn -0.040488217 0.25563255 0.965925813
vt 0.5 0.166666687
vn -3.16961913e-17 0.258819044 0.965925813
vt 0.524999976 0.166666687
vn 0.040488217 0.25563255 0.965925813
vt 0.550000012 0.166666687
vn 0.0799794868 0.246151537 0.965925813
vt 0.574999988 0.166666687
vn 0.117501386 0.230609462 0.965925813
vt 0.600000024 0.166666687
vn 0.152130023 0.209389001 0.965925813
vt 0.625 0.166666687
vn 0.183012709 0.183012709 0.965925813
vt 0.649999976 0.166666687
vn 0.209389001 0.152130023 0.965925813
vt 0.675000012 0.166666687
vn 0.230609462 0.117501386 0.965925813
vt 0.699999988 0.166666687
vn 0.246151537 0.0799794868 0.965925813
vt 0.725000024 0.166666687
vn 0.25563255 0.040488217 0.965925813
vt 0.75 0.166666687
vn 0.258819044 4.75442869e-17 0.965925813
vt 0.774999976 0.166666687
vn 0.25563255 -0.040488217 0.965925813
vt 0.800000012 0.166666687
vn 0.246151537 -0.0799794868 0.965925813
vt 0.824999988 0.166666687
vn 0.230609462 -0.117501386 0.965925813
vt 0.850000024 0.166666687
vn 0.209389001 -0.152130023 0.965925813
vt 0.875 0.166666687
vn 0.183012709 -0.183012709 0.965925813
vt 0.899999976 0.166666687
vn 0.152130023 -0.209389001 0.965925813
vt 0.925000012 0.166666687
vn 0.117501386 -0.230609462 0.965925813
vt 0.949999988 0.166666687
vn 0.0799794868 -0.246151537 0.965925813
vt 0.975000024 0.166666687
vn 0.040488217 -0.25563255 0.965925813
vt 1.0 0.166666687
vn 6.33923825e-17 -0.258819044 0.965925813
vt 0.0 0.222222209
vn 0.0 -0.342020154 0.939692616
vt 0.0250000004 0.222222209
vn -0.0535037369 -0.337809294 0.939692616
vt 0.0500000007 0.222222209
vn -0.10569004 -0.325280488 0.939692616
vt 0.075000003 0.222222209
vn -0.155273899 -0.304742187 0.939692616
vt 0.100000001 0.222222209
vn -0.201034397 -0.276700109 0.939692616
vt 0.125 0.222222209
vn -0.241844758 -0.241844758 0.939692616
vt 0.150000006 0.222222209
vn -0.276700109 -0.201034397 0.939692616
vt 0.174999997 0.222222209
vn -0.304742187 -0.155273899 0.939692616
vt 0.200000003 0.222222209
vn -0.325280488 -0.10569004 0.939692616
vt 0.224999994 0.222222209
vn -0.337809294 -0.0535037369 0.939692616
vt 0.25 0.222222209
vn -0.342020154 -2.09426944e-17 0.939692616
vt 0.275000006 0.222222209
vn -0.337809294 0.0535037369 0.939692616
vt 0.300000012 0.222222209
vn -0.325280488 0.10569004 0.939692616
vt 0.324999988 0.222222209
vn -0.304742187 0.155273899 0.939692616
vt 0.349999994 0.222222209
vn -0.276700109 0.201034397 0.939692616
vt 0.375 0.222222209
vn -0.241844758 0.241844758 0.939692616
vt 0.400000006 0.222222209
vn -0.201034397 0.276700109 0.939692616
vt 0.425000012 0.222222209
vn -0.155273899 0.304742187 0.939692616
vt 0.449999988 0.222222209
vn -0.10569004 0.325280488 0.939692616
vt 0.474999994 0.222222209
vn -0.0535037369 0.337809294 0.939692616
vt 0.5 0.222222209
vn -4.18853888e-17 0.342020154 0.939692616
vt 0.524999976 0.222222209
vn 0.0535037369 0.337809294 0.939692616
vt 0.550000012 0.222222209
vn 0.10569004 0.325280488 0.939692616
vt 0.574999988 0.222222209
vn 0.155273899 0.304742187 0.939692616
vt 0.600000024 0.222222209
vn 0.201034397 0.276700109 0.939692616
vt 0.625 0.222222209
vn 0.241844758 0.241844758 0.939692616
vt 0.649999976 0.222222209
vn 0.276700109 0.201034397 0.939692616
vt 0.675000012 0.222222209
vn 0.304742187 0.155273899 0.939692616
vt 0.699999988 0.222222209
vn 0.325280488 0.10569004 0.939692616
vt 0.725000024 0.222222209
vn 0.337809294 0.0535037369 0.939692616
vt 0.75 0.222222209
vn 0.342020154 6.28280799e-17 0.939692616
vt 0.774999976 0.222222209
vn 0.337809294 -0.0535037369 0.939692616
vt 0.800000012 0.222222209
vn 0.325280488 -0.10569004 0.939692616
vt 0.824999988 0.222222209
vn 0.304742187 -0.155273899 0.939692616
vt 0.850000024 0.222222209
vn 0.276700109 -0.201034397 0.939692616
vt 0.875 0.222222209
vn 0.241844758 -0.241844758 0.939692616
vt 0.899999976 0.222222209
vn 0.201034397 -0.276700109 0.939692616
vt 0.925000012 0.222222209
vn 0.155273899 -0.304742187 0.939692616
vt 0.949999988 0.222222209
vn 0.10569004 -0.325280488 0.939692616
vt 0.975000024 0.222222209
vn 0.0535037369 -0.337809294 0.939692616
vt 1.0 0.222222209
vn 8.37707776e-17 -0.342020154 0.939692616
vt 0.0 0.277777791
vn 0.0 -0.42261827 0.906307817
vt 0.0250000004 0.277777791
vn -0.0661120638 -0.417415142 0.906307817
vt 0.0500000007 0.277777791
vn -0.13059622 -0.401933849 0.906307817
vt 0.075000003 0.277777791
vn -0.191864669 -0.376555622 0.906307817
vt 0.100000001 0.277777791
vn -0.24840878 -0.341905355 0.906307817
vt 0.125 0.277777791
vn -0.298836231 -0.298836231 0.906307817
vt 0.150000006 0.277777791
vn -0.341905355 -0.24840878 0.906307817
vt 0.174999997 0.277777791
vn -0.376555622 -0.191864669 0.906307817
vt 0.200000003 0.277777791
vn -0.401933849 -0.13059622 0.906307817
vt 0.224999994 0.277777791
vn -0.417415142 -0.0661120638 0.906307817
vt 0.25 0.277777791
vn -0.42261827 -2.58779054e-17 0.906307817
vt 0.275000006 0.277777791
vn -0.417415142 0.0661120638 0.906307817
vt 0.300000012 0.277777791
vn -0.401933849 0.13059622 0.906307817
vt 0.324999988 0.277777791
vn -0.376555622 0.191864669 0.906307817
vt 0.349999994 0.277777791
vn -0.341905355 0.24840878 0.906307817
vt 0.375 0.277777791
vn -0.298836231 0.298836231 0.906307817
vt 0.400000006 0.277777791
vn -0.24840878 0.341905355 0.906307817
vt 0.425000012 0.277777791
vn -0.191864669 0.376555622 0.906307817
vt 0.449999988 0.277777791
vn -0.13059622 0.401933849 0.906307817
vt 0.474999994 0.277777791
vn -0.0661120638 0.417415142 0.906307817
vt 0.5 0.277777791
vn -5.17558108e-17 0.42261827 0.906307817
vt 0.524999976 0.277777791
vn 0.0661120638 0.417415142 0.906307817
vt 0.550000012 0.277777791
vn 0.13059622 0.401933849 0.906307817
vt 0.574999988 0.277777791
vn 0.191864669 0.376555622 0.906307817
vt 0.600000024 0.277777791
vn 0.24840878 0.341905355 0.906307817
vt 0.625 0.277777791
vn 0.298836231 0.298836231 0.906307817
vt 0.649999976 0.277777791
vn 0.341905355 0.24840878 0.906307817
vt 0.675000012 0.277777791
vn 0.376555622 0.191864669 0.906307817
vt 0.699999988 0.277777791
vn 0.401933849 0.13059622 0.906307817
vt 0.725000024 0.277777791
vn 0.417415142 0.0661120638 0.906307817
vt 0.75 0.277777791
vn 0.42261827 7.76337129e-17 0.906307817
vt 0.774999976 0.277777791
vn 0.417415142 -0.0661120638 0.906307817
vt 0.800000012 0.277777791
vn 0.401933849 -0.13059622 0.906307817
vt 0.824999988 0.277777791
vn 0.376555622 -0.191864669 0.906307817
vt 0.850000024 0.277777791
vn 0.341905355 -0.24840878 0.906307817
vt 0.875 0.277777791
vn 0.298836231 -0.298836231 0.906307817
vt 0.899999976 0.277777791
vn 0.24840878 -0.341905355 0.906307817
vt 0.925000012 0.277777791
vn 0.191864669 -0.376555622 0.906307817
vt 0.949999988 0.277777791
vn 0.13059622 -0.401933849 0.906307817
vt 0.975000024 0.277777791
vn 0.0661120638 -0.417415142 0.906307817
vt 1.0 0.277777791
vn 1.03511622e-16 -0.42261827 0.906307817
vt 0.0 0.333333313
vn 0.0 -0.5 0.866025388
vt 0.0250000004 0.333333313
vn -0.0782172307 -0.493844181 0.866025388
vt 0.0500000007 0.333333313
vn -0.154508501 -0.47552827 0.866025388
vt 0.075000003 0.333333313
vn -0.226995245 -0.445503265 0.866025388
vt 0.100000001 0.333333313
vn -0.293892622 -0.404508501 0.866025388
vt 0.125 0.333333313
vn -0.353553385 -0.353553385 0.866025388
vt 0.150000006 0.333333313
vn -0.404508501 -0.293892622 0.866025388
vt 0.174999997 0.333333313
vn -0.445503265 -0.226995245 0.866025388
vt 0.200000003 0.333333313
vn -0.47552827 -0.154508501 0.866025388
vt 0.224999994 0.333333313
vn -0.493844181 -0.0782172307 0.866025388
vt 0.25 0.333333313
vn -0.5 -3.06161713e-17 0.866025388
vt 0.275000006 0.333333313
vn -0.493844181 0.0782172307 0.866025388
vt 0.300000012 0.333333313
vn -0.47552827 0.154508501 0.866025388
vt 0.324999988 0.333333313
vn -0.445503265 0.226995245 0.866025388
vt 0.349999994 0.333333313
vn -0.404508501 0.293892622 0.866025388
vt 0.375 0.333333313
vn -0.353553385 0.353553385 0.866025388
vt 0.400000006 0.333333313
vn -0.293892622 0.404508501 0.866025388
vt 0.425000012 0.333333313
vn -0.226995245 0.445503265 0.866025388
vt 0.449999988 0.333333313
vn -0.154508501 0.47552827 0.866025388
vt 0.474999994 0.333333313
vn -0.0782172307 0.493844181 0.866025388
vt 0.5 0.333333313
vn -6.12323426e-17 0.5 0.866025388
vt 0.524999976 0.333333313
vn 0.0782172307 0.493844181 0.866025388
vt 0.550000012 0.333333313
vn 0.154508501 0.47552827 0.866025388
vt 0.574999988 0.333333313
vn 0.226995245 0.445503265 0.866025388
vt 0.600000024 0.333333313
vn 0.293892622 0.404508501 0.866025388
vt 0.625 0.333333313
vn 0.353553385 0.353553385 0.866025388
vt 0.649999976 0.333333313
vn 0.404508501 0.293892622 0.866025388
vt 0.675000012 0.333333313
vn 0.445503265 0.226995245 0.866025388
vt 0.699999988 0.333333313
vn 0.47552827 0.154508501 0.866025388
vt 0.725000024 0.333333313
vn 0.493844181 0.0782172307 0.866025388
vt 0.75 0.333333313
vn 0.5 9.18485073e-17 0.866025388
vt 0.774999976 0.333333313
vn 0.493844181 -0.0782172307 0.866025388
vt 0.800000012 0.333333313
vn 0.47552827 -0.154508501 0.866025388
vt 0.824999988 0.333333313
vn 0.445503265 -0.226995245 0.866025388
vt 0.850000024 0.333333313
vn 0.404508501 -0.293892622 0.866025388
vt 0.875 0.333333313
vn 0.353553385 -0.353553385 0.866025388
vt 0.899999976 0.333333313
vn 0.293892622 -0.404508501 0.866025388
vt 0.925000012 0.333333313
vn 0.226995245 -0.445503265 0.866025388
vt 0.949999988 0.333333313
vn 0.154508501 -0.47552827 0.866025388
vt 0.975000024 0.333333313
vn 0.0782172307 -0.493844181 0.866025388
vt 1.0 0.333333313
vn 1.22464685e-16 -0.5 0.866025388
vt 0.0 0.388888896
vn 0.0 -0.57357645 0.819152057
vt 0.0250000004 0.388888896
vn -0.0897271261 -0.56651473 0.819152057
vt 0.0500000007 0.388888896
vn -0.177244872 -0.545503616 0.819152057
vt 0.075000003 0.388888896
vn -0.260398239 -0.511060357 0.819152057
vt 0.100000001 0.388888896
vn -0.337139755 -0.464033097 0.819152057
vt 0.125 0.388888896
vn -0.405579776 -0.405579776 0.819152057
vt 0.150000006 0.388888896
vn -0.464033097 -0.337139755 0.819152057
vt 0.174999997 0.388888896
vn -0.511060357 -0.260398239 0.819152057
vt 0.200000003 0.388888896
vn -0.545503616 -0.177244872 0.819152057
vt 0.224999994 0.388888896
vn -0.56651473 -0.0897271261 0.819152057
vt 0.25 0.388888896
vn -0.57357645 -3.51214271e-17 0.819152057
vt 0.275000006 0.388888896
vn -0.56651473 0.0897271261 0.819152057
vt 0.300000012 0.388888896
vn -0.545503616 0.177244872 0.819152057
vt 0.324999988 0.388888896
vn -0.511060357 0.260398239 0.819152057
vt 0.349999994 0.388888896
vn -0.464033097 0.337139755 0.819152057
vt 0.375 0.388888896
vn -0.405579776 0.405579776 0.819152057
vt 0.400000006 0.388888896
vn -0.337139755 0.464033097 0.819152057
vt 0.425000012 0.388888896
vn -0.260398239 0.511060357 0.819152057
vt 0.449999988 0.388888896
vn -0.177244872 0.545503616 0.819152057
vt 0.474999994 0.388888896
vn -0.0897271261 0.56651473 0.819152057
vt 0.5 0.388888896
vn -7.02428541e-17 0.57357645 0.819152057
vt 0.524999976 0.388888896
vn 0.0897271261 0.56651473 0.819152057
vt 0.550000012 0.388888896
vn 0.177244872 0.545503616 0.819152057
vt 0.574999988 0.388888896
vn 0.260398239 0.511060357 0.819152057
vt 0.600000024 0.388888896
vn 0.337139755 0.464033097 0.819152057
vt 0.625 0.388888896
vn 0.405579776 0.405579776 0.819152057
vt 0.649999976 0.388888896
vn 0.464033097 0.337139755 0.819152057
vt 0.675000012 0.388888896
vn 0.511060357 0.260398239 0.819152057
vt 0.699999988 0.388888896
vn 0.545503616 0.177244872 0.819152057
vt 0.725000024 0.388888896
vn 0.56651473 0.0897271261 0.819152057
vt 0.75 0.388888896
vn 0.57357645 1.05364281e-16 0.819152057
vt 0.774999976 0.388888896
vn 0.56651473 -0.0897271261 0.819152057
vt 0.800000012 0.388888896
vn 0.545503616 -0.177244872 0.819152057
vt 0.824999988 0.388888896
vn 0.511060357 -0.260398239 0.819152057
vt 0.850000024 0.388888896
vn 0.464033097 -0.337139755 0.819152057
vt 0.875 0.388888896
vn 0.405579776 -0.405579776 0.819152057
vt 0.899999976 0.388888896
vn 0.337139755 -0.464033097 0.819152057
vt 0.925000012 0.388888896
vn 0.260398239 -0.511060357 0.819152057
vt 0.949999988 0.388888896
vn 0.177244872 -0.545503616 0.819152057
vt 0.975000024 0.388888896
vn 0.0897271261 -0.56651473 0.819152057
vt 1.0 0.388888896
vn 1.40485708e-16 -0.57357645 0.819152057
vt 0.0 0.444444418
vn 0.0 -0.642787635 0.766044438
vt 0.0250000004 0.444444418
vn -0.100554138 -0.634873807 0.766044438
vt 0.0500000007 0.444444418
vn -0.1986323 -0.61132735 0.766044438
vt 0.075000003 0.444444418
vn -0.291819483 -0.572727978 0.766044438
vt 0.100000001 0.444444418
vn -0.377821088 -0.520026088 0.766044438
vt 0.125 0.444444418
vn -0.45451948 -0.45451948 0.766044438
vt 0.150000006 0.444444418
vn -0.520026088 -0.377821088 0.766044438
vt 0.174999997 0.444444418
vn -0.572727978 -0.291819483 0.766044438
vt 0.200000003 0.444444418
vn -0.61132735 -0.1986323 0.766044438
vt 0.224999994 0.444444418
vn -0.634873807 -0.100554138 0.766044438
vt 0.25 0.444444418
vn -0.642787635 -3.9359391e-17 0.766044438
vt 0.275000006 0.444444418
vn -0.634873807 0.100554138 0.766044438
vt 0.300000012 0.444444418
vn -0.61132735 0.1986323 0.766044438
vt 0.324999988 0.444444418
vn -0.572727978 0.291819483 0.766044438
vt 0.349999994 0.444444418
vn -0.520026088 0.377821088 0.766044438
vt 0.375 0.444444418
vn -0.45451948 0.45451948 0.766044438
vt 0.400000006 0.444444418
vn -0.377821088 0.520026088 0.766044438
vt 0.425000012 0.444444418
vn -0.291819483 0.572727978 0.766044438
vt 0.449999988 0.444444418
vn -0.1986323 0.61132735 0.766044438
vt 0.474999994 0.444444418
vn -0.100554138 0.634873807 0.766044438
vt 0.5 0.444444418
vn -7.8718782e-17 0.642787635 0.766044438
vt 0.524999976 0.444444418
vn 0.100554138 0.634873807 0.766044438
vt 0.550000012 0.444444418
vn 0.1986323 0.61132735 0.766044438
vt 0.574999988 0.444444418
vn 0.291819483 0.572727978 0.766044438
vt 0.600000024 0.444444418
vn 0.377821088 0.520026088 0.766044438
vt 0.625 0.444444418
vn 0.45451948 0.45451948 0.766044438
vt 0.649999976 0.444444418
vn 0.520026088 0.377821088 0.766044438
vt 0.675000012 0.444444418
vn 0.572727978 0.291819483 0.766044438
vt 0.699999988 0.444444418
vn 0.61132735 0.1986323 0.766044438
vt 0.725000024 0.444444418
vn 0.634873807 0.100554138 0.766044438
vt 0.75 0.444444418
vn 0.642787635 1.18078166e-16 0.766044438
vt 0.774999976 0.444444418
vn 0.634873807 -0.100554138 0.766044438
vt 0.800000012 0.444444418
vn 0.61132735 -0.1986323 0.766044438
vt 0.824999988 0.444444418
vn 0.572727978 -0.291819483 0.766044438
vt 0.850000024 0.444444418
vn 0.520026088 -0.377821088 0.766044438
vt 0.875 0.444444418
vn 0.45451948 -0.45451948 0.766044438
vt 0.899999976 0.444444418
vn 0.377821088 -0.520026088 0.766044438
vt 0.925000012 0.444444418
vn 0.291819483 -0.572727978 0.766044438
vt 0.949999988 0.444444418
vn 0.1986323 -0.61132735 0.766044438
vt 0.975000024 0.444444418
vn 0.100554138 -0.634873807 0.766044438
vt 1.0 0.444444418
vn 1.57437564e-16 -0.642787635 0.766044438
vt 0.0 0.5
vn 0.0 -0.707106769 0.707106769
vt 0.0250000004 0.5
vn -0.110615872 -0.698401153 0.707106769
vt 0.0500000007 0.5
vn -0.218508005 -0.672498524 0.707106769
vt 0.075000003 0.5
vn -0.321019769 -0.630036771 0.707106769
vt 0.100000001 0.5
vn -0.415626943 -0.572061419 0.707106769
vt 0.125 0.5
vn -0.5 -0.5 0.707106769
vt 0.150000006 0.5
vn -0.572061419 -0.415626943 0.707106769
vt 0.174999997 0.5
vn -0.630036771 -0.321019769 0.707106769
vt 0.200000003 0.5
vn -0.672498524 -0.218508005 0.707106769
vt 0.224999994 0.5
vn -0.698401153 -0.110615872 0.707106769
vt 0.25 0.5
vn -0.707106769 -4.3297803e-17 0.707106769
vt 0.275000006 0.5
vn -0.698401153 0.110615872 0.707106769
vt 0.300000012 0.5
vn -0.672498524 0.218508005 0.707106769
vt 0.324999988 0.5
vn -0.630036771 0.321019769 0.707106769
vt 0.349999994 0.5
vn -0.572061419 0.415626943 0.707106769
vt 0.375 0.5
vn -0.5 0.5 0.707106769
vt 0.400000006 0.5
vn -0.415626943 0.572061419 0.707106769
vt 0.425000012 0.5
vn -0.321019769 0.630036771 0.707106769
vt 0.449999988 0.5
vn -0.218508005 0.672498524 0.707106769
vt 0.474999994 0.5
vn -0.110615872 0.698401153 0.707106769
vt 0.5 0.5
vn -8.6595606e-17 0.707106769 0.707106769
vt 0.524999976 0.5
vn 0.110615872 0.698401153 0.707106769
vt 0.550000012 0.5
vn 0.218508005 0.672498524 0.707106769
vt 0.574999988 0.5
vn 0.321019769 0.630036771 0.707106769
vt 0.600000024 0.5
vn 0.415626943 0.572061419 0.707106769
vt 0.625 0.5
vn 0.5 0.5 0.707106769
vt 0.649999976 0.5
vn 0.572061419 0.415626943 0.707106769
vt 0.675000012 0.5
vn 0.630036771 0.321019769 0.707106769
vt 0.699999988 0.5
vn 0.672498524 0.218508005 0.707106769
vt 0.725000024 0.5
vn 0.698401153 0.110615872 0.707106769
vt 0.75 0.5
vn 0.707106769 1.29893402e-16 0.707106769
vt 0.774999976 0.5
vn 0.698401153 -0.110615872 0.707106769
vt 0.800000012 0.5
vn 0.672498524 -0.218508005 0.707106769
vt 0.824999988 0.5
vn 0.630036771 -0.321019769 0.707106769
vt 0.850000024 0.5
vn 0.572061419 -0.415626943 0.707106769
vt 0.875 0.5
vn 0.5 -0.5 0.707106769
vt 0.899999976 0.5
vn 0.415626943 -0.572061419 0.707106769
vt 0.925000012 0.5
vn 0.321019769 -0.630036771 0.707106769
vt 0.949999988 0.5
vn 0.218508005 -0.672498524 0.707106769
vt 0.975000024 0.5
vn 0.110615872 -0.698401153 0.707106769
vt 1.0 0.5
vn 1.73191212e-16 -0.707106769 0.707106769
vt 0.0 0.555555552
vn 0.0 -0.766044438 0.642787635
vt 0.0250000004 0.555555552
vn -0.119835749 -0.756613135 0.642787635
vt 0.0500000007 0.555555552
vn -0.236720756 -0.728551567 0.642787635
vt 0.075000003 0.555555552
vn -0.34777689 -0.682550609 0.642787635
vt 0.100000001 0.555555552
vn -0.450269639 -0.61974299 0.642787635
vt 0.125 0.555555552
vn -0.54167521 -0.54167521 0.642787635
vt 0.150000006 0.555555552
vn -0.61974299 -0.450269639 0.642787635
vt 0.174999997 0.555555552
vn -0.682550609 -0.34777689 0.642787635
vt 0.200000003 0.555555552
vn -0.728551567 -0.236720756 0.642787635
vt 0.224999994 0.555555552
vn -0.756613135 -0.119835749 0.642787635
vt 0.25 0.555555552
vn -0.766044438 -4.69066928e-17 0.642787635
vt 0.275000006 0.555555552
vn -0.756613135 0.119835749 0.642787635
vt 0.300000012 0.555555552
vn -0.728551567 0.236720756 0.642787635
vt 0.324999988 0.555555552
vn -0.682550609 0.34777689 0.642787635
vt 0.349999994 0.555555552
vn -0.61974299 0.450269639 0.642787635
vt 0.375 0.555555552
vn -0.54167521 0.54167521 0.642787635
vt 0.400000006 0.555555552
vn -0.450269639 0.61974299 0.642787635
vt 0.425000012 0.555555552
vn -0.34777689 0.682550609 0.642787635
vt 0.449999988 0.555555552
vn -0.236720756 0.728551567 0.642787635
vt 0.474999994 0.555555552
vn -0.119835749 0.756613135 0.642787635
vt 0.5 0.555555552
vn -9.38133855e-17 0.766044438 0.642787635
vt 0.524999976 0.555555552
vn 0.119835749 0.756613135 0.642787635
vt 0.550000012 0.555555552
vn 0.236720756 0.728551567 0.642787635
vt 0.574999988 0.555555552
vn 0.34777689 0.682550609 0.642787635
vt 0.600000024 0.555555552
vn 0.450269639 0.61974299 0.642787635
vt 0.625 0.555555552
vn 0.54167521 0.54167521 0.642787635
vt 0.649999976 0.555555552
vn 0.61974299 0.450269639 0.642787635
vt 0.675000012 0.555555552
vn 0.682550609 0.34777689 0.642787635
vt 0.699999988 0.555555552
vn 0.728551567 0.236720756 0.642787635
vt 0.725000024 0.555555552
vn 0.756613135 0.119835749 0.642787635
vt 0.75 0.555555552
vn 0.766044438 1.40720085e-16 0.642787635
vt 0.774999976 0.555555552
vn 0.756613135 -0.119835749 0.642787635
vt 0.800000012 0.555555552
vn 0.728551567 -0.236720756 0.642787635
vt 0.824999988 0.555555552
vn 0.682550609 -0.34777689 0.642787635
vt 0.850000024 0.555555552
vn 0.61974299 -0.450269639 0.642787635
vt 0.875 0.555555552
vn 0.54167521 -0.54167521 0.642787635
vt 0.899999976 0.555555552
vn 0.450269639 -0.61974299 0.642787635
vt 0.925000012 0.555555552
vn 0.34777689 -0.682550609 0.642787635
vt 0.949999988 0.555555552
vn 0.236720756 -0.728551567 0.642787635
vt 0.975000024 0.555555552
vn 0.119835749 -0.756613135 0.642787635
vt 1.0 0.555555552
vn 1.87626771e-16 -0.766044438 0.642787635
vt 0.0 0.611111104
vn 0.0 -0.819152057 0.57357645
vt 0.0250000004 0.611111104
vn -0.128143609 -0.809066951 0.57357645
vt 0.0500000007 0.611111104
vn -0.253131896 -0.779059887 0.57357645
vt 0.075000003 0.611111104
vn -0.371887237 -0.729869843 0.57357645
vt 0.100000001 0.611111104
vn -0.481485486 -0.662707925 0.57357645
vt 0.125 0.611111104
vn -0.579227984 -0.579227984 0.57357645
vt 0.150000006 0.611111104
vn -0.662707925 -0.481485486 0.57357645
vt 0.174999997 0.611111104
vn -0.729869843 -0.371887237 0.57357645
vt 0.200000003 0.611111104
vn -0.779059887 -0.253131896 0.57357645
vt 0.224999994 0.611111104
vn -0.809066951 -0.128143609 0.57357645
vt 0.25 0.611111104
vn -0.819152057 -5.01585978e-17 0.57357645
vt 0.275000006 0.611111104
vn -0.809066951 0.128143609 0.57357645
vt 0.300000012 0.611111104
vn -0.779059887 0.253131896 0.57357645
vt 0.324999988 0.611111104
vn -0.729869843 0.371887237 0.57357645
vt 0.349999994 0.611111104
vn -0.662707925 0.481485486 0.57357645
vt 0.375 0.611111104
vn -0.579227984 0.579227984 0.57357645
vt 0.400000006 0.611111104
vn -0.481485486 0.662707925 0.57357645
vt 0.425000012 0.611111104
vn -0.371887237 0.729869843 0.57357645
vt 0.449999988 0.611111104
vn -0.253131896 0.779059887 0.57357645
vt 0.474999994 0.611111104
vn -0.128143609 0.809066951 0.57357645
vt 0.5 0.611111104
vn -1.00317196e-16 0.819152057 0.57357645
vt 0.524999976 0.611111104
vn 0.128143609 0.809066951 0.57357645
vt 0.550000012 0.611111104
vn 0.253131896 0.779059887 0.57357645
vt 0.574999988 0.611111104
vn 0.371887237 0.729869843 0.57357645
vt 0.600000024 0.611111104
vn 0.481485486 0.662707925 0.57357645
vt 0.625 0.611111104
vn 0.579227984 0.579227984 0.57357645
vt 0.649999976 0.611111104
vn 0.662707925 0.481485486 0.57357645
vt 0.675000012 0.611111104
vn 0.729869843 0.371887237 0.57357645
vt 0.699999988 0.611111104
vn 0.779059887 0.253131896 0.57357645
vt 0.725000024 0.611111104
vn 0.809066951 0.128143609 0.57357645
vt 0.75 0.611111104
vn 0.819152057 1.50475787e-16 0.57357645
vt 0.774999976 0.611111104
vn 0.809066951 -0.128143609 0.57357645
vt 0.800000012 0.611111104
vn 0.779059887 -0.253131896 0.57357645
vt 0.824999988 0.611111104
vn 0.729869843 -0.371887237 0.57357645
vt 0.850000024 0.611111104
vn 0.662707925 -0.481485486 0.57357645
vt 0.875 0.611111104
vn 0.579227984 -0.579227984 0.57357645
vt 0.899999976 0.611111104
vn 0.481485486 -0.662707925 0.57357645
vt 0.925000012 0.611111104
vn 0.371887237 -0.729869843 0.57357645
vt 0.949999988 0.611111104
vn 0.253131896 -0.779059887 0.57357645
vt 0.975000024 0.611111104
vn 0.128143609 -0.809066951 0.57357645
vt 1.0 0.611111104
vn 2.00634391e-16 -0.819152057 0.57357645
vt 0.0 0.666666657
vn 0.0 -0.866025388 0.5
vt 0.0250000004 0.666666657
vn -0.135476217 -0.85536319 0.5
vt 0.0500000007 0.666666657
vn -0.26761657 -0.823639095 0.5
vt 0.075000003 0.666666657
vn -0.393167317 -0.771634281 0.5
vt 0.100000001 0.666666657
vn -0.509036958 -0.700629294 0.5
vt 0.125 0.666666657
vn -0.612372458 -0.612372458 0.5
vt 0.150000006 0.666666657
vn -0.700629294 -0.509036958 0.5
vt 0.174999997 0.666666657
vn -0.771634281 -0.393167317 0.5
vt 0.200000003 0.666666657
vn -0.823639095 -0.26761657 0.5
vt 0.224999994 0.666666657
vn -0.85536319 -0.135476217 0.5
vt 0.25 0.666666657
vn -0.866025388 -5.30287624e-17 0.5
vt 0.275000006 0.666666657
vn -0.85536319 0.135476217 0.5
vt 0.300000012 0.666666657
vn -0.823639095 0.26761657 0.5
vt 0.324999988 0.666666657
vn -0.771634281 0.393167317 0.5
vt 0.349999994 0.666666657
vn -0.700629294 0.509036958 0.5
vt 0.375 0.666666657
vn -0.612372458 0.612372458 0.5
vt 0.400000006 0.666666657
vn -0.509036958 0.700629294 0.5
vt 0.425000012 0.666666657
vn -0.393167317 0.771634281 0.5
vt 0.449999988 0.666666657
vn -0.26761657 0.823639095 0.5
vt 0.474999994 0.666666657
vn -0.135476217 0.85536319 0.5
vt 0.5 0.666666657
vn -1.06057525e-16 0.866025388 0.5
vt 0.524999976 0.666666657
vn 0.135476217 0.85536319 0.5
vt 0.550000012 0.666666657
vn 0.26761657 0.823639095 0.5
vt 0.574999988 0.666666657
vn 0.393167317 0.771634281 0.5
vt 0.600000024 0.666666657
vn 0.509036958 0.700629294 0.5
vt 0.625 0.666666657
vn 0.612372458 0.612372458 0.5
vt 0.649999976 0.666666657
vn 0.700629294 0.509036958 0.5
vt 0.675000012 0.666666657
vn 0.771634281 0.393167317 0.5
vt 0.699999988 0.666666657
vn 0.823639095 0.26761657 0.5
vt 0.725000024 0.666666657
vn 0.85536319 0.135476217 0.5
vt 0.75 0.666666657
vn 0.866025388 1.59086287e-16 0.5
vt 0.774999976 0.666666657
vn 0.85536319 -0.135476217 0.5
vt 0.800000012 0.666666657
vn 0.823639095 -0.26761657 0.5
vt 0.824999988 0.666666657
vn 0.771634281 -0.393167317 0.5
vt 0.850000024 0.666666657
vn 0.700629294 -0.509036958 0.5
vt 0.875 0.666666657
vn 0.612372458 -0.612372458 0.5
vt 0.899999976 0.666666657
vn 0.509036958 -0.700629294 0.5
vt 0.925000012 0.666666657
vn 0.393167317 -0.771634281 0.5
vt 0.949999988 0.666666657
vn 0.26761657 -0.823639095 0.5
vt 0.975000024 0.666666657
vn 0.135476217 -0.85536319 0.5
vt 1.0 0.666666657
vn 2.12115049e-16 -0.866025388 0.5
vt 0.0 0.722222209
vn 0.0 -0.906307817 0.42261827
vt 0.0250000004 0.722222209
vn -0.141777769 -0.895149648 0.42261827
vt 0.0500000007 0.722222209
vn -0.280064523 -0.861949921 0.42261827
vt 0.075000003 0.722222209
vn -0.411455125 -0.807526171 0.42261827
vt 0.100000001 0.722222209
vn -0.532714367 -0.733218431 0.42261827
vt 0.125 0.722222209
vn -0.640856385 -0.640856385 0.42261827
vt 0.150000006 0.722222209
vn -0.733218431 -0.532714367 0.42261827
vt 0.174999997 0.722222209
vn -0.807526171 -0.411455125 0.42261827
vt 0.200000003 0.722222209
vn -0.861949921 -0.280064523 0.42261827
vt 0.224999994 0.722222209
vn -0.895149648 -0.141777769 0.42261827
vt 0.25 0.722222209
vn -0.906307817 -5.54953455e-17 0.42261827
vt 0.275000006 0.722222209
vn -0.895149648 0.141777769 0.42261827
vt 0.300000012 0.722222209
vn -0.861949921 0.280064523 0.42261827
vt 0.324999988 0.722222209
vn -0.807526171 0.411455125 0.42261827
vt 0.349999994 0.722222209
vn -0.733218431 0.532714367 0.42261827
vt 0.375 0.722222209
vn -0.640856385 0.640856385 0.42261827
vt 0.400000006 0.722222209
vn -0.532714367 0.733218431 0.42261827
vt 0.425000012 0.722222209
vn -0.411455125 0.807526171 0.42261827
vt 0.449999988 0.722222209
vn -0.280064523 0.861949921 0.42261827
vt 0.474999994 0.722222209
vn -0.141777769 0.895149648 0.42261827
vt 0.5 0.722222209
vn -1.10990691e-16 0.906307817 0.42261827
vt 0.524999976 0.722222209
vn 0.141777769 0.895149648 0.42261827
vt 0.550000012 0.722222209
vn 0.280064523 0.861949921 0.42261827
vt 0.574999988 0.722222209
vn 0.411455125 0.807526171 0.42261827
vt 0.600000024 0.722222209
vn 0.532714367 0.733218431 0.42261827
vt 0.625 0.722222209
vn 0.640856385 0.640856385 0.42261827
vt 0.649999976 0.722222209
vn 0.733218431 0.532714367 0.42261827
vt 0.675000012 0.722222209
vn 0.807526171 0.411455125 0.42261827
vt 0.699999988 0.722222209
vn 0.861949921 0.280064523 0.42261827
vt 0.725000024 0.722222209
vn 0.895149648 0.141777769 0.42261827
vt 0.75 0.722222209
vn 0.906307817 1.66486033e-16 0.42261827
vt 0.774999976 0.722222209
vn 0.895149648 -0.141777769 0.42261827
vt 0.800000012 0.722222209
vn 0.861949921 -0.280064523 0.42261827
vt 0.824999988 0.722222209
vn 0.807526171 -0.411455125 0.42261827
vt 0.850000024 0.722222209
vn 0.733218431 -0.532714367 0.42261827
vt 0.875 0.722222209
vn 0.640856385 -0.640856385 0.42261827
vt 0.899999976 0.722222209
vn 0.532714367 -0.733218431 0.42261827
vt 0.925000012 0.722222209
vn 0.411455125 -0.807526171 0.42261827
vt 0.949999988 0.722222209
vn 0.280064523 -0.861949921 0.42261827
vt 0.975000024 0.722222209
vn 0.141777769 -0.895149648 0.42261827
vt 1.0 0.722222209
vn 2.21981382e-16 -0.906307817 0.42261827
vt 0.0 0.777777776
vn 0.0 -0.939692616 0.342020154
vt 0.0250000004 0.777777776
vn -0.147000313 -0.928123474 0.342020154
vt 0.0500000007 0.777777776
vn -0.290380985 -0.893700778 0.342020154
vt 0.075000003 0.777777776
vn -0.426611513 -0.837272227 0.342020154
vt 0.100000001 0.777777776
vn -0.552337468 -0.760227323 0.342020154
vt 0.125 0.777777776
vn -0.664463043 -0.664463043 0.342020154
vt 0.150000006 0.777777776
vn -0.760227323 -0.552337468 0.342020154
vt 0.174999997 0.777777776
vn -0.837272227 -0.426611513 0.342020154
vt 0.200000003 0.777777776
vn -0.893700778 -0.290380985 0.342020154
vt 0.224999994 0.777777776
vn -0.928123474 -0.147000313 0.342020154
vt 0.25 0.777777776
vn -0.939692616 -5.75395768e-17 0.342020154
vt 0.275000006 0.777777776
vn -0.928123474 0.147000313 0.342020154
vt 0.300000012 0.777777776
vn -0.893700778 0.290380985 0.342020154
vt 0.324999988 0.777777776
vn -0.837272227 0.426611513 0.342020154
vt 0.349999994 0.777777776
vn -0.760227323 0.552337468 0.342020154
vt 0.375 0.777777776
vn -0.664463043 0.664463043 0.342020154
vt 0.400000006 0.777777776
vn -0.552337468 0.760227323 0.342020154
vt 0.425000012 0.777777776
vn -0.426611513 0.837272227 0.342020154
vt 0.449999988 0.777777776
vn -0.290380985 0.893700778 0.342020154
vt 0.474999994 0.777777776
vn -0.147000313 0.928123474 0.342020154
vt 0.5 0.777777776
vn -1.15079154e-16 0.939692616 0.342020154
vt 0.524999976 0.777777776
vn 0.147000313 0.928123474 0.342020154
vt 0.550000012 0.777777776
vn 0.290380985 0.893700778 0.342020154
vt 0.574999988 0.777777776
vn 0.426611513 0.837272227 0.342020154
vt 0.600000024 0.777777776
vn 0.552337468 0.760227323 0.342020154
vt 0.625 0.777777776
vn 0.664463043 0.664463043 0.342020154
vt 0.649999976 0.777777776
vn 0.760227323 0.552337468 0.342020154
vt 0.675000012 0.777777776
vn 0.837272227 0.426611513 0.342020154
vt 0.699999988 0.777777776
vn 0.893700778 0.290380985 0.342020154
vt 0.725000024 0.777777776
vn 0.928123474 0.147000313 0.342020154
vt 0.75 0.777777776
vn 0.939692616 1.72618737e-16 0.342020154
vt 0.774999976 0.777777776
vn 0.928123474 -0.147000313 0.342020154
vt 0.800000012 0.777777776
vn 0.893700778 -0.290380985 0.342020154
vt 0.824999988 0.777777776
vn 0.837272227 -0.426611513 0.342020154
vt 0.850000024 0.777777776
vn 0.760227323 -0.552337468 0.342020154
vt 0.875 0.777777776
vn 0.664463043 -0.664463043 0.342020154
vt 0.899999976 0.777777776
vn 0.552337468 -0.760227323 0.342020154
vt 0.925000012 0.777777776
vn 0.426611513 -0.837272227 0.342020154
vt 0.949999988 0.777777776
vn 0.290380985 -0.893700778 0.342020154
vt 0.975000024 0.777777776
vn 0.147000313 -0.928123474 0.342020154
vt 1.0 0.777777776
vn 2.30158307e-16 -0.939692616 0.342020154
vt 0.0 0.833333328
vn 0.0 -0.965925813 0.258819044
vt 0.0250000004 0.833333328
vn -0.151104093 -0.954033673 0.258819044
vt 0.0500000007 0.833333328
vn -0.298487484 -0.918650031 0.258819044
vt 0.075000003 0.833333328
vn -0.438521147 -0.860646188 0.258819044
vt 0.100000001 0.833333328
vn -0.567756951 -0.781450391 0.258819044
vt 0.125 0.833333328
vn -0.683012724 -0.683012724 0.258819044
vt 0.150000006 0.833333328
vn -0.781450391 -0.567756951 0.258819044
vt 0.174999997 0.833333328
vn -0.860646188 -0.438521147 0.258819044
vt 0.200000003 0.833333328
vn -0.918650031 -0.298487484 0.258819044
vt 0.224999994 0.833333328
vn -0.954033673 -0.151104093 0.258819044
vt 0.25 0.833333328
vn -0.965925813 -5.91458953e-17 0.258819044
vt 0.275000006 0.833333328
vn -0.954033673 0.151104093 0.258819044
vt 0.300000012 0.833333328
vn -0.918650031 0.298487484 0.258819044
vt 0.324999988 0.833333328
vn -0.860646188 0.438521147 0.258819044
vt 0.349999994 0.833333328
vn -0.781450391 0.567756951 0.258819044
vt 0.375 0.833333328
vn -0.683012724 0.683012724 0.258819044
vt 0.400000006 0.833333328
vn -0.567756951 0.781450391 0.258819044
vt 0.425000012 0.833333328
vn -0.438521147 0.860646188 0.258819044
vt 0.449999988 0.833333328
vn -0.298487484 0.918650031 0.258819044
vt 0.474999994 0.833333328
vn -0.151104093 0.954033673 0.258819044
vt 0.5 0.833333328
vn -1.18291791e-16 0.965925813 0.258819044
vt 0.524999976 0.833333328
vn 0.151104093 0.954033673 0.258819044
vt 0.550000012 0.833333328
vn 0.298487484 0.918650031 0.258819044
vt 0.574999988 0.833333328
vn 0.438521147 0.860646188 0.258819044
vt 0.600000024 0.833333328
vn 0.567756951 0.781450391 0.258819044
vt 0.625 0.833333328
vn 0.683012724 0.683012724 0.258819044
vt 0.649999976 0.833333328
vn 0.781450391 0.567756951 0.258819044
vt 0.675000012 0.833333328
vn 0.860646188 0.438521147 0.258819044
vt 0.699999988 0.833333328
vn 0.918650031 0.298487484 0.258819044
vt 0.725000024 0.833333328
vn 0.954033673 0.151104093 0.258819044
vt 0.75 0.833333328
vn 0.965925813 1.77437693e-16 0.258819044
vt 0.774999976 0.833333328
vn 0.954033673 -0.151104093 0.258819044
vt 0.800000012 0.833333328
vn 0.918650031 -0.298487484 0.258819044
vt 0.824999988 0.833333328
vn 0.860646188 -0.438521147 0.258819044
vt 0.850000024 0.833333328
vn 0.781450391 -0.567756951 0.258819044
vt 0.875 0.833333328
vn 0.683012724 -0.683012724 0.258819044
vt 0.899999976 0.833333328
vn 0.567756951 -0.781450391 0.258819044
vt 0.925000012 0.833333328
vn 0.438521147 -0.860646188 0.258819044
vt 0.949999988 0.833333328
vn 0.298487484 -0.918650031 0.258819044
vt 0.975000024 0.833333328
vn 0.151104093 -0.954033673 0.258819044
vt 1.0 0.833333328
vn 2.36583581e-16 -0.965925813 0.258819044
vt 0.0 0.888888888
vn 0.0 -0.98480773 0.173648179
vt 0.0250000004 0.888888888
vn -0.154057875 -0.972683132 0.173648179
vt 0.0500000007 0.888888888
vn -0.304322332 -0.936607838 0.173648179
vt 0.075000003 0.888888888
vn -0.447093368 -0.877470136 0.173648179
vt 0.100000001 0.888888888
vn -0.578855455 -0.796726227 0.173648179
vt 0.125 0.888888888
vn -0.696364224 -0.696364224 0.173648179
vt 0.150000006 0.888888888
vn -0.796726227 -0.578855455 0.173648179
vt 0.174999997 0.888888888
vn -0.877470136 -0.447093368 0.173648179
vt 0.200000003 0.888888888
vn -0.936607838 -0.304322332 0.173648179
vt 0.224999994 0.888888888
vn -0.972683132 -0.154057875 0.173648179
vt 0.25 0.888888888
vn -0.98480773 -6.03020821e-17 0.173648179
vt 0.275000006 0.888888888
vn -0.972683132 0.154057875 0.173648179
vt 0.300000012 0.888888888
vn -0.936607838 0.304322332 0.173648179
vt 0.324999988 0.888888888
vn -0.877470136 0.447093368 0.173648179
vt 0.349999994 0.888888888
vn -0.796726227 0.578855455 0.173648179
vt 0.375 0.888888888
vn -0.696364224 0.696364224 0.173648179
vt 0.400000006 0.888888888
vn -0.578855455 0.796726227 0.173648179
vt 0.425000012 0.888888888
vn -0.447093368 0.877470136 0.173648179
vt 0.449999988 0.888888888
vn -0.304322332 0.936607838 0.173648179
vt 0.474999994 0.888888888
vn -0.154057875 0.972683132 0.173648179
vt 0.5 0.888888888
vn -1.20604164e-16 0.98480773 0.173648179
vt 0.524999976 0.888888888
vn 0.154057875 0.972683132 0.173648179
vt 0.550000012 0.888888888
vn 0.304322332 0.936607838 0.173648179
vt 0.574999988 0.888888888
vn 0.447093368 0.877470136 0.173648179
vt 0.600000024 0.888888888
vn 0.578855455 0.796726227 0.173648179
vt 0.625 0.888888888
vn 0.696364224 0.696364224 0.173648179
vt 0.649999976 0.888888888
vn 0.796726227 0.578855455 0.173648179
vt 0.675000012 0.888888888
vn 0.877470136 0.447093368 0.173648179
vt 0.699999988 0.888888888
vn 0.936607838 0.304322332 0.173648179
vt 0.725000024 0.888888888
vn 0.972683132 0.154057875 0.173648179
vt 0.75 0.888888888
vn 0.98480773 1.80906253e-16 0.173648179
vt 0.774999976 0.888888888
vn 0.972683132 -0.154057875 0.173648179
vt 0.800000012 0.888888888
vn 0.936607838 -0.304322332 0.173648179
vt 0.824999988 0.888888888
vn 0.877470136 -0.447093368 0.173648179
vt 0.850000024 0.888888888
vn 0.796726227 -0.578855455 0.173648179
vt 0.875 0.888888888
vn 0.696364224 -0.696364224 0.173648179
vt 0.899999976 0.888888888
vn 0.578855455 -0.796726227 0.173648179
vt 0.925000012 0.888888888
vn 0.447093368 -0.877470136 0.173648179
vt 0.949999988 0.888888888
vn 0.304322332 -0.936607838 0.173648179
vt 0.975000024 0.888888888
vn 0.154057875 -0.972683132 0.173648179
vt 1.0 0.888888888
vn 2.41208328e-16 -0.98480773 0.173648179
vt 0.0 0.944444444
vn 0.0 -0.99619472 0.0871557444
vt 0.0250000004 0.944444444
vn -0.15583919 -0.983929873 0.0871557444
vt 0.0500000007 0.944444444
vn -0.307841092 -0.947437465 0.0871557444
vt 0.075000003 0.944444444
vn -0.452262938 -0.887615979 0.0871557444
vt 0.100000001 0.944444444
vn -0.58554858 -0.805938423 0.0871557444
vt 0.125 0.944444444
vn -0.704416037 -0.704416037 0.0871557444
vt 0.150000006 0.944444444
vn -0.805938423 -0.58554858 0.0871557444
vt 0.174999997 0.944444444
vn -0.887615979 -0.452262938 0.0871557444
vt 0.200000003 0.944444444
vn -0.947437465 -0.307841092 0.0871557444
vt 0.224999994 0.944444444
vn -0.983929873 -0.15583919 0.0871557444
vt 0.25 0.944444444
vn -0.99619472 -6.09993292e-17 0.0871557444
vt 0.275000006 0.944444444
vn -0.983929873 0.15583919 0.0871557444
vt 0.300000012 0.944444444
vn -0.947437465 0.307841092 0.0871557444
vt 0.324999988 0.944444444
vn -0.887615979 0.452262938 0.0871557444
vt 0.349999994 0.944444444
vn -0.805938423 0.58554858 0.0871557444
vt 0.375 0.944444444
vn -0.704416037 0.704416037 0.0871557444
vt 0.400000006 0.944444444
vn -0.58554858 0.805938423 0.0871557444
vt 0.425000012 0.944444444
vn -0.452262938 0.887615979 0.0871557444
vt 0.449999988 0.944444444
vn -0.307841092 0.947437465 0.0871557444
vt 0.474999994 0.944444444
vn -0.15583919 0.983929873 0.0871557444
vt 0.5 0.944444444
vn -1.21998658e-16 0.99619472 0.0871557444
vt 0.524999976 0.944444444
vn 0.15583919 0.983929873 0.0871557444
vt 0.550000012 0.944444444
vn 0.307841092 0.947437465 0.0871557444
vt 0.574999988 0.944444444
vn 0.452262938 0.887615979 0.0871557444
vt 0.600000024 0.944444444
vn 0.58554858 0.805938423 0.0871557444
vt 0.625 0.944444444
vn 0.704416037 0.704416037 0.0871557444
vt 0.649999976 0.944444444
vn 0.805938423 0.58554858 0.0871557444
vt 0.675000012 0.944444444
vn 0.887615979 0.452262938 0.0871557444
vt 0.699999988 0.944444444
vn 0.947437465 0.307841092 0.0871557444
vt 0.725000024 0.944444444
vn 0.983929873 0.15583919 0.0871557444
vt 0.75 0.944444444
vn 0.99619472 1.82998001e-16 0.0871557444
vt 0.774999976 0.944444444
vn 0.983929873 -0.15583919 0.0871557444
vt 0.800000012 0.944444444
vn 0.947437465 -0.307841092 0.0871557444
vt 0.824999988 0.944444444
vn 0.887615979 -0.452262938 0.0871557444
vt 0.850000024 0.944444444
vn 0.805938423 -0.58554858 0.0871557444
vt 0.875 0.944444444
vn 0.704416037 -0.704416037 0.0871557444
vt 0.899999976 0.944444444
vn 0.58554858 -0.805938423 0.0871557444
vt 0.925000012 0.944444444
vn 0.452262938 -0.887615979 0.0871557444
vt 0.949999988 0.944444444
vn 0.307841092 -0.947437465 0.0871557444
vt 0.975000024 0.944444444
vn 0.15583919 -0.983929873 0.0871557444
vt 1.0 0.944444444
vn 2.43997317e-16 -0.99619472 0.0871557444
vt 0.0 1.0
vn 0.0 -1.0 6.12323426e-17
vt 0.0250000004 1.0
vn -0.156434461 -0.987688363 6.12323426e-17
vt 0.0500000007 1.0
vn -0.309017003 -0.95105654 6.12323426e-17
vt 0.075000003 1.0
vn -0.453990489 -0.891006529 6.12323426e-17
vt 0.100000001 1.0
vn -0.587785244 -0.809017003 6.12323426e-17
vt 0.125 1.0
vn -0.707106769 -0.707106769 6.12323426e-17
vt 0.150000006 1.0
vn -0.809017003 -0.587785244 6.12323426e-17
vt 0.174999997 1.0
vn -0.891006529 -0.453990489 6.12323426e-17
vt 0.200000003 1.0
vn -0.95105654 -0.309017003 6.12323426e-17
vt 0.224999994 1.0
vn -0.987688363 -0.156434461 6.12323426e-17
vt 0.25 1.0
vn -1.0 -6.12323426e-17 6.12323426e-17
vt 0.275000006 1.0
vn -0.987688363 0.156434461 6.12323426e-17
vt 0.300000012 1.0
vn -0.95105654 0.309017003 6.12323426e-17
vt 0.324999988 1.0
vn -0.891006529 0.453990489 6.12323426e-17
vt 0.349999994 1.0
vn -0.809017003 0.587785244 6.12323426e-17
vt 0.375 1.0
vn -0.707106769 0.707106769 6.12323426e-17
vt 0.400000006 1.0
vn -0.587785244 0.809017003 6.12323426e-17
vt 0.425000012 1.0
vn -0.453990489 0.891006529 6.12323426e-17
vt 0.449999988 1.0
vn -0.309017003 0.95105654 6.12323426e-17
vt 0.474999994 1.0
vn -0.156434461 0.987688363 6.12323426e-17
vt 0.5 1.0
vn -1.22464685e-16 1.0 6.12323426e-17
vt 0.524999976 1.0
vn 0.156434461 0.987688363 6.12323426e-17
vt 0.550000012 1.0
vn 0.309017003 0.95105654 6.12323426e-17
vt 0.574999988 1.0
vn 0.453990489 0.891006529 6.12323426e-17
vt 0.600000024 1.0
vn 0.587785244 0.809017003 6.12323426e-17
vt 0.625 1.0
vn 0.707106769 0.707106769 6.12323426e-17
vt 0.649999976 1.0
vn 0.809017003 0.587785244 6.12323426e-17
vt 0.675000012 1.0
vn 0.891006529 0.453990489 6.12323426e-17
vt 0.699999988 1.0
vn 0.95105654 0.309017003 6.12323426e-17
vt 0.725000024 1.0
vn 0.987688363 0.156434461 6.12323426e-17
vt 0.75 1.0
vn 1.0 1.83697015e-16 6.12323426e-17
vt 0.774999976 1.0
vn 0.987688363 -0.156434461 6.12323426e-17
vt 0.800000012 1.0
vn 0.95105654 -0.309017003 6.12323426e-17
vt 0.824999988 1.0
vn 0.891006529 -0.453990489 6.12323426e-17
vt 0.850000024 1.0
vn 0.809017003 -0.587785244 6.12323426e-17
vt 0.875 1.0
vn 0.707106769 -0.707106769 6.12323426e-17
vt 0.899999976 1.0
vn 0.587785244 -0.809017003 6.12323426e-17
vt 0.925000012 1.0
vn 0.453990489 -0.891006529 6.12323426e-17
vt 0.949999988 1.0
vn 0.309017003 -0.95105654 6.12323426e-17
vt 0.975000024 1.0
vn 0.156434461 -0.987688363 6.12323426e-17
vt 1.0 1.0
vn 2.44929371e-16 -1.0 6.12323426e-17
f 1/1/1 43/43/43 42/42/42
f 2/2/2 44/44/44 43/43/43
f 3/3/3 45/45/45 44/44/44
f 4/4/4 46/46/46 45/45/45
f 5/5/5 47/47/47 46/46/46
f 6/6/6 48/48/48 47/47/47
f 7/7/7 49/49/49 48/48/48
f 8/8/8 50/50/50 49/49/49
f 9/9/9 51/51/51 50/50/50
f 10/10/10 52/52/52 51/51/51
f 11/11/11 53/53/53 52/52/52
f 12/12/12 54/54/54 53/53/53
f 13/13/13 55/55/55 54/54/54
f 14/14/14 56/56/56 55/55/55
f 15/15/15 57/57/57 56/56/56
f 16/16/16 58/58/58 57/57/57
f 17/17/17 59/59/59 58/58/58
f 18/18/18 60/60/60 59/59/59
f 19/19/19 61/61/61 60/60/60
f 20/20/20 62/62/62 61/61/61
f 21/21/21 63/63/63 62/62/62
f 22/22/22 64/64/64 63/63/63
f 23/23/23 65/65/65 64/64/64
f 24/24/24 66/66/66 65/65/65
f 25/25/25 67/67/67 66/66/66
f 26/26/26 68/68/68 67/67/67
f 27/27/27 69/69/69 68/68/68
f 28/28/28 70/70/70 69/69/69
f 29/29/29 71/71/71 70/70/70
f 30/30/30 72/72/72 71/71/71
f 31/31/31 73/73/73 72/72/72
f 32/32/32 74/74/74 73/73/73
f 33/33/33 75/75/75 74/74/74
f 34/34/34 76/76/76 75/75/75
f 35/35/35 77/77/77 76/76/76
f 36/36/36 78/78/78 77/77/77
f 37/37/37 79/79/79 78/78/78
f 38/38/38 80/80/80 79/79/79
f 39/39/39 81/81/81 80/80/80
f 40/40/40 82/82/82 81/81/81
f 43/43/43 84/84/84 42/42/42
f 42/42/42 84/84/84 83/83/83
f 44/44/44 85/85/85 43/43/43
f 43/43/43 85/85/85 84/84/84
f 45/45/45 86/86/86 44/44/44
f 44/44/44 86/86/86 85/85/85
f 46/46/46 87/87/87 45/45/45
f 45/45/45 87/87/87 86/86/86
f 47/47/47 88/88/88 46/46/46
f 46/46/46 88/88/88 87/87/87
f 48/48/48 89/89/89 47/47/47
f 47/47/47 89/89/89 88/88/88
f 49/49/49 90/90/90 48/48/48
f 48/48/48 90/90/90 89/89/89
f 50/50/50 91/91/91 49/49/49
f 49/49/49 91/91/91 90/90/90
f 51/51/51 92/92/92 50/50/50
f 50/50/50 92/92/92 91/91/91
f 52/52/52 93/93/93 51/51/51
f 51/51/51 93/93/93 92/92/92
f 53/53/53 94/94/94 52/52/52
f 52/52/52 94/94/94 93/93/93
f 54/54/54 95/95/95 53/53/53
f 53/53/53 95/95/95 94/94/94
f 55/55/55 96/96/96 54/54/54
f 54/54/54 96/96/96 95/95/95
f 56/56/56 97/97/97 55/55/55
f 55/55/55 97/97/97 96/96/96
f 57/57/57 98/98/98 56/56/56
f 56/56/56 98/98/98 97/97/97
f 58/58/58 99/99/99 57/57/57
f 57/57/57 99/99/99 98/98/98
f 59/59/59 100/100/100 58/58/58
f 58/58/58 100/100/100 99/99/99
f 60/60/60 101/101/101 59/59/59
f 59/59/59 101/101/101 100/100/100
f 61/61/61 102/102/102 60/60/60
f 60/60/60 102/102/102 101/101/101
f 62/62/62 103/103/103 61/61/61
f 61/61/61 103/103/103 102/102/102
f 63/63/63 104/104/104 62/62/62
f 62/62/62 104/104/104 103/103/103
f 64/64/64 105/105/105 63/63/63
f 63/63/63 105/105/105 104/104/104
f 65/65/65 106/106/106 64/64/64
f 64/64/64 106/106/106 105/105/105
f 66/66/66 107/107/107 65/65/65
f 65/65/65 107/107/107 106/106/106
f 67/67/67 108/108/108 66/66/66
f 66/66/66 108/108/108 107/107/107
f 68/68/68 109/109/109 67/67/67
f 67/67/67 109/109/109 108/108/108
f 69/69/69 110/110/110 68/68/68
f 68/68/68 110/110/110 109/109/109
f 70/70/70 111/111/111 69/69/69
f 69/69/69 111/111/111 110/110/110
f 71/71/71 112/112/112 70/70/70
f 70/70/70 112/112/112 111/111/111
f 72/72/72 113/113/113 71/71/71
f 71/71/71 113/113/113 112/112/112
f 73/73/73 114/114/114 72/72/72
f 72/72/72 114/114/114 113/113/113
f 74/74/74 115/115/115 73/73/73
f 73/73/73 115/115/115 114/114/114
f 75/75/75 116/116/116 74/74/74
f 74/74/74 116/116/116 115/115/115
f 76/76/76 117/117/117 75/75/75
f 75/75/75 117/117/117 116/116/116
f 77/77/77 118/118/118 76/76/76
f 76/76/76 118/118/118 117/117/117
f 78/78/78 119/119/119 77/77/77
f 77/77/77 119/119/119 118/118/118
f 79/79/79 120/120/120 78/78/78
f 78/78/78 120/120/120 119/119/119
f 80/80/80 121/121/121 79/79/79
f 79/79/79 121/121/121 120/120/120
f 81/81/81 122/122/122 80/80/80
f 80/80/80 122/122/122 121/121/121
f 82/82/82 123/123/123 81/81/81
f 81/81/81 123/123/123 122/122/122
f 84/84/84 125/125/125 83/83/83
f 83/83/83 125/125/125 124/124/124
f 85/85/85 126/126/126 84/84/84
f 84/84/84 126/126/126 125/125/125
f 86/86/86 127/127/127 85/85/85
f 85/85/85 127/127/127 126/126/126
f 87/87/87 128/128/128 86/86/86
f 86/86/86 128/128/128 127/127/127
f 88/88/88 129/129/129 87/87/87
f 87/87/87 129/129/129 128/128/128
f 89/89/89 130/130/130 88/88/88
f 88/88/88 130/130/130 129/129/129
f 90/90/90 131/131/131 89/89/89
f 89/89/89 131/131/131 130/130/130
f 91/91/91 132/132/132 90/90/90
f 90/90/90 132/132/132 131/131/131
f 92/92/92 133/133/133 91/91/91
f 91/91/91 133/133/133 132/132/132
f 93/93/93 134/134/134 92/92/92
f 92/92/92 134/134/134 133/133/133
f 94/94/94 135/135/135 93/93/93
f 93/93/93 135/135/135 134/134/134
f 95/95/95 136/136/136 94/94/94
f 94/94/94 136/136/136 135/135/135
f 96/96/96 137/137/137 95/95/95
f 95/95/95 137/137/137 136/136/136
f 97/97/97 138/138/138 96/96/96
f 96/96/96 138/138/138 137/137/137
f 98/98/98 139/139/139 97/97/97
f 97/97/97 139/139/139 138/138/138
f 99/99/99 140/140/140 98/98/98
f 98/98/98 140/140/140 139/139/139
f 100/100/100 141/141/141 99/99/99
f 99/99/99 141/141/141 140/140/140
f 101/101/101 142/142/142 100/100/100
f 100/100/100 142/142/142 141/141/141
f 102/102/102 143/143/143 101/101/101
f 101/101/101 143/143/143 142/142/142
f 103/103/103 144/144/144 102/102/102
f 102/102/102 144/144/144 143/143/143
f 104/104/104 145/145/145 103/103/103
f 103/103/103 145/145/145 144/144/144
f 105/105/105 146/146/146 104/104/104
f 104/104/104 146/146/146 145/145/145
f 106/106/106 147/147/147 105/105/105
f 105/105/105 147/147/147 146/146/146
f 107/107/107 148/148/148 106/106/106
f 106/106/106 148/148/148 147/147/147
f 108/108/108 149/149/149 107/107/107
f 107/107/107 149/149/149 148/148/148
f 109/109/109 150/150/150 108/108/108
f 108/108/108 150/150/150 149/149/149
f 110/110/110 151/151/151 109/109/109
f 109/109/109 151/151/151 150/150/150
f 111/111/111 152/152/152 110/110/110
f 110/110/110 152/152/152 151/151/151
f 112/112/112 153/153/153 111/111/111
f 111/111/111 153/153/153 152/152/152
f 113/113/113 154/154/154 112/112/112
f 112/112/112 154/154/154 153/153/153
f 114/114/114 155/155/155 113/113/113
f 113/113/113 155/155/155 154/154/154
f 115/115/115 156/156/156 114/114/114
f 114/114/114 156/156/156 155/155/155
f 116/116/116 157/157/157 115/115/115
f 115/115/115 157/157/157 156/156/156
f 117/117/117 158/158/158 116/116/116
f 116/116/116 158/158/158 157/157/157
f 118/118/118 159/159/159 117/117/117
f 117/117/117 159/159/159 158/158/158
f 119/119/119 160/160/160 118/118/118
f 118/118/118 160/160/160 159/159/159
f 120/120/120 161/161/161 119/119/119
f 119/119/119 161/161/161 160/160/160
f 121/121/121 162/162/162 120/120/120
f 120/120/120 162/162/162 161/161/161
f 122/122/122 163/163/163 121/121/121
f 121/121/121 163/163/163 162/162/162
f 123/123/123 164/164/164 122/122/122
f 122/122/122 164/164/164 163/163/163
f 125/125/125 166/166/166 124/124/124
f 124/124/124 166/166/166 165/165/165
f 126/126/126 167/167/167 125/125/125
f 125/125/125 167/167/167 166/166/166
f 127/127/127 168/168/168 126/126/126
f 126/126/126 168/168/168 167/167/167
f 128/128/128 169/169/169 127/127/127
f 127/127/127 169/169/169 168/168/168
f 129/129/129 170/170/170 128/128/128
f 128/128/128 170/170/170 169/169/169
f 130/130/130 171/171/171 129/129/129
f 129/129/129 171/171/171 170/170/170
f 131/131/131 172/172/172 130/130/130
f 130/130/130 172/172/172 171/171/171
f 132/132/132 173/173/173 131/131/131
f 131/131/131 173/173/173 172/172/172
f 133/133/133 174/174/174 132/132/132
f 132/132/132 174/174/174 173/173/173
f 134/134/134 175/175/175 133/133/133
f 133/133/133 175/175/175 174/174/174
f 135/135/135 176/176/176 134/134/134
f 134/134/134 176/176/176 175/175/175
f 136/136/136 177/177/177 135/135/135
f 135/135/135 177/177/177 176/176/176
f 137/137/137 178/178/178 136/136/136
f 136/136/136 178/178/178 177/177/177
f 138/138/138 179/179/179 137/137/137
f 137/137/137 179/179/179 178/178/178
f 139/139/139 180/180/180 138/138/138
f 138/138/138 180/180/180 179/179/179
f 140/140/140 181/181/181 139/139/139
f 139/139/139 181/181/181 180/180/180
f 141/141/141 182/182/182 140/140/140
f 140/140/140 182/182/182 181/181/181
f 142/142/142 183/183/183 141/141/141
f 141/141/141 183/183/183 182/182/182
f 143/143/143 184/184/184 142/142/142
f 142/142/142 184/184/184 183/183/183
f 144/144/144 185/185/185 143/143/143
f 143/143/143 185/185/185 184/184/184
f 145/145/145 186/186/186 144/144/144
f 144/144/144 186/186/186 185/185/185
f 146/146/146 187/187/187 145/145/145
f 145/145/145 187/187/187 186/186/186
f 147/147/147 188/188/188 146/146/146
f 146/146/146 188/188/188 187/187/187
f 148/148/148 189/189/189 147/147/147
f 147/147/147 189/189/189 188/188/188
f 149/149/149 190/190/190 148/148/148
f 148/148/148 190/190/190 189/189/189
f 150/150/150 191/191/191 149/149/149
f 149/149/149 191/191/191 190/190/190
f 151/151/151 192/192/192 150/150/150
f 150/150/150 192/192/192 191/191/191
f 152/152/152 193/193/193 151/151/151
f 151/151/151 193/193/193 192/192/192
f 153/153/153 194/194/194 152/152/152
f 152/152/152 194/194/194 193/193/193
f 154/154/154 195/195/195 153/153/153
f 153/153/153 195/195/195 194/194/194
f 155/155/155 196/196/196 154/154/154
f 154/154/154 196/196/196 195/195/195
f 156/156/156 197/197/197 155/155/155
f 155/155/155 197/197/197 196/196/196
f 157/157/157 198/198/198 156/156/156
f 156/156/156 198/198/198 197/197/197
f 158/158/158 199/199/199 157/157/157
f 157/157/157 199/199/199 198/198/198
f 159/159/159 200/200/200 158/158/158
f 158/158/158 200/200/200 199/199/199
f 160/160/160 201/201/201 159/159/159
f 159/159/159 201/201/201 200/200/200
f 161/161/161 202/202/202 160/160/160
f 160/160/160 202/202/202 201/201/201
f 162/162/162 203/203/203 161/161/161
f 161/161/161 203/203/203 202/202/202
f 163/163/163 204/204/204 162/162/162
f 162/162/162 204/204/204 203/203/203
f 164/164/164 205/205/205 163/163/163
f 163/163/163 205/205/205 204/204/204
f 166/166/166 207/207/207 165/165/165
f 165/165/165 207/207/207 206/206/206
f 167/167/167 208/208/208 166/166/166
f 166/166/166 208/208/208 207/207/207
f 168/168/168 209/209/209 167/167/167
f 167/167/167 209/209/209 208/208/208
f 169/169/169 210/210/210 168/168/168
f 168/168/168 210/210/210 209/209/209
f 170/170/170 211/211/211 169/169/169
f 169/169/169 211/211/211 210/210/210
f 171/171/171 212/212/212 170/170/170
f 170/170/170 212/212/212 211/211/211
f 172/172/172 213/213/213 171/171/171
f 171/171/171 213/213/213 212/212/212
f 173/173/173 214/214/214 172/172/172
f 172/172/172 214/214/214 213/213/213
f 174/174/174 215/215/215 173/173/173
f 173/173/173 215/215/215 214/214/214
f 175/175/175 216/216/216 174/174/174
f 174/174/174 216/216/216 215/215/215
f 176/176/176 217/217/217 175/175/175
f 175/175/175 217/217/217 216/216/216
f 177/177/177 218/218/218 176/176/176
f 176/176/176 218/218/218 217/217/217
f 178/178/178 219/219/219 177/177/177
f 177/177/177 219/219/219 218/218/218
f 179/179/179 220/220/220 178/178/178
f 178/178/178 220/220/220 219/219/219
f 180/180/180 221/221/221 179/179/179
f 179/179/179 221/221/221 220/220/220
f 181/181/181 222/222/222 180/180/180
f 180/180/180 222/222/222 221/221/221
f 182/182/182 223/223/223 181/181/181
f 181/181/181 223/223/223 222/222/222
f 183/183/183 224/224/224 182/182/182
f 182/182/182 224/224/224 223/223/223
f 184/184/184 225/225/225 183/183/183
f 183/183/183 225/225/225 224/224/224
f 185/185/185 226/226/226 184/184/184
f 184/184/184 226/226/226 225/225/225
f 186/186/186 227/227/227 185/185/185
f 185/185/185 227/227/227 226/226/226
f 187/187/187 228/228/228 186/186/186
f 186/186/186 228/228/228 227/227/227
f 188/188/188 229/229/229 187/187/187
f 187/187/187 229/229/229 228/228/228
f 189/189/189 230/230/230 188/188/188
f 188/188/188 230/230/230 229/229/229
f 190/190/190 231/231/231 189/189/189
f 189/189/189 231/231/231 230/230/230
f 191/191/191 232/232/232 190/190/190
f 190/190/190 232/232/232 231/231/231
f 192/192/192 233/233/233 191/191/191
f 191/191/191 233/233/233 232/232/232
f 193/193/193 234/234/234 192/192/192
f 192/192/192 234/234/234 233/233/233
f 194/194/194 235/235/235 193/193/193
f 193/193/193 235/235/235 234/234/234
f 195/195/195 236/236/236 194/194/194
f 194/194/194 236/236/236 235/235/235
f 196/196/196 237/237/237 195/195/195
f 195/195/195 237/237/237 236/236/236
f 197/197/197 238/238/238 196/196/196
f 196/196/196 238/238/238 237/237/237
f 198/198/198 239/239/239 197/197/197
f 197/197/197 239/239/239 238/238/238
f 199/199/199 240/240/240 198/198/198
f 198/198/198 240/240/240 239/239/239
f 200/200/200 241/241/241 199/199/199
f 199/199/199 241/241/241 240/240/240
f 201/201/201 242/242/242 200/200/200
f 200/200/200 242/242/242 241/241/241
f 202/202/202 243/243/243 201/201/201
f 201/201/201 243/243/243 242/242/242
f 203/203/203 244/244/244 202/202/202
f 202/202/202 244/244/244 243/243/243
f 204/204/204 245/245/245 203/203/203
f 203/203/203 245/245/245 244/244/244
f 205/205/205 246/246/246 204/204/204
f 204/204/204 246/246/246 245/245/245
f 207/207/207 248/248/248 206/206/206
f 206/206/206 248/248/248 247/247/247
f 208/208/208 249/249/249 207/207/207
f 207/207/207 249/249/249 248/248/248
f 209/209/209 250/250/250 208/208/208
f 208/208/208 250/250/250 249/249/249
f 210/210/210 251/251/251 209/209/209
f 209/209/209 251/251/251 250/250/250
f 211/211/211 252/252/252 210/210/210
f 210/210/210 252/252/252 251/251/251
f 212/212/212 253/253/253 211/211/211
f 211/211/211 253/253/253 252/252/252
f 213/213/213 254/254/254 212/212/212
f 212/212/212 254/254/254 253/253/253
f 214/214/214 255/255/255 213/213/213
f 213/213/213 255/255/255 254/254/254
f 215/215/215 256/256/256 214/214/214
f 214/214/214 256/256/256 255/255/255
f 216/216/216 257/257/257 215/215/215
f 215/215/215 257/257/257 256/256/256
f 217/217/217 258/258/258 216/216/216
f 216/216/216 258/258/258 257/257/257
f 218/218/218 259/259/259 217/217/217
f 217/217/217 259/259/259 258/258/258
f 219/219/219 260/260/260 218/218/218
f 218/218/218 260/260/260 259/259/259
f 220/220/220 261/261/261 219/219/219
f 219/219/219 261/261/261 260/260/260
f 221/221/221 262/262/262 220/220/220
f 220/220/220 262/262/262 261/261/261
f 222/222/222 263/263/263 221/221/221
f 221/221/221 263/263/263 262/262/262
f 223/223/223 264/264/264 222/222/222
f 222/222/222 264/264/264 263/263/263
f 224/224/224 265/265/265 223/223/223
f 223/223/223 265/265/265 264/264/264
f 225/225/225 266/266/266 224/224/224
f 224/224/224 266/266/266 265/265/265
f 226/226/226 267/267/267 225/225/225
f 225/225/225 267/267/267 266/266/266
f 227/227/227 268/268/268 226/226/226
f 226/226/226 268/268/268 267/267/267
f 228/228/228 269/269/269 227/227/227
f 227/227/227 269/269/269 268/268/268
f 229/229/229 270/270/270 228/228/228
f 228/228/228 270/270/270 269/269/269
f 230/230/230 271/271/271 229/229/229
f 229/229/229 271/271/271 270/270/270
f 231/231/231 272/272/272 230/230/230
f 230/230/230 272/272/272 271/271/271
f 232/232/232 273/273/273 231/231/231
f 231/231/231 273/273/273 272/272/272
f 233/233/233 274/274/274 232/232/232
f 232/232/232 274/274/274 273/273/273
f 234/234/234 275/275/275 233/233/233
f 233/233/233 275/275/275 274/274/274
f 235/235/235 276/276/276 234/234/234
f 234/234/234 276/276/276 275/275/275
f 236/236/236 277/277/277 235/235/235
f 235/235/235 277/277/277 276/276/276
f 237/237/237 278/278/278 236/236/236
f 236/236/236 278/278/278 277/277/277
f 238/238/238 279/279/279 237/237/237
f 237/237/237 279/279/279 278/278/278
f 239/239/239 280/280/280 238/238/238
f 238/238/238 280/280/280 279/279/279
f 240/240/240 281/281/281 239/239/239
f 239/239/239 281/281/281 280/280/280
f 241/241/241 282/282/282 240/240/240
f 240/240/240 282/282/282 281/281/281
f 242/242/242 283/283/283 241/241/241
f 241/241/241 283/283/283 282/282/282
f 243/243/243 284/284/284 242/242/242
f 242/242/242 284/284/284 283/283/283
f 244/244/244 285/285/285 243/243/243
f 243/243/243 285/285/285 284/284/284
f 245/245/245 286/286/286 244/244/244
f 244/244/244 286/286/286 285/285/285
f 246/246/246 287/287/287 245/245/245
f 245/245/245 287/287/287 286/286/286
f 248/248/248 289/289/289 247/247/247
f 247/247/247 289/289/289 288/288/288
f 249/249/249 290/290/290 248/248/248
f 248/248/248 290/290/290 289/289/289
f 250/250/250 291/291/291 249/249/249
f 249/249/249 291/291/291 290/290/290
f 251/251/251 292/292/292 250/250/250
f 250/250/250 292/292/292 291/291/291
f 252/252/252 293/293/293 251/251/251
f 251/251/251 293/293/293 292/292/292
f 253/253/253 294/294/294 252/252/252
f 252/252/252 294/294/294 293/293/293
f 254/254/254 295/295/295 253/253/253
f 253/253/253 295/295/295 294/294/294
f 255/255/255 296/296/296 254/254/254
f 254/254/254 296/296/296 295/295/295
f 256/256/256 297/297/297 255/255/255
f 255/255/255 297/297/297 296/296/296
f 257/257/257 298/298/298 256/256/256
f 256/256/256 298/298/298 297/297/297
f 258/258/258 299/299/299 257/257/257
f 257/257/257 299/299/299 298/298/298
f 259/259/259 300/300/300 258/258/258
f 258/258/258 300/300/300 299/299/299
f 260/260/260 301/301/301 259/259/259
f 259/259/259 301/301/301 300/300/300
f 261/261/261 302/302/302 260/260/260
f 260/260/260 302/302/302 301/301/301
f 262/262/262 303/303/303 261/261/261
f 261/261/261 303/303/303 302/302/302
f 263/263/263 304/304/304 262/262/262
f 262/262/262 304/304/304 303/303/303
f 264/264/264 305/305/305 263/263/263
f 263/263/263 305/305/305 304/304/304
f 265/265/265 306/306/306 264/264/264
f 264/264/264 306/306/306 305/305/305
f 266/266/266 307/307/307 265/265/265
f 265/265/265 307/307/307 306/306/306
f 267/267/267 308/308/308 266/266/266
f 266/266/266 308/308/308 307/307/307
f 268/268/268 309/309/309 267/267/267
f 267/267/267 309/309/309 308/308/308
f 269/269/269 310/310/310 268/268/268
f 268/268/268 310/310/310 309/309/309
f 270/270/270 311/311/311 269/269/269
f 269/269/269 311/311/311 310/310/310
f 271/271/271 312/312/312 270/270/270
f 270/270/270 312/312/312 311/311/311
f 272/272/272 313/313/313 271/271/271
f 271/271/271 313/313/313 312/312/312
f 273/273/273 314/314/314 272/272/272
f 272/272/272 314/314/314 313/313/313
f 274/274/274 315/315/315 273/273/273
f 273/273/273 315/315/315 314/314/314
f 275/275/275 316/316/316 274/274/274
f 274/274/274 316/316/316 315/315/315
f 276/276/276 317/317/317 275/275/275
f 275/275/275 317/317/317 316/316/316
f 277/277/277 318/318/318 276/276/276
f 276/276/276 318/318/318 317/317/317
f 278/278/278 319/319/319 277/277/277
f 277/277/277 319/319/319 318/318/318
f 279/279/279 320/320/320 278/278/278
f 278/278/278 320/320/320 319/319/319
f 280/280/280 321/321/321 279/279/279
f 279/279/279 321/321/321 320/320/320
f 281/281/281 322/322/322 280/280/280
f 280/280/280 322/322/322 321/321/321
f 282/282/282 323/323/323 281/281/281
f 281/281/281 323/323/323 322/322/322
f 283/283/283 324/324/324 282/282/282
f 282/282/282 324/324/324 323/323/323
f 284/284/284 325/325/325 283/283/283
f 283/283/283 325/325/325 324/324/324
f 285/285/285 326/326/326 284/284/284
f 284/284/284 326/326/326 325/325/325
f 286/286/286 327/327/327 285/285/285
f 285/285/285 327/327/327 326/326/326
f 287/287/287 328/328/328 286/286/286
f 286/286/286 328/328/328 327/327/327
f 289/289/289 330/330/330 288/288/288
f 288/288/288 330/330/330 329/329/329
f 290/290/290 331/331/331 289/289/289
f 289/289/289 331/331/331 330/330/330
f 291/291/291 332/332/332 290/290/290
f 290/290/290 332/332/332 331/331/331
f 292/292/292 333/333/333 291/291/291
f 291/291/291 333/333/333 332/332/332
f 293/293/293 334/334/334 292/292/292
f 292/292/292 334/334/334 333/333/333
f 294/294/294 335/335/335 293/293/293
f 293/293/293 335/335/335 334/334/334
f 295/295/295 336/336/336 294/294/294
f 294/294/294 336/336/336 335/335/335
f 296/296/296 337/337/337 295/295/295
f 295/295/295 337/337/337 336/336/336
f 297/297/297 338/338/338 296/296/296
f 296/296/296 338/338/338 337/337/337
f 298/298/298 339/339/339 297/297/297
f 297/297/297 339/339/339 338/338/338
f 299/299/299 340/340/340 298/298/298
f 298/298/298 340/340/340 339/339/339
f 300/300/300 341/341/341 299/299/299
f 299/299/299 341/341/341 340/340/340
f 301/301/301 342/342/342 300/300/300
f 300/300/300 342/342/342 341/341/341
f 302/302/302 343/343/343 301/301/301
f 301/301/301 343/343/343 342/342/342
f 303/303/303 344/344/344 302/302/302
f 302/302/302 344/344/344 343/343/343
f 304/304/304 345/345/345 303/303/303
f 303/303/303 345/345/345 344/344/344
f 305/305/305 346/346/346 304/304/304
f 304/304/304 346/346/346 345/345/345
f 306/306/306 347/347/347 305/305/305
f 305/305/305 347/347/347 346/346/346
f 307/307/307 348/348/348 306/306/306
f 306/306/306 348/348/348 347/347/347
f 308/308/308 349/349/349 307/307/307
f 307/307/307 349/349/349 348/348/348
f 309/309/309 350/350/350 308/308/308
f 308/308/308 350/350/350 349/349/349
f 310/310/310 351/351/351 309/309/309
f 309/309/309 351/351/351 350/350/350
f 311/311/311 352/352/352 310/310/310
f 310/310/310 352/352/352 351/351/351
f 312/312/312 353/353/353 311/311/311
f 311/311/311 353/353/353 352/352/352
f 313/313/313 354/354/354 312/312/312
f 312/312/312 354/354/354 353/353/353
f 314/314/314 355/355/355 313/313/313
f 313/313/313 355/355/355 354/354/354
f 315/315/315 356/356/356 314/314/314
f 314/314/314 356/356/356 355/355/355
f 316/316/316 357/357/357 315/315/315
f 315/315/315 357/357/357 356/356/356
f 317/317/317 358/358/358 316/316/316
f 316/316/316 358/358/358 357/357/357
f 318/318/318 359/359/359 317/317/317
f 317/317/317 359/359/359 358/358/358
f 319/319/319 360/360/360 318/318/318
f 318/318/318 360/360/360 359/359/359
f 320/320/320 361/361/361 319/319/319
f 319/319/319 361/361/361 360/360/360
f 321/321/321 362/362/362 320/320/320
f 320/320/320 362/362/362 361/361/361
f 322/322/322 363/363/363 321/321/321
f 321/321/321 363/363/363 362/362/362
f 323/323/323 364/364/364 322/322/322
f 322/322/322 364/364/364 363/363/363
f 324/324/324 365/365/365 323/323/323
f 323/323/323 365/365/365 364/364/364
f 325/325/325 366/366/366 324/324/324
f 324/324/324 366/366/366 365/365/365
f 326/326/326 367/367/367 325/325/325
f 325/325/325 367/367/367 366/366/366
f 327/327/327 368/368/368 326/326/326
f 326/326/326 368/368/368 367/367/367
f 328/328/328 369/369/369 327/327/327
f 327/327/327 369/369/369 368/368/368
f 330/330/330 371/371/371 329/329/329
f 329/329/329 371/371/371 370/370/370
f 331/331/331 372/372/372 330/330/330
f 330/330/330 372/372/372 371/371/371
f 332/332/332 373/373/373 331/331/331
f 331/331/331 373/373/373 372/372/372
f 333/333/333 374/374/374 332/332/332
f 332/332/332 374/374/374 373/373/373
f 334/334/334 375/375/375 333/333/333
f 333/333/333 375/375/375 374/374/374
f 335/335/335 376/376/376 334/334/334
f 334/334/334 376/376/376 375/375/375
f 336/336/336 377/377/377 335/335/335
f 335/335/335 377/377/377 376/376/376
f 337/337/337 378/378/378 336/336/336
f 336/336/336 378/378/378 377/377/377
f 338/338/338 379/379/379 337/337/337
f 337/337/337 379/379/379 378/378/378
f 339/339/339 380/380/380 338/338/338
f 338/338/338 380/380/380 379/379/379
f 340/340/340 381/381/381 339/339/339
f 339/339/339 381/381/381 380/380/380
f 341/341/341 382/382/382 340/340/340
f 340/340/340 382/382/382 381/381/381
f 342/342/342 383/383/383 341/341/341
f 341/341/341 383/383/383 382/382/382
f 343/343/343 384/384/384 342/342/342
f 342/342/342 384/384/384 383/383/383
f 344/344/344 385/385/385 343/343/343
f 343/343/343 385/385/385 384/384/384
f 345/345/345 386/386/386 344/344/344
f 344/344/344 386/386/386 385/385/385
f 346/346/346 387/387/387 345/345/345
f 345/345/345 387/387/387 386/386/386
f 347/347/347 388/388/388 346/346/346
f 346/346/346 388/388/388 387/387/387
f 348/348/348 389/389/389 347/347/347
f 347/347/347 389/389/389 388/388/388
f 349/349/349 390/390/390 348/348/348
f 348/348/348 390/390/390 389/389/389
f 350/350/350 391/391/391 349/349/349
f 349/349/349 391/391/391 390/390/390
f 351/351/351 392/392/392 350/350/350
f 350/350/350 392/392/392 391/391/391
f 352/352/352 393/393/393 351/351/351
f 351/351/351 393/393/393 392/392/392
f 353/353/353 394/394/394 352/352/352
f 352/352/352 394/394/394 393/393/393
f 354/354/354 395/395/395 353/353/353
f 353/353/353 395/395/395 394/394/394
f 355/355/355 396/396/396 354/354/354
f 354/354/354 396/396/396 395/395/395
f 356/356/356 397/397/397 355/355/355
f 355/355/355 397/397/397 396/396/396
f 357/357/357 398/398/398 356/356/356
f 356/356/356 398/398/398 397/397/397
f 358/358/358 399/399/399 357/357/357
f 357/357/357 399/399/399 398/398/398
f 359/359/359 400/400/400 358/358/358
f 358/358/358 400/400/400 399/399/399
f 360/360/360 401/401/401 359/359/359
f 359/359/359 401/401/401 400/400/400
f 361/361/361 402/402/402 360/360/360
f 360/360/360 402/402/402 401/401/401
f 362/362/362 403/403/403 361/361/361
f 361/361/361 403/403/403 402/402/402
f 363/363/363 404/404/404 362/362/362
f 362/362/362 404/404/404 403/403/403
f 364/364/364 405/405/405 363/363/363
f 363/363/363 405/405/405 404/404/404
f 365/365/365 406/406/406 364/364/364
f 364/364/364 406/406/406 405/405/405
f 366/366/366 407/407/407 365/365/365
f 365/365/365 407/407/407 406/406/406
f 367/367/367 408/408/408 366/366/366
f 366/366/366 408/408/408 407/407/407
f 368/368/368 409/409/409 367/367/367
f 367/367/367 409/409/409 408/408/408
f 369/369/369 410/410/410 368/368/368
f 368/368/368 410/410/410 409/409/409
f 371/371/371 412/412/412 370/370/370
f 370/370/370 412/412/412 411/411/411
f 372/372/372 413/413/413 371/371/371
f 371/371/371 413/413/413 412/412/412
f 373/373/373 414/414/414 372/372/372
f 372/372/372 414/414/414 413/413/413
f 374/374/374 415/415/415 373/373/373
f 373/373/373 415/415/415 414/414/414
f 375/375/375 416/416/416 374/374/374
f 374/374/374 416/416/416 415/415/415
f 376/376/376 417/417/417 375/375/375
f 375/375/375 417/417/417 416/416/416
f 377/377/377 418/418/418 376/376/376
f 376/376/376 418/418/418 417/417/417
f 378/378/378 419/419/419 377/377/377
f 377/377/377 419/419/419 418/418/418
f 379/379/379 420/420/420 378/378/378
f 378/378/378 420/420/420 419/419/419
f 380/380/380 421/421/421 379/379/379
f 379/379/379 421/421/421 420/420/420
f 381/381/381 422/422/422 380/380/380
f 380/380/380 422/422/422 421/421/421
f 382/382/382 423/423/423 381/381/381
f 381/381/381 423/423/423 422/422/422
f 383/383/383 424/424/424 382/382/382
f 382/382/382 424/424/424 423/423/423
f 384/384/384 425/425/425 383/383/383
f 383/383/383 425/425/425 424/424/424
f 385/385/385 426/426/426 384/384/384
f 384/384/384 426/426/426 425/425/425
f 386/386/386 427/427/427 385/385/385
f 385/385/385 427/427/427 426/426/426
f 387/387/387 428/428/428 386/386/386
f 386/386/386 428/428/428 427/427/427
f 388/388/388 429/429/429 387/387/387
f 387/387/387 429/429/429 428/428/428
f 389/389/389 430/430/430 388/388/388
f 388/388/388 430/430/430 429/429/429
f 390/390/390 431/431/431 389/389/389
f 389/389/389 431/431/431 430/430/430
f 391/391/391 432/432/432 390/390/390
f 390/390/390 432/432/432 431/431/431
f 392/392/392 433/433/433 391/391/391
f 391/391/391 433/433/433 432/432/432
f 393/393/393 434/434/434 392/392/392
f 392/392/392 434/434/434 433/433/433
f 394/394/394 435/435/435 393/393/393
f 393/393/393 435/435/435 434/434/434
f 395/395/395 436/436/436 394/394/394
f 394/394/394 436/436/436 435/435/435
f 396/396/396 437/437/437 395/395/395
f 395/395/395 437/437/437 436/436/436
f 397/397/397 438/438/438 396/396/396
f 396/396/396 438/438/438 437/437/437
f 398/398/398 439/439/439 397/397/397
f 397/397/397 439/439/439 438/438/438
f 399/399/399 440/440/440 398/398/398
f 398/398/398 440/440/440 439/439/439
f 400/400/400 441/441/441 399/399/399
f 399/399/399 441/441/441 440/440/440
f 401/401/401 442/442/442 400/400/400
f 400/400/400 442/442/442 441/441/441
f 402/402/402 443/443/443 401/401/401
f 401/401/401 443/443/443 442/442/442
f 403/403/403 444/444/444 402/402/402
f 402/402/402 444/444/444 443/443/443
f 404/404/404 445/445/445 403/403/403
f 403/403/403 445/445/445 444/444/444
f 405/405/405 446/446/446 404/404/404
f 404/404/404 446/446/446 445/445/445
f 406/406/406 447/447/447 405/405/405
f 405/405/405 447/447/447 446/446/446
f 407/407/407 448/448/448 406/406/406
f 406/406/406 448/448/448 447/447/447
f 408/408/408 449/449/449 407/407/407
f 407/407/407 449/449/449 448/448/448
f 409/409/409 450/450/450 408/408/408
f 408/408/408 450/450/450 449/449/449
f 410/410/410 451/451/451 409/409/409
f 409/409/409 451/451/451 450/450/450
f 412/412/412 453/453/453 411/411/411
f 411/411/411 453/453/453 452/452/452
f 413/413/413 454/454/454 412/412/412
f 412/412/412 454/454/454 453/453/453
f 414/414/414 455/455/455 413/413/413
f 413/413/413 455/455/455 454/454/454
f 415/415/415 456/456/456 414/414/414
f 414/414/414 456/456/456 455/455/455
f 416/416/416 457/457/457 415/415/415
f 415/415/415 457/457/457 456/456/456
f 417/417/417 458/458/458 416/416/416
f 416/416/416 458/458/458 457/457/457
f 418/418/418 459/459/459 417/417/417
f 417/417/417 459/459/459 458/458/458
f 419/419/419 460/460/460 418/418/418
f 418/418/418 460/460/460 459/459/459
f 420/420/420 461/461/461 419/419/419
f 419/419/419 461/461/461 460/460/460
f 421/421/421 462/462/462 420/420/420
f 420/420/420 462/462/462 461/461/461
f 422/422/422 463/463/463 421/421/421
f 421/421/421 463/463/463 462/462/462
f 423/423/423 464/464/464 422/422/422
f 422/422/422 464/464/464 463/463/463
f 424/424/424 465/465/465 423/423/423
f 423/423/423 465/465/465 464/464/464
f 425/425/425 466/466/466 424/424/424
f 424/424/424 466/466/466 465/465/465
f 426/426/426 467/467/467 425/425/425
f 425/425/425 467/467/467 466/466/466
f 427/427/427 468/468/468 426/426/426
f 426/426/426 468/468/468 467/467/467
f 428/428/428 469/469/469 427/427/427
f 427/427/427 469/469/469 468/468/468
f 429/429/429 470/470/470 428/428/428
f 428/428/428 470/470/470 469/469/469
f 430/430/430 471/471/471 429/429/429
f 429/429/429 471/471/471 470/470/470
f 431/431/431 472/472/472 430/430/430
f 430/430/430 472/472/472 471/471/471
f 432/432/432 473/473/473 431/431/431
f 431/431/431 473/473/473 472/472/472
f 433/433/433 474/474/474 432/432/432
f 432/432/432 474/474/474 473/473/473
f 434/434/434 475/475/475 433/433/433
f 433/433/433 475/475/475 474/474/474
f 435/435/435 476/476/476 434/434/434
f 434/434/434 476/476/476 475/475/475
f 436/436/436 477/477/477 435/435/435
f 435/435/435 477/477/477 476/476/476
f 437/437/437 478/478/478 436/436/436
f 436/436/436 478/478/478 477/477/477
f 438/438/438 479/479/479 437/437/437
f 437/437/437 479/479/479 478/478/478
f 439/439/439 480/480/480 438/438/438
f 438/438/438 480/480/480 479/479/479
f 440/440/440 481/481/481 439/439/439
f 439/439/439 481/481/481 480/480/480
f 441/441/441 482/482/482 440/440/440
f 440/440/440 482/482/482 481/481/481
f 442/442/442 483/483/483 441/441/441
f 441/441/441 483/483/483 482/482/482
f 443/443/443 484/484/484 442/442/442
f 442/442/442 484/484/484 483/483/483
f 444/444/444 485/485/485 443/443/443
f 443/443/443 485/485/485 484/484/484
f 445/445/445 486/486/486 444/444/444
f 444/444/444 486/486/486 485/485/485
f 446/446/446 487/487/487 445/445/445
f 445/445/445 487/487/487 486/486/486
f 447/447/447 488/488/488 446/446/446
f 446/446/446 488/488/488 487/487/487
f 448/448/448 489/489/489 447/447/447
f 447/447/447 489/489/489 488/488/488
f 449/449/449 490/490/490 448/448/448
f 448/448/448 490/490/490 489/489/489
f 450/450/450 491/491/491 449/449/449
f 449/449/449 491/491/491 490/490/490
f 451/451/451 492/492/492 450/450/450
f 450/450/450 492/492/492 491/491/491
f 453/453/453 494/494/494 452/452/452
f 452/452/452 494/494/494 493/493/493
f 454/454/454 495/495/495 453/453/453
f 453/453/453 495/495/495 494/494/494
f 455/455/455 496/496/496 454/454/454
f 454/454/454 496/496/496 495/495/495
f 456/456/456 497/497/497 455/455/455
f 455/455/455 497/497/497 496/496/496
f 457/457/457 498/498/498 456/456/456
f 456/456/456 498/498/498 497/497/497
f 458/458/458 499/499/499 457/457/457
f 457/457/457 499/499/499 498/498/498
f 459/459/459 500/500/500 458/458/458
f 458/458/458 500/500/500 499/499/499
f 460/460/460 501/501/501 459/459/459
f 459/459/459 501/501/501 500/500/500
f 461/461/461 502/502/502 460/460/460
f 460/460/460 502/502/502 501/501/501
f 462/462/462 503/503/503 461/461/461
f 461/461/461 503/503/503 502/502/502
f 463/463/463 504/504/504 462/462/462
f 462/462/462 504/504/504 503/503/503
f 464/464/464 505/505/505 463/463/463
f 463/463/463 505/505/505 504/504/504
f 465/465/465 506/506/506 464/464/464
f 464/464/464 506/506/506 505/505/505
f 466/466/466 507/507/507 465/465/465
f 465/465/465 507/507/507 506/506/506
f 467/467/467 508/508/508 466/466/466
f 466/466/466 508/508/508 507/507/507
f 468/468/468 509/509/509 467/467/467
f 467/467/467 509/509/509 508/508/508
f 469/469/469 510/510/510 468/468/468
f 468/468/468 510/510/510 509/509/509
f 470/470/470 511/511/511 469/469/469
f 469/469/469 511/511/511 510/510/510
f 471/471/471 512/512/512 470/470/470
f 470/470/470 512/512/512 511/511/511
f 472/472/472 513/513/513 471/471/471
f 471/471/471 513/513/513 512/512/512
f 473/473/473 514/514/514 472/472/472
f 472/472/472 514/514/514 513/513/513
f 474/474/474 515/515/515 473/473/473
f 473/473/473 515/515/515 514/514/514
f 475/475/475 516/516/516 474/474/474
f 474/474/474 516/516/516 515/515/515
f 476/476/476 517/517/517 475/475/475
f 475/475/475 517/517/517 516/516/516
f 477/477/477 518/518/518 476/476/476
f 476/476/476 518/518/518 517/517/517
f 478/478/478 519/519/519 477/477/477
f 477/477/477 519/519/519 518/518/518
f 479/479/479 520/520/520 478/478/478
f 478/478/478 520/520/520 519/519/519
f 480/480/480 521/521/521 479/479/479
f 479/479/479 521/521/521 520/520/520
f 481/481/481 522/522/522 480/480/480
f 480/480/480 522/522/522 521/521/521
f 482/482/482 523/523/523 481/481/481
f 481/481/481 523/523/523 522/522/522
f 483/483/483 524/524/524 482/482/482
f 482/482/482 524/524/524 523/523/523
f 484/484/484 525/525/525 483/483/483
f 483/483/483 525/525/525 524/524/524
f 485/485/485 526/526/526 484/484/484
f 484/484/484 526/526/526 525/525/525
f 486/486/486 527/527/527 485/485/485
f 485/485/485 527/527/527 526/526/526
f 487/487/487 528/528/528 486/486/486
f 486/486/486 528/528/528 527/527/527
f 488/488/488 529/529/529 487/487/487
f 487/487/487 529/529/529 528/528/528
f 489/489/489 530/530/530 488/488/488
f 488/488/488 530/530/530 529/529/529
f 490/490/490 531/531/531 489/489/489
f 489/489/489 531/531/531 530/530/530
f 491/491/491 532/532/532 490/490/490
f 490/490/490 532/532/532 531/531/531
f 492/492/492 533/533/533 491/491/491
f 491/491/491 533/533/533 532/532/532
f 494/494/494 535/535/535 493/493/493
f 493/493/493 535/535/535 534/534/534
f 495/495/495 536/536/536 494/494/494
f 494/494/494 536/536/536 535/535/535
f 496/496/496 537/537/537 495/495/495
f 495/495/495 537/537/537 536/536/536
f 497/497/497 538/538/538 496/496/496
f 496/496/496 538/538/538 537/537/537
f 498/498/498 539/539/539 497/497/497
f 497/497/497 539/539/539 538/538/538
f 499/499/499 540/540/540 498/498/498
f 498/498/498 540/540/540 539/539/539
f 500/500/500 541/541/541 499/499/499
f 499/499/499 541/541/541 540/540/540
f 501/501/501 542/542/542 500/500/500
f 500/500/500 542/542/542 541/541/541
f 502/502/502 543/543/543 501/501/501
f 501/501/501 543/543/543 542/542/542
f 503/503/503 544/544/544 502/502/502
f 502/502/502 544/544/544 543/543/543
f 504/504/504 545/545/545 503/503/503
f 503/503/503 545/545/545 544/544/544
f 505/505/505 546/546/546 504/504/504
f 504/504/504 546/546/546 545/545/545
f 506/506/506 547/547/547 505/505/505
f 505/505/505 547/547/547 546/546/546
f 507/507/507 548/548/548 506/506/506
f 506/506/506 548/548/548 547/547/547
f 508/508/508 549/549/549 507/507/507
f 507/507/507 549/549/549 548/548/548
f 509/509/509 550/550/550 508/508/508
f 508/508/508 550/550/550 549/549/549
f 510/510/510 551/551/551 509/509/509
f 509/509/509 551/551/551 550/550/550
f 511/511/511 552/552/552 510/510/510
f 510/510/510 552/552/552 551/551/551
f 512/512/512 553/553/553 511/511/511
f 511/511/511 553/553/553 552/552/552
f 513/513/513 554/554/554 512/512/512
f 512/512/512 554/554/554 553/553/553
f 514/514/514 555/555/555 513/513/513
f 513/513/513 555/555/555 554/554/554
f 515/515/515 556/556/556 514/514/514
f 514/514/514 556/556/556 555/555/555
f 516/516/516 557/557/557 515/515/515
f 515/515/515 557/557/557 556/556/556
f 517/517/517 558/558/558 516/516/516
f 516/516/516 558/558/558 557/557/557
f 518/518/518 559/559/559 517/517/517
f 517/517/517 559/559/559 558/558/558
f 519/519/519 560/560/560 518/518/518
f 518/518/518 560/560/560 559/559/559
f 520/520/520 561/561/561 519/519/519
f 519/519/519 561/561/561 560/560/560
f 521/521/521 562/562/562 520/520/520
f 520/520/520 562/562/562 561/561/561
f 522/522/522 563/563/563 521/521/521
f 521/521/521 563/563/563 562/562/562
f 523/523/523 564/564/564 522/522/522
f 522/522/522 564/564/564 563/563/563
f 524/524/524 565/565/565 523/523/523
f 523/523/523 565/565/565 564/564/564
f 525/525/525 566/566/566 524/524/524
f 524/524/524 566/566/566 565/565/565
f 526/526/526 567/567/567 525/525/525
f 525/525/525 567/567/567 566/566/566
f 527/527/527 568/568/568 526/526/526
f 526/526/526 568/568/568 567/567/567
f 528/528/528 569/569/569 527/527/527
f 527/527/527 569/569/569 568/568/568
f 529/529/529 570/570/570 528/528/528
f 528/528/528 570/570/570 569/569/569
f 530/530/530 571/571/571 529/529/529
f 529/529/529 571/571/571 570/570/570
f 531/531/531 572/572/572 530/530/530
f 530/530/530 572/572/572 571/571/571
f 532/532/532 573/573/573 531/531/531
f 531/531/531 573/573/573 572/572/572
f 533/533/533 574/574/574 532/532/532
f 532/532/532 574/574/574 573/573/573
f 535/535/535 576/576/576 534/534/534
f 534/534/534 576/576/576 575/575/575
f 536/536/536 577/577/577 535/535/535
f 535/535/535 577/577/577 576/576/576
f 537/537/537 578/578/578 536/536/536
f 536/536/536 578/578/578 577/577/577
f 538/538/538 579/579/579 537/537/537
f 537/537/537 579/579/579 578/578/578
f 539/539/539 580/580/580 538/538/538
f 538/538/538 580/580/580 579/579/579
f 540/540/540 581/581/581 539/539/539
f 539/539/539 581/581/581 580/580/580
f 541/541/541 582/582/582 540/540/540
f 540/540/540 582/582/582 581/581/581
f 542/542/542 583/583/583 541/541/541
f 541/541/541 583/583/583 582/582/582
f 543/543/543 584/584/584 542/542/542
f 542/542/542 584/584/584 583/583/583
f 544/544/544 585/585/585 543/543/543
f 543/543/543 585/585/585 584/584/584
f 545/545/545 586/586/586 544/544/544
f 544/544/544 586/586/586 585/585/585
f 546/546/546 587/587/587 545/545/545
f 545/545/545 587/587/587 586/586/586
f 547/547/547 588/588/588 546/546/546
f 546/546/546 588/588/588 587/587/587
f 548/548/548 589/589/589 547/547/547
f 547/547/547 589/589/589 588/588/588
f 549/549/549 590/590/590 548/548/548
f 548/548/548 590/590/590 589/589/589
f 550/550/550 591/591/591 549/549/549
f 549/549/549 591/591/591 590/590/590
f 551/551/551 592/592/592 550/550/550
f 550/550/550 592/592/592 591/591/591
f 552/552/552 593/593/593 551/551/551
f 551/551/551 593/593/593 592/592/592
f 553/553/553 594/594/594 552/552/552
f 552/552/552 594/594/594 593/593/593
f 554/554/554 595/595/595 553/553/553
f 553/553/553 595/595/595 594/594/594
f 555/555/555 596/596/596 554/554/554
f 554/554/554 596/596/596 595/595/595
f 556/556/556 597/597/597 555/555/555
f 555/555/555 597/597/597 596/596/596
f 557/557/557 598/598/598 556/556/556
f 556/556/556 598/598/598 597/597/597
f 558/558/558 599/599/599 557/557/557
f 557/557/557 599/599/599 598/598/598
f 559/559/559 600/600/600 558/558/558
f 558/558/558 600/600/600 599/599/599
f 560/560/560 601/601/601 559/559/559
f 559/559/559 601/601/601 600/600/600
f 561/561/561 602/602/602 560/560/560
f 560/560/560 602/602/602 601/601/601
f 562/562/562 603/603/603 561/561/561
f 561/561/561 603/603/603 602/602/602
f 563/563/563 604/604/604 562/562/562
f 562/562/562 604/604/604 603/603/603
f 564/564/564 605/605/605 563/563/563
f 563/563/563 605/605/605 604/604/604
f 565/565/565 606/606/606 564/564/564
f 564/564/564 606/606/606 605/605/605
f 566/566/566 607/607/607 565/565/565
f 565/565/565 607/607/607 606/606/606
f 567/567/567 608/608/608 566/566/566
f 566/566/566 608/608/608 607/607/607
f 568/568/568 609/609/609 567/567/567
f 567/567/567 609/609/609 608/608/608
f 569/569/569 610/610/610 568/568/568
f 568/568/568 610/610/610 609/609/609
f 570/570/570 611/611/611 569/569/569
f 569/569/569 611/611/611 610/610/610
f 571/571/571 612/612/612 570/570/570
f 570/570/570 612/612/612 611/611/611
f 572/572/572 613/613/613 571/571/571
f 571/571/571 613/613/613 612/612/612
f 573/573/573 614/614/614 572/572/572
f 572/572/572 614/614/614 613/613/613
f 574/574/574 615/615/615 573/573/573
f 573/573/573 615/615/615 614/614/614
f 576/576/576 617/617/617 575/575/575
f 575/575/575 617/617/617 616/616/616
f 577/577/577 618/618/618 576/576/576
f 576/576/576 618/618/618 617/617/617
f 578/578/578 619/619/619 577/577/577
f 577/577/577 619/619/619 618/618/618
f 579/579/579 620/620/620 578/578/578
f 578/578/578 620/620/620 619/619/619
f 580/580/580 621/621/621 579/579/579
f 579/579/579 621/621/621 620/620/620
f 581/581/581 622/622/622 580/580/580
f 580/580/580 622/622/622 621/621/621
f 582/582/582 623/623/623 581/581/581
f 581/581/581 623/623/623 622/622/622
f 583/583/583 624/624/624 582/582/582
f 582/582/582 624/624/624 623/623/623
f 584/584/584 625/625/625 583/583/583
f 583/583/583 625/625/625 624/624/624
f 585/585/585 626/626/626 584/584/584
f 584/584/584 626/626/626 625/625/625
f 586/586/586 627/627/627 585/585/585
f 585/585/585 627/627/627 626/626/626
f 587/587/587 628/628/628 586/586/586
f 586/586/586 628/628/628 627/627/627
f 588/588/588 629/629/629 587/587/587
f 587/587/587 629/629/629 628/628/628
f 589/589/589 630/630/630 588/588/588
f 588/588/588 630/630/630 629/629/629
f 590/590/590 631/631/631 589/589/589
f 589/589/589 631/631/631 630/630/630
f 591/591/591 632/632/632 590/590/590
f 590/590/590 632/632/632 631/631/631
f 592/592/592 633/633/633 591/591/591
f 591/591/591 633/633/633 632/632/632
f 593/593/593 634/634/634 592/592/592
f 592/592/592 634/634/634 633/633/633
f 594/594/594 635/635/635 593/593/593
f 593/593/593 635/635/635 634/634/634
f 595/595/595 636/636/636 594/594/594
f 594/594/594 636/636/636 635/635/635
f 596/596/596 637/637/637 595/595/595
f 595/595/595 637/637/637 636/636/636
f 597/597/597 638/638/638 596/596/596
f 596/596/596 638/638/638 637/637/637
f 598/598/598 639/639/639 597/597/597
f 597/597/597 639/639/639 638/638/638
f 599/599/599 640/640/640 598/598/598
f 598/598/598 640/640/640 639/639/639
f 600/600/600 641/641/641 599/599/599
f 599/599/599 641/641/641 640/640/640
f 601/601/601 642/642/642 600/600/600
f 600/600/600 642/642/642 641/641/641
f 602/602/602 643/643/643 601/601/601
f 601/601/601 643/643/643 642/642/642
f 603/603/603 644/644/644 602/602/602
f 602/602/602 644/644/644 643/643/643
f 604/604/604 645/645/645 603/603/603
f 603/603/603 645/645/645 644/644/644
f 605/605/605 646/646/646 604/604/604
f 604/604/604 646/646/646 645/645/645
f 606/606/606 647/647/647 605/605/605
f 605/605/605 647/647/647 646/646/646
f 607/607/607 648/648/648 606/606/606
f 606/606/606 648/648/648 647/647/647
f 608/608/608 649/649/649 607/607/607
f 607/607/607 649/649/649 648/648/648
f 609/609/609 650/650/650 608/608/608
f 608/608/608 650/650/650 649/649/649
f 610/610/610 651/651/651 609/609/609
f 609/609/609 651/651/651 650/650/650
f 611/611/611 652/652/652 610/610/610
f 610/610/610 652/652/652 651/651/651
f 612/612/612 653/653/653 611/611/611
f 611/611/611 653/653/653 652/652/652
f 613/613/613 654/654/654 612/612/612
f 612/612/612 654/654/654 653/653/653
f 614/614/614 655/655/655 613/613/613
f 613/613/613 655/655/655 654/654/654
f 615/615/615 656/656/656 614/614/614
f 614/614/614 656/656/656 655/655/655
f 617/617/617 658/658/658 616/616/616
f 616/616/616 658/658/658 657/657/657
f 618/618/618 659/659/659 617/617/617
f 617/617/617 659/659/659 658/658/658
f 619/619/619 660/660/660 618/618/618
f 618/618/618 660/660/660 659/659/659
f 620/620/620 661/661/661 619/619/619
f 619/619/619 661/661/661 660/660/660
f 621/621/621 662/662/662 620/620/620
f 620/620/620 662/662/662 661/661/661
f 622/622/622 663/663/663 621/621/621
f 621/621/621 663/663/663 662/662/662
f 623/623/623 664/664/664 622/622/622
f 622/622/622 664/664/664 663/663/663
f 624/624/624 665/665/665 623/623/623
f 623/623/623 665/665/665 664/664/664
f 625/625/625 666/666/666 624/624/624
f 624/624/624 666/666/666 665/665/665
f 626/626/626 667/667/667 625/625/625
f 625/625/625 667/667/667 666/666/666
f 627/627/627 668/668/668 626/626/626
f 626/626/626 668/668/668 667/667/667
f 628/628/628 669/669/669 627/627/627
f 627/627/627 669/669/669 668/668/668
f 629/629/629 670/670/670 628/628/628
f 628/628/628 670/670/670 669/669/669
f 630/630/630 671/671/671 629/629/629
f 629/629/629 671/671/671 670/670/670
f 631/631/631 672/672/672 630/630/630
f 630/630/630 672/672/672 671/671/671
f 632/632/632 673/673/673 631/631/631
f 631/631/631 673/673/673 672/672/672
f 633/633/633 674/674/674 632/632/632
f 632/632/632 674/674/674 673/673/673
f 634/634/634 675/675/675 633/633/633
f 633/633/633 675/675/675 674/674/674
f 635/635/635 676/676/676 634/634/634
f 634/634/634 676/676/676 675/675/675
f 636/636/636 677/677/677 635/635/635
f 635/635/635 677/677/677 676/676/676
f 637/637/637 678/678/678 636/636/636
f 636/636/636 678/678/678 677/677/677
f 638/638/638 679/679/679 637/637/637
f 637/637/637 679/679/679 678/678/678
f 639/639/639 680/680/680 638/638/638
f 638/638/638 680/680/680 679/679/679
f 640/640/640 681/681/681 639/639/639
f 639/639/639 681/681/681 680/680/680
f 641/641/641 682/682/682 640/640/640
f 640/640/640 682/682/682 681/681/681
f 642/642/642 683/683/683 641/641/641
f 641/641/641 683/683/683 682/682/682
f 643/643/643 684/684/684 642/642/642
f 642/642/642 684/684/684 683/683/683
f 644/644/644 685/685/685 643/643/643
f 643/643/643 685/685/685 684/684/684
f 645/645/645 686/686/686 644/644/644
f 644/644/644 686/686/686 685/685/685
f 646/646/646 687/687/687 645/645/645
f 645/645/645 687/687/687 686/686/686
f 647/647/647 688/688/688 646/646/646
f 646/646/646 688/688/688 687/687/687
f 648/648/648 689/689/689 647/647/647
f 647/647/647 689/689/689 688/688/688
f 649/649/649 690/690/690 648/648/648
f 648/648/648 690/690/690 689/689/689
f 650/650/650 691/691/691 649/649/649
f 649/649/649 691/691/691 690/690/690
f 651/651/651 692/692/692 650/650/650
f 650/650/650 692/692/692 691/691/691
f 652/652/652 693/693/693 651/651/651
f 651/651/651 693/693/693 692/692/692
f 653/653/653 694/694/694 652/652/652
f 652/652/652 694/694/694 693/693/693
f 654/654/654 695/695/695 653/653/653
f 653/653/653 695/695/695 694/694/694
f 655/655/655 696/696/696 654/654/654
f 654/654/654 696/696/696 695/695/695
f 656/656/656 697/697/697 655/655/655
f 655/655/655 697/697/697 696/696/696
f 658/658/658 699/699/699 657/657/657
f 657/657/657 699/699/699 698/698/698
f 659/659/659 700/700/700 658/658/658
f 658/658/658 700/700/700 699/699/699
f 660/660/660 701/701/701 659/659/659
f 659/659/659 701/701/701 700/700/700
f 661/661/661 702/702/702 660/660/660
f 660/660/660 702/702/702 701/701/701
f 662/662/662 703/703/703 661/661/661
f 661/661/661 703/703/703 702/702/702
f 663/663/663 704/704/704 662/662/662
f 662/662/662 704/704/704 703/703/703
f 664/664/664 705/705/705 663/663/663
f 663/663/663 705/705/705 704/704/704
f 665/665/665 706/706/706 664/664/664
f 664/664/664 706/706/706 705/705/705
f 666/666/666 707/707/707 665/665/665
f 665/665/665 707/707/707 706/706/706
f 667/667/667 708/708/708 666/666/666
f 666/666/666 708/708/708 707/707/707
f 668/668/668 709/709/709 667/667/667
f 667/667/667 709/709/709 708/708/708
f 669/669/669 710/710/710 668/668/668
f 668/668/668 710/710/710 709/709/709
f 670/670/670 711/711/711 669/669/669
f 669/669/669 711/711/711 710/710/710
f 671/671/671 712/712/712 670/670/670
f 670/670/670 712/712/712 711/711/711
f 672/672/672 713/713/713 671/671/671
f 671/671/671 713/713/713 712/712/712
f 673/673/673 714/714/714 672/672/672
f 672/672/672 714/714/714 713/713/713
f 674/674/674 715/715/715 673/673/673
f 673/673/673 715/715/715 714/714/714
f 675/675/675 716/716/716 674/674/674
f 674/674/674 716/716/716 715/715/715
f 676/676/676 717/717/717 675/675/675
f 675/675/675 717/717/717 716/716/716
f 677/677/677 718/718/718 676/676/676
f 676/676/676 718/718/718 717/717/717
f 678/678/678 719/719/719 677/677/677
f 677/677/677 719/719/719 718/718/718
f 679/679/679 720/720/720 678/678/678
f 678/678/678 720/720/720 719/719/719
f 680/680/680 721/721/721 679/679/679
f 679/679/679 721/721/721 720/720/720
f 681/681/681 722/722/722 680/680/680
f 680/680/680 722/722/722 721/721/721
f 682/682/682 723/723/723 681/681/681
f 681/681/681 723/723/723 722/722/722
f 683/683/683 724/724/724 682/682/682
f 682/682/682 724/724/724 723/723/723
f 684/684/684 725/725/725 683/683/683
f 683/683/683 725/725/725 724/724/724
f 685/685/685 726/726/726 684/684/684
f 684/684/684 726/726/726 725/725/725
f 686/686/686 727/727/727 685/685/685
f 685/685/685 727/727/727 726/726/726
f 687/687/687 728/728/728 686/686/686
f 686/686/686 728/728/728 727/727/727
f 688/688/688 729/729/729 687/687/687
f 687/687/687 729/729/729 728/728/728
f 689/689/689 730/730/730 688/688/688
f 688/688/688 730/730/730 729/729/729
f 690/690/690 731/731/731 689/689/689
f 689/689/689 731/731/731 730/730/730
f 691/691/691 732/732/732 690/690/690
f 690/690/690 732/732/732 731/731/731
f 692/692/692 733/733/733 691/691/691
f 691/691/691 733/733/733 732/732/732
f 693/693/693 734/734/734 692/692/692
f 692/692/692 734/734/734 733/733/733
f 694/694/694 735/735/735 693/693/693
f 693/693/693 735/735/735 734/734/734
f 695/695/695 736/736/736 694/694/694
f 694/694/694 736/736/736 735/735/735
f 696/696/696 737/737/737 695/695/695
f 695/695/695 737/737/737 736/736/736
f 697/697/697 738/738/738 696/696/696
f 696/696/696 738/738/738 737/737/737
f 699/699/699 740/740/740 698/698/698
f 698/698/698 740/740/740 739/739/739
f 700/700/700 741/741/741 699/699/699
f 699/699/699 741/741/741 740/740/740
f 701/701/701 742/742/742 700/700/700
f 700/700/700 742/742/742 741/741/741
f 702/702/702 743/743/743 701/701/701
f 701/701/701 743/743/743 742/742/742
f 703/703/703 744/744/744 702/702/702
f 702/702/702 744/744/744 743/743/743
f 704/704/704 745/745/745 703/703/703
f 703/703/703 745/745/745 744/744/744
f 705/705/705 746/746/746 704/704/704
f 704/704/704 746/746/746 745/745/745
f 706/706/706 747/747/747 705/705/705
f 705/705/705 747/747/747 746/746/746
f 707/707/707 748/748/748 706/706/706
f 706/706/706 748/748/748 747/747/747
f 708/708/708 749/749/749 707/707/707
f 707/707/707 749/749/749 748/748/748
f 709/709/709 750/750/750 708/708/708
f 708/708/708 750/750/750 749/749/749
f 710/710/710 751/751/751 709/709/709
f 709/709/709 751/751/751 750/750/750
f 711/711/711 752/752/752 710/710/710
f 710/710/710 752/752/752 751/751/751
f 712/712/712 753/753/753 711/711/711
f 711/711/711 753/753/753 752/752/752
f 713/713/713 754/754/754 712/712/712
f 712/712/712 754/754/754 753/753/753
f 714/714/714 755/755/755 713/713/713
f 713/713/713 755/755/755 754/754/754
f 715/715/715 756/756/756 714/714/714
f 714/714/714 756/756/756 755/755/755
f 716/716/716 757/757/757 715/715/715
f 715/715/715 757/757/757 756/756/756
f 717/717/717 758/758/758 716/716/716
f 716/716/716 758/758/758 757/757/757
f 718/718/718 759/759/759 717/717/717
f 717/717/717 759/759/759 758/758/758
f 719/719/719 760/760/760 718/718/718
f 718/718/718 760/760/760 759/759/759
f 720/720/720 761/761/761 719/719/719
f 719/719/719 761/761/761 760/760/760
f 721/721/721 762/762/762 720/720/720
f 720/720/720 762/762/762 761/761/761
f 722/722/722 763/763/763 721/721/721
f 721/721/721 763/763/763 762/762/762
f 723/723/723 764/764/764 722/722/722
f 722/722/722 764/764/764 763/763/763
f 724/724/724 765/765/765 723/723/723
f 723/723/723 765/765/765 764/764/764
f 725/725/725 766/766/766 724/724/724
f 724/724/724 766/766/766 765/765/765
f 726/726/726 767/767/767 725/725/725
f 725/725/725 767/767/767 766/766/766
f 727/727/727 768/768/768 726/726/726
f 726/726/726 768/768/768 767/767/767
f 728/728/728 769/769/769 727/727/727
f 727/727/727 769/769/769 768/768/768
f 729/729/729 770/770/770 728/728/728
f 728/728/728 770/770/770 769/769/769
f 730/730/730 771/771/771 729/729/729
f 729/729/729 771/771/771 770/770/770
f 731/731/731 772/772/772 730/730/730
f 730/730/730 772/772/772 771/771/771
f 732/732/732 773/773/773 731/731/731
f 731/731/731 773/773/773 772/772/772
f 733/733/733 774/774/774 732/732/732
f 732/732/732 774/774/774 773/773/773
f 734/734/734 775/775/775 733/733/733
f 733/733/733 775/775/775 774/774/774
f 735/735/735 776/776/776 734/734/734
f 734/734/734 776/776/776 775/775/775
f 736/736/736 777/777/777 735/735/735
f 735/735/735 777/777/777 776/776/776
f 737/737/737 778/778/778 736/736/736
f 736/736/736 778/778/778 777/777/777
f 738/738/738 779/779/779 737/737/737
f 737/737/737 779/779/779 778/778/778
