# Sancta editable mesh extracted from the approved reference, cm, Z up
v 0.0 0.0 100.0
v 0.0 0.0 100.0
v 0.0 0.0 100.0
v 0.0 0.0 100.0
v 0.0 0.0 100.0
v 0.0 0.0 100.0
v 0.0 0.0 100.0
v 0.0 0.0 100.0
v 0.0 0.0 100.0
v 0.0 0.0 100.0
v 0.0 0.0 100.0
v 0.0 0.0 100.0
v 0.0 0.0 100.0
v 0.0 0.0 100.0
v 0.0 0.0 100.0
v 0.0 0.0 100.0
v 0.0 0.0 100.0
v 0.0 0.0 100.0
v 0.0 0.0 100.0
v 0.0 0.0 100.0
v 0.0 0.0 100.0
v 0.0 0.0 100.0
v 0.0 0.0 100.0
v 0.0 0.0 100.0
v 0.0 0.0 100.0
v 0.0 0.0 100.0
v 0.0 0.0 100.0
v 0.0 0.0 100.0
v 0.0 0.0 100.0
v 0.0 0.0 100.0
v 0.0 0.0 100.0
v 0.0 0.0 100.0
v 0.0 0.0 100.0
v 0.0 0.0 100.0
v 0.0 0.0 100.0
v 0.0 0.0 100.0
v 0.0 0.0 100.0
v 0.0 0.0 100.0
v 0.0 0.0 100.0
v 0.0 0.0 100.0
v 0.0 0.0 100.0
v 0.0 0.0 100.0
v 0.0 0.0 100.0
v 0.0 0.0 100.0
v 0.0 0.0 100.0
v 0.0 0.0 100.0
v 0.0 0.0 100.0
v 0.0 0.0 100.0
v 0.0 0.0 100.0
v 0.0 -6.54031262 99.7858942
v -0.853682123 -6.4843595 99.7858942
v -1.69275757 -6.31745681 99.7858942
v -2.50286944 -6.0424611 99.7858942
v -3.27015631 -5.66407703 99.7858942
v -3.98149006 -5.18877916 99.7858942
v -4.6246998 -4.6246998 99.7858942
v -5.18877916 -3.98149006 99.7858942
v -5.66407703 -3.27015631 99.7858942
v -6.0424611 -2.50286944 99.7858942
v -6.31745681 -1.69275757 99.7858942
v -6.4843595 -0.853682123 99.7858942
v -6.54031262 -4.00478666e-16 99.7858942
v -6.4843595 0.853682123 99.7858942
v -6.31745681 1.69275757 99.7858942
v -6.0424611 2.50286944 99.7858942
v -5.66407703 3.27015631 99.7858942
v -5.18877916 3.98149006 99.7858942
v -4.6246998 4.6246998 99.7858942
v -3.98149006 5.18877916 99.7858942
v -3.27015631 5.66407703 99.7858942
v -2.50286944 6.0424611 99.7858942
v -1.69275757 6.31745681 99.7858942
v -0.853682123 6.4843595 99.7858942
v -8.00957333e-16 6.54031262 99.7858942
v 0.853682123 6.4843595 99.7858942
v 1.69275757 6.31745681 99.7858942
v 2.50286944 6.0424611 99.7858942
v 3.27015631 5.66407703 99.7858942
v 3.98149006 5.18877916 99.7858942
v 4.6246998 4.6246998 99.7858942
v 5.18877916 3.98149006 99.7858942
v 5.66407703 3.27015631 99.7858942
v 6.0424611 2.50286944 99.7858942
v 6.31745681 1.69275757 99.7858942
v 6.4843595 0.853682123 99.7858942
v 6.54031262 1.201436e-15 99.7858942
v 6.4843595 -0.853682123 99.7858942
v 6.31745681 -1.69275757 99.7858942
v 6.0424611 -2.50286944 99.7858942
v 5.66407703 -3.27015631 99.7858942
v 5.18877916 -3.98149006 99.7858942
v 4.6246998 -4.6246998 99.7858942
v 3.98149006 -5.18877916 99.7858942
v 3.27015631 -5.66407703 99.7858942
v 2.50286944 -6.0424611 99.7858942
v 1.69275757 -6.31745681 99.7858942
v 0.853682123 -6.4843595 99.7858942
v 1.60191467e-15 -6.54031262 99.7858942
v 0.0 -13.0526185 99.1444886
v -1.70370862 -12.9409522 99.1444886
v -3.37826647 -12.6078621 99.1444886
v -4.99502122 -12.0590478 99.1444886
v -6.52630925 -11.3039002 99.1444886
v -7.94593096 -10.3553392 99.1444886
v -9.22959521 -9.22959521 99.1444886
v -10.3553392 -7.94593096 99.1444886
v -11.3039002 -6.52630925 99.1444886
v -12.0590478 -4.99502122 99.1444886
v -12.6078621 -3.37826647 99.1444886
v -12.9409522 -1.70370862 99.1444886
v -13.0526185 -7.99242422e-16 99.1444886
v -12.9409522 1.70370862 99.1444886
v -12.6078621 3.37826647 99.1444886
v -12.0590478 4.99502122 99.1444886
v -11.3039002 6.52630925 99.1444886
v -10.3553392 7.94593096 99.1444886
v -9.22959521 9.22959521 99.1444886
v -7.94593096 10.3553392 99.1444886
v -6.52630925 11.3039002 99.1444886
v -4.99502122 12.0590478 99.1444886
v -3.37826647 12.6078621 99.1444886
v -1.70370862 12.9409522 99.1444886
v -1.59848484e-15 13.0526185 99.1444886
v 1.70370862 12.9409522 99.1444886
v 3.37826647 12.6078621 99.1444886
v 4.99502122 12.0590478 99.1444886
v 6.52630925 11.3039002 99.1444886
v 7.94593096 10.3553392 99.1444886
v 9.22959521 9.22959521 99.1444886
v 10.3553392 7.94593096 99.1444886
v 11.3039002 6.52630925 99.1444886
v 12.0590478 4.99502122 99.1444886
v 12.6078621 3.37826647 99.1444886
v 12.9409522 1.70370862 99.1444886
v 13.0526185 2.39772727e-15 99.1444886
v 12.9409522 -1.70370862 99.1444886
v 12.6078621 -3.37826647 99.1444886
v 12.0590478 -4.99502122 99.1444886
v 11.3039002 -6.52630925 99.1444886
v 10.3553392 -7.94593096 99.1444886
v 9.22959521 -9.22959521 99.1444886
v 7.94593096 -10.3553392 99.1444886
v 6.52630925 -11.3039002 99.1444886
v 4.99502122 -12.0590478 99.1444886
v 3.37826647 -12.6078621 99.1444886
v 1.70370862 -12.9409522 99.1444886
v 3.19696969e-15 -13.0526185 99.1444886
v 0.0 -19.5090324 98.0785251
v -2.54643969 -19.3421304 98.0785251
v -5.04930913 -18.8442782 98.0785251
v -7.46578351 -18.0239961 98.0785251
v -9.75451618 -16.895318 98.0785251
v -11.8763462 -15.477556 98.0785251
v -13.794969 -13.794969 98.0785251
v -15.477556 -11.8763462 98.0785251
v -16.895318 -9.75451618 98.0785251
v -18.0239961 -7.46578351 98.0785251
v -18.8442782 -5.04930913 98.0785251
v -19.3421304 -2.54643969 98.0785251
v -19.5090324 -1.19458372e-15 98.0785251
v -19.3421304 2.54643969 98.0785251
v -18.8442782 5.04930913 98.0785251
v -18.0239961 7.46578351 98.0785251
v -16.895318 9.75451618 98.0785251
v -15.477556 11.8763462 98.0785251
v -13.794969 13.794969 98.0785251
v -11.8763462 15.477556 98.0785251
v -9.75451618 16.895318 98.0785251
v -7.46578351 18.0239961 98.0785251
v -5.04930913 18.8442782 98.0785251
v -2.54643969 19.3421304 98.0785251
v -2.38916744e-15 19.5090324 98.0785251
v 2.54643969 19.3421304 98.0785251
v 5.04930913 18.8442782 98.0785251
v 7.46578351 18.0239961 98.0785251
v 9.75451618 16.895318 98.0785251
v 11.8763462 15.477556 98.0785251
v 13.794969 13.794969 98.0785251
v 15.477556 11.8763462 98.0785251
v 16.895318 9.75451618 98.0785251
v 18.0239961 7.46578351 98.0785251
v 18.8442782 5.04930913 98.0785251
v 19.3421304 2.54643969 98.0785251
v 19.5090324 3.58375107e-15 98.0785251
v 19.3421304 -2.54643969 98.0785251
v 18.8442782 -5.04930913 98.0785251
v 18.0239961 -7.46578351 98.0785251
v 16.895318 -9.75451618 98.0785251
v 15.477556 -11.8763462 98.0785251
v 13.794969 -13.794969 98.0785251
v 11.8763462 -15.477556 98.0785251
v 9.75451618 -16.895318 98.0785251
v 7.46578351 -18.0239961 98.0785251
v 5.04930913 -18.8442782 98.0785251
v 2.54643969 -19.3421304 98.0785251
v 4.77833487e-15 -19.5090324 98.0785251
v 0.0 -25.8819044 96.5925813
v -3.37826647 -25.660482 96.5925813
v -6.69872984 -25.0 96.5925813
v -9.90457609 -23.9117622 96.5925813
v -12.9409522 -22.4143863 96.5925813
v -15.7559052 -20.5334947 96.5925813
v -18.3012709 -18.3012709 96.5925813
v -20.5334947 -15.7559052 96.5925813
v -22.4143863 -12.9409522 96.5925813
v -23.9117622 -9.90457609 96.5925813
v -25.0 -6.69872984 96.5925813
v -25.660482 -3.37826647 96.5925813
v -25.8819044 -1.58480956e-15 96.5925813
v -25.660482 3.37826647 96.5925813
v -25.0 6.69872984 96.5925813
v -23.9117622 9.90457609 96.5925813
v -22.4143863 12.9409522 96.5925813
v -20.5334947 15.7559052 96.5925813
v -18.3012709 18.3012709 96.5925813
v -15.7559052 20.5334947 96.5925813
v -12.9409522 22.4143863 96.5925813
v -9.90457609 23.9117622 96.5925813
v -6.69872984 25.0 96.5925813
v -3.37826647 25.660482 96.5925813
v -3.16961913e-15 25.8819044 96.5925813
v 3.37826647 25.660482 96.5925813
v 6.69872984 25.0 96.5925813
v 9.90457609 23.9117622 96.5925813
v 12.9409522 22.4143863 96.5925813
v 15.7559052 20.5334947 96.5925813
v 18.3012709 18.3012709 96.5925813
v 20.5334947 15.7559052 96.5925813
v 22.4143863 12.9409522 96.5925813
v 23.9117622 9.90457609 96.5925813
v 25.0 6.69872984 96.5925813
v 25.660482 3.37826647 96.5925813
v 25.8819044 4.75442869e-15 96.5925813
v 25.660482 -3.37826647 96.5925813
v 25.0 -6.69872984 96.5925813
v 23.9117622 -9.90457609 96.5925813
v 22.4143863 -12.9409522 96.5925813
v 20.5334947 -15.7559052 96.5925813
v 18.3012709 -18.3012709 96.5925813
v 15.7559052 -20.5334947 96.5925813
v 12.9409522 -22.4143863 96.5925813
v 9.90457609 -23.9117622 96.5925813
v 6.69872984 -25.0 96.5925813
v 3.37826647 -25.660482 96.5925813
v 6.33923825e-15 -25.8819044 96.5925813
v 0.0 -32.1439475 94.693011
v -4.19562683 -31.8689495 94.693011
v -8.31946582 -31.0486674 94.693011
v -12.3009555 -29.6971351 94.693011
v -16.0719737 -27.8374732 94.693011
v -19.5679948 -25.5015075 94.693011
v -22.7292031 -22.7292031 94.693011
v -25.5015075 -19.5679948 94.693011
v -27.8374732 -16.0719737 94.693011
v -29.6971351 -12.3009555 94.693011
v -31.0486674 -8.31946582 94.693011
v -31.8689495 -4.19562683 94.693011
v -32.1439475 -1.96824914e-15 94.693011
v -31.8689495 4.19562683 94.693011
v -31.0486674 8.31946582 94.693011
v -29.6971351 12.3009555 94.693011
v -27.8374732 16.0719737 94.693011
v -25.5015075 19.5679948 94.693011
v -22.7292031 22.7292031 94.693011
v -19.5679948 25.5015075 94.693011
v -16.0719737 27.8374732 94.693011
v -12.3009555 29.6971351 94.693011
v -8.31946582 31.0486674 94.693011
v -4.19562683 31.8689495 94.693011
v -3.93649827e-15 32.1439475 94.693011
v 4.19562683 31.8689495 94.693011
v 8.31946582 31.0486674 94.693011
v 12.3009555 29.6971351 94.693011
v 16.0719737 27.8374732 94.693011
v 19.5679948 25.5015075 94.693011
v 22.7292031 22.7292031 94.693011
v 25.5015075 19.5679948 94.693011
v 27.8374732 16.0719737 94.693011
v 29.6971351 12.3009555 94.693011
v 31.0486674 8.31946582 94.693011
v 31.8689495 4.19562683 94.693011
v 32.1439475 5.90474741e-15 94.693011
v 31.8689495 -4.19562683 94.693011
v 31.0486674 -8.31946582 94.693011
v 29.6971351 -12.3009555 94.693011
v 27.8374732 -16.0719737 94.693011
v 25.5015075 -19.5679948 94.693011
v 22.7292031 -22.7292031 94.693011
v 19.5679948 -25.5015075 94.693011
v 16.0719737 -27.8374732 94.693011
v 12.3009555 -29.6971351 94.693011
v 8.31946582 -31.0486674 94.693011
v 4.19562683 -31.8689495 94.693011
v 7.87299654e-15 -32.1439475 94.693011
v 0.0 -38.2683426 92.3879504
v -4.99502122 -37.9409522 92.3879504
v -9.90457609 -36.9643807 92.3879504
v -14.6446615 -35.3553385 92.3879504
v -19.1341713 -33.1413567 92.3879504
v -23.2962906 -30.3603172 92.3879504
v -27.0598054 -27.0598054 92.3879504
v -30.3603172 -23.2962906 92.3879504
v -33.1413567 -19.1341713 92.3879504
v -35.3553385 -14.6446615 92.3879504
v -36.9643807 -9.90457609 92.3879504
v -37.9409522 -4.99502122 92.3879504
v -38.2683426 -2.34326023e-15 92.3879504
v -37.9409522 4.99502122 92.3879504
v -36.9643807 9.90457609 92.3879504
v -35.3553385 14.6446615 92.3879504
v -33.1413567 19.1341713 92.3879504
v -30.3603172 23.2962906 92.3879504
v -27.0598054 27.0598054 92.3879504
v -23.2962906 30.3603172 92.3879504
v -19.1341713 33.1413567 92.3879504
v -14.6446615 35.3553385 92.3879504
v -9.90457609 36.9643807 92.3879504
v -4.99502122 37.9409522 92.3879504
v -4.68652047e-15 38.2683426 92.3879504
v 4.99502122 37.9409522 92.3879504
v 9.90457609 36.9643807 92.3879504
v 14.6446615 35.3553385 92.3879504
v 19.1341713 33.1413567 92.3879504
v 23.2962906 30.3603172 92.3879504
v 27.0598054 27.0598054 92.3879504
v 30.3603172 23.2962906 92.3879504
v 33.1413567 19.1341713 92.3879504
v 35.3553385 14.6446615 92.3879504
v 36.9643807 9.90457609 92.3879504
v 37.9409522 4.99502122 92.3879504
v 38.2683426 7.02978054e-15 92.3879504
v 37.9409522 -4.99502122 92.3879504
v 36.9643807 -9.90457609 92.3879504
v 35.3553385 -14.6446615 92.3879504
v 33.1413567 -19.1341713 92.3879504
v 30.3603172 -23.2962906 92.3879504
v 27.0598054 -27.0598054 92.3879504
v 23.2962906 -30.3603172 92.3879504
v 19.1341713 -33.1413567 92.3879504
v 14.6446615 -35.3553385 92.3879504
v 9.90457609 -36.9643807 92.3879504
v 4.99502122 -37.9409522 92.3879504
v 9.37304094e-15 -38.2683426 92.3879504
v 0.0 -44.2288697 89.6872759
v -5.77302575 -43.8504845 89.6872759
v -11.4472739 -42.721808 89.6872759
v -16.9256553 -40.862146 89.6872759
v -22.1144348 -38.3033246 89.6872759
v -26.9248307 -35.0891203 89.6872759
v -31.2745333 -31.2745333 89.6872759
v -35.0891203 -26.9248307 89.6872759
v -38.3033246 -22.1144348 89.6872759
v -40.862146 -16.9256553 89.6872759
v -42.721808 -11.4472739 89.6872759
v -43.8504845 -5.77302575 89.6872759
v -44.2288697 -2.70823714e-15 89.6872759
v -43.8504845 5.77302575 89.6872759
v -42.721808 11.4472739 89.6872759
v -40.862146 16.9256553 89.6872759
v -38.3033246 22.1144348 89.6872759
v -35.0891203 26.9248307 89.6872759
v -31.2745333 31.2745333 89.6872759
v -26.9248307 35.0891203 89.6872759
v -22.1144348 38.3033246 89.6872759
v -16.9256553 40.862146 89.6872759
v -11.4472739 42.721808 89.6872759
v -5.77302575 43.8504845 89.6872759
v -5.41647427e-15 44.2288697 89.6872759
v 5.77302575 43.8504845 89.6872759
v 11.4472739 42.721808 89.6872759
v 16.9256553 40.862146 89.6872759
v 22.1144348 38.3033246 89.6872759
v 26.9248307 35.0891203 89.6872759
v 31.2745333 31.2745333 89.6872759
v 35.0891203 26.9248307 89.6872759
v 38.3033246 22.1144348 89.6872759
v 40.862146 16.9256553 89.6872759
v 42.721808 11.4472739 89.6872759
v 43.8504845 5.77302575 89.6872759
v 44.2288697 8.12471158e-15 89.6872759
v 43.8504845 -5.77302575 89.6872759
v 42.721808 -11.4472739 89.6872759
v 40.862146 -16.9256553 89.6872759
v 38.3033246 -22.1144348 89.6872759
v 35.0891203 -26.9248307 89.6872759
v 31.2745333 -31.2745333 89.6872759
v 26.9248307 -35.0891203 89.6872759
v 22.1144348 -38.3033246 89.6872759
v 16.9256553 -40.862146 89.6872759
v 11.4472739 -42.721808 89.6872759
v 5.77302575 -43.8504845 89.6872759
v 1.08329485e-14 -44.2288697 89.6872759
v 0.0 -50.0 86.6025388
v -6.52630925 -49.5722443 86.6025388
v -12.9409522 -48.2962906 86.6025388
v -19.1341713 -46.1939752 86.6025388
v -25.0 -43.3012694 86.6025388
v -30.4380715 -39.667666 86.6025388
v -35.3553385 -35.3553385 86.6025388
v -39.667666 -30.4380715 86.6025388
v -43.3012694 -25.0 86.6025388
v -46.1939752 -19.1341713 86.6025388
v -48.2962906 -12.9409522 86.6025388
v -49.5722443 -6.52630925 86.6025388
v -50.0 -3.06161713e-15 86.6025388
v -49.5722443 6.52630925 86.6025388
v -48.2962906 12.9409522 86.6025388
v -46.1939752 19.1341713 86.6025388
v -43.3012694 25.0 86.6025388
v -39.667666 30.4380715 86.6025388
v -35.3553385 35.3553385 86.6025388
v -30.4380715 39.667666 86.6025388
v -25.0 43.3012694 86.6025388
v -19.1341713 46.1939752 86.6025388
v -12.9409522 48.2962906 86.6025388
v -6.52630925 49.5722443 86.6025388
v -6.12323426e-15 50.0 86.6025388
v 6.52630925 49.5722443 86.6025388
v 12.9409522 48.2962906 86.6025388
v 19.1341713 46.1939752 86.6025388
v 25.0 43.3012694 86.6025388
v 30.4380715 39.667666 86.6025388
v 35.3553385 35.3553385 86.6025388
v 39.667666 30.4380715 86.6025388
v 43.3012694 25.0 86.6025388
v 46.1939752 19.1341713 86.6025388
v 48.2962906 12.9409522 86.6025388
v 49.5722443 6.52630925 86.6025388
v 50.0 9.18485073e-15 86.6025388
v 49.5722443 -6.52630925 86.6025388
v 48.2962906 -12.9409522 86.6025388
v 46.1939752 -19.1341713 86.6025388
v 43.3012694 -25.0 86.6025388
v 39.667666 -30.4380715 86.6025388
v 35.3553385 -35.3553385 86.6025388
v 30.4380715 -39.667666 86.6025388
v 25.0 -43.3012694 86.6025388
v 19.1341713 -46.1939752 86.6025388
v 12.9409522 -48.2962906 86.6025388
v 6.52630925 -49.5722443 86.6025388
v 1.22464685e-14 -50.0 86.6025388
v 0.0 -55.5570245 83.1469595
v -7.25164637 -55.0817251 83.1469595
v -14.3792152 -53.6639631 83.1469595
v -21.2607518 -51.3279974 83.1469595
v -27.7785122 -48.1137931 83.1469595
v -33.8209718 -44.0763503 83.1469595
v -39.2847478 -39.2847478 83.1469595
v -44.0763503 -33.8209718 83.1469595
v -48.1137931 -27.7785122 83.1469595
v -51.3279974 -21.2607518 83.1469595
v -53.6639631 -14.3792152 83.1469595
v -55.0817251 -7.25164637 83.1469595
v -55.5570245 -3.40188648e-15 83.1469595
v -55.0817251 7.25164637 83.1469595
v -53.6639631 14.3792152 83.1469595
v -51.3279974 21.2607518 83.1469595
v -48.1137931 27.7785122 83.1469595
v -44.0763503 33.8209718 83.1469595
v -39.2847478 39.2847478 83.1469595
v -33.8209718 44.0763503 83.1469595
v -27.7785122 48.1137931 83.1469595
v -21.2607518 51.3279974 83.1469595
v -14.3792152 53.6639631 83.1469595
v -7.25164637 55.0817251 83.1469595
v -6.80377296e-15 55.5570245 83.1469595
v 7.25164637 55.0817251 83.1469595
v 14.3792152 53.6639631 83.1469595
v 21.2607518 51.3279974 83.1469595
v 27.7785122 48.1137931 83.1469595
v 33.8209718 44.0763503 83.1469595
v 39.2847478 39.2847478 83.1469595
v 44.0763503 33.8209718 83.1469595
v 48.1137931 27.7785122 83.1469595
v 51.3279974 21.2607518 83.1469595
v 53.6639631 14.3792152 83.1469595
v 55.0817251 7.25164637 83.1469595
v 55.5570245 1.02056598e-14 83.1469595
v 55.0817251 -7.25164637 83.1469595
v 53.6639631 -14.3792152 83.1469595
v 51.3279974 -21.2607518 83.1469595
v 48.1137931 -27.7785122 83.1469595
v 44.0763503 -33.8209718 83.1469595
v 39.2847478 -39.2847478 83.1469595
v 33.8209718 -44.0763503 83.1469595
v 27.7785122 -48.1137931 83.1469595
v 21.2607518 -51.3279974 83.1469595
v 14.3792152 -53.6639631 83.1469595
v 7.25164637 -55.0817251 83.1469595
v 1.36075459e-14 -55.5570245 83.1469595
v 0.0 -60.876143 79.3353319
v -7.94593096 -60.3553414 79.3353319
v -15.7559052 -58.8018358 79.3353319
v -23.2962906 -56.2422216 79.3353319
v -30.4380715 -52.7202845 79.3353319
v -37.0590478 -48.2962906 79.3353319
v -43.0459321 -43.0459321 79.3353319
v -48.2962906 -37.0590478 79.3353319
v -52.7202845 -30.4380715 79.3353319
v -56.2422216 -23.2962906 79.3353319
v -58.8018358 -15.7559052 79.3353319
v -60.3553414 -7.94593096 79.3353319
v -60.876143 -3.72758851e-15 79.3353319
v -60.3553414 7.94593096 79.3353319
v -58.8018358 15.7559052 79.3353319
v -56.2422216 23.2962906 79.3353319
v -52.7202845 30.4380715 79.3353319
v -48.2962906 37.0590478 79.3353319
v -43.0459321 43.0459321 79.3353319
v -37.0590478 48.2962906 79.3353319
v -30.4380715 52.7202845 79.3353319
v -23.2962906 56.2422216 79.3353319
v -15.7559052 58.8018358 79.3353319
v -7.94593096 60.3553414 79.3353319
v -7.45517703e-15 60.876143 79.3353319
v 7.94593096 60.3553414 79.3353319
v 15.7559052 58.8018358 79.3353319
v 23.2962906 56.2422216 79.3353319
v 30.4380715 52.7202845 79.3353319
v 37.0590478 48.2962906 79.3353319
v 43.0459321 43.0459321 79.3353319
v 48.2962906 37.0590478 79.3353319
v 52.7202845 30.4380715 79.3353319
v 56.2422216 23.2962906 79.3353319
v 58.8018358 15.7559052 79.3353319
v 60.3553414 7.94593096 79.3353319
v 60.876143 1.11827659e-14 79.3353319
v 60.3553414 -7.94593096 79.3353319
v 58.8018358 -15.7559052 79.3353319
v 56.2422216 -23.2962906 79.3353319
v 52.7202845 -30.4380715 79.3353319
v 48.2962906 -37.0590478 79.3353319
v 43.0459321 -43.0459321 79.3353319
v 37.0590478 -48.2962906 79.3353319
v 30.4380715 -52.7202845 79.3353319
v 23.2962906 -56.2422216 79.3353319
v 15.7559052 -58.8018358 79.3353319
v 7.94593096 -60.3553414 79.3353319
v 1.49103541e-14 -60.876143 79.3353319
v 0.0 -65.9345806 75.1839817
v -8.60618949 -65.3705001 75.1839817
v -17.0651257 -63.6879146 75.1839817
v -25.2320707 -60.9156132 75.1839817
v -32.9672903 -57.1010232 75.1839817
v -40.1384294 -52.3094177 75.1839817
v -46.6227889 -46.6227889 75.1839817
v -52.3094177 -40.1384294 75.1839817
v -57.1010232 -32.9672903 75.1839817
v -60.9156132 -25.2320707 75.1839817
v -63.6879146 -17.0651257 75.1839817
v -65.3705001 -8.60618949 75.1839817
v -65.9345806 -4.03732861e-15 75.1839817
v -65.3705001 8.60618949 75.1839817
v -63.6879146 17.0651257 75.1839817
v -60.9156132 25.2320707 75.1839817
v -57.1010232 32.9672903 75.1839817
v -52.3094177 40.1384294 75.1839817
v -46.6227889 46.6227889 75.1839817
v -40.1384294 52.3094177 75.1839817
v -32.9672903 57.1010232 75.1839817
v -25.2320707 60.9156132 75.1839817
v -17.0651257 63.6879146 75.1839817
v -8.60618949 65.3705001 75.1839817
v -8.07465722e-15 65.9345806 75.1839817
v 8.60618949 65.3705001 75.1839817
v 17.0651257 63.6879146 75.1839817
v 25.2320707 60.9156132 75.1839817
v 32.9672903 57.1010232 75.1839817
v 40.1384294 52.3094177 75.1839817
v 46.6227889 46.6227889 75.1839817
v 52.3094177 40.1384294 75.1839817
v 57.1010232 32.9672903 75.1839817
v 60.9156132 25.2320707 75.1839817
v 63.6879146 17.0651257 75.1839817
v 65.3705001 8.60618949 75.1839817
v 65.9345806 1.21119862e-14 75.1839817
v 65.3705001 -8.60618949 75.1839817
v 63.6879146 -17.0651257 75.1839817
v 60.9156132 -25.2320707 75.1839817
v 57.1010232 -32.9672903 75.1839817
v 52.3094177 -40.1384294 75.1839817
v 46.6227889 -46.6227889 75.1839817
v 40.1384294 -52.3094177 75.1839817
v 32.9672903 -57.1010232 75.1839817
v 25.2320707 -60.9156132 75.1839817
v 17.0651257 -63.6879146 75.1839817
v 8.60618949 -65.3705001 75.1839817
v 1.61493144e-14 -65.9345806 75.1839817
v 0.0 -70.7106769 70.7106769
v -9.22959521 -70.1057374 70.7106769
v -18.3012709 -68.3012724 70.7106769
v -27.0598054 -65.328151 70.7106769
v -35.3553385 -61.2372458 70.7106769
v -43.0459321 -56.0985506 70.7106769
v -50.0 -50.0 70.7106769
v -56.0985506 -43.0459321 70.7106769
v -61.2372458 -35.3553385 70.7106769
v -65.328151 -27.0598054 70.7106769
v -68.3012724 -18.3012709 70.7106769
v -70.1057374 -9.22959521 70.7106769
v -70.7106769 -4.3297803e-15 70.7106769
v -70.1057374 9.22959521 70.7106769
v -68.3012724 18.3012709 70.7106769
v -65.328151 27.0598054 70.7106769
v -61.2372458 35.3553385 70.7106769
v -56.0985506 43.0459321 70.7106769
v -50.0 50.0 70.7106769
v -43.0459321 56.0985506 70.7106769
v -35.3553385 61.2372458 70.7106769
v -27.0598054 65.328151 70.7106769
v -18.3012709 68.3012724 70.7106769
v -9.22959521 70.1057374 70.7106769
v -8.6595606e-15 70.7106769 70.7106769
v 9.22959521 70.1057374 70.7106769
v 18.3012709 68.3012724 70.7106769
v 27.0598054 65.328151 70.7106769
v 35.3553385 61.2372458 70.7106769
v 43.0459321 56.0985506 70.7106769
v 50.0 50.0 70.7106769
v 56.0985506 43.0459321 70.7106769
v 61.2372458 35.3553385 70.7106769
v 65.328151 27.0598054 70.7106769
v 68.3012724 18.3012709 70.7106769
v 70.1057374 9.22959521 70.7106769
v 70.7106769 1.29893402e-14 70.7106769
v 70.1057374 -9.22959521 70.7106769
v 68.3012724 -18.3012709 70.7106769
v 65.328151 -27.0598054 70.7106769
v 61.2372458 -35.3553385 70.7106769
v 56.0985506 -43.0459321 70.7106769
v 50.0 -50.0 70.7106769
v 43.0459321 -56.0985506 70.7106769
v 35.3553385 -61.2372458 70.7106769
v 27.0598054 -65.328151 70.7106769
v 18.3012709 -68.3012724 70.7106769
v 9.22959521 -70.1057374 70.7106769
v 1.73191212e-14 -70.7106769 70.7106769
v 0.0 -75.1839817 65.9345806
v -9.81347859 -74.5407701 65.9345806
v -19.4590464 -72.6221502 65.9345806
v -28.7716627 -69.4609404 65.9345806
v -37.5919908 -65.1112378 65.9345806
v -45.7691073 -59.6474648 65.9345806
v -53.1631052 -53.1631052 65.9345806
v -59.6474648 -45.7691073 65.9345806
v -65.1112378 -37.5919908 65.9345806
v -69.4609404 -28.7716627 65.9345806
v -72.6221502 -19.4590464 65.9345806
v -74.5407701 -9.81347859 65.9345806
v -75.1839817 -4.6036909e-15 65.9345806
v -74.5407701 9.81347859 65.9345806
v -72.6221502 19.4590464 65.9345806
v -69.4609404 28.7716627 65.9345806
v -65.1112378 37.5919908 65.9345806
v -59.6474648 45.7691073 65.9345806
v -53.1631052 53.1631052 65.9345806
v -45.7691073 59.6474648 65.9345806
v -37.5919908 65.1112378 65.9345806
v -28.7716627 69.4609404 65.9345806
v -19.4590464 72.6221502 65.9345806
v -9.81347859 74.5407701 65.9345806
v -9.20738181e-15 75.1839817 65.9345806
v 9.81347859 74.5407701 65.9345806
v 19.4590464 72.6221502 65.9345806
v 28.7716627 69.4609404 65.9345806
v 37.5919908 65.1112378 65.9345806
v 45.7691073 59.6474648 65.9345806
v 53.1631052 53.1631052 65.9345806
v 59.6474648 45.7691073 65.9345806
v 65.1112378 37.5919908 65.9345806
v 69.4609404 28.7716627 65.9345806
v 72.6221502 19.4590464 65.9345806
v 74.5407701 9.81347859 65.9345806
v 75.1839817 1.38110734e-14 65.9345806
v 74.5407701 -9.81347859 65.9345806
v 72.6221502 -19.4590464 65.9345806
v 69.4609404 -28.7716627 65.9345806
v 65.1112378 -37.5919908 65.9345806
v 59.6474648 -45.7691073 65.9345806
v 53.1631052 -53.1631052 65.9345806
v 45.7691073 -59.6474648 65.9345806
v 37.5919908 -65.1112378 65.9345806
v 28.7716627 -69.4609404 65.9345806
v 19.4590464 -72.6221502 65.9345806
v 9.81347859 -74.5407701 65.9345806
v 1.84147636e-14 -75.1839817 65.9345806
v 0.0 -79.3353319 60.876143
v -10.3553392 -78.6566079 60.876143
v -20.5334947 -76.6320467 60.876143
v -30.3603172 -73.2962906 60.876143
v -39.667666 -68.7064171 60.876143
v -48.2962906 -62.9409552 60.876143
v -56.0985506 -56.0985506 60.876143
v -62.9409552 -48.2962906 60.876143
v -68.7064171 -39.667666 60.876143
v -73.2962906 -30.3603172 60.876143
v -76.6320467 -20.5334947 60.876143
v -78.6566079 -10.3553392 60.876143
v -79.3353319 -4.85788814e-15 60.876143
v -78.6566079 10.3553392 60.876143
v -76.6320467 20.5334947 60.876143
v -73.2962906 30.3603172 60.876143
v -68.7064171 39.667666 60.876143
v -62.9409552 48.2962906 60.876143
v -56.0985506 56.0985506 60.876143
v -48.2962906 62.9409552 60.876143
v -39.667666 68.7064171 60.876143
v -30.3603172 73.2962906 60.876143
v -20.5334947 76.6320467 60.876143
v -10.3553392 78.6566079 60.876143
v -9.71577628e-15 79.3353319 60.876143
v 10.3553392 78.6566079 60.876143
v 20.5334947 76.6320467 60.876143
v 30.3603172 73.2962906 60.876143
v 39.667666 68.7064171 60.876143
v 48.2962906 62.9409552 60.876143
v 56.0985506 56.0985506 60.876143
v 62.9409552 48.2962906 60.876143
v 68.7064171 39.667666 60.876143
v 73.2962906 30.3603172 60.876143
v 76.6320467 20.5334947 60.876143
v 78.6566079 10.3553392 60.876143
v 79.3353319 1.45736651e-14 60.876143
v 78.6566079 -10.3553392 60.876143
v 76.6320467 -20.5334947 60.876143
v 73.2962906 -30.3603172 60.876143
v 68.7064171 -39.667666 60.876143
v 62.9409552 -48.2962906 60.876143
v 56.0985506 -56.0985506 60.876143
v 48.2962906 -62.9409552 60.876143
v 39.667666 -68.7064171 60.876143
v 30.3603172 -73.2962906 60.876143
v 20.5334947 -76.6320467 60.876143
v 10.3553392 -78.6566079 60.876143
v 1.94315526e-14 -79.3353319 60.876143
v 0.0 -83.1469595 55.5570245
v -10.8528562 -82.4356258 55.5570245
v -21.5200171 -80.3137958 55.5570245
v -31.8189651 -76.8177748 55.5570245
v -41.5734798 -72.0073819 55.5570245
v -50.6166637 -65.9649193 55.5570245
v -58.7937772 -58.7937772 55.5570245
v -65.9649193 -50.6166637 55.5570245
v -72.0073819 -41.5734798 55.5570245
v -76.8177748 -31.8189651 55.5570245
v -80.3137958 -21.5200171 55.5570245
v -82.4356258 -10.8528562 55.5570245
v -83.1469595 -5.0912831e-15 55.5570245
v -82.4356258 10.8528562 55.5570245
v -80.3137958 21.5200171 55.5570245
v -76.8177748 31.8189651 55.5570245
v -72.0073819 41.5734798 55.5570245
v -65.9649193 50.6166637 55.5570245
v -58.7937772 58.7937772 55.5570245
v -50.6166637 65.9649193 55.5570245
v -41.5734798 72.0073819 55.5570245
v -31.8189651 76.8177748 55.5570245
v -21.5200171 80.3137958 55.5570245
v -10.8528562 82.4356258 55.5570245
v -1.01825662e-14 83.1469595 55.5570245
v 10.8528562 82.4356258 55.5570245
v 21.5200171 80.3137958 55.5570245
v 31.8189651 76.8177748 55.5570245
v 41.5734798 72.0073819 55.5570245
v 50.6166637 65.9649193 55.5570245
v 58.7937772 58.7937772 55.5570245
v 65.9649193 50.6166637 55.5570245
v 72.0073819 41.5734798 55.5570245
v 76.8177748 31.8189651 55.5570245
v 80.3137958 21.5200171 55.5570245
v 82.4356258 10.8528562 55.5570245
v 83.1469595 1.5273849e-14 55.5570245
v 82.4356258 -10.8528562 55.5570245
v 80.3137958 -21.5200171 55.5570245
v 76.8177748 -31.8189651 55.5570245
v 72.0073819 -41.5734798 55.5570245
v 65.9649193 -50.6166637 55.5570245
v 58.7937772 -58.7937772 55.5570245
v 50.6166637 -65.9649193 55.5570245
v 41.5734798 -72.0073819 55.5570245
v 31.8189651 -76.8177748 55.5570245
v 21.5200171 -80.3137958 55.5570245
v 10.8528562 -82.4356258 55.5570245
v 2.03651324e-14 -83.1469595 55.5570245
v 0.0 -86.6025388 50.0
v -11.3039002 -85.8616412 50.0
v -22.4143863 -83.6516321 50.0
v -33.1413567 -80.0103128 50.0
v -43.3012694 -75.0 50.0
v -52.7202845 -68.7064171 50.0
v -61.2372458 -61.2372458 50.0
v -68.7064171 -52.7202845 50.0
v -75.0 -43.3012694 50.0
v -80.0103128 -33.1413567 50.0
v -83.6516321 -22.4143863 50.0
v -85.8616412 -11.3039002 50.0
v -86.6025388 -5.30287624e-15 50.0
v -85.8616412 11.3039002 50.0
v -83.6516321 22.4143863 50.0
v -80.0103128 33.1413567 50.0
v -75.0 43.3012694 50.0
v -68.7064171 52.7202845 50.0
v -61.2372458 61.2372458 50.0
v -52.7202845 68.7064171 50.0
v -43.3012694 75.0 50.0
v -33.1413567 80.0103128 50.0
v -22.4143863 83.6516321 50.0
v -11.3039002 85.8616412 50.0
v -1.06057525e-14 86.6025388 50.0
v 11.3039002 85.8616412 50.0
v 22.4143863 83.6516321 50.0
v 33.1413567 80.0103128 50.0
v 43.3012694 75.0 50.0
v 52.7202845 68.7064171 50.0
v 61.2372458 61.2372458 50.0
v 68.7064171 52.7202845 50.0
v 75.0 43.3012694 50.0
v 80.0103128 33.1413567 50.0
v 83.6516321 22.4143863 50.0
v 85.8616412 11.3039002 50.0
v 86.6025388 1.59086287e-14 50.0
v 85.8616412 -11.3039002 50.0
v 83.6516321 -22.4143863 50.0
v 80.0103128 -33.1413567 50.0
v 75.0 -43.3012694 50.0
v 68.7064171 -52.7202845 50.0
v 61.2372458 -61.2372458 50.0
v 52.7202845 -68.7064171 50.0
v 43.3012694 -75.0 50.0
v 33.1413567 -80.0103128 50.0
v 22.4143863 -83.6516321 50.0
v 11.3039002 -85.8616412 50.0
v 2.12115049e-14 -86.6025388 50.0
v 0.0 -89.6872759 44.2288697
v -11.7065385 -88.9199853 44.2288697
v -23.2127741 -86.6312563 44.2288697
v -34.3218327 -82.8602374 44.2288697
v -44.8436379 -77.6714563 44.2288697
v -54.5981526 -71.1537004 44.2288697
v -63.4184778 -63.4184778 44.2288697
v -71.1537004 -54.5981526 44.2288697
v -77.6714563 -44.8436379 44.2288697
v -82.8602374 -34.3218327 44.2288697
v -86.6312563 -23.2127741 44.2288697
v -88.9199853 -11.7065385 44.2288697
v -89.6872759 -5.49176161e-15 44.2288697
v -88.9199853 11.7065385 44.2288697
v -86.6312563 23.2127741 44.2288697
v -82.8602374 34.3218327 44.2288697
v -77.6714563 44.8436379 44.2288697
v -71.1537004 54.5981526 44.2288697
v -63.4184778 63.4184778 44.2288697
v -54.5981526 71.1537004 44.2288697
v -44.8436379 77.6714563 44.2288697
v -34.3218327 82.8602374 44.2288697
v -23.2127741 86.6312563 44.2288697
v -11.7065385 88.9199853 44.2288697
v -1.09835232e-14 89.6872759 44.2288697
v 11.7065385 88.9199853 44.2288697
v 23.2127741 86.6312563 44.2288697
v 34.3218327 82.8602374 44.2288697
v 44.8436379 77.6714563 44.2288697
v 54.5981526 71.1537004 44.2288697
v 63.4184778 63.4184778 44.2288697
v 71.1537004 54.5981526 44.2288697
v 77.6714563 44.8436379 44.2288697
v 82.8602374 34.3218327 44.2288697
v 86.6312563 23.2127741 44.2288697
v 88.9199853 11.7065385 44.2288697
v 89.6872759 1.64752845e-14 44.2288697
v 88.9199853 -11.7065385 44.2288697
v 86.6312563 -23.2127741 44.2288697
v 82.8602374 -34.3218327 44.2288697
v 77.6714563 -44.8436379 44.2288697
v 71.1537004 -54.5981526 44.2288697
v 63.4184778 -63.4184778 44.2288697
v 54.5981526 -71.1537004 44.2288697
v 44.8436379 -77.6714563 44.2288697
v 34.3218327 -82.8602374 44.2288697
v 23.2127741 -86.6312563 44.2288697
v 11.7065385 -88.9199853 44.2288697
v 2.19670464e-14 -89.6872759 44.2288697
v 0.0 -92.3879504 38.2683426
v -12.0590478 -91.597563 38.2683426
v -23.9117622 -89.2399073 38.2683426
v -35.3553385 -85.3553414 38.2683426
v -46.1939752 -80.0103128 38.2683426
v -56.2422216 -73.2962906 38.2683426
v -65.328151 -65.328151 38.2683426
v -73.2962906 -56.2422216 38.2683426
v -80.0103128 -46.1939752 38.2683426
v -85.3553414 -35.3553385 38.2683426
v -89.2399073 -23.9117622 38.2683426
v -91.597563 -12.0590478 38.2683426
v -92.3879504 -5.65713056e-15 38.2683426
v -91.597563 12.0590478 38.2683426
v -89.2399073 23.9117622 38.2683426
v -85.3553414 35.3553385 38.2683426
v -80.0103128 46.1939752 38.2683426
v -73.2962906 56.2422216 38.2683426
v -65.328151 65.328151 38.2683426
v -56.2422216 73.2962906 38.2683426
v -46.1939752 80.0103128 38.2683426
v -35.3553385 85.3553414 38.2683426
v -23.9117622 89.2399073 38.2683426
v -12.0590478 91.597563 38.2683426
v -1.13142611e-14 92.3879504 38.2683426
v 12.0590478 91.597563 38.2683426
v 23.9117622 89.2399073 38.2683426
v 35.3553385 85.3553414 38.2683426
v 46.1939752 80.0103128 38.2683426
v 56.2422216 73.2962906 38.2683426
v 65.328151 65.328151 38.2683426
v 73.2962906 56.2422216 38.2683426
v 80.0103128 46.1939752 38.2683426
v 85.3553414 35.3553385 38.2683426
v 89.2399073 23.9117622 38.2683426
v 91.597563 12.0590478 38.2683426
v 92.3879504 1.69713917e-14 38.2683426
v 91.597563 -12.0590478 38.2683426
v 89.2399073 -23.9117622 38.2683426
v 85.3553414 -35.3553385 38.2683426
v 80.0103128 -46.1939752 38.2683426
v 73.2962906 -56.2422216 38.2683426
v 65.328151 -65.328151 38.2683426
v 56.2422216 -73.2962906 38.2683426
v 46.1939752 -80.0103128 38.2683426
v 35.3553385 -85.3553414 38.2683426
v 23.9117622 -89.2399073 38.2683426
v 12.0590478 -91.597563 38.2683426
v 2.26285222e-14 -92.3879504 38.2683426
v 0.0 -94.693011 32.1439475
v -12.3599187 -93.8829005 32.1439475
v -24.5083556 -91.4664268 32.1439475
v -36.2374485 -87.4849379 32.1439475
v -47.3465055 -82.0065558 32.1439475
v -57.645452 -75.1250207 32.1439475
v -66.9580698 -66.9580698 32.1439475
v -75.1250207 -57.645452 32.1439475
v -82.0065558 -47.3465055 32.1439475
v -87.4849379 -36.2374485 32.1439475
v -91.4664268 -24.5083556 32.1439475
v -93.8829005 -12.3599187 32.1439475
v -94.693011 -5.7982747e-15 32.1439475
v -93.8829005 12.3599187 32.1439475
v -91.4664268 24.5083556 32.1439475
v -87.4849379 36.2374485 32.1439475
v -82.0065558 47.3465055 32.1439475
v -75.1250207 57.645452 32.1439475
v -66.9580698 66.9580698 32.1439475
v -57.645452 75.1250207 32.1439475
v -47.3465055 82.0065558 32.1439475
v -36.2374485 87.4849379 32.1439475
v -24.5083556 91.4664268 32.1439475
v -12.3599187 93.8829005 32.1439475
v -1.15965494e-14 94.693011 32.1439475
v 12.3599187 93.8829005 32.1439475
v 24.5083556 91.4664268 32.1439475
v 36.2374485 87.4849379 32.1439475
v 47.3465055 82.0065558 32.1439475
v 57.645452 75.1250207 32.1439475
v 66.9580698 66.9580698 32.1439475
v 75.1250207 57.645452 32.1439475
v 82.0065558 47.3465055 32.1439475
v 87.4849379 36.2374485 32.1439475
v 91.4664268 24.5083556 32.1439475
v 93.8829005 12.3599187 32.1439475
v 94.693011 1.73948248e-14 32.1439475
v 93.8829005 -12.3599187 32.1439475
v 91.4664268 -24.5083556 32.1439475
v 87.4849379 -36.2374485 32.1439475
v 82.0065558 -47.3465055 32.1439475
v 75.1250207 -57.645452 32.1439475
v 66.9580698 -66.9580698 32.1439475
v 57.645452 -75.1250207 32.1439475
v 47.3465055 -82.0065558 32.1439475
v 36.2374485 -87.4849379 32.1439475
v 24.5083556 -91.4664268 32.1439475
v 12.3599187 -93.8829005 32.1439475
v 2.31930988e-14 -94.693011 32.1439475
v 0.0 -96.5925813 25.8819044
v -12.6078621 -95.7662225 25.8819044
v -25.0 -93.3012724 25.8819044
v -36.9643807 -89.2399073 25.8819044
v -48.2962906 -83.6516321 25.8819044
v -58.8018358 -76.6320467 25.8819044
v -68.3012724 -68.3012724 25.8819044
v -76.6320467 -58.8018358 25.8819044
v -83.6516321 -48.2962906 25.8819044
v -89.2399073 -36.9643807 25.8819044
v -93.3012724 -25.0 25.8819044
v -95.7662225 -12.6078621 25.8819044
v -96.5925813 -5.91458953e-15 25.8819044
v -95.7662225 12.6078621 25.8819044
v -93.3012724 25.0 25.8819044
v -89.2399073 36.9643807 25.8819044
v -83.6516321 48.2962906 25.8819044
v -76.6320467 58.8018358 25.8819044
v -68.3012724 68.3012724 25.8819044
v -58.8018358 76.6320467 25.8819044
v -48.2962906 83.6516321 25.8819044
v -36.9643807 89.2399073 25.8819044
v -25.0 93.3012724 25.8819044
v -12.6078621 95.7662225 25.8819044
v -1.18291791e-14 96.5925813 25.8819044
v 12.6078621 95.7662225 25.8819044
v 25.0 93.3012724 25.8819044
v 36.9643807 89.2399073 25.8819044
v 48.2962906 83.6516321 25.8819044
v 58.8018358 76.6320467 25.8819044
v 68.3012724 68.3012724 25.8819044
v 76.6320467 58.8018358 25.8819044
v 83.6516321 48.2962906 25.8819044
v 89.2399073 36.9643807 25.8819044
v 93.3012724 25.0 25.8819044
v 95.7662225 12.6078621 25.8819044
v 96.5925813 1.77437693e-14 25.8819044
v 95.7662225 -12.6078621 25.8819044
v 93.3012724 -25.0 25.8819044
v 89.2399073 -36.9643807 25.8819044
v 83.6516321 -48.2962906 25.8819044
v 76.6320467 -58.8018358 25.8819044
v 68.3012724 -68.3012724 25.8819044
v 58.8018358 -76.6320467 25.8819044
v 48.2962906 -83.6516321 25.8819044
v 36.9643807 -89.2399073 25.8819044
v 25.0 -93.3012724 25.8819044
v 12.6078621 -95.7662225 25.8819044
v 2.36583581e-14 -96.5925813 25.8819044
v 0.0 -98.0785251 19.5090324
v -12.8018171 -97.2394526 19.5090324
v -25.38459 -94.736582 19.5090324
v -37.5330269 -90.6127453 19.5090324
v -49.0392625 -84.9384964 19.5090324
v -59.7064257 -77.8109252 19.5090324
v -69.351995 -69.351995 19.5090324
v -77.8109252 -59.7064257 19.5090324
v -84.9384964 -49.0392625 19.5090324
v -90.6127453 -37.5330269 19.5090324
v -94.736582 -25.38459 19.5090324
v -97.2394526 -12.8018171 19.5090324
v -98.0785251 -6.00557808e-15 19.5090324
v -97.2394526 12.8018171 19.5090324
v -94.736582 25.38459 19.5090324
v -90.6127453 37.5330269 19.5090324
v -84.9384964 49.0392625 19.5090324
v -77.8109252 59.7064257 19.5090324
v -69.351995 69.351995 19.5090324
v -59.7064257 77.8109252 19.5090324
v -49.0392625 84.9384964 19.5090324
v -37.5330269 90.6127453 19.5090324
v -25.38459 94.736582 19.5090324
v -12.8018171 97.2394526 19.5090324
v -1.20111562e-14 98.0785251 19.5090324
v 12.8018171 97.2394526 19.5090324
v 25.38459 94.736582 19.5090324
v 37.5330269 90.6127453 19.5090324
v 49.0392625 84.9384964 19.5090324
v 59.7064257 77.8109252 19.5090324
v 69.351995 69.351995 19.5090324
v 77.8109252 59.7064257 19.5090324
v 84.9384964 49.0392625 19.5090324
v 90.6127453 37.5330269 19.5090324
v 94.736582 25.38459 19.5090324
v 97.2394526 12.8018171 19.5090324
v 98.0785251 1.80167336e-14 19.5090324
v 97.2394526 -12.8018171 19.5090324
v 94.736582 -25.38459 19.5090324
v 90.6127453 -37.5330269 19.5090324
v 84.9384964 -49.0392625 19.5090324
v 77.8109252 -59.7064257 19.5090324
v 69.351995 -69.351995 19.5090324
v 59.7064257 -77.8109252 19.5090324
v 49.0392625 -84.9384964 19.5090324
v 37.5330269 -90.6127453 19.5090324
v 25.38459 -94.736582 19.5090324
v 12.8018171 -97.2394526 19.5090324
v 2.40223123e-14 -98.0785251 19.5090324
v 0.0 -99.1444886 13.0526185
v -12.9409522 -98.2962906 13.0526185
v -25.660482 -95.7662225 13.0526185
v -37.9409522 -91.597563 13.0526185
v -49.5722443 -85.8616412 13.0526185
v -60.3553414 -78.6566079 13.0526185
v -70.1057374 -70.1057374 13.0526185
v -78.6566079 -60.3553414 13.0526185
v -85.8616412 -49.5722443 13.0526185
v -91.597563 -37.9409522 13.0526185
v -95.7662225 -25.660482 13.0526185
v -98.2962906 -12.9409522 13.0526185
v -99.1444886 -6.07084858e-15 13.0526185
v -98.2962906 12.9409522 13.0526185
v -95.7662225 25.660482 13.0526185
v -91.597563 37.9409522 13.0526185
v -85.8616412 49.5722443 13.0526185
v -78.6566079 60.3553414 13.0526185
v -70.1057374 70.1057374 13.0526185
v -60.3553414 78.6566079 13.0526185
v -49.5722443 85.8616412 13.0526185
v -37.9409522 91.597563 13.0526185
v -25.660482 95.7662225 13.0526185
v -12.9409522 98.2962906 13.0526185
v -1.21416972e-14 99.1444886 13.0526185
v 12.9409522 98.2962906 13.0526185
v 25.660482 95.7662225 13.0526185
v 37.9409522 91.597563 13.0526185
v 49.5722443 85.8616412 13.0526185
v 60.3553414 78.6566079 13.0526185
v 70.1057374 70.1057374 13.0526185
v 78.6566079 60.3553414 13.0526185
v 85.8616412 49.5722443 13.0526185
v 91.597563 37.9409522 13.0526185
v 95.7662225 25.660482 13.0526185
v 98.2962906 12.9409522 13.0526185
v 99.1444886 1.82125464e-14 13.0526185
v 98.2962906 -12.9409522 13.0526185
v 95.7662225 -25.660482 13.0526185
v 91.597563 -37.9409522 13.0526185
v 85.8616412 -49.5722443 13.0526185
v 78.6566079 -60.3553414 13.0526185
v 70.1057374 -70.1057374 13.0526185
v 60.3553414 -78.6566079 13.0526185
v 49.5722443 -85.8616412 13.0526185
v 37.9409522 -91.597563 13.0526185
v 25.660482 -95.7662225 13.0526185
v 12.9409522 -98.2962906 13.0526185
v 2.42833943e-14 -99.1444886 13.0526185
v 0.0 -99.7858942 6.54031262
v -13.0246729 -98.9322126 6.54031262
v -25.8264899 -96.385771 6.54031262
v -38.1864071 -92.1901464 6.54031262
v -49.8929471 -86.4171147 6.54031262
v -60.7457995 -79.1654706 6.54031262
v -70.5592811 -70.5592811 6.54031262
v -79.1654706 -60.7457995 6.54031262
v -86.4171147 -49.8929471 6.54031262
v -92.1901464 -38.1864071 6.54031262
v -96.385771 -25.8264899 6.54031262
v -98.9322126 -13.0246729 6.54031262
v -99.7858942 -6.11012378e-15 6.54031262
v -98.9322126 13.0246729 6.54031262
v -96.385771 25.8264899 6.54031262
v -92.1901464 38.1864071 6.54031262
v -86.4171147 49.8929471 6.54031262
v -79.1654706 60.7457995 6.54031262
v -70.5592811 70.5592811 6.54031262
v -60.7457995 79.1654706 6.54031262
v -49.8929471 86.4171147 6.54031262
v -38.1864071 92.1901464 6.54031262
v -25.8264899 96.385771 6.54031262
v -13.0246729 98.9322126 6.54031262
v -1.22202476e-14 99.7858942 6.54031262
v 13.0246729 98.9322126 6.54031262
v 25.8264899 96.385771 6.54031262
v 38.1864071 92.1901464 6.54031262
v 49.8929471 86.4171147 6.54031262
v 60.7457995 79.1654706 6.54031262
v 70.5592811 70.5592811 6.54031262
v 79.1654706 60.7457995 6.54031262
v 86.4171147 49.8929471 6.54031262
v 92.1901464 38.1864071 6.54031262
v 96.385771 25.8264899 6.54031262
v 98.9322126 13.0246729 6.54031262
v 99.7858942 1.83303713e-14 6.54031262
v 98.9322126 -13.0246729 6.54031262
v 96.385771 -25.8264899 6.54031262
v 92.1901464 -38.1864071 6.54031262
v 86.4171147 -49.8929471 6.54031262
v 79.1654706 -60.7457995 6.54031262
v 70.5592811 -70.5592811 6.54031262
v 60.7457995 -79.1654706 6.54031262
v 49.8929471 -86.4171147 6.54031262
v 38.1864071 -92.1901464 6.54031262
v 25.8264899 -96.385771 6.54031262
v 13.0246729 -98.9322126 6.54031262
v 2.44404951e-14 -99.7858942 6.54031262
v 0.0 -100.0 6.12323426e-15
v -13.0526185 -99.1444886 6.12323426e-15
v -25.8819044 -96.5925813 6.12323426e-15
v -38.2683426 -92.3879504 6.12323426e-15
v -50.0 -86.6025388 6.12323426e-15
v -60.876143 -79.3353319 6.12323426e-15
v -70.7106769 -70.7106769 6.12323426e-15
v -79.3353319 -60.876143 6.12323426e-15
v -86.6025388 -50.0 6.12323426e-15
v -92.3879504 -38.2683426 6.12323426e-15
v -96.5925813 -25.8819044 6.12323426e-15
v -99.1444886 -13.0526185 6.12323426e-15
v -100.0 -6.12323426e-15 6.12323426e-15
v -99.1444886 13.0526185 6.12323426e-15
v -96.5925813 25.8819044 6.12323426e-15
v -92.3879504 38.2683426 6.12323426e-15
v -86.6025388 50.0 6.12323426e-15
v -79.3353319 60.876143 6.12323426e-15
v -70.7106769 70.7106769 6.12323426e-15
v -60.876143 79.3353319 6.12323426e-15
v -50.0 86.6025388 6.12323426e-15
v -38.2683426 92.3879504 6.12323426e-15
v -25.8819044 96.5925813 6.12323426e-15
v -13.0526185 99.1444886 6.12323426e-15
v -1.22464685e-14 100.0 6.12323426e-15
v 13.0526185 99.1444886 6.12323426e-15
v 25.8819044 96.5925813 6.12323426e-15
v 38.2683426 92.3879504 6.12323426e-15
v 50.0 86.6025388 6.12323426e-15
v 60.876143 79.3353319 6.12323426e-15
v 70.7106769 70.7106769 6.12323426e-15
v 79.3353319 60.876143 6.12323426e-15
v 86.6025388 50.0 6.12323426e-15
v 92.3879504 38.2683426 6.12323426e-15
v 96.5925813 25.8819044 6.12323426e-15
v 99.1444886 13.0526185 6.12323426e-15
v 100.0 1.83697015e-14 6.12323426e-15
v 99.1444886 -13.0526185 6.12323426e-15
v 96.5925813 -25.8819044 6.12323426e-15
v 92.3879504 -38.2683426 6.12323426e-15
v 86.6025388 -50.0 6.12323426e-15
v 79.3353319 -60.876143 6.12323426e-15
v 70.7106769 -70.7106769 6.12323426e-15
v 60.876143 -79.3353319 6.12323426e-15
v 50.0 -86.6025388 6.12323426e-15
v 38.2683426 -92.3879504 6.12323426e-15
v 25.8819044 -96.5925813 6.12323426e-15
v 13.0526185 -99.1444886 6.12323426e-15
v 2.44929371e-14 -100.0 6.12323426e-15
vt 0.010416667 0.0
vn 0.0 0.0 1.0
vt 0.03125 0.0
vn 0.0 0.0 1.0
vt 0.0520833321 0.0
vn 0.0 0.0 1.0
vt 0.0729166642 0.0
vn 0.0 0.0 1.0
vt 0.09375 0.0
vn 0.0 0.0 1.0
vt 0.114583336 0.0
vn 0.0 0.0 1.0
vt 0.135416672 0.0
vn 0.0 0.0 1.0
vt 0.15625 0.0
vn 0.0 0.0 1.0
vt 0.177083328 0.0
vn 0.0 0.0 1.0
vt 0.197916672 0.0
vn 0.0 0.0 1.0
vt 0.21875 0.0
vn 0.0 0.0 1.0
vt 0.239583328 0.0
vn 0.0 0.0 1.0
vt 0.260416657 0.0
vn 0.0 0.0 1.0
vt 0.28125 0.0
vn 0.0 0.0 1.0
vt 0.302083343 0.0
vn 0.0 0.0 1.0
vt 0.322916657 0.0
vn 0.0 0.0 1.0
vt 0.34375 0.0
vn 0.0 0.0 1.0
vt 0.364583343 0.0
vn 0.0 0.0 1.0
vt 0.385416657 0.0
vn 0.0 0.0 1.0
vt 0.40625 0.0
vn 0.0 0.0 1.0
vt 0.427083343 0.0
vn 0.0 0.0 1.0
vt 0.447916657 0.0
vn 0.0 0.0 1.0
vt 0.46875 0.0
vn 0.0 0.0 1.0
vt 0.489583343 0.0
vn 0.0 0.0 1.0
vt 0.510416687 0.0
vn 0.0 0.0 1.0
vt 0.53125 0.0
vn 0.0 0.0 1.0
vt 0.552083313 0.0
vn 0.0 0.0 1.0
vt 0.572916687 0.0
vn 0.0 0.0 1.0
vt 0.59375 0.0
vn 0.0 0.0 1.0
vt 0.614583313 0.0
vn 0.0 0.0 1.0
vt 0.635416687 0.0
vn 0.0 0.0 1.0
vt 0.65625 0.0
vn 0.0 0.0 1.0
vt 0.677083313 0.0
vn 0.0 0.0 1.0
vt 0.697916687 0.0
vn 0.0 0.0 1.0
vt 0.71875 0.0
vn 0.0 0.0 1.0
vt 0.739583313 0.0
vn 0.0 0.0 1.0
vt 0.760416687 0.0
vn 0.0 0.0 1.0
vt 0.78125 0.0
vn 0.0 0.0 1.0
vt 0.802083313 0.0
vn 0.0 0.0 1.0
vt 0.822916687 0.0
vn 0.0 0.0 1.0
vt 0.84375 0.0
vn 0.0 0.0 1.0
vt 0.864583313 0.0
vn 0.0 0.0 1.0
vt 0.885416687 0.0
vn 0.0 0.0 1.0
vt 0.90625 0.0
vn 0.0 0.0 1.0
vt 0.927083313 0.0
vn 0.0 0.0 1.0
vt 0.947916687 0.0
vn 0.0 0.0 1.0
vt 0.96875 0.0
vn 0.0 0.0 1.0
vt 0.989583313 0.0
vn 0.0 0.0 1.0
vt 1.01041663 0.0
vn 0.0 0.0 1.0
vt 0.0 0.0416666865
vn 0.0 -0.0654031262 0.997858942
vt 0.020833334 0.0416666865
vn -0.00853682123 -0.064843595 0.997858942
vt 0.0416666679 0.0416666865
vn -0.0169275757 -0.0631745681 0.997858942
vt 0.0625 0.0416666865
vn -0.0250286944 -0.060424611 0.997858942
vt 0.0833333358 0.0416666865
vn -0.0327015631 -0.0566407703 0.997858942
vt 0.104166664 0.0416666865
vn -0.0398149006 -0.0518877916 0.997858942
vt 0.125 0.0416666865
vn -0.046246998 -0.046246998 0.997858942
vt 0.145833328 0.0416666865
vn -0.0518877916 -0.0398149006 0.997858942
vt 0.166666672 0.0416666865
vn -0.0566407703 -0.0327015631 0.997858942
vt 0.1875 0.0416666865
vn -0.060424611 -0.0250286944 0.997858942
vt 0.208333328 0.0416666865
vn -0.0631745681 -0.0169275757 0.997858942
vt 0.229166672 0.0416666865
vn -0.064843595 -0.00853682123 0.997858942
vt 0.25 0.0416666865
vn -0.0654031262 -4.00478666e-18 0.997858942
vt 0.270833343 0.0416666865
vn -0.064843595 0.00853682123 0.997858942
vt 0.291666657 0.0416666865
vn -0.0631745681 0.0169275757 0.997858942
vt 0.3125 0.0416666865
vn -0.060424611 0.0250286944 0.997858942
vt 0.333333343 0.0416666865
vn -0.0566407703 0.0327015631 0.997858942
vt 0.354166657 0.0416666865
vn -0.0518877916 0.0398149006 0.997858942
vt 0.375 0.0416666865
vn -0.046246998 0.046246998 0.997858942
vt 0.395833343 0.0416666865
vn -0.0398149006 0.0518877916 0.997858942
vt 0.416666657 0.0416666865
vn -0.0327015631 0.0566407703 0.997858942
vt 0.4375 0.0416666865
vn -0.0250286944 0.060424611 0.997858942
vt 0.458333343 0.0416666865
vn -0.0169275757 0.0631745681 0.997858942
vt 0.479166657 0.0416666865
vn -0.00853682123 0.064843595 0.997858942
vt 0.5 0.0416666865
vn -8.00957333e-18 0.0654031262 0.997858942
vt 0.520833313 0.0416666865
vn 0.00853682123 0.064843595 0.997858942
vt 0.541666687 0.0416666865
vn 0.0169275757 0.0631745681 0.997858942
vt 0.5625 0.0416666865
vn 0.0250286944 0.060424611 0.997858942
vt 0.583333313 0.0416666865
vn 0.0327015631 0.0566407703 0.997858942
vt 0.604166687 0.0416666865
vn 0.0398149006 0.0518877916 0.997858942
vt 0.625 0.0416666865
vn 0.046246998 0.046246998 0.997858942
vt 0.645833313 0.0416666865
vn 0.0518877916 0.0398149006 0.997858942
vt 0.666666687 0.0416666865
vn 0.0566407703 0.0327015631 0.997858942
vt 0.6875 0.0416666865
vn 0.060424611 0.0250286944 0.997858942
vt 0.708333313 0.0416666865
vn 0.0631745681 0.0169275757 0.997858942
vt 0.729166687 0.0416666865
vn 0.064843595 0.00853682123 0.997858942
vt 0.75 0.0416666865
vn 0.0654031262 1.201436e-17 0.997858942
vt 0.770833313 0.0416666865
vn 0.064843595 -0.00853682123 0.997858942
vt 0.791666687 0.0416666865
vn 0.0631745681 -0.0169275757 0.997858942
vt 0.8125 0.0416666865
vn 0.060424611 -0.0250286944 0.997858942
vt 0.833333313 0.0416666865
vn 0.0566407703 -0.0327015631 0.997858942
vt 0.854166687 0.0416666865
vn 0.0518877916 -0.0398149006 0.997858942
vt 0.875 0.0416666865
vn 0.046246998 -0.046246998 0.997858942
vt 0.895833313 0.0416666865
vn 0.0398149006 -0.0518877916 0.997858942
vt 0.916666687 0.0416666865
vn 0.0327015631 -0.0566407703 0.997858942
vt 0.9375 0.0416666865
vn 0.0250286944 -0.060424611 0.997858942
vt 0.958333313 0.0416666865
vn 0.0169275757 -0.0631745681 0.997858942
vt 0.979166687 0.0416666865
vn 0.00853682123 -0.064843595 0.997858942
vt 1.0 0.0416666865
vn 1.60191467e-17 -0.0654031262 0.997858942
vt 0.0 0.0833333135
vn 0.0 -0.130526185 0.991444886
vt 0.020833334 0.0833333135
vn -0.0170370862 -0.129409522 0.991444886
vt 0.0416666679 0.0833333135
vn -0.0337826647 -0.126078621 0.991444886
vt 0.0625 0.0833333135
vn -0.0499502122 -0.120590478 0.991444886
vt 0.0833333358 0.0833333135
vn -0.0652630925 -0.113039002 0.991444886
vt 0.104166664 0.0833333135
vn -0.0794593096 -0.103553392 0.991444886
vt 0.125 0.0833333135
vn -0.0922959521 -0.0922959521 0.991444886
vt 0.145833328 0.0833333135
vn -0.103553392 -0.0794593096 0.991444886
vt 0.166666672 0.0833333135
vn -0.113039002 -0.0652630925 0.991444886
vt 0.1875 0.0833333135
vn -0.120590478 -0.0499502122 0.991444886
vt 0.208333328 0.0833333135
vn -0.126078621 -0.0337826647 0.991444886
vt 0.229166672 0.0833333135
vn -0.129409522 -0.0170370862 0.991444886
vt 0.25 0.0833333135
vn -0.130526185 -7.99242422e-18 0.991444886
vt 0.270833343 0.0833333135
vn -0.129409522 0.0170370862 0.991444886
vt 0.291666657 0.0833333135
vn -0.126078621 0.0337826647 0.991444886
vt 0.3125 0.0833333135
vn -0.120590478 0.0499502122 0.991444886
vt 0.333333343 0.0833333135
vn -0.113039002 0.0652630925 0.991444886
vt 0.354166657 0.0833333135
vn -0.103553392 0.0794593096 0.991444886
vt 0.375 0.0833333135
vn -0.0922959521 0.0922959521 0.991444886
vt 0.395833343 0.0833333135
vn -0.0794593096 0.103553392 0.991444886
vt 0.416666657 0.0833333135
vn -0.0652630925 0.113039002 0.991444886
vt 0.4375 0.0833333135
vn -0.0499502122 0.120590478 0.991444886
vt 0.458333343 0.0833333135
vn -0.0337826647 0.126078621 0.991444886
vt 0.479166657 0.0833333135
vn -0.0170370862 0.129409522 0.991444886
vt 0.5 0.0833333135
vn -1.59848484e-17 0.130526185 0.991444886
vt 0.520833313 0.0833333135
vn 0.0170370862 0.129409522 0.991444886
vt 0.541666687 0.0833333135
vn 0.0337826647 0.126078621 0.991444886
vt 0.5625 0.0833333135
vn 0.0499502122 0.120590478 0.991444886
vt 0.583333313 0.0833333135
vn 0.0652630925 0.113039002 0.991444886
vt 0.604166687 0.0833333135
vn 0.0794593096 0.103553392 0.991444886
vt 0.625 0.0833333135
vn 0.0922959521 0.0922959521 0.991444886
vt 0.645833313 0.0833333135
vn 0.103553392 0.0794593096 0.991444886
vt 0.666666687 0.0833333135
vn 0.113039002 0.0652630925 0.991444886
vt 0.6875 0.0833333135
vn 0.120590478 0.0499502122 0.991444886
vt 0.708333313 0.0833333135
vn 0.126078621 0.0337826647 0.991444886
vt 0.729166687 0.0833333135
vn 0.129409522 0.0170370862 0.991444886
vt 0.75 0.0833333135
vn 0.130526185 2.39772727e-17 0.991444886
vt 0.770833313 0.0833333135
vn 0.129409522 -0.0170370862 0.991444886
vt 0.791666687 0.0833333135
vn 0.126078621 -0.0337826647 0.991444886
vt 0.8125 0.0833333135
vn 0.120590478 -0.0499502122 0.991444886
vt 0.833333313 0.0833333135
vn 0.113039002 -0.0652630925 0.991444886
vt 0.854166687 0.0833333135
vn 0.103553392 -0.0794593096 0.991444886
vt 0.875 0.0833333135
vn 0.0922959521 -0.0922959521 0.991444886
vt 0.895833313 0.0833333135
vn 0.0794593096 -0.103553392 0.991444886
vt 0.916666687 0.0833333135
vn 0.0652630925 -0.113039002 0.991444886
vt 0.9375 0.0833333135
vn 0.0499502122 -0.120590478 0.991444886
vt 0.958333313 0.0833333135
vn 0.0337826647 -0.126078621 0.991444886
vt 0.979166687 0.0833333135
vn 0.0170370862 -0.129409522 0.991444886
vt 1.0 0.0833333135
vn 3.19696969e-17 -0.130526185 0.991444886
vt 0.0 0.125
vn 0.0 -0.195090324 0.980785251
vt 0.020833334 0.125
vn -0.0254643969 -0.193421304 0.980785251
vt 0.0416666679 0.125
vn -0.0504930913 -0.188442782 0.980785251
vt 0.0625 0.125
vn -0.0746578351 -0.180239961 0.980785251
vt 0.0833333358 0.125
vn -0.0975451618 -0.16895318 0.980785251
vt 0.104166664 0.125
vn -0.118763462 -0.15477556 0.980785251
vt 0.125 0.125
vn -0.13794969 -0.13794969 0.980785251
vt 0.145833328 0.125
vn -0.15477556 -0.118763462 0.980785251
vt 0.166666672 0.125
vn -0.16895318 -0.0975451618 0.980785251
vt 0.1875 0.125
vn -0.180239961 -0.0746578351 0.980785251
vt 0.208333328 0.125
vn -0.188442782 -0.0504930913 0.980785251
vt 0.229166672 0.125
vn -0.193421304 -0.0254643969 0.980785251
vt 0.25 0.125
vn -0.195090324 -1.19458372e-17 0.980785251
vt 0.270833343 0.125
vn -0.193421304 0.0254643969 0.980785251
vt 0.291666657 0.125
vn -0.188442782 0.0504930913 0.980785251
vt 0.3125 0.125
vn -0.180239961 0.0746578351 0.980785251
vt 0.333333343 0.125
vn -0.16895318 0.0975451618 0.980785251
vt 0.354166657 0.125
vn -0.15477556 0.118763462 0.980785251
vt 0.375 0.125
vn -0.13794969 0.13794969 0.980785251
vt 0.395833343 0.125
vn -0.118763462 0.15477556 0.980785251
vt 0.416666657 0.125
vn -0.0975451618 0.16895318 0.980785251
vt 0.4375 0.125
vn -0.0746578351 0.180239961 0.980785251
vt 0.458333343 0.125
vn -0.0504930913 0.188442782 0.980785251
vt 0.479166657 0.125
vn -0.0254643969 0.193421304 0.980785251
vt 0.5 0.125
vn -2.38916744e-17 0.195090324 0.980785251
vt 0.520833313 0.125
vn 0.0254643969 0.193421304 0.980785251
vt 0.541666687 0.125
vn 0.0504930913 0.188442782 0.980785251
vt 0.5625 0.125
vn 0.0746578351 0.180239961 0.980785251
vt 0.583333313 0.125
vn 0.0975451618 0.16895318 0.980785251
vt 0.604166687 0.125
vn 0.118763462 0.15477556 0.980785251
vt 0.625 0.125
vn 0.13794969 0.13794969 0.980785251
vt 0.645833313 0.125
vn 0.15477556 0.118763462 0.980785251
vt 0.666666687 0.125
vn 0.16895318 0.0975451618 0.980785251
vt 0.6875 0.125
vn 0.180239961 0.0746578351 0.980785251
vt 0.708333313 0.125
vn 0.188442782 0.0504930913 0.980785251
vt 0.729166687 0.125
vn 0.193421304 0.0254643969 0.980785251
vt 0.75 0.125
vn 0.195090324 3.58375107e-17 0.980785251
vt 0.770833313 0.125
vn 0.193421304 -0.0254643969 0.980785251
vt 0.791666687 0.125
vn 0.188442782 -0.0504930913 0.980785251
vt 0.8125 0.125
vn 0.180239961 -0.0746578351 0.980785251
vt 0.833333313 0.125
vn 0.16895318 -0.0975451618 0.980785251
vt 0.854166687 0.125
vn 0.15477556 -0.118763462 0.980785251
vt 0.875 0.125
vn 0.13794969 -0.13794969 0.980785251
vt 0.895833313 0.125
vn 0.118763462 -0.15477556 0.980785251
vt 0.916666687 0.125
vn 0.0975451618 -0.16895318 0.980785251
vt 0.9375 0.125
vn 0.0746578351 -0.180239961 0.980785251
vt 0.958333313 0.125
vn 0.0504930913 -0.188442782 0.980785251
vt 0.979166687 0.125
vn 0.0254643969 -0.193421304 0.980785251
vt 1.0 0.125
vn 4.77833487e-17 -0.195090324 0.980785251
vt 0.0 0.166666687
vn 0.0 -0.258819044 0.965925813
vt 0.020833334 0.166666687
vn -0.0337826647 -0.25660482 0.965925813
vt 0.0416666679 0.166666687
vn -0.0669872984 -0.25 0.965925813
vt 0.0625 0.166666687
vn -0.0990457609 -0.239117622 0.965925813
vt 0.0833333358 0.166666687
vn -0.129409522 -0.224143863 0.965925813
vt 0.104166664 0.166666687
vn -0.157559052 -0.205334947 0.965925813
vt 0.125 0.166666687
vn -0.183012709 -0.183012709 0.965925813
vt 0.145833328 0.166666687
vn -0.205334947 -0.157559052 0.965925813
vt 0.166666672 0.166666687
vn -0.224143863 -0.129409522 0.965925813
vt 0.1875 0.166666687
vn -0.239117622 -0.0990457609 0.965925813
vt 0.208333328 0.166666687
vn -0.25 -0.0669872984 0.965925813
vt 0.229166672 0.166666687
vn -0.25660482 -0.0337826647 0.965925813
vt 0.25 0.166666687
vn -0.258819044 -1.58480956e-17 0.965925813
vt 0.270833343 0.166666687
vn -0.25660482 0.0337826647 0.965925813
vt 0.291666657 0.166666687
vn -0.25 0.0669872984 0.965925813
vt 0.3125 0.166666687
vn -0.239117622 0.0990457609 0.965925813
vt 0.333333343 0.166666687
vn -0.224143863 0.129409522 0.965925813
vt 0.354166657 0.166666687
vn -0.205334947 0.157559052 0.965925813
vt 0.375 0.166666687
vn -0.183012709 0.183012709 0.965925813
vt 0.395833343 0.166666687
vn -0.157559052 0.205334947 0.965925813
vt 0.416666657 0.166666687
vn -0.129409522 0.224143863 0.965925813
vt 0.4375 0.166666687
vn -0.0990457609 0.239117622 0.965925813
vt 0.458333343 0.166666687
vn -0.0669872984 0.25 0.965925813
vt 0.479166657 0.166666687
vn -0.0337826647 0.25660482 0.965925813
vt 0.5 0.166666687
vn -3.16961913e-17 0.258819044 0.965925813
vt 0.520833313 0.166666687
vn 0.0337826647 0.25660482 0.965925813
vt 0.541666687 0.166666687
vn 0.0669872984 0.25 0.965925813
vt 0.5625 0.166666687
vn 0.0990457609 0.239117622 0.965925813
vt 0.583333313 0.166666687
vn 0.129409522 0.224143863 0.965925813
vt 0.604166687 0.166666687
vn 0.157559052 0.205334947 0.965925813
vt 0.625 0.166666687
vn 0.183012709 0.183012709 0.965925813
vt 0.645833313 0.166666687
vn 0.205334947 0.157559052 0.965925813
vt 0.666666687 0.166666687
vn 0.224143863 0.129409522 0.965925813
vt 0.6875 0.166666687
vn 0.239117622 0.0990457609 0.965925813
vt 0.708333313 0.166666687
vn 0.25 0.0669872984 0.965925813
vt 0.729166687 0.166666687
vn 0.25660482 0.0337826647 0.965925813
vt 0.75 0.166666687
vn 0.258819044 4.75442869e-17 0.965925813
vt 0.770833313 0.166666687
vn 0.25660482 -0.0337826647 0.965925813
vt 0.791666687 0.166666687
vn 0.25 -0.0669872984 0.965925813
vt 0.8125 0.166666687
vn 0.239117622 -0.0990457609 0.965925813
vt 0.833333313 0.166666687
vn 0.224143863 -0.129409522 0.965925813
vt 0.854166687 0.166666687
vn 0.205334947 -0.157559052 0.965925813
vt 0.875 0.166666687
vn 0.183012709 -0.183012709 0.965925813
vt 0.895833313 0.166666687
vn 0.157559052 -0.205334947 0.965925813
vt 0.916666687 0.166666687
vn 0.129409522 -0.224143863 0.965925813
vt 0.9375 0.166666687
vn 0.0990457609 -0.239117622 0.965925813
vt 0.958333313 0.166666687
vn 0.0669872984 -0.25 0.965925813
vt 0.979166687 0.166666687
vn 0.0337826647 -0.25660482 0.965925813
vt 1.0 0.166666687
vn 6.33923825e-17 -0.258819044 0.965925813
vt 0.0 0.208333313
vn 0.0 -0.321439475 0.94693011
vt 0.020833334 0.208333313
vn -0.0419562683 -0.318689495 0.94693011
vt 0.0416666679 0.208333313
vn -0.0831946582 -0.310486674 0.94693011
vt 0.0625 0.208333313
vn -0.123009555 -0.296971351 0.94693011
vt 0.0833333358 0.208333313
vn -0.160719737 -0.278374732 0.94693011
vt 0.104166664 0.208333313
vn -0.195679948 -0.255015075 0.94693011
vt 0.125 0.208333313
vn -0.227292031 -0.227292031 0.94693011
vt 0.145833328 0.208333313
vn -0.255015075 -0.195679948 0.94693011
vt 0.166666672 0.208333313
vn -0.278374732 -0.160719737 0.94693011
vt 0.1875 0.208333313
vn -0.296971351 -0.123009555 0.94693011
vt 0.208333328 0.208333313
vn -0.310486674 -0.0831946582 0.94693011
vt 0.229166672 0.208333313
vn -0.318689495 -0.0419562683 0.94693011
vt 0.25 0.208333313
vn -0.321439475 -1.96824914e-17 0.94693011
vt 0.270833343 0.208333313
vn -0.318689495 0.0419562683 0.94693011
vt 0.291666657 0.208333313
vn -0.310486674 0.0831946582 0.94693011
vt 0.3125 0.208333313
vn -0.296971351 0.123009555 0.94693011
vt 0.333333343 0.208333313
vn -0.278374732 0.160719737 0.94693011
vt 0.354166657 0.208333313
vn -0.255015075 0.195679948 0.94693011
vt 0.375 0.208333313
vn -0.227292031 0.227292031 0.94693011
vt 0.395833343 0.208333313
vn -0.195679948 0.255015075 0.94693011
vt 0.416666657 0.208333313
vn -0.160719737 0.278374732 0.94693011
vt 0.4375 0.208333313
vn -0.123009555 0.296971351 0.94693011
vt 0.458333343 0.208333313
vn -0.0831946582 0.310486674 0.94693011
vt 0.479166657 0.208333313
vn -0.0419562683 0.318689495 0.94693011
vt 0.5 0.208333313
vn -3.93649827e-17 0.321439475 0.94693011
vt 0.520833313 0.208333313
vn 0.0419562683 0.318689495 0.94693011
vt 0.541666687 0.208333313
vn 0.0831946582 0.310486674 0.94693011
vt 0.5625 0.208333313
vn 0.123009555 0.296971351 0.94693011
vt 0.583333313 0.208333313
vn 0.160719737 0.278374732 0.94693011
vt 0.604166687 0.208333313
vn 0.195679948 0.255015075 0.94693011
vt 0.625 0.208333313
vn 0.227292031 0.227292031 0.94693011
vt 0.645833313 0.208333313
vn 0.255015075 0.195679948 0.94693011
vt 0.666666687 0.208333313
vn 0.278374732 0.160719737 0.94693011
vt 0.6875 0.208333313
vn 0.296971351 0.123009555 0.94693011
vt 0.708333313 0.208333313
vn 0.310486674 0.0831946582 0.94693011
vt 0.729166687 0.208333313
vn 0.318689495 0.0419562683 0.94693011
vt 0.75 0.208333313
vn 0.321439475 5.90474741e-17 0.94693011
vt 0.770833313 0.208333313
vn 0.318689495 -0.0419562683 0.94693011
vt 0.791666687 0.208333313
vn 0.310486674 -0.0831946582 0.94693011
vt 0.8125 0.208333313
vn 0.296971351 -0.123009555 0.94693011
vt 0.833333313 0.208333313
vn 0.278374732 -0.160719737 0.94693011
vt 0.854166687 0.208333313
vn 0.255015075 -0.195679948 0.94693011
vt 0.875 0.208333313
vn 0.227292031 -0.227292031 0.94693011
vt 0.895833313 0.208333313
vn 0.195679948 -0.255015075 0.94693011
vt 0.916666687 0.208333313
vn 0.160719737 -0.278374732 0.94693011
vt 0.9375 0.208333313
vn 0.123009555 -0.296971351 0.94693011
vt 0.958333313 0.208333313
vn 0.0831946582 -0.310486674 0.94693011
vt 0.979166687 0.208333313
vn 0.0419562683 -0.318689495 0.94693011
vt 1.0 0.208333313
vn 7.87299654e-17 -0.321439475 0.94693011
vt 0.0 0.25
vn 0.0 -0.382683426 0.923879504
vt 0.020833334 0.25
vn -0.0499502122 -0.379409522 0.923879504
vt 0.0416666679 0.25
vn -0.0990457609 -0.369643807 0.923879504
vt 0.0625 0.25
vn -0.146446615 -0.353553385 0.923879504
vt 0.0833333358 0.25
vn -0.191341713 -0.331413567 0.923879504
vt 0.104166664 0.25
vn -0.232962906 -0.303603172 0.923879504
vt 0.125 0.25
vn -0.270598054 -0.270598054 0.923879504
vt 0.145833328 0.25
vn -0.303603172 -0.232962906 0.923879504
vt 0.166666672 0.25
vn -0.331413567 -0.191341713 0.923879504
vt 0.1875 0.25
vn -0.353553385 -0.146446615 0.923879504
vt 0.208333328 0.25
vn -0.369643807 -0.0990457609 0.923879504
vt 0.229166672 0.25
vn -0.379409522 -0.0499502122 0.923879504
vt 0.25 0.25
vn -0.382683426 -2.34326023e-17 0.923879504
vt 0.270833343 0.25
vn -0.379409522 0.0499502122 0.923879504
vt 0.291666657 0.25
vn -0.369643807 0.0990457609 0.923879504
vt 0.3125 0.25
vn -0.353553385 0.146446615 0.923879504
vt 0.333333343 0.25
vn -0.331413567 0.191341713 0.923879504
vt 0.354166657 0.25
vn -0.303603172 0.232962906 0.923879504
vt 0.375 0.25
vn -0.270598054 0.270598054 0.923879504
vt 0.395833343 0.25
vn -0.232962906 0.303603172 0.923879504
vt 0.416666657 0.25
vn -0.191341713 0.331413567 0.923879504
vt 0.4375 0.25
vn -0.146446615 0.353553385 0.923879504
vt 0.458333343 0.25
vn -0.0990457609 0.369643807 0.923879504
vt 0.479166657 0.25
vn -0.0499502122 0.379409522 0.923879504
vt 0.5 0.25
vn -4.68652047e-17 0.382683426 0.923879504
vt 0.520833313 0.25
vn 0.0499502122 0.379409522 0.923879504
vt 0.541666687 0.25
vn 0.0990457609 0.369643807 0.923879504
vt 0.5625 0.25
vn 0.146446615 0.353553385 0.923879504
vt 0.583333313 0.25
vn 0.191341713 0.331413567 0.923879504
vt 0.604166687 0.25
vn 0.232962906 0.303603172 0.923879504
vt 0.625 0.25
vn 0.270598054 0.270598054 0.923879504
vt 0.645833313 0.25
vn 0.303603172 0.232962906 0.923879504
vt 0.666666687 0.25
vn 0.331413567 0.191341713 0.923879504
vt 0.6875 0.25
vn 0.353553385 0.146446615 0.923879504
vt 0.708333313 0.25
vn 0.369643807 0.0990457609 0.923879504
vt 0.729166687 0.25
vn 0.379409522 0.0499502122 0.923879504
vt 0.75 0.25
vn 0.382683426 7.02978054e-17 0.923879504
vt 0.770833313 0.25
vn 0.379409522 -0.0499502122 0.923879504
vt 0.791666687 0.25
vn 0.369643807 -0.0990457609 0.923879504
vt 0.8125 0.25
vn 0.353553385 -0.146446615 0.923879504
vt 0.833333313 0.25
vn 0.331413567 -0.191341713 0.923879504
vt 0.854166687 0.25
vn 0.303603172 -0.232962906 0.923879504
vt 0.875 0.25
vn 0.270598054 -0.270598054 0.923879504
vt 0.895833313 0.25
vn 0.232962906 -0.303603172 0.923879504
vt 0.916666687 0.25
vn 0.191341713 -0.331413567 0.923879504
vt 0.9375 0.25
vn 0.146446615 -0.353553385 0.923879504
vt 0.958333313 0.25
vn 0.0990457609 -0.369643807 0.923879504
vt 0.979166687 0.25
vn 0.0499502122 -0.379409522 0.923879504
vt 1.0 0.25
vn 9.37304094e-17 -0.382683426 0.923879504
vt 0.0 0.291666687
vn 0.0 -0.442288697 0.896872759
vt 0.020833334 0.291666687
vn -0.0577302575 -0.438504845 0.896872759
vt 0.0416666679 0.291666687
vn -0.114472739 -0.42721808 0.896872759
vt 0.0625 0.291666687
vn -0.169256553 -0.40862146 0.896872759
vt 0.0833333358 0.291666687
vn -0.221144348 -0.383033246 0.896872759
vt 0.104166664 0.291666687
vn -0.269248307 -0.350891203 0.896872759
vt 0.125 0.291666687
vn -0.312745333 -0.312745333 0.896872759
vt 0.145833328 0.291666687
vn -0.350891203 -0.269248307 0.896872759
vt 0.166666672 0.291666687
vn -0.383033246 -0.221144348 0.896872759
vt 0.1875 0.291666687
vn -0.40862146 -0.169256553 0.896872759
vt 0.208333328 0.291666687
vn -0.42721808 -0.114472739 0.896872759
vt 0.229166672 0.291666687
vn -0.438504845 -0.0577302575 0.896872759
vt 0.25 0.291666687
vn -0.442288697 -2.70823714e-17 0.896872759
vt 0.270833343 0.291666687
vn -0.438504845 0.0577302575 0.896872759
vt 0.291666657 0.291666687
vn -0.42721808 0.114472739 0.896872759
vt 0.3125 0.291666687
vn -0.40862146 0.169256553 0.896872759
vt 0.333333343 0.291666687
vn -0.383033246 0.221144348 0.896872759
vt 0.354166657 0.291666687
vn -0.350891203 0.269248307 0.896872759
vt 0.375 0.291666687
vn -0.312745333 0.312745333 0.896872759
vt 0.395833343 0.291666687
vn -0.269248307 0.350891203 0.896872759
vt 0.416666657 0.291666687
vn -0.221144348 0.383033246 0.896872759
vt 0.4375 0.291666687
vn -0.169256553 0.40862146 0.896872759
vt 0.458333343 0.291666687
vn -0.114472739 0.42721808 0.896872759
vt 0.479166657 0.291666687
vn -0.0577302575 0.438504845 0.896872759
vt 0.5 0.291666687
vn -5.41647427e-17 0.442288697 0.896872759
vt 0.520833313 0.291666687
vn 0.0577302575 0.438504845 0.896872759
vt 0.541666687 0.291666687
vn 0.114472739 0.42721808 0.896872759
vt 0.5625 0.291666687
vn 0.169256553 0.40862146 0.896872759
vt 0.583333313 0.291666687
vn 0.221144348 0.383033246 0.896872759
vt 0.604166687 0.291666687
vn 0.269248307 0.350891203 0.896872759
vt 0.625 0.291666687
vn 0.312745333 0.312745333 0.896872759
vt 0.645833313 0.291666687
vn 0.350891203 0.269248307 0.896872759
vt 0.666666687 0.291666687
vn 0.383033246 0.221144348 0.896872759
vt 0.6875 0.291666687
vn 0.40862146 0.169256553 0.896872759
vt 0.708333313 0.291666687
vn 0.42721808 0.114472739 0.896872759
vt 0.729166687 0.291666687
vn 0.438504845 0.0577302575 0.896872759
vt 0.75 0.291666687
vn 0.442288697 8.12471158e-17 0.896872759
vt 0.770833313 0.291666687
vn 0.438504845 -0.0577302575 0.896872759
vt 0.791666687 0.291666687
vn 0.42721808 -0.114472739 0.896872759
vt 0.8125 0.291666687
vn 0.40862146 -0.169256553 0.896872759
vt 0.833333313 0.291666687
vn 0.383033246 -0.221144348 0.896872759
vt 0.854166687 0.291666687
vn 0.350891203 -0.269248307 0.896872759
vt 0.875 0.291666687
vn 0.312745333 -0.312745333 0.896872759
vt 0.895833313 0.291666687
vn 0.269248307 -0.350891203 0.896872759
vt 0.916666687 0.291666687
vn 0.221144348 -0.383033246 0.896872759
vt 0.9375 0.291666687
vn 0.169256553 -0.40862146 0.896872759
vt 0.958333313 0.291666687
vn 0.114472739 -0.42721808 0.896872759
vt 0.979166687 0.291666687
vn 0.0577302575 -0.438504845 0.896872759
vt 1.0 0.291666687
vn 1.08329485e-16 -0.442288697 0.896872759
vt 0.0 0.333333313
vn 0.0 -0.5 0.866025388
vt 0.020833334 0.333333313
vn -0.0652630925 -0.495722443 0.866025388
vt 0.0416666679 0.333333313
vn -0.129409522 -0.482962906 0.866025388
vt 0.0625 0.333333313
vn -0.191341713 -0.461939752 0.866025388
vt 0.0833333358 0.333333313
vn -0.25 -0.433012694 0.866025388
vt 0.104166664 0.333333313
vn -0.304380715 -0.39667666 0.866025388
vt 0.125 0.333333313
vn -0.353553385 -0.353553385 0.866025388
vt 0.145833328 0.333333313
vn -0.39667666 -0.304380715 0.866025388
vt 0.166666672 0.333333313
vn -0.433012694 -0.25 0.866025388
vt 0.1875 0.333333313
vn -0.461939752 -0.191341713 0.866025388
vt 0.208333328 0.333333313
vn -0.482962906 -0.129409522 0.866025388
vt 0.229166672 0.333333313
vn -0.495722443 -0.0652630925 0.866025388
vt 0.25 0.333333313
vn -0.5 -3.06161713e-17 0.866025388
vt 0.270833343 0.333333313
vn -0.495722443 0.0652630925 0.866025388
vt 0.291666657 0.333333313
vn -0.482962906 0.129409522 0.866025388
vt 0.3125 0.333333313
vn -0.461939752 0.191341713 0.866025388
vt 0.333333343 0.333333313
vn -0.433012694 0.25 0.866025388
vt 0.354166657 0.333333313
vn -0.39667666 0.304380715 0.866025388
vt 0.375 0.333333313
vn -0.353553385 0.353553385 0.866025388
vt 0.395833343 0.333333313
vn -0.304380715 0.39667666 0.866025388
vt 0.416666657 0.333333313
vn -0.25 0.433012694 0.866025388
vt 0.4375 0.333333313
vn -0.191341713 0.461939752 0.866025388
vt 0.458333343 0.333333313
vn -0.129409522 0.482962906 0.866025388
vt 0.479166657 0.333333313
vn -0.0652630925 0.495722443 0.866025388
vt 0.5 0.333333313
vn -6.12323426e-17 0.5 0.866025388
vt 0.520833313 0.333333313
vn 0.0652630925 0.495722443 0.866025388
vt 0.541666687 0.333333313
vn 0.129409522 0.482962906 0.866025388
vt 0.5625 0.333333313
vn 0.191341713 0.461939752 0.866025388
vt 0.583333313 0.333333313
vn 0.25 0.433012694 0.866025388
vt 0.604166687 0.333333313
vn 0.304380715 0.39667666 0.866025388
vt 0.625 0.333333313
vn 0.353553385 0.353553385 0.866025388
vt 0.645833313 0.333333313
vn 0.39667666 0.304380715 0.866025388
vt 0.666666687 0.333333313
vn 0.433012694 0.25 0.866025388
vt 0.6875 0.333333313
vn 0.461939752 0.191341713 0.866025388
vt 0.708333313 0.333333313
vn 0.482962906 0.129409522 0.866025388
vt 0.729166687 0.333333313
vn 0.495722443 0.0652630925 0.866025388
vt 0.75 0.333333313
vn 0.5 9.18485073e-17 0.866025388
vt 0.770833313 0.333333313
vn 0.495722443 -0.0652630925 0.866025388
vt 0.791666687 0.333333313
vn 0.482962906 -0.129409522 0.866025388
vt 0.8125 0.333333313
vn 0.461939752 -0.191341713 0.866025388
vt 0.833333313 0.333333313
vn 0.433012694 -0.25 0.866025388
vt 0.854166687 0.333333313
vn 0.39667666 -0.304380715 0.866025388
vt 0.875 0.333333313
vn 0.353553385 -0.353553385 0.866025388
vt 0.895833313 0.333333313
vn 0.304380715 -0.39667666 0.866025388
vt 0.916666687 0.333333313
vn 0.25 -0.433012694 0.866025388
vt 0.9375 0.333333313
vn 0.191341713 -0.461939752 0.866025388
vt 0.958333313 0.333333313
vn 0.129409522 -0.482962906 0.866025388
vt 0.979166687 0.333333313
vn 0.0652630925 -0.495722443 0.866025388
vt 1.0 0.333333313
vn 1.22464685e-16 -0.5 0.866025388
vt 0.0 0.375
vn 0.0 -0.555570245 0.831469595
vt 0.020833334 0.375
vn -0.0725164637 -0.550817251 0.831469595
vt 0.0416666679 0.375
vn -0.143792152 -0.536639631 0.831469595
vt 0.0625 0.375
vn -0.212607518 -0.513279974 0.831469595
vt 0.0833333358 0.375
vn -0.277785122 -0.481137931 0.831469595
vt 0.104166664 0.375
vn -0.338209718 -0.440763503 0.831469595
vt 0.125 0.375
vn -0.392847478 -0.392847478 0.831469595
vt 0.145833328 0.375
vn -0.440763503 -0.338209718 0.831469595
vt 0.166666672 0.375
vn -0.481137931 -0.277785122 0.831469595
vt 0.1875 0.375
vn -0.513279974 -0.212607518 0.831469595
vt 0.208333328 0.375
vn -0.536639631 -0.143792152 0.831469595
vt 0.229166672 0.375
vn -0.550817251 -0.0725164637 0.831469595
vt 0.25 0.375
vn -0.555570245 -3.40188648e-17 0.831469595
vt 0.270833343 0.375
vn -0.550817251 0.0725164637 0.831469595
vt 0.291666657 0.375
vn -0.536639631 0.143792152 0.831469595
vt 0.3125 0.375
vn -0.513279974 0.212607518 0.831469595
vt 0.333333343 0.375
vn -0.481137931 0.277785122 0.831469595
vt 0.354166657 0.375
vn -0.440763503 0.338209718 0.831469595
vt 0.375 0.375
vn -0.392847478 0.392847478 0.831469595
vt 0.395833343 0.375
vn -0.338209718 0.440763503 0.831469595
vt 0.416666657 0.375
vn -0.277785122 0.481137931 0.831469595
vt 0.4375 0.375
vn -0.212607518 0.513279974 0.831469595
vt 0.458333343 0.375
vn -0.143792152 0.536639631 0.831469595
vt 0.479166657 0.375
vn -0.0725164637 0.550817251 0.831469595
vt 0.5 0.375
vn -6.80377296e-17 0.555570245 0.831469595
vt 0.520833313 0.375
vn 0.0725164637 0.550817251 0.831469595
vt 0.541666687 0.375
vn 0.143792152 0.536639631 0.831469595
vt 0.5625 0.375
vn 0.212607518 0.513279974 0.831469595
vt 0.583333313 0.375
vn 0.277785122 0.481137931 0.831469595
vt 0.604166687 0.375
vn 0.338209718 0.440763503 0.831469595
vt 0.625 0.375
vn 0.392847478 0.392847478 0.831469595
vt 0.645833313 0.375
vn 0.440763503 0.338209718 0.831469595
vt 0.666666687 0.375
vn 0.481137931 0.277785122 0.831469595
vt 0.6875 0.375
vn 0.513279974 0.212607518 0.831469595
vt 0.708333313 0.375
vn 0.536639631 0.143792152 0.831469595
vt 0.729166687 0.375
vn 0.550817251 0.0725164637 0.831469595
vt 0.75 0.375
vn 0.555570245 1.02056598e-16 0.831469595
vt 0.770833313 0.375
vn 0.550817251 -0.0725164637 0.831469595
vt 0.791666687 0.375
vn 0.536639631 -0.143792152 0.831469595
vt 0.8125 0.375
vn 0.513279974 -0.212607518 0.831469595
vt 0.833333313 0.375
vn 0.481137931 -0.277785122 0.831469595
vt 0.854166687 0.375
vn 0.440763503 -0.338209718 0.831469595
vt 0.875 0.375
vn 0.392847478 -0.392847478 0.831469595
vt 0.895833313 0.375
vn 0.338209718 -0.440763503 0.831469595
vt 0.916666687 0.375
vn 0.277785122 -0.481137931 0.831469595
vt 0.9375 0.375
vn 0.212607518 -0.513279974 0.831469595
vt 0.958333313 0.375
vn 0.143792152 -0.536639631 0.831469595
vt 0.979166687 0.375
vn 0.0725164637 -0.550817251 0.831469595
vt 1.0 0.375
vn 1.36075459e-16 -0.555570245 0.831469595
vt 0.0 0.416666687
vn 0.0 -0.60876143 0.793353319
vt 0.020833334 0.416666687
vn -0.0794593096 -0.603553414 0.793353319
vt 0.0416666679 0.416666687
vn -0.157559052 -0.588018358 0.793353319
vt 0.0625 0.416666687
vn -0.232962906 -0.562422216 0.793353319
vt 0.0833333358 0.416666687
vn -0.304380715 -0.527202845 0.793353319
vt 0.104166664 0.416666687
vn -0.370590478 -0.482962906 0.793353319
vt 0.125 0.416666687
vn -0.430459321 -0.430459321 0.793353319
vt 0.145833328 0.416666687
vn -0.482962906 -0.370590478 0.793353319
vt 0.166666672 0.416666687
vn -0.527202845 -0.304380715 0.793353319
vt 0.1875 0.416666687
vn -0.562422216 -0.232962906 0.793353319
vt 0.208333328 0.416666687
vn -0.588018358 -0.157559052 0.793353319
vt 0.229166672 0.416666687
vn -0.603553414 -0.0794593096 0.793353319
vt 0.25 0.416666687
vn -0.60876143 -3.72758851e-17 0.793353319
vt 0.270833343 0.416666687
vn -0.603553414 0.0794593096 0.793353319
vt 0.291666657 0.416666687
vn -0.588018358 0.157559052 0.793353319
vt 0.3125 0.416666687
vn -0.562422216 0.232962906 0.793353319
vt 0.333333343 0.416666687
vn -0.527202845 0.304380715 0.793353319
vt 0.354166657 0.416666687
vn -0.482962906 0.370590478 0.793353319
vt 0.375 0.416666687
vn -0.430459321 0.430459321 0.793353319
vt 0.395833343 0.416666687
vn -0.370590478 0.482962906 0.793353319
vt 0.416666657 0.416666687
vn -0.304380715 0.527202845 0.793353319
vt 0.4375 0.416666687
vn -0.232962906 0.562422216 0.793353319
vt 0.458333343 0.416666687
vn -0.157559052 0.588018358 0.793353319
vt 0.479166657 0.416666687
vn -0.0794593096 0.603553414 0.793353319
vt 0.5 0.416666687
vn -7.45517703e-17 0.60876143 0.793353319
vt 0.520833313 0.416666687
vn 0.0794593096 0.603553414 0.793353319
vt 0.541666687 0.416666687
vn 0.157559052 0.588018358 0.793353319
vt 0.5625 0.416666687
vn 0.232962906 0.562422216 0.793353319
vt 0.583333313 0.416666687
vn 0.304380715 0.527202845 0.793353319
vt 0.604166687 0.416666687
vn 0.370590478 0.482962906 0.793353319
vt 0.625 0.416666687
vn 0.430459321 0.430459321 0.793353319
vt 0.645833313 0.416666687
vn 0.482962906 0.370590478 0.793353319
vt 0.666666687 0.416666687
vn 0.527202845 0.304380715 0.793353319
vt 0.6875 0.416666687
vn 0.562422216 0.232962906 0.793353319
vt 0.708333313 0.416666687
vn 0.588018358 0.157559052 0.793353319
vt 0.729166687 0.416666687
vn 0.603553414 0.0794593096 0.793353319
vt 0.75 0.416666687
vn 0.60876143 1.11827659e-16 0.793353319
vt 0.770833313 0.416666687
vn 0.603553414 -0.0794593096 0.793353319
vt 0.791666687 0.416666687
vn 0.588018358 -0.157559052 0.793353319
vt 0.8125 0.416666687
vn 0.562422216 -0.232962906 0.793353319
vt 0.833333313 0.416666687
vn 0.527202845 -0.304380715 0.793353319
vt 0.854166687 0.416666687
vn 0.482962906 -0.370590478 0.793353319
vt 0.875 0.416666687
vn 0.430459321 -0.430459321 0.793353319
vt 0.895833313 0.416666687
vn 0.370590478 -0.482962906 0.793353319
vt 0.916666687 0.416666687
vn 0.304380715 -0.527202845 0.793353319
vt 0.9375 0.416666687
vn 0.232962906 -0.562422216 0.793353319
vt 0.958333313 0.416666687
vn 0.157559052 -0.588018358 0.793353319
vt 0.979166687 0.416666687
vn 0.0794593096 -0.603553414 0.793353319
vt 1.0 0.416666687
vn 1.49103541e-16 -0.60876143 0.793353319
vt 0.0 0.458333313
vn 0.0 -0.659345806 0.751839817
vt 0.020833334 0.458333313
vn -0.0860618949 -0.653705001 0.751839817
vt 0.0416666679 0.458333313
vn -0.170651257 -0.636879146 0.751839817
vt 0.0625 0.458333313
vn -0.252320707 -0.609156132 0.751839817
vt 0.0833333358 0.458333313
vn -0.329672903 -0.571010232 0.751839817
vt 0.104166664 0.458333313
vn -0.401384294 -0.523094177 0.751839817
vt 0.125 0.458333313
vn -0.466227889 -0.466227889 0.751839817
vt 0.145833328 0.458333313
vn -0.523094177 -0.401384294 0.751839817
vt 0.166666672 0.458333313
vn -0.571010232 -0.329672903 0.751839817
vt 0.1875 0.458333313
vn -0.609156132 -0.252320707 0.751839817
vt 0.208333328 0.458333313
vn -0.636879146 -0.170651257 0.751839817
vt 0.229166672 0.458333313
vn -0.653705001 -0.0860618949 0.751839817
vt 0.25 0.458333313
vn -0.659345806 -4.03732861e-17 0.751839817
vt 0.270833343 0.458333313
vn -0.653705001 0.0860618949 0.751839817
vt 0.291666657 0.458333313
vn -0.636879146 0.170651257 0.751839817
vt 0.3125 0.458333313
vn -0.609156132 0.252320707 0.751839817
vt 0.333333343 0.458333313
vn -0.571010232 0.329672903 0.751839817
vt 0.354166657 0.458333313
vn -0.523094177 0.401384294 0.751839817
vt 0.375 0.458333313
vn -0.466227889 0.466227889 0.751839817
vt 0.395833343 0.458333313
vn -0.401384294 0.523094177 0.751839817
vt 0.416666657 0.458333313
vn -0.329672903 0.571010232 0.751839817
vt 0.4375 0.458333313
vn -0.252320707 0.609156132 0.751839817
vt 0.458333343 0.458333313
vn -0.170651257 0.636879146 0.751839817
vt 0.479166657 0.458333313
vn -0.0860618949 0.653705001 0.751839817
vt 0.5 0.458333313
vn -8.07465722e-17 0.659345806 0.751839817
vt 0.520833313 0.458333313
vn 0.0860618949 0.653705001 0.751839817
vt 0.541666687 0.458333313
vn 0.170651257 0.636879146 0.751839817
vt 0.5625 0.458333313
vn 0.252320707 0.609156132 0.751839817
vt 0.583333313 0.458333313
vn 0.329672903 0.571010232 0.751839817
vt 0.604166687 0.458333313
vn 0.401384294 0.523094177 0.751839817
vt 0.625 0.458333313
vn 0.466227889 0.466227889 0.751839817
vt 0.645833313 0.458333313
vn 0.523094177 0.401384294 0.751839817
vt 0.666666687 0.458333313
vn 0.571010232 0.329672903 0.751839817
vt 0.6875 0.458333313
vn 0.609156132 0.252320707 0.751839817
vt 0.708333313 0.458333313
vn 0.636879146 0.170651257 0.751839817
vt 0.729166687 0.458333313
vn 0.653705001 0.0860618949 0.751839817
vt 0.75 0.458333313
vn 0.659345806 1.21119862e-16 0.751839817
vt 0.770833313 0.458333313
vn 0.653705001 -0.0860618949 0.751839817
vt 0.791666687 0.458333313
vn 0.636879146 -0.170651257 0.751839817
vt 0.8125 0.458333313
vn 0.609156132 -0.252320707 0.751839817
vt 0.833333313 0.458333313
vn 0.571010232 -0.329672903 0.751839817
vt 0.854166687 0.458333313
vn 0.523094177 -0.401384294 0.751839817
vt 0.875 0.458333313
vn 0.466227889 -0.466227889 0.751839817
vt 0.895833313 0.458333313
vn 0.401384294 -0.523094177 0.751839817
vt 0.916666687 0.458333313
vn 0.329672903 -0.571010232 0.751839817
vt 0.9375 0.458333313
vn 0.252320707 -0.609156132 0.751839817
vt 0.958333313 0.458333313
vn 0.170651257 -0.636879146 0.751839817
vt 0.979166687 0.458333313
vn 0.0860618949 -0.653705001 0.751839817
vt 1.0 0.458333313
vn 1.61493144e-16 -0.659345806 0.751839817
vt 0.0 0.5
vn 0.0 -0.707106769 0.707106769
vt 0.020833334 0.5
vn -0.0922959521 -0.701057374 0.707106769
vt 0.0416666679 0.5
vn -0.183012709 -0.683012724 0.707106769
vt 0.0625 0.5
vn -0.270598054 -0.65328151 0.707106769
vt 0.0833333358 0.5
vn -0.353553385 -0.612372458 0.707106769
vt 0.104166664 0.5
vn -0.430459321 -0.560985506 0.707106769
vt 0.125 0.5
vn -0.5 -0.5 0.707106769
vt 0.145833328 0.5
vn -0.560985506 -0.430459321 0.707106769
vt 0.166666672 0.5
vn -0.612372458 -0.353553385 0.707106769
vt 0.1875 0.5
vn -0.65328151 -0.270598054 0.707106769
vt 0.208333328 0.5
vn -0.683012724 -0.183012709 0.707106769
vt 0.229166672 0.5
vn -0.701057374 -0.0922959521 0.707106769
vt 0.25 0.5
vn -0.707106769 -4.3297803e-17 0.707106769
vt 0.270833343 0.5
vn -0.701057374 0.0922959521 0.707106769
vt 0.291666657 0.5
vn -0.683012724 0.183012709 0.707106769
vt 0.3125 0.5
vn -0.65328151 0.270598054 0.707106769
vt 0.333333343 0.5
vn -0.612372458 0.353553385 0.707106769
vt 0.354166657 0.5
vn -0.560985506 0.430459321 0.707106769
vt 0.375 0.5
vn -0.5 0.5 0.707106769
vt 0.395833343 0.5
vn -0.430459321 0.560985506 0.707106769
vt 0.416666657 0.5
vn -0.353553385 0.612372458 0.707106769
vt 0.4375 0.5
vn -0.270598054 0.65328151 0.707106769
vt 0.458333343 0.5
vn -0.183012709 0.683012724 0.707106769
vt 0.479166657 0.5
vn -0.0922959521 0.701057374 0.707106769
vt 0.5 0.5
vn -8.6595606e-17 0.707106769 0.707106769
vt 0.520833313 0.5
vn 0.0922959521 0.701057374 0.707106769
vt 0.541666687 0.5
vn 0.183012709 0.683012724 0.707106769
vt 0.5625 0.5
vn 0.270598054 0.65328151 0.707106769
vt 0.583333313 0.5
vn 0.353553385 0.612372458 0.707106769
vt 0.604166687 0.5
vn 0.430459321 0.560985506 0.707106769
vt 0.625 0.5
vn 0.5 0.5 0.707106769
vt 0.645833313 0.5
vn 0.560985506 0.430459321 0.707106769
vt 0.666666687 0.5
vn 0.612372458 0.353553385 0.707106769
vt 0.6875 0.5
vn 0.65328151 0.270598054 0.707106769
vt 0.708333313 0.5
vn 0.683012724 0.183012709 0.707106769
vt 0.729166687 0.5
vn 0.701057374 0.0922959521 0.707106769
vt 0.75 0.5
vn 0.707106769 1.29893402e-16 0.707106769
vt 0.770833313 0.5
vn 0.701057374 -0.0922959521 0.707106769
vt 0.791666687 0.5
vn 0.683012724 -0.183012709 0.707106769
vt 0.8125 0.5
vn 0.65328151 -0.270598054 0.707106769
vt 0.833333313 0.5
vn 0.612372458 -0.353553385 0.707106769
vt 0.854166687 0.5
vn 0.560985506 -0.430459321 0.707106769
vt 0.875 0.5
vn 0.5 -0.5 0.707106769
vt 0.895833313 0.5
vn 0.430459321 -0.560985506 0.707106769
vt 0.916666687 0.5
vn 0.353553385 -0.612372458 0.707106769
vt 0.9375 0.5
vn 0.270598054 -0.65328151 0.707106769
vt 0.958333313 0.5
vn 0.183012709 -0.683012724 0.707106769
vt 0.979166687 0.5
vn 0.0922959521 -0.701057374 0.707106769
vt 1.0 0.5
vn 1.73191212e-16 -0.707106769 0.707106769
vt 0.0 0.541666657
vn 0.0 -0.751839817 0.659345806
vt 0.020833334 0.541666657
vn -0.0981347859 -0.745407701 0.659345806
vt 0.0416666679 0.541666657
vn -0.194590464 -0.726221502 0.659345806
vt 0.0625 0.541666657
vn -0.287716627 -0.694609404 0.659345806
vt 0.0833333358 0.541666657
vn -0.375919908 -0.651112378 0.659345806
vt 0.104166664 0.541666657
vn -0.457691073 -0.596474648 0.659345806
vt 0.125 0.541666657
vn -0.531631052 -0.531631052 0.659345806
vt 0.145833328 0.541666657
vn -0.596474648 -0.457691073 0.659345806
vt 0.166666672 0.541666657
vn -0.651112378 -0.375919908 0.659345806
vt 0.1875 0.541666657
vn -0.694609404 -0.287716627 0.659345806
vt 0.208333328 0.541666657
vn -0.726221502 -0.194590464 0.659345806
vt 0.229166672 0.541666657
vn -0.745407701 -0.0981347859 0.659345806
vt 0.25 0.541666657
vn -0.751839817 -4.6036909e-17 0.659345806
vt 0.270833343 0.541666657
vn -0.745407701 0.0981347859 0.659345806
vt 0.291666657 0.541666657
vn -0.726221502 0.194590464 0.659345806
vt 0.3125 0.541666657
vn -0.694609404 0.287716627 0.659345806
vt 0.333333343 0.541666657
vn -0.651112378 0.375919908 0.659345806
vt 0.354166657 0.541666657
vn -0.596474648 0.457691073 0.659345806
vt 0.375 0.541666657
vn -0.531631052 0.531631052 0.659345806
vt 0.395833343 0.541666657
vn -0.457691073 0.596474648 0.659345806
vt 0.416666657 0.541666657
vn -0.375919908 0.651112378 0.659345806
vt 0.4375 0.541666657
vn -0.287716627 0.694609404 0.659345806
vt 0.458333343 0.541666657
vn -0.194590464 0.726221502 0.659345806
vt 0.479166657 0.541666657
vn -0.0981347859 0.745407701 0.659345806
vt 0.5 0.541666657
vn -9.20738181e-17 0.751839817 0.659345806
vt 0.520833313 0.541666657
vn 0.0981347859 0.745407701 0.659345806
vt 0.541666687 0.541666657
vn 0.194590464 0.726221502 0.659345806
vt 0.5625 0.541666657
vn 0.287716627 0.694609404 0.659345806
vt 0.583333313 0.541666657
vn 0.375919908 0.651112378 0.659345806
vt 0.604166687 0.541666657
vn 0.457691073 0.596474648 0.659345806
vt 0.625 0.541666657
vn 0.531631052 0.531631052 0.659345806
vt 0.645833313 0.541666657
vn 0.596474648 0.457691073 0.659345806
vt 0.666666687 0.541666657
vn 0.651112378 0.375919908 0.659345806
vt 0.6875 0.541666657
vn 0.694609404 0.287716627 0.659345806
vt 0.708333313 0.541666657
vn 0.726221502 0.194590464 0.659345806
vt 0.729166687 0.541666657
vn 0.745407701 0.0981347859 0.659345806
vt 0.75 0.541666657
vn 0.751839817 1.38110734e-16 0.659345806
vt 0.770833313 0.541666657
vn 0.745407701 -0.0981347859 0.659345806
vt 0.791666687 0.541666657
vn 0.726221502 -0.194590464 0.659345806
vt 0.8125 0.541666657
vn 0.694609404 -0.287716627 0.659345806
vt 0.833333313 0.541666657
vn 0.651112378 -0.375919908 0.659345806
vt 0.854166687 0.541666657
vn 0.596474648 -0.457691073 0.659345806
vt 0.875 0.541666657
vn 0.531631052 -0.531631052 0.659345806
vt 0.895833313 0.541666657
vn 0.457691073 -0.596474648 0.659345806
vt 0.916666687 0.541666657
vn 0.375919908 -0.651112378 0.659345806
vt 0.9375 0.541666657
vn 0.287716627 -0.694609404 0.659345806
vt 0.958333313 0.541666657
vn 0.194590464 -0.726221502 0.659345806
vt 0.979166687 0.541666657
vn 0.0981347859 -0.745407701 0.659345806
vt 1.0 0.541666657
vn 1.84147636e-16 -0.751839817 0.659345806
vt 0.0 0.583333343
vn 0.0 -0.793353319 0.60876143
vt 0.020833334 0.583333343
vn -0.103553392 -0.786566079 0.60876143
vt 0.0416666679 0.583333343
vn -0.205334947 -0.766320467 0.60876143
vt 0.0625 0.583333343
vn -0.303603172 -0.732962906 0.60876143
vt 0.0833333358 0.583333343
vn -0.39667666 -0.687064171 0.60876143
vt 0.104166664 0.583333343
vn -0.482962906 -0.629409552 0.60876143
vt 0.125 0.583333343
vn -0.560985506 -0.560985506 0.60876143
vt 0.145833328 0.583333343
vn -0.629409552 -0.482962906 0.60876143
vt 0.166666672 0.583333343
vn -0.687064171 -0.39667666 0.60876143
vt 0.1875 0.583333343
vn -0.732962906 -0.303603172 0.60876143
vt 0.208333328 0.583333343
vn -0.766320467 -0.205334947 0.60876143
vt 0.229166672 0.583333343
vn -0.786566079 -0.103553392 0.60876143
vt 0.25 0.583333343
vn -0.793353319 -4.85788814e-17 0.60876143
vt 0.270833343 0.583333343
vn -0.786566079 0.103553392 0.60876143
vt 0.291666657 0.583333343
vn -0.766320467 0.205334947 0.60876143
vt 0.3125 0.583333343
vn -0.732962906 0.303603172 0.60876143
vt 0.333333343 0.583333343
vn -0.687064171 0.39667666 0.60876143
vt 0.354166657 0.583333343
vn -0.629409552 0.482962906 0.60876143
vt 0.375 0.583333343
vn -0.560985506 0.560985506 0.60876143
vt 0.395833343 0.583333343
vn -0.482962906 0.629409552 0.60876143
vt 0.416666657 0.583333343
vn -0.39667666 0.687064171 0.60876143
vt 0.4375 0.583333343
vn -0.303603172 0.732962906 0.60876143
vt 0.458333343 0.583333343
vn -0.205334947 0.766320467 0.60876143
vt 0.479166657 0.583333343
vn -0.103553392 0.786566079 0.60876143
vt 0.5 0.583333343
vn -9.71577628e-17 0.793353319 0.60876143
vt 0.520833313 0.583333343
vn 0.103553392 0.786566079 0.60876143
vt 0.541666687 0.583333343
vn 0.205334947 0.766320467 0.60876143
vt 0.5625 0.583333343
vn 0.303603172 0.732962906 0.60876143
vt 0.583333313 0.583333343
vn 0.39667666 0.687064171 0.60876143
vt 0.604166687 0.583333343
vn 0.482962906 0.629409552 0.60876143
vt 0.625 0.583333343
vn 0.560985506 0.560985506 0.60876143
vt 0.645833313 0.583333343
vn 0.629409552 0.482962906 0.60876143
vt 0.666666687 0.583333343
vn 0.687064171 0.39667666 0.60876143
vt 0.6875 0.583333343
vn 0.732962906 0.303603172 0.60876143
vt 0.708333313 0.583333343
vn 0.766320467 0.205334947 0.60876143
vt 0.729166687 0.583333343
vn 0.786566079 0.103553392 0.60876143
vt 0.75 0.583333343
vn 0.793353319 1.45736651e-16 0.60876143
vt 0.770833313 0.583333343
vn 0.786566079 -0.103553392 0.60876143
vt 0.791666687 0.583333343
vn 0.766320467 -0.205334947 0.60876143
vt 0.8125 0.583333343
vn 0.732962906 -0.303603172 0.60876143
vt 0.833333313 0.583333343
vn 0.687064171 -0.39667666 0.60876143
vt 0.854166687 0.583333343
vn 0.629409552 -0.482962906 0.60876143
vt 0.875 0.583333343
vn 0.560985506 -0.560985506 0.60876143
vt 0.895833313 0.583333343
vn 0.482962906 -0.629409552 0.60876143
vt 0.916666687 0.583333343
vn 0.39667666 -0.687064171 0.60876143
vt 0.9375 0.583333343
vn 0.303603172 -0.732962906 0.60876143
vt 0.958333313 0.583333343
vn 0.205334947 -0.766320467 0.60876143
vt 0.979166687 0.583333343
vn 0.103553392 -0.786566079 0.60876143
vt 1.0 0.583333343
vn 1.94315526e-16 -0.793353319 0.60876143
vt 0.0 0.625
vn 0.0 -0.831469595 0.555570245
vt 0.020833334 0.625
vn -0.108528562 -0.824356258 0.555570245
vt 0.0416666679 0.625
vn -0.215200171 -0.803137958 0.555570245
vt 0.0625 0.625
vn -0.318189651 -0.768177748 0.555570245
vt 0.0833333358 0.625
vn -0.415734798 -0.720073819 0.555570245
vt 0.104166664 0.625
vn -0.506166637 -0.659649193 0.555570245
vt 0.125 0.625
vn -0.587937772 -0.587937772 0.555570245
vt 0.145833328 0.625
vn -0.659649193 -0.506166637 0.555570245
vt 0.166666672 0.625
vn -0.720073819 -0.415734798 0.555570245
vt 0.1875 0.625
vn -0.768177748 -0.318189651 0.555570245
vt 0.208333328 0.625
vn -0.803137958 -0.215200171 0.555570245
vt 0.229166672 0.625
vn -0.824356258 -0.108528562 0.555570245
vt 0.25 0.625
vn -0.831469595 -5.0912831e-17 0.555570245
vt 0.270833343 0.625
vn -0.824356258 0.108528562 0.555570245
vt 0.291666657 0.625
vn -0.803137958 0.215200171 0.555570245
vt 0.3125 0.625
vn -0.768177748 0.318189651 0.555570245
vt 0.333333343 0.625
vn -0.720073819 0.415734798 0.555570245
vt 0.354166657 0.625
vn -0.659649193 0.506166637 0.555570245
vt 0.375 0.625
vn -0.587937772 0.587937772 0.555570245
vt 0.395833343 0.625
vn -0.506166637 0.659649193 0.555570245
vt 0.416666657 0.625
vn -0.415734798 0.720073819 0.555570245
vt 0.4375 0.625
vn -0.318189651 0.768177748 0.555570245
vt 0.458333343 0.625
vn -0.215200171 0.803137958 0.555570245
vt 0.479166657 0.625
vn -0.108528562 0.824356258 0.555570245
vt 0.5 0.625
vn -1.01825662e-16 0.831469595 0.555570245
vt 0.520833313 0.625
vn 0.108528562 0.824356258 0.555570245
vt 0.541666687 0.625
vn 0.215200171 0.803137958 0.555570245
vt 0.5625 0.625
vn 0.318189651 0.768177748 0.555570245
vt 0.583333313 0.625
vn 0.415734798 0.720073819 0.555570245
vt 0.604166687 0.625
vn 0.506166637 0.659649193 0.555570245
vt 0.625 0.625
vn 0.587937772 0.587937772 0.555570245
vt 0.645833313 0.625
vn 0.659649193 0.506166637 0.555570245
vt 0.666666687 0.625
vn 0.720073819 0.415734798 0.555570245
vt 0.6875 0.625
vn 0.768177748 0.318189651 0.555570245
vt 0.708333313 0.625
vn 0.803137958 0.215200171 0.555570245
vt 0.729166687 0.625
vn 0.824356258 0.108528562 0.555570245
vt 0.75 0.625
vn 0.831469595 1.5273849e-16 0.555570245
vt 0.770833313 0.625
vn 0.824356258 -0.108528562 0.555570245
vt 0.791666687 0.625
vn 0.803137958 -0.215200171 0.555570245
vt 0.8125 0.625
vn 0.768177748 -0.318189651 0.555570245
vt 0.833333313 0.625
vn 0.720073819 -0.415734798 0.555570245
vt 0.854166687 0.625
vn 0.659649193 -0.506166637 0.555570245
vt 0.875 0.625
vn 0.587937772 -0.587937772 0.555570245
vt 0.895833313 0.625
vn 0.506166637 -0.659649193 0.555570245
vt 0.916666687 0.625
vn 0.415734798 -0.720073819 0.555570245
vt 0.9375 0.625
vn 0.318189651 -0.768177748 0.555570245
vt 0.958333313 0.625
vn 0.215200171 -0.803137958 0.555570245
vt 0.979166687 0.625
vn 0.108528562 -0.824356258 0.555570245
vt 1.0 0.625
vn 2.03651324e-16 -0.831469595 0.555570245
vt 0.0 0.666666657
vn 0.0 -0.866025388 0.5
vt 0.020833334 0.666666657
vn -0.113039002 -0.858616412 0.5
vt 0.0416666679 0.666666657
vn -0.224143863 -0.836516321 0.5
vt 0.0625 0.666666657
vn -0.331413567 -0.800103128 0.5
vt 0.0833333358 0.666666657
vn -0.433012694 -0.75 0.5
vt 0.104166664 0.666666657
vn -0.527202845 -0.687064171 0.5
vt 0.125 0.666666657
vn -0.612372458 -0.612372458 0.5
vt 0.145833328 0.666666657
vn -0.687064171 -0.527202845 0.5
vt 0.166666672 0.666666657
vn -0.75 -0.433012694 0.5
vt 0.1875 0.666666657
vn -0.800103128 -0.331413567 0.5
vt 0.208333328 0.666666657
vn -0.836516321 -0.224143863 0.5
vt 0.229166672 0.666666657
vn -0.858616412 -0.113039002 0.5
vt 0.25 0.666666657
vn -0.866025388 -5.30287624e-17 0.5
vt 0.270833343 0.666666657
vn -0.858616412 0.113039002 0.5
vt 0.291666657 0.666666657
vn -0.836516321 0.224143863 0.5
vt 0.3125 0.666666657
vn -0.800103128 0.331413567 0.5
vt 0.333333343 0.666666657
vn -0.75 0.433012694 0.5
vt 0.354166657 0.666666657
vn -0.687064171 0.527202845 0.5
vt 0.375 0.666666657
vn -0.612372458 0.612372458 0.5
vt 0.395833343 0.666666657
vn -0.527202845 0.687064171 0.5
vt 0.416666657 0.666666657
vn -0.433012694 0.75 0.5
vt 0.4375 0.666666657
vn -0.331413567 0.800103128 0.5
vt 0.458333343 0.666666657
vn -0.224143863 0.836516321 0.5
vt 0.479166657 0.666666657
vn -0.113039002 0.858616412 0.5
vt 0.5 0.666666657
vn -1.06057525e-16 0.866025388 0.5
vt 0.520833313 0.666666657
vn 0.113039002 0.858616412 0.5
vt 0.541666687 0.666666657
vn 0.224143863 0.836516321 0.5
vt 0.5625 0.666666657
vn 0.331413567 0.800103128 0.5
vt 0.583333313 0.666666657
vn 0.433012694 0.75 0.5
vt 0.604166687 0.666666657
vn 0.527202845 0.687064171 0.5
vt 0.625 0.666666657
vn 0.612372458 0.612372458 0.5
vt 0.645833313 0.666666657
vn 0.687064171 0.527202845 0.5
vt 0.666666687 0.666666657
vn 0.75 0.433012694 0.5
vt 0.6875 0.666666657
vn 0.800103128 0.331413567 0.5
vt 0.708333313 0.666666657
vn 0.836516321 0.224143863 0.5
vt 0.729166687 0.666666657
vn 0.858616412 0.113039002 0.5
vt 0.75 0.666666657
vn 0.866025388 1.59086287e-16 0.5
vt 0.770833313 0.666666657
vn 0.858616412 -0.113039002 0.5
vt 0.791666687 0.666666657
vn 0.836516321 -0.224143863 0.5
vt 0.8125 0.666666657
vn 0.800103128 -0.331413567 0.5
vt 0.833333313 0.666666657
vn 0.75 -0.433012694 0.5
vt 0.854166687 0.666666657
vn 0.687064171 -0.527202845 0.5
vt 0.875 0.666666657
vn 0.612372458 -0.612372458 0.5
vt 0.895833313 0.666666657
vn 0.527202845 -0.687064171 0.5
vt 0.916666687 0.666666657
vn 0.433012694 -0.75 0.5
vt 0.9375 0.666666657
vn 0.331413567 -0.800103128 0.5
vt 0.958333313 0.666666657
vn 0.224143863 -0.836516321 0.5
vt 0.979166687 0.666666657
vn 0.113039002 -0.858616412 0.5
vt 1.0 0.666666657
vn 2.12115049e-16 -0.866025388 0.5
vt 0.0 0.708333343
vn 0.0 -0.896872759 0.442288697
vt 0.020833334 0.708333343
vn -0.117065385 -0.889199853 0.442288697
vt 0.0416666679 0.708333343
vn -0.232127741 -0.866312563 0.442288697
vt 0.0625 0.708333343
vn -0.343218327 -0.828602374 0.442288697
vt 0.0833333358 0.708333343
vn -0.448436379 -0.776714563 0.442288697
vt 0.104166664 0.708333343
vn -0.545981526 -0.711537004 0.442288697
vt 0.125 0.708333343
vn -0.634184778 -0.634184778 0.442288697
vt 0.145833328 0.708333343
vn -0.711537004 -0.545981526 0.442288697
vt 0.166666672 0.708333343
vn -0.776714563 -0.448436379 0.442288697
vt 0.1875 0.708333343
vn -0.828602374 -0.343218327 0.442288697
vt 0.208333328 0.708333343
vn -0.866312563 -0.232127741 0.442288697
vt 0.229166672 0.708333343
vn -0.889199853 -0.117065385 0.442288697
vt 0.25 0.708333343
vn -0.896872759 -5.49176161e-17 0.442288697
vt 0.270833343 0.708333343
vn -0.889199853 0.117065385 0.442288697
vt 0.291666657 0.708333343
vn -0.866312563 0.232127741 0.442288697
vt 0.3125 0.708333343
vn -0.828602374 0.343218327 0.442288697
vt 0.333333343 0.708333343
vn -0.776714563 0.448436379 0.442288697
vt 0.354166657 0.708333343
vn -0.711537004 0.545981526 0.442288697
vt 0.375 0.708333343
vn -0.634184778 0.634184778 0.442288697
vt 0.395833343 0.708333343
vn -0.545981526 0.711537004 0.442288697
vt 0.416666657 0.708333343
vn -0.448436379 0.776714563 0.442288697
vt 0.4375 0.708333343
vn -0.343218327 0.828602374 0.442288697
vt 0.458333343 0.708333343
vn -0.232127741 0.866312563 0.442288697
vt 0.479166657 0.708333343
vn -0.117065385 0.889199853 0.442288697
vt 0.5 0.708333343
vn -1.09835232e-16 0.896872759 0.442288697
vt 0.520833313 0.708333343
vn 0.117065385 0.889199853 0.442288697
vt 0.541666687 0.708333343
vn 0.232127741 0.866312563 0.442288697
vt 0.5625 0.708333343
vn 0.343218327 0.828602374 0.442288697
vt 0.583333313 0.708333343
vn 0.448436379 0.776714563 0.442288697
vt 0.604166687 0.708333343
vn 0.545981526 0.711537004 0.442288697
vt 0.625 0.708333343
vn 0.634184778 0.634184778 0.442288697
vt 0.645833313 0.708333343
vn 0.711537004 0.545981526 0.442288697
vt 0.666666687 0.708333343
vn 0.776714563 0.448436379 0.442288697
vt 0.6875 0.708333343
vn 0.828602374 0.343218327 0.442288697
vt 0.708333313 0.708333343
vn 0.866312563 0.232127741 0.442288697
vt 0.729166687 0.708333343
vn 0.889199853 0.117065385 0.442288697
vt 0.75 0.708333343
vn 0.896872759 1.64752845e-16 0.442288697
vt 0.770833313 0.708333343
vn 0.889199853 -0.117065385 0.442288697
vt 0.791666687 0.708333343
vn 0.866312563 -0.232127741 0.442288697
vt 0.8125 0.708333343
vn 0.828602374 -0.343218327 0.442288697
vt 0.833333313 0.708333343
vn 0.776714563 -0.448436379 0.442288697
vt 0.854166687 0.708333343
vn 0.711537004 -0.545981526 0.442288697
vt 0.875 0.708333343
vn 0.634184778 -0.634184778 0.442288697
vt 0.895833313 0.708333343
vn 0.545981526 -0.711537004 0.442288697
vt 0.916666687 0.708333343
vn 0.448436379 -0.776714563 0.442288697
vt 0.9375 0.708333343
vn 0.343218327 -0.828602374 0.442288697
vt 0.958333313 0.708333343
vn 0.232127741 -0.866312563 0.442288697
vt 0.979166687 0.708333343
vn 0.117065385 -0.889199853 0.442288697
vt 1.0 0.708333343
vn 2.19670464e-16 -0.896872759 0.442288697
vt 0.0 0.75
vn 0.0 -0.923879504 0.382683426
vt 0.020833334 0.75
vn -0.120590478 -0.91597563 0.382683426
vt 0.0416666679 0.75
vn -0.239117622 -0.892399073 0.382683426
vt 0.0625 0.75
vn -0.353553385 -0.853553414 0.382683426
vt 0.0833333358 0.75
vn -0.461939752 -0.800103128 0.382683426
vt 0.104166664 0.75
vn -0.562422216 -0.732962906 0.382683426
vt 0.125 0.75
vn -0.65328151 -0.65328151 0.382683426
vt 0.145833328 0.75
vn -0.732962906 -0.562422216 0.382683426
vt 0.166666672 0.75
vn -0.800103128 -0.461939752 0.382683426
vt 0.1875 0.75
vn -0.853553414 -0.353553385 0.382683426
vt 0.208333328 0.75
vn -0.892399073 -0.239117622 0.382683426
vt 0.229166672 0.75
vn -0.91597563 -0.120590478 0.382683426
vt 0.25 0.75
vn -0.923879504 -5.65713056e-17 0.382683426
vt 0.270833343 0.75
vn -0.91597563 0.120590478 0.382683426
vt 0.291666657 0.75
vn -0.892399073 0.239117622 0.382683426
vt 0.3125 0.75
vn -0.853553414 0.353553385 0.382683426
vt 0.333333343 0.75
vn -0.800103128 0.461939752 0.382683426
vt 0.354166657 0.75
vn -0.732962906 0.562422216 0.382683426
vt 0.375 0.75
vn -0.65328151 0.65328151 0.382683426
vt 0.395833343 0.75
vn -0.562422216 0.732962906 0.382683426
vt 0.416666657 0.75
vn -0.461939752 0.800103128 0.382683426
vt 0.4375 0.75
vn -0.353553385 0.853553414 0.382683426
vt 0.458333343 0.75
vn -0.239117622 0.892399073 0.382683426
vt 0.479166657 0.75
vn -0.120590478 0.91597563 0.382683426
vt 0.5 0.75
vn -1.13142611e-16 0.923879504 0.382683426
vt 0.520833313 0.75
vn 0.120590478 0.91597563 0.382683426
vt 0.541666687 0.75
vn 0.239117622 0.892399073 0.382683426
vt 0.5625 0.75
vn 0.353553385 0.853553414 0.382683426
vt 0.583333313 0.75
vn 0.461939752 0.800103128 0.382683426
vt 0.604166687 0.75
vn 0.562422216 0.732962906 0.382683426
vt 0.625 0.75
vn 0.65328151 0.65328151 0.382683426
vt 0.645833313 0.75
vn 0.732962906 0.562422216 0.382683426
vt 0.666666687 0.75
vn 0.800103128 0.461939752 0.382683426
vt 0.6875 0.75
vn 0.853553414 0.353553385 0.382683426
vt 0.708333313 0.75
vn 0.892399073 0.239117622 0.382683426
vt 0.729166687 0.75
vn 0.91597563 0.120590478 0.382683426
vt 0.75 0.75
vn 0.923879504 1.69713917e-16 0.382683426
vt 0.770833313 0.75
vn 0.91597563 -0.120590478 0.382683426
vt 0.791666687 0.75
vn 0.892399073 -0.239117622 0.382683426
vt 0.8125 0.75
vn 0.853553414 -0.353553385 0.382683426
vt 0.833333313 0.75
vn 0.800103128 -0.461939752 0.382683426
vt 0.854166687 0.75
vn 0.732962906 -0.562422216 0.382683426
vt 0.875 0.75
vn 0.65328151 -0.65328151 0.382683426
vt 0.895833313 0.75
vn 0.562422216 -0.732962906 0.382683426
vt 0.916666687 0.75
vn 0.461939752 -0.800103128 0.382683426
vt 0.9375 0.75
vn 0.353553385 -0.853553414 0.382683426
vt 0.958333313 0.75
vn 0.239117622 -0.892399073 0.382683426
vt 0.979166687 0.75
vn 0.120590478 -0.91597563 0.382683426
vt 1.0 0.75
vn 2.26285222e-16 -0.923879504 0.382683426
vt 0.0 0.791666672
vn 0.0 -0.94693011 0.321439475
vt 0.020833334 0.791666672
vn -0.123599187 -0.938829005 0.321439475
vt 0.0416666679 0.791666672
vn -0.245083556 -0.914664268 0.321439475
vt 0.0625 0.791666672
vn -0.362374485 -0.874849379 0.321439475
vt 0.0833333358 0.791666672
vn -0.473465055 -0.820065558 0.321439475
vt 0.104166664 0.791666672
vn -0.57645452 -0.751250207 0.321439475
vt 0.125 0.791666672
vn -0.669580698 -0.669580698 0.321439475
vt 0.145833328 0.791666672
vn -0.751250207 -0.57645452 0.321439475
vt 0.166666672 0.791666672
vn -0.820065558 -0.473465055 0.321439475
vt 0.1875 0.791666672
vn -0.874849379 -0.362374485 0.321439475
vt 0.208333328 0.791666672
vn -0.914664268 -0.245083556 0.321439475
vt 0.229166672 0.791666672
vn -0.938829005 -0.123599187 0.321439475
vt 0.25 0.791666672
vn -0.94693011 -5.7982747e-17 0.321439475
vt 0.270833343 0.791666672
vn -0.938829005 0.123599187 0.321439475
vt 0.291666657 0.791666672
vn -0.914664268 0.245083556 0.321439475
vt 0.3125 0.791666672
vn -0.874849379 0.362374485 0.321439475
vt 0.333333343 0.791666672
vn -0.820065558 0.473465055 0.321439475
vt 0.354166657 0.791666672
vn -0.751250207 0.57645452 0.321439475
vt 0.375 0.791666672
vn -0.669580698 0.669580698 0.321439475
vt 0.395833343 0.791666672
vn -0.57645452 0.751250207 0.321439475
vt 0.416666657 0.791666672
vn -0.473465055 0.820065558 0.321439475
vt 0.4375 0.791666672
vn -0.362374485 0.874849379 0.321439475
vt 0.458333343 0.791666672
vn -0.245083556 0.914664268 0.321439475
vt 0.479166657 0.791666672
vn -0.123599187 0.938829005 0.321439475
vt 0.5 0.791666672
vn -1.15965494e-16 0.94693011 0.321439475
vt 0.520833313 0.791666672
vn 0.123599187 0.938829005 0.321439475
vt 0.541666687 0.791666672
vn 0.245083556 0.914664268 0.321439475
vt 0.5625 0.791666672
vn 0.362374485 0.874849379 0.321439475
vt 0.583333313 0.791666672
vn 0.473465055 0.820065558 0.321439475
vt 0.604166687 0.791666672
vn 0.57645452 0.751250207 0.321439475
vt 0.625 0.791666672
vn 0.669580698 0.669580698 0.321439475
vt 0.645833313 0.791666672
vn 0.751250207 0.57645452 0.321439475
vt 0.666666687 0.791666672
vn 0.820065558 0.473465055 0.321439475
vt 0.6875 0.791666672
vn 0.874849379 0.362374485 0.321439475
vt 0.708333313 0.791666672
vn 0.914664268 0.245083556 0.321439475
vt 0.729166687 0.791666672
vn 0.938829005 0.123599187 0.321439475
vt 0.75 0.791666672
vn 0.94693011 1.73948248e-16 0.321439475
vt 0.770833313 0.791666672
vn 0.938829005 -0.123599187 0.321439475
vt 0.791666687 0.791666672
vn 0.914664268 -0.245083556 0.321439475
vt 0.8125 0.791666672
vn 0.874849379 -0.362374485 0.321439475
vt 0.833333313 0.791666672
vn 0.820065558 -0.473465055 0.321439475
vt 0.854166687 0.791666672
vn 0.751250207 -0.57645452 0.321439475
vt 0.875 0.791666672
vn 0.669580698 -0.669580698 0.321439475
vt 0.895833313 0.791666672
vn 0.57645452 -0.751250207 0.321439475
vt 0.916666687 0.791666672
vn 0.473465055 -0.820065558 0.321439475
vt 0.9375 0.791666672
vn 0.362374485 -0.874849379 0.321439475
vt 0.958333313 0.791666672
vn 0.245083556 -0.914664268 0.321439475
vt 0.979166687 0.791666672
vn 0.123599187 -0.938829005 0.321439475
vt 1.0 0.791666672
vn 2.31930988e-16 -0.94693011 0.321439475
vt 0.0 0.833333328
vn 0.0 -0.965925813 0.258819044
vt 0.020833334 0.833333328
vn -0.126078621 -0.957662225 0.258819044
vt 0.0416666679 0.833333328
vn -0.25 -0.933012724 0.258819044
vt 0.0625 0.833333328
vn -0.369643807 -0.892399073 0.258819044
vt 0.0833333358 0.833333328
vn -0.482962906 -0.836516321 0.258819044
vt 0.104166664 0.833333328
vn -0.588018358 -0.766320467 0.258819044
vt 0.125 0.833333328
vn -0.683012724 -0.683012724 0.258819044
vt 0.145833328 0.833333328
vn -0.766320467 -0.588018358 0.258819044
vt 0.166666672 0.833333328
vn -0.836516321 -0.482962906 0.258819044
vt 0.1875 0.833333328
vn -0.892399073 -0.369643807 0.258819044
vt 0.208333328 0.833333328
vn -0.933012724 -0.25 0.258819044
vt 0.229166672 0.833333328
vn -0.957662225 -0.126078621 0.258819044
vt 0.25 0.833333328
vn -0.965925813 -5.91458953e-17 0.258819044
vt 0.270833343 0.833333328
vn -0.957662225 0.126078621 0.258819044
vt 0.291666657 0.833333328
vn -0.933012724 0.25 0.258819044
vt 0.3125 0.833333328
vn -0.892399073 0.369643807 0.258819044
vt 0.333333343 0.833333328
vn -0.836516321 0.482962906 0.258819044
vt 0.354166657 0.833333328
vn -0.766320467 0.588018358 0.258819044
vt 0.375 0.833333328
vn -0.683012724 0.683012724 0.258819044
vt 0.395833343 0.833333328
vn -0.588018358 0.766320467 0.258819044
vt 0.416666657 0.833333328
vn -0.482962906 0.836516321 0.258819044
vt 0.4375 0.833333328
vn -0.369643807 0.892399073 0.258819044
vt 0.458333343 0.833333328
vn -0.25 0.933012724 0.258819044
vt 0.479166657 0.833333328
vn -0.126078621 0.957662225 0.258819044
vt 0.5 0.833333328
vn -1.18291791e-16 0.965925813 0.258819044
vt 0.520833313 0.833333328
vn 0.126078621 0.957662225 0.258819044
vt 0.541666687 0.833333328
vn 0.25 0.933012724 0.258819044
vt 0.5625 0.833333328
vn 0.369643807 0.892399073 0.258819044
vt 0.583333313 0.833333328
vn 0.482962906 0.836516321 0.258819044
vt 0.604166687 0.833333328
vn 0.588018358 0.766320467 0.258819044
vt 0.625 0.833333328
vn 0.683012724 0.683012724 0.258819044
vt 0.645833313 0.833333328
vn 0.766320467 0.588018358 0.258819044
vt 0.666666687 0.833333328
vn 0.836516321 0.482962906 0.258819044
vt 0.6875 0.833333328
vn 0.892399073 0.369643807 0.258819044
vt 0.708333313 0.833333328
vn 0.933012724 0.25 0.258819044
vt 0.729166687 0.833333328
vn 0.957662225 0.126078621 0.258819044
vt 0.75 0.833333328
vn 0.965925813 1.77437693e-16 0.258819044
vt 0.770833313 0.833333328
vn 0.957662225 -0.126078621 0.258819044
vt 0.791666687 0.833333328
vn 0.933012724 -0.25 0.258819044
vt 0.8125 0.833333328
vn 0.892399073 -0.369643807 0.258819044
vt 0.833333313 0.833333328
vn 0.836516321 -0.482962906 0.258819044
vt 0.854166687 0.833333328
vn 0.766320467 -0.588018358 0.258819044
vt 0.875 0.833333328
vn 0.683012724 -0.683012724 0.258819044
vt 0.895833313 0.833333328
vn 0.588018358 -0.766320467 0.258819044
vt 0.916666687 0.833333328
vn 0.482962906 -0.836516321 0.258819044
vt 0.9375 0.833333328
vn 0.369643807 -0.892399073 0.258819044
vt 0.958333313 0.833333328
vn 0.25 -0.933012724 0.258819044
vt 0.979166687 0.833333328
vn 0.126078621 -0.957662225 0.258819044
vt 1.0 0.833333328
vn 2.36583581e-16 -0.965925813 0.258819044
vt 0.0 0.875
vn 0.0 -0.980785251 0.195090324
vt 0.020833334 0.875
vn -0.128018171 -0.972394526 0.195090324
vt 0.0416666679 0.875
vn -0.2538459 -0.94736582 0.195090324
vt 0.0625 0.875
vn -0.375330269 -0.906127453 0.195090324
vt 0.0833333358 0.875
vn -0.490392625 -0.849384964 0.195090324
vt 0.104166664 0.875
vn -0.597064257 -0.778109252 0.195090324
vt 0.125 0.875
vn -0.69351995 -0.69351995 0.195090324
vt 0.145833328 0.875
vn -0.778109252 -0.597064257 0.195090324
vt 0.166666672 0.875
vn -0.849384964 -0.490392625 0.195090324
vt 0.1875 0.875
vn -0.906127453 -0.375330269 0.195090324
vt 0.208333328 0.875
vn -0.94736582 -0.2538459 0.195090324
vt 0.229166672 0.875
vn -0.972394526 -0.128018171 0.195090324
vt 0.25 0.875
vn -0.980785251 -6.00557808e-17 0.195090324
vt 0.270833343 0.875
vn -0.972394526 0.128018171 0.195090324
vt 0.291666657 0.875
vn -0.94736582 0.2538459 0.195090324
vt 0.3125 0.875
vn -0.906127453 0.375330269 0.195090324
vt 0.333333343 0.875
vn -0.849384964 0.490392625 0.195090324
vt 0.354166657 0.875
vn -0.778109252 0.597064257 0.195090324
vt 0.375 0.875
vn -0.69351995 0.69351995 0.195090324
vt 0.395833343 0.875
vn -0.597064257 0.778109252 0.195090324
vt 0.416666657 0.875
vn -0.490392625 0.849384964 0.195090324
vt 0.4375 0.875
vn -0.375330269 0.906127453 0.195090324
vt 0.458333343 0.875
vn -0.2538459 0.94736582 0.195090324
vt 0.479166657 0.875
vn -0.128018171 0.972394526 0.195090324
vt 0.5 0.875
vn -1.20111562e-16 0.980785251 0.195090324
vt 0.520833313 0.875
vn 0.128018171 0.972394526 0.195090324
vt 0.541666687 0.875
vn 0.2538459 0.94736582 0.195090324
vt 0.5625 0.875
vn 0.375330269 0.906127453 0.195090324
vt 0.583333313 0.875
vn 0.490392625 0.849384964 0.195090324
vt 0.604166687 0.875
vn 0.597064257 0.778109252 0.195090324
vt 0.625 0.875
vn 0.69351995 0.69351995 0.195090324
vt 0.645833313 0.875
vn 0.778109252 0.597064257 0.195090324
vt 0.666666687 0.875
vn 0.849384964 0.490392625 0.195090324
vt 0.6875 0.875
vn 0.906127453 0.375330269 0.195090324
vt 0.708333313 0.875
vn 0.94736582 0.2538459 0.195090324
vt 0.729166687 0.875
vn 0.972394526 0.128018171 0.195090324
vt 0.75 0.875
vn 0.980785251 1.80167336e-16 0.195090324
vt 0.770833313 0.875
vn 0.972394526 -0.128018171 0.195090324
vt 0.791666687 0.875
vn 0.94736582 -0.2538459 0.195090324
vt 0.8125 0.875
vn 0.906127453 -0.375330269 0.195090324
vt 0.833333313 0.875
vn 0.849384964 -0.490392625 0.195090324
vt 0.854166687 0.875
vn 0.778109252 -0.597064257 0.195090324
vt 0.875 0.875
vn 0.69351995 -0.69351995 0.195090324
vt 0.895833313 0.875
vn 0.597064257 -0.778109252 0.195090324
vt 0.916666687 0.875
vn 0.490392625 -0.849384964 0.195090324
vt 0.9375 0.875
vn 0.375330269 -0.906127453 0.195090324
vt 0.958333313 0.875
vn 0.2538459 -0.94736582 0.195090324
vt 0.979166687 0.875
vn 0.128018171 -0.972394526 0.195090324
vt 1.0 0.875
vn 2.40223123e-16 -0.980785251 0.195090324
vt 0.0 0.916666664
vn 0.0 -0.991444886 0.130526185
vt 0.020833334 0.916666664
vn -0.129409522 -0.982962906 0.130526185
vt 0.0416666679 0.916666664
vn -0.25660482 -0.957662225 0.130526185
vt 0.0625 0.916666664
vn -0.379409522 -0.91597563 0.130526185
vt 0.0833333358 0.916666664
vn -0.495722443 -0.858616412 0.130526185
vt 0.104166664 0.916666664
vn -0.603553414 -0.786566079 0.130526185
vt 0.125 0.916666664
vn -0.701057374 -0.701057374 0.130526185
vt 0.145833328 0.916666664
vn -0.786566079 -0.603553414 0.130526185
vt 0.166666672 0.916666664
vn -0.858616412 -0.495722443 0.130526185
vt 0.1875 0.916666664
vn -0.91597563 -0.379409522 0.130526185
vt 0.208333328 0.916666664
vn -0.957662225 -0.25660482 0.130526185
vt 0.229166672 0.916666664
vn -0.982962906 -0.129409522 0.130526185
vt 0.25 0.916666664
vn -0.991444886 -6.07084858e-17 0.130526185
vt 0.270833343 0.916666664
vn -0.982962906 0.129409522 0.130526185
vt 0.291666657 0.916666664
vn -0.957662225 0.25660482 0.130526185
vt 0.3125 0.916666664
vn -0.91597563 0.379409522 0.130526185
vt 0.333333343 0.916666664
vn -0.858616412 0.495722443 0.130526185
vt 0.354166657 0.916666664
vn -0.786566079 0.603553414 0.130526185
vt 0.375 0.916666664
vn -0.701057374 0.701057374 0.130526185
vt 0.395833343 0.916666664
vn -0.603553414 0.786566079 0.130526185
vt 0.416666657 0.916666664
vn -0.495722443 0.858616412 0.130526185
vt 0.4375 0.916666664
vn -0.379409522 0.91597563 0.130526185
vt 0.458333343 0.916666664
vn -0.25660482 0.957662225 0.130526185
vt 0.479166657 0.916666664
vn -0.129409522 0.982962906 0.130526185
vt 0.5 0.916666664
vn -1.21416972e-16 0.991444886 0.130526185
vt 0.520833313 0.916666664
vn 0.129409522 0.982962906 0.130526185
vt 0.541666687 0.916666664
vn 0.25660482 0.957662225 0.130526185
vt 0.5625 0.916666664
vn 0.379409522 0.91597563 0.130526185
vt 0.583333313 0.916666664
vn 0.495722443 0.858616412 0.130526185
vt 0.604166687 0.916666664
vn 0.603553414 0.786566079 0.130526185
vt 0.625 0.916666664
vn 0.701057374 0.701057374 0.130526185
vt 0.645833313 0.916666664
vn 0.786566079 0.603553414 0.130526185
vt 0.666666687 0.916666664
vn 0.858616412 0.495722443 0.130526185
vt 0.6875 0.916666664
vn 0.91597563 0.379409522 0.130526185
vt 0.708333313 0.916666664
vn 0.957662225 0.25660482 0.130526185
vt 0.729166687 0.916666664
vn 0.982962906 0.129409522 0.130526185
vt 0.75 0.916666664
vn 0.991444886 1.82125464e-16 0.130526185
vt 0.770833313 0.916666664
vn 0.982962906 -0.129409522 0.130526185
vt 0.791666687 0.916666664
vn 0.957662225 -0.25660482 0.130526185
vt 0.8125 0.916666664
vn 0.91597563 -0.379409522 0.130526185
vt 0.833333313 0.916666664
vn 0.858616412 -0.495722443 0.130526185
vt 0.854166687 0.916666664
vn 0.786566079 -0.603553414 0.130526185
vt 0.875 0.916666664
vn 0.701057374 -0.701057374 0.130526185
vt 0.895833313 0.916666664
vn 0.603553414 -0.786566079 0.130526185
vt 0.916666687 0.916666664
vn 0.495722443 -0.858616412 0.130526185
vt 0.9375 0.916666664
vn 0.379409522 -0.91597563 0.130526185
vt 0.958333313 0.916666664
vn 0.25660482 -0.957662225 0.130526185
vt 0.979166687 0.916666664
vn 0.129409522 -0.982962906 0.130526185
vt 1.0 0.916666664
vn 2.42833943e-16 -0.991444886 0.130526185
vt 0.0 0.958333332
vn 0.0 -0.997858942 0.0654031262
vt 0.020833334 0.958333332
vn -0.130246729 -0.989322126 0.0654031262
vt 0.0416666679 0.958333332
vn -0.258264899 -0.96385771 0.0654031262
vt 0.0625 0.958333332
vn -0.381864071 -0.921901464 0.0654031262
vt 0.0833333358 0.958333332
vn -0.498929471 -0.864171147 0.0654031262
vt 0.104166664 0.958333332
vn -0.607457995 -0.791654706 0.0654031262
vt 0.125 0.958333332
vn -0.705592811 -0.705592811 0.0654031262
vt 0.145833328 0.958333332
vn -0.791654706 -0.607457995 0.0654031262
vt 0.166666672 0.958333332
vn -0.864171147 -0.498929471 0.0654031262
vt 0.1875 0.958333332
vn -0.921901464 -0.381864071 0.0654031262
vt 0.208333328 0.958333332
vn -0.96385771 -0.258264899 0.0654031262
vt 0.229166672 0.958333332
vn -0.989322126 -0.130246729 0.0654031262
vt 0.25 0.958333332
vn -0.997858942 -6.11012378e-17 0.0654031262
vt 0.270833343 0.958333332
vn -0.989322126 0.130246729 0.0654031262
vt 0.291666657 0.958333332
vn -0.96385771 0.258264899 0.0654031262
vt 0.3125 0.958333332
vn -0.921901464 0.381864071 0.0654031262
vt 0.333333343 0.958333332
vn -0.864171147 0.498929471 0.0654031262
vt 0.354166657 0.958333332
vn -0.791654706 0.607457995 0.0654031262
vt 0.375 0.958333332
vn -0.705592811 0.705592811 0.0654031262
vt 0.395833343 0.958333332
vn -0.607457995 0.791654706 0.0654031262
vt 0.416666657 0.958333332
vn -0.498929471 0.864171147 0.0654031262
vt 0.4375 0.958333332
vn -0.381864071 0.921901464 0.0654031262
vt 0.458333343 0.958333332
vn -0.258264899 0.96385771 0.0654031262
vt 0.479166657 0.958333332
vn -0.130246729 0.989322126 0.0654031262
vt 0.5 0.958333332
vn -1.22202476e-16 0.997858942 0.0654031262
vt 0.520833313 0.958333332
vn 0.130246729 0.989322126 0.0654031262
vt 0.541666687 0.958333332
vn 0.258264899 0.96385771 0.0654031262
vt 0.5625 0.958333332
vn 0.381864071 0.921901464 0.0654031262
vt 0.583333313 0.958333332
vn 0.498929471 0.864171147 0.0654031262
vt 0.604166687 0.958333332
vn 0.607457995 0.791654706 0.0654031262
vt 0.625 0.958333332
vn 0.705592811 0.705592811 0.0654031262
vt 0.645833313 0.958333332
vn 0.791654706 0.607457995 0.0654031262
vt 0.666666687 0.958333332
vn 0.864171147 0.498929471 0.0654031262
vt 0.6875 0.958333332
vn 0.921901464 0.381864071 0.0654031262
vt 0.708333313 0.958333332
vn 0.96385771 0.258264899 0.0654031262
vt 0.729166687 0.958333332
vn 0.989322126 0.130246729 0.0654031262
vt 0.75 0.958333332
vn 0.997858942 1.83303713e-16 0.0654031262
vt 0.770833313 0.958333332
vn 0.989322126 -0.130246729 0.0654031262
vt 0.791666687 0.958333332
vn 0.96385771 -0.258264899 0.0654031262
vt 0.8125 0.958333332
vn 0.921901464 -0.381864071 0.0654031262
vt 0.833333313 0.958333332
vn 0.864171147 -0.498929471 0.0654031262
vt 0.854166687 0.958333332
vn 0.791654706 -0.607457995 0.0654031262
vt 0.875 0.958333332
vn 0.705592811 -0.705592811 0.0654031262
vt 0.895833313 0.958333332
vn 0.607457995 -0.791654706 0.0654031262
vt 0.916666687 0.958333332
vn 0.498929471 -0.864171147 0.0654031262
vt 0.9375 0.958333332
vn 0.381864071 -0.921901464 0.0654031262
vt 0.958333313 0.958333332
vn 0.258264899 -0.96385771 0.0654031262
vt 0.979166687 0.958333332
vn 0.130246729 -0.989322126 0.0654031262
vt 1.0 0.958333332
vn 2.44404951e-16 -0.997858942 0.0654031262
vt 0.0 1.0
vn 0.0 -1.0 6.12323426e-17
vt 0.020833334 1.0
vn -0.130526185 -0.991444886 6.12323426e-17
vt 0.0416666679 1.0
vn -0.258819044 -0.965925813 6.12323426e-17
vt 0.0625 1.0
vn -0.382683426 -0.923879504 6.12323426e-17
vt 0.0833333358 1.0
vn -0.5 -0.866025388 6.12323426e-17
vt 0.104166664 1.0
vn -0.60876143 -0.793353319 6.12323426e-17
vt 0.125 1.0
vn -0.707106769 -0.707106769 6.12323426e-17
vt 0.145833328 1.0
vn -0.793353319 -0.60876143 6.12323426e-17
vt 0.166666672 1.0
vn -0.866025388 -0.5 6.12323426e-17
vt 0.1875 1.0
vn -0.923879504 -0.382683426 6.12323426e-17
vt 0.208333328 1.0
vn -0.965925813 -0.258819044 6.12323426e-17
vt 0.229166672 1.0
vn -0.991444886 -0.130526185 6.12323426e-17
vt 0.25 1.0
vn -1.0 -6.12323426e-17 6.12323426e-17
vt 0.270833343 1.0
vn -0.991444886 0.130526185 6.12323426e-17
vt 0.291666657 1.0
vn -0.965925813 0.258819044 6.12323426e-17
vt 0.3125 1.0
vn -0.923879504 0.382683426 6.12323426e-17
vt 0.333333343 1.0
vn -0.866025388 0.5 6.12323426e-17
vt 0.354166657 1.0
vn -0.793353319 0.60876143 6.12323426e-17
vt 0.375 1.0
vn -0.707106769 0.707106769 6.12323426e-17
vt 0.395833343 1.0
vn -0.60876143 0.793353319 6.12323426e-17
vt 0.416666657 1.0
vn -0.5 0.866025388 6.12323426e-17
vt 0.4375 1.0
vn -0.382683426 0.923879504 6.12323426e-17
vt 0.458333343 1.0
vn -0.258819044 0.965925813 6.12323426e-17
vt 0.479166657 1.0
vn -0.130526185 0.991444886 6.12323426e-17
vt 0.5 1.0
vn -1.22464685e-16 1.0 6.12323426e-17
vt 0.520833313 1.0
vn 0.130526185 0.991444886 6.12323426e-17
vt 0.541666687 1.0
vn 0.258819044 0.965925813 6.12323426e-17
vt 0.5625 1.0
vn 0.382683426 0.923879504 6.12323426e-17
vt 0.583333313 1.0
vn 0.5 0.866025388 6.12323426e-17
vt 0.604166687 1.0
vn 0.60876143 0.793353319 6.12323426e-17
vt 0.625 1.0
vn 0.707106769 0.707106769 6.12323426e-17
vt 0.645833313 1.0
vn 0.793353319 0.60876143 6.12323426e-17
vt 0.666666687 1.0
vn 0.866025388 0.5 6.12323426e-17
vt 0.6875 1.0
vn 0.923879504 0.382683426 6.12323426e-17
vt 0.708333313 1.0
vn 0.965925813 0.258819044 6.12323426e-17
vt 0.729166687 1.0
vn 0.991444886 0.130526185 6.12323426e-17
vt 0.75 1.0
vn 1.0 1.83697015e-16 6.12323426e-17
vt 0.770833313 1.0
vn 0.991444886 -0.130526185 6.12323426e-17
vt 0.791666687 1.0
vn 0.965925813 -0.258819044 6.12323426e-17
vt 0.8125 1.0
vn 0.923879504 -0.382683426 6.12323426e-17
vt 0.833333313 1.0
vn 0.866025388 -0.5 6.12323426e-17
vt 0.854166687 1.0
vn 0.793353319 -0.60876143 6.12323426e-17
vt 0.875 1.0
vn 0.707106769 -0.707106769 6.12323426e-17
vt 0.895833313 1.0
vn 0.60876143 -0.793353319 6.12323426e-17
vt 0.916666687 1.0
vn 0.5 -0.866025388 6.12323426e-17
vt 0.9375 1.0
vn 0.382683426 -0.923879504 6.12323426e-17
vt 0.958333313 1.0
vn 0.258819044 -0.965925813 6.12323426e-17
vt 0.979166687 1.0
vn 0.130526185 -0.991444886 6.12323426e-17
vt 1.0 1.0
vn 2.44929371e-16 -1.0 6.12323426e-17
f 1/1/1 51/51/51 50/50/50
f 2/2/2 52/52/52 51/51/51
f 3/3/3 53/53/53 52/52/52
f 4/4/4 54/54/54 53/53/53
f 5/5/5 55/55/55 54/54/54
f 6/6/6 56/56/56 55/55/55
f 7/7/7 57/57/57 56/56/56
f 8/8/8 58/58/58 57/57/57
f 9/9/9 59/59/59 58/58/58
f 10/10/10 60/60/60 59/59/59
f 11/11/11 61/61/61 60/60/60
f 12/12/12 62/62/62 61/61/61
f 13/13/13 63/63/63 62/62/62
f 14/14/14 64/64/64 63/63/63
f 15/15/15 65/65/65 64/64/64
f 16/16/16 66/66/66 65/65/65
f 17/17/17 67/67/67 66/66/66
f 18/18/18 68/68/68 67/67/67
f 19/19/19 69/69/69 68/68/68
f 20/20/20 70/70/70 69/69/69
f 21/21/21 71/71/71 70/70/70
f 22/22/22 72/72/72 71/71/71
f 23/23/23 73/73/73 72/72/72
f 24/24/24 74/74/74 73/73/73
f 25/25/25 75/75/75 74/74/74
f 26/26/26 76/76/76 75/75/75
f 27/27/27 77/77/77 76/76/76
f 28/28/28 78/78/78 77/77/77
f 29/29/29 79/79/79 78/78/78
f 30/30/30 80/80/80 79/79/79
f 31/31/31 81/81/81 80/80/80
f 32/32/32 82/82/82 81/81/81
f 33/33/33 83/83/83 82/82/82
f 34/34/34 84/84/84 83/83/83
f 35/35/35 85/85/85 84/84/84
f 36/36/36 86/86/86 85/85/85
f 37/37/37 87/87/87 86/86/86
f 38/38/38 88/88/88 87/87/87
f 39/39/39 89/89/89 88/88/88
f 40/40/40 90/90/90 89/89/89
f 41/41/41 91/91/91 90/90/90
f 42/42/42 92/92/92 91/91/91
f 43/43/43 93/93/93 92/92/92
f 44/44/44 94/94/94 93/93/93
f 45/45/45 95/95/95 94/94/94
f 46/46/46 96/96/96 95/95/95
f 47/47/47 97/97/97 96/96/96
f 48/48/48 98/98/98 97/97/97
f 51/51/51 100/100/100 50/50/50
f 50/50/50 100/100/100 99/99/99
f 52/52/52 101/101/101 51/51/51
f 51/51/51 101/101/101 100/100/100
f 53/53/53 102/102/102 52/52/52
f 52/52/52 102/102/102 101/101/101
f 54/54/54 103/103/103 53/53/53
f 53/53/53 103/103/103 102/102/102
f 55/55/55 104/104/104 54/54/54
f 54/54/54 104/104/104 103/103/103
f 56/56/56 105/105/105 55/55/55
f 55/55/55 105/105/105 104/104/104
f 57/57/57 106/106/106 56/56/56
f 56/56/56 106/106/106 105/105/105
f 58/58/58 107/107/107 57/57/57
f 57/57/57 107/107/107 106/106/106
f 59/59/59 108/108/108 58/58/58
f 58/58/58 108/108/108 107/107/107
f 60/60/60 109/109/109 59/59/59
f 59/59/59 109/109/109 108/108/108
f 61/61/61 110/110/110 60/60/60
f 60/60/60 110/110/110 109/109/109
f 62/62/62 111/111/111 61/61/61
f 61/61/61 111/111/111 110/110/110
f 63/63/63 112/112/112 62/62/62
f 62/62/62 112/112/112 111/111/111
f 64/64/64 113/113/113 63/63/63
f 63/63/63 113/113/113 112/112/112
f 65/65/65 114/114/114 64/64/64
f 64/64/64 114/114/114 113/113/113
f 66/66/66 115/115/115 65/65/65
f 65/65/65 115/115/115 114/114/114
f 67/67/67 116/116/116 66/66/66
f 66/66/66 116/116/116 115/115/115
f 68/68/68 117/117/117 67/67/67
f 67/67/67 117/117/117 116/116/116
f 69/69/69 118/118/118 68/68/68
f 68/68/68 118/118/118 117/117/117
f 70/70/70 119/119/119 69/69/69
f 69/69/69 119/119/119 118/118/118
f 71/71/71 120/120/120 70/70/70
f 70/70/70 120/120/120 119/119/119
f 72/72/72 121/121/121 71/71/71
f 71/71/71 121/121/121 120/120/120
f 73/73/73 122/122/122 72/72/72
f 72/72/72 122/122/122 121/121/121
f 74/74/74 123/123/123 73/73/73
f 73/73/73 123/123/123 122/122/122
f 75/75/75 124/124/124 74/74/74
f 74/74/74 124/124/124 123/123/123
f 76/76/76 125/125/125 75/75/75
f 75/75/75 125/125/125 124/124/124
f 77/77/77 126/126/126 76/76/76
f 76/76/76 126/126/126 125/125/125
f 78/78/78 127/127/127 77/77/77
f 77/77/77 127/127/127 126/126/126
f 79/79/79 128/128/128 78/78/78
f 78/78/78 128/128/128 127/127/127
f 80/80/80 129/129/129 79/79/79
f 79/79/79 129/129/129 128/128/128
f 81/81/81 130/130/130 80/80/80
f 80/80/80 130/130/130 129/129/129
f 82/82/82 131/131/131 81/81/81
f 81/81/81 131/131/131 130/130/130
f 83/83/83 132/132/132 82/82/82
f 82/82/82 132/132/132 131/131/131
f 84/84/84 133/133/133 83/83/83
f 83/83/83 133/133/133 132/132/132
f 85/85/85 134/134/134 84/84/84
f 84/84/84 134/134/134 133/133/133
f 86/86/86 135/135/135 85/85/85
f 85/85/85 135/135/135 134/134/134
f 87/87/87 136/136/136 86/86/86
f 86/86/86 136/136/136 135/135/135
f 88/88/88 137/137/137 87/87/87
f 87/87/87 137/137/137 136/136/136
f 89/89/89 138/138/138 88/88/88
f 88/88/88 138/138/138 137/137/137
f 90/90/90 139/139/139 89/89/89
f 89/89/89 139/139/139 138/138/138
f 91/91/91 140/140/140 90/90/90
f 90/90/90 140/140/140 139/139/139
f 92/92/92 141/141/141 91/91/91
f 91/91/91 141/141/141 140/140/140
f 93/93/93 142/142/142 92/92/92
f 92/92/92 142/142/142 141/141/141
f 94/94/94 143/143/143 93/93/93
f 93/93/93 143/143/143 142/142/142
f 95/95/95 144/144/144 94/94/94
f 94/94/94 144/144/144 143/143/143
f 96/96/96 145/145/145 95/95/95
f 95/95/95 145/145/145 144/144/144
f 97/97/97 146/146/146 96/96/96
f 96/96/96 146/146/146 145/145/145
f 98/98/98 147/147/147 97/97/97
f 97/97/97 147/147/147 146/146/146
f 100/100/100 149/149/149 99/99/99
f 99/99/99 149/149/149 148/148/148
f 101/101/101 150/150/150 100/100/100
f 100/100/100 150/150/150 149/149/149
f 102/102/102 151/151/151 101/101/101
f 101/101/101 151/151/151 150/150/150
f 103/103/103 152/152/152 102/102/102
f 102/102/102 152/152/152 151/151/151
f 104/104/104 153/153/153 103/103/103
f 103/103/103 153/153/153 152/152/152
f 105/105/105 154/154/154 104/104/104
f 104/104/104 154/154/154 153/153/153
f 106/106/106 155/155/155 105/105/105
f 105/105/105 155/155/155 154/154/154
f 107/107/107 156/156/156 106/106/106
f 106/106/106 156/156/156 155/155/155
f 108/108/108 157/157/157 107/107/107
f 107/107/107 157/157/157 156/156/156
f 109/109/109 158/158/158 108/108/108
f 108/108/108 158/158/158 157/157/157
f 110/110/110 159/159/159 109/109/109
f 109/109/109 159/159/159 158/158/158
f 111/111/111 160/160/160 110/110/110
f 110/110/110 160/160/160 159/159/159
f 112/112/112 161/161/161 111/111/111
f 111/111/111 161/161/161 160/160/160
f 113/113/113 162/162/162 112/112/112
f 112/112/112 162/162/162 161/161/161
f 114/114/114 163/163/163 113/113/113
f 113/113/113 163/163/163 162/162/162
f 115/115/115 164/164/164 114/114/114
f 114/114/114 164/164/164 163/163/163
f 116/116/116 165/165/165 115/115/115
f 115/115/115 165/165/165 164/164/164
f 117/117/117 166/166/166 116/116/116
f 116/116/116 166/166/166 165/165/165
f 118/118/118 167/167/167 117/117/117
f 117/117/117 167/167/167 166/166/166
f 119/119/119 168/168/168 118/118/118
f 118/118/118 168/168/168 167/167/167
f 120/120/120 169/169/169 119/119/119
f 119/119/119 169/169/169 168/168/168
f 121/121/121 170/170/170 120/120/120
f 120/120/120 170/170/170 169/169/169
f 122/122/122 171/171/171 121/121/121
f 121/121/121 171/171/171 170/170/170
f 123/123/123 172/172/172 122/122/122
f 122/122/122 172/172/172 171/171/171
f 124/124/124 173/173/173 123/123/123
f 123/123/123 173/173/173 172/172/172
f 125/125/125 174/174/174 124/124/124
f 124/124/124 174/174/174 173/173/173
f 126/126/126 175/175/175 125/125/125
f 125/125/125 175/175/175 174/174/174
f 127/127/127 176/176/176 126/126/126
f 126/126/126 176/176/176 175/175/175
f 128/128/128 177/177/177 127/127/127
f 127/127/127 177/177/177 176/176/176
f 129/129/129 178/178/178 128/128/128
f 128/128/128 178/178/178 177/177/177
f 130/130/130 179/179/179 129/129/129
f 129/129/129 179/179/179 178/178/178
f 131/131/131 180/180/180 130/130/130
f 130/130/130 180/180/180 179/179/179
f 132/132/132 181/181/181 131/131/131
f 131/131/131 181/181/181 180/180/180
f 133/133/133 182/182/182 132/132/132
f 132/132/132 182/182/182 181/181/181
f 134/134/134 183/183/183 133/133/133
f 133/133/133 183/183/183 182/182/182
f 135/135/135 184/184/184 134/134/134
f 134/134/134 184/184/184 183/183/183
f 136/136/136 185/185/185 135/135/135
f 135/135/135 185/185/185 184/184/184
f 137/137/137 186/186/186 136/136/136
f 136/136/136 186/186/186 185/185/185
f 138/138/138 187/187/187 137/137/137
f 137/137/137 187/187/187 186/186/186
f 139/139/139 188/188/188 138/138/138
f 138/138/138 188/188/188 187/187/187
f 140/140/140 189/189/189 139/139/139
f 139/139/139 189/189/189 188/188/188
f 141/141/141 190/190/190 140/140/140
f 140/140/140 190/190/190 189/189/189
f 142/142/142 191/191/191 141/141/141
f 141/141/141 191/191/191 190/190/190
f 143/143/143 192/192/192 142/142/142
f 142/142/142 192/192/192 191/191/191
f 144/144/144 193/193/193 143/143/143
f 143/143/143 193/193/193 192/192/192
f 145/145/145 194/194/194 144/144/144
f 144/144/144 194/194/194 193/193/193
f 146/146/146 195/195/195 145/145/145
f 145/145/145 195/195/195 194/194/194
f 147/147/147 196/196/196 146/146/146
f 146/146/146 196/196/196 195/195/195
f 149/149/149 198/198/198 148/148/148
f 148/148/148 198/198/198 197/197/197
f 150/150/150 199/199/199 149/149/149
f 149/149/149 199/199/199 198/198/198
f 151/151/151 200/200/200 150/150/150
f 150/150/150 200/200/200 199/199/199
f 152/152/152 201/201/201 151/151/151
f 151/151/151 201/201/201 200/200/200
f 153/153/153 202/202/202 152/152/152
f 152/152/152 202/202/202 201/201/201
f 154/154/154 203/203/203 153/153/153
f 153/153/153 203/203/203 202/202/202
f 155/155/155 204/204/204 154/154/154
f 154/154/154 204/204/204 203/203/203
f 156/156/156 205/205/205 155/155/155
f 155/155/155 205/205/205 204/204/204
f 157/157/157 206/206/206 156/156/156
f 156/156/156 206/206/206 205/205/205
f 158/158/158 207/207/207 157/157/157
f 157/157/157 207/207/207 206/206/206
f 159/159/159 208/208/208 158/158/158
f 158/158/158 208/208/208 207/207/207
f 160/160/160 209/209/209 159/159/159
f 159/159/159 209/209/209 208/208/208
f 161/161/161 210/210/210 160/160/160
f 160/160/160 210/210/210 209/209/209
f 162/162/162 211/211/211 161/161/161
f 161/161/161 211/211/211 210/210/210
f 163/163/163 212/212/212 162/162/162
f 162/162/162 212/212/212 211/211/211
f 164/164/164 213/213/213 163/163/163
f 163/163/163 213/213/213 212/212/212
f 165/165/165 214/214/214 164/164/164
f 164/164/164 214/214/214 213/213/213
f 166/166/166 215/215/215 165/165/165
f 165/165/165 215/215/215 214/214/214
f 167/167/167 216/216/216 166/166/166
f 166/166/166 216/216/216 215/215/215
f 168/168/168 217/217/217 167/167/167
f 167/167/167 217/217/217 216/216/216
f 169/169/169 218/218/218 168/168/168
f 168/168/168 218/218/218 217/217/217
f 170/170/170 219/219/219 169/169/169
f 169/169/169 219/219/219 218/218/218
f 171/171/171 220/220/220 170/170/170
f 170/170/170 220/220/220 219/219/219
f 172/172/172 221/221/221 171/171/171
f 171/171/171 221/221/221 220/220/220
f 173/173/173 222/222/222 172/172/172
f 172/172/172 222/222/222 221/221/221
f 174/174/174 223/223/223 173/173/173
f 173/173/173 223/223/223 222/222/222
f 175/175/175 224/224/224 174/174/174
f 174/174/174 224/224/224 223/223/223
f 176/176/176 225/225/225 175/175/175
f 175/175/175 225/225/225 224/224/224
f 177/177/177 226/226/226 176/176/176
f 176/176/176 226/226/226 225/225/225
f 178/178/178 227/227/227 177/177/177
f 177/177/177 227/227/227 226/226/226
f 179/179/179 228/228/228 178/178/178
f 178/178/178 228/228/228 227/227/227
f 180/180/180 229/229/229 179/179/179
f 179/179/179 229/229/229 228/228/228
f 181/181/181 230/230/230 180/180/180
f 180/180/180 230/230/230 229/229/229
f 182/182/182 231/231/231 181/181/181
f 181/181/181 231/231/231 230/230/230
f 183/183/183 232/232/232 182/182/182
f 182/182/182 232/232/232 231/231/231
f 184/184/184 233/233/233 183/183/183
f 183/183/183 233/233/233 232/232/232
f 185/185/185 234/234/234 184/184/184
f 184/184/184 234/234/234 233/233/233
f 186/186/186 235/235/235 185/185/185
f 185/185/185 235/235/235 234/234/234
f 187/187/187 236/236/236 186/186/186
f 186/186/186 236/236/236 235/235/235
f 188/188/188 237/237/237 187/187/187
f 187/187/187 237/237/237 236/236/236
f 189/189/189 238/238/238 188/188/188
f 188/188/188 238/238/238 237/237/237
f 190/190/190 239/239/239 189/189/189
f 189/189/189 239/239/239 238/238/238
f 191/191/191 240/240/240 190/190/190
f 190/190/190 240/240/240 239/239/239
f 192/192/192 241/241/241 191/191/191
f 191/191/191 241/241/241 240/240/240
f 193/193/193 242/242/242 192/192/192
f 192/192/192 242/242/242 241/241/241
f 194/194/194 243/243/243 193/193/193
f 193/193/193 243/243/243 242/242/242
f 195/195/195 244/244/244 194/194/194
f 194/194/194 244/244/244 243/243/243
f 196/196/196 245/245/245 195/195/195
f 195/195/195 245/245/245 244/244/244
f 198/198/198 247/247/247 197/197/197
f 197/197/197 247/247/247 246/246/246
f 199/199/199 248/248/248 198/198/198
f 198/198/198 248/248/248 247/247/247
f 200/200/200 249/249/249 199/199/199
f 199/199/199 249/249/249 248/248/248
f 201/201/201 250/250/250 200/200/200
f 200/200/200 250/250/250 249/249/249
f 202/202/202 251/251/251 201/201/201
f 201/201/201 251/251/251 250/250/250
f 203/203/203 252/252/252 202/202/202
f 202/202/202 252/252/252 251/251/251
f 204/204/204 253/253/253 203/203/203
f 203/203/203 253/253/253 252/252/252
f 205/205/205 254/254/254 204/204/204
f 204/204/204 254/254/254 253/253/253
f 206/206/206 255/255/255 205/205/205
f 205/205/205 255/255/255 254/254/254
f 207/207/207 256/256/256 206/206/206
f 206/206/206 256/256/256 255/255/255
f 208/208/208 257/257/257 207/207/207
f 207/207/207 257/257/257 256/256/256
f 209/209/209 258/258/258 208/208/208
f 208/208/208 258/258/258 257/257/257
f 210/210/210 259/259/259 209/209/209
f 209/209/209 259/259/259 258/258/258
f 211/211/211 260/260/260 210/210/210
f 210/210/210 260/260/260 259/259/259
f 212/212/212 261/261/261 211/211/211
f 211/211/211 261/261/261 260/260/260
f 213/213/213 262/262/262 212/212/212
f 212/212/212 262/262/262 261/261/261
f 214/214/214 263/263/263 213/213/213
f 213/213/213 263/263/263 262/262/262
f 215/215/215 264/264/264 214/214/214
f 214/214/214 264/264/264 263/263/263
f 216/216/216 265/265/265 215/215/215
f 215/215/215 265/265/265 264/264/264
f 217/217/217 266/266/266 216/216/216
f 216/216/216 266/266/266 265/265/265
f 218/218/218 267/267/267 217/217/217
f 217/217/217 267/267/267 266/266/266
f 219/219/219 268/268/268 218/218/218
f 218/218/218 268/268/268 267/267/267
f 220/220/220 269/269/269 219/219/219
f 219/219/219 269/269/269 268/268/268
f 221/221/221 270/270/270 220/220/220
f 220/220/220 270/270/270 269/269/269
f 222/222/222 271/271/271 221/221/221
f 221/221/221 271/271/271 270/270/270
f 223/223/223 272/272/272 222/222/222
f 222/222/222 272/272/272 271/271/271
f 224/224/224 273/273/273 223/223/223
f 223/223/223 273/273/273 272/272/272
f 225/225/225 274/274/274 224/224/224
f 224/224/224 274/274/274 273/273/273
f 226/226/226 275/275/275 225/225/225
f 225/225/225 275/275/275 274/274/274
f 227/227/227 276/276/276 226/226/226
f 226/226/226 276/276/276 275/275/275
f 228/228/228 277/277/277 227/227/227
f 227/227/227 277/277/277 276/276/276
f 229/229/229 278/278/278 228/228/228
f 228/228/228 278/278/278 277/277/277
f 230/230/230 279/279/279 229/229/229
f 229/229/229 279/279/279 278/278/278
f 231/231/231 280/280/280 230/230/230
f 230/230/230 280/280/280 279/279/279
f 232/232/232 281/281/281 231/231/231
f 231/231/231 281/281/281 280/280/280
f 233/233/233 282/282/282 232/232/232
f 232/232/232 282/282/282 281/281/281
f 234/234/234 283/283/283 233/233/233
f 233/233/233 283/283/283 282/282/282
f 235/235/235 284/284/284 234/234/234
f 234/234/234 284/284/284 283/283/283
f 236/236/236 285/285/285 235/235/235
f 235/235/235 285/285/285 284/284/284
f 237/237/237 286/286/286 236/236/236
f 236/236/236 286/286/286 285/285/285
f 238/238/238 287/287/287 237/237/237
f 237/237/237 287/287/287 286/286/286
f 239/239/239 288/288/288 238/238/238
f 238/238/238 288/288/288 287/287/287
f 240/240/240 289/289/289 239/239/239
f 239/239/239 289/289/289 288/288/288
f 241/241/241 290/290/290 240/240/240
f 240/240/240 290/290/290 289/289/289
f 242/242/242 291/291/291 241/241/241
f 241/241/241 291/291/291 290/290/290
f 243/243/243 292/292/292 242/242/242
f 242/242/242 292/292/292 291/291/291
f 244/244/244 293/293/293 243/243/243
f 243/243/243 293/293/293 292/292/292
f 245/245/245 294/294/294 244/244/244
f 244/244/244 294/294/294 293/293/293
f 247/247/247 296/296/296 246/246/246
f 246/246/246 296/296/296 295/295/295
f 248/248/248 297/297/297 247/247/247
f 247/247/247 297/297/297 296/296/296
f 249/249/249 298/298/298 248/248/248
f 248/248/248 298/298/298 297/297/297
f 250/250/250 299/299/299 249/249/249
f 249/249/249 299/299/299 298/298/298
f 251/251/251 300/300/300 250/250/250
f 250/250/250 300/300/300 299/299/299
f 252/252/252 301/301/301 251/251/251
f 251/251/251 301/301/301 300/300/300
f 253/253/253 302/302/302 252/252/252
f 252/252/252 302/302/302 301/301/301
f 254/254/254 303/303/303 253/253/253
f 253/253/253 303/303/303 302/302/302
f 255/255/255 304/304/304 254/254/254
f 254/254/254 304/304/304 303/303/303
f 256/256/256 305/305/305 255/255/255
f 255/255/255 305/305/305 304/304/304
f 257/257/257 306/306/306 256/256/256
f 256/256/256 306/306/306 305/305/305
f 258/258/258 307/307/307 257/257/257
f 257/257/257 307/307/307 306/306/306
f 259/259/259 308/308/308 258/258/258
f 258/258/258 308/308/308 307/307/307
f 260/260/260 309/309/309 259/259/259
f 259/259/259 309/309/309 308/308/308
f 261/261/261 310/310/310 260/260/260
f 260/260/260 310/310/310 309/309/309
f 262/262/262 311/311/311 261/261/261
f 261/261/261 311/311/311 310/310/310
f 263/263/263 312/312/312 262/262/262
f 262/262/262 312/312/312 311/311/311
f 264/264/264 313/313/313 263/263/263
f 263/263/263 313/313/313 312/312/312
f 265/265/265 314/314/314 264/264/264
f 264/264/264 314/314/314 313/313/313
f 266/266/266 315/315/315 265/265/265
f 265/265/265 315/315/315 314/314/314
f 267/267/267 316/316/316 266/266/266
f 266/266/266 316/316/316 315/315/315
f 268/268/268 317/317/317 267/267/267
f 267/267/267 317/317/317 316/316/316
f 269/269/269 318/318/318 268/268/268
f 268/268/268 318/318/318 317/317/317
f 270/270/270 319/319/319 269/269/269
f 269/269/269 319/319/319 318/318/318
f 271/271/271 320/320/320 270/270/270
f 270/270/270 320/320/320 319/319/319
f 272/272/272 321/321/321 271/271/271
f 271/271/271 321/321/321 320/320/320
f 273/273/273 322/322/322 272/272/272
f 272/272/272 322/322/322 321/321/321
f 274/274/274 323/323/323 273/273/273
f 273/273/273 323/323/323 322/322/322
f 275/275/275 324/324/324 274/274/274
f 274/274/274 324/324/324 323/323/323
f 276/276/276 325/325/325 275/275/275
f 275/275/275 325/325/325 324/324/324
f 277/277/277 326/326/326 276/276/276
f 276/276/276 326/326/326 325/325/325
f 278/278/278 327/327/327 277/277/277
f 277/277/277 327/327/327 326/326/326
f 279/279/279 328/328/328 278/278/278
f 278/278/278 328/328/328 327/327/327
f 280/280/280 329/329/329 279/279/279
f 279/279/279 329/329/329 328/328/328
f 281/281/281 330/330/330 280/280/280
f 280/280/280 330/330/330 329/329/329
f 282/282/282 331/331/331 281/281/281
f 281/281/281 331/331/331 330/330/330
f 283/283/283 332/332/332 282/282/282
f 282/282/282 332/332/332 331/331/331
f 284/284/284 333/333/333 283/283/283
f 283/283/283 333/333/333 332/332/332
f 285/285/285 334/334/334 284/284/284
f 284/284/284 334/334/334 333/333/333
f 286/286/286 335/335/335 285/285/285
f 285/285/285 335/335/335 334/334/334
f 287/287/287 336/336/336 286/286/286
f 286/286/286 336/336/336 335/335/335
f 288/288/288 337/337/337 287/287/287
f 287/287/287 337/337/337 336/336/336
f 289/289/289 338/338/338 288/288/288
f 288/288/288 338/338/338 337/337/337
f 290/290/290 339/339/339 289/289/289
f 289/289/289 339/339/339 338/338/338
f 291/291/291 340/340/340 290/290/290
f 290/290/290 340/340/340 339/339/339
f 292/292/292 341/341/341 291/291/291
f 291/291/291 341/341/341 340/340/340
f 293/293/293 342/342/342 292/292/292
f 292/292/292 342/342/342 341/341/341
f 294/294/294 343/343/343 293/293/293
f 293/293/293 343/343/343 342/342/342
f 296/296/296 345/345/345 295/295/295
f 295/295/295 345/345/345 344/344/344
f 297/297/297 346/346/346 296/296/296
f 296/296/296 346/346/346 345/345/345
f 298/298/298 347/347/347 297/297/297
f 297/297/297 347/347/347 346/346/346
f 299/299/299 348/348/348 298/298/298
f 298/298/298 348/348/348 347/347/347
f 300/300/300 349/349/349 299/299/299
f 299/299/299 349/349/349 348/348/348
f 301/301/301 350/350/350 300/300/300
f 300/300/300 350/350/350 349/349/349
f 302/302/302 351/351/351 301/301/301
f 301/301/301 351/351/351 350/350/350
f 303/303/303 352/352/352 302/302/302
f 302/302/302 352/352/352 351/351/351
f 304/304/304 353/353/353 303/303/303
f 303/303/303 353/353/353 352/352/352
f 305/305/305 354/354/354 304/304/304
f 304/304/304 354/354/354 353/353/353
f 306/306/306 355/355/355 305/305/305
f 305/305/305 355/355/355 354/354/354
f 307/307/307 356/356/356 306/306/306
f 306/306/306 356/356/356 355/355/355
f 308/308/308 357/357/357 307/307/307
f 307/307/307 357/357/357 356/356/356
f 309/309/309 358/358/358 308/308/308
f 308/308/308 358/358/358 357/357/357
f 310/310/310 359/359/359 309/309/309
f 309/309/309 359/359/359 358/358/358
f 311/311/311 360/360/360 310/310/310
f 310/310/310 360/360/360 359/359/359
f 312/312/312 361/361/361 311/311/311
f 311/311/311 361/361/361 360/360/360
f 313/313/313 362/362/362 312/312/312
f 312/312/312 362/362/362 361/361/361
f 314/314/314 363/363/363 313/313/313
f 313/313/313 363/363/363 362/362/362
f 315/315/315 364/364/364 314/314/314
f 314/314/314 364/364/364 363/363/363
f 316/316/316 365/365/365 315/315/315
f 315/315/315 365/365/365 364/364/364
f 317/317/317 366/366/366 316/316/316
f 316/316/316 366/366/366 365/365/365
f 318/318/318 367/367/367 317/317/317
f 317/317/317 367/367/367 366/366/366
f 319/319/319 368/368/368 318/318/318
f 318/318/318 368/368/368 367/367/367
f 320/320/320 369/369/369 319/319/319
f 319/319/319 369/369/369 368/368/368
f 321/321/321 370/370/370 320/320/320
f 320/320/320 370/370/370 369/369/369
f 322/322/322 371/371/371 321/321/321
f 321/321/321 371/371/371 370/370/370
f 323/323/323 372/372/372 322/322/322
f 322/322/322 372/372/372 371/371/371
f 324/324/324 373/373/373 323/323/323
f 323/323/323 373/373/373 372/372/372
f 325/325/325 374/374/374 324/324/324
f 324/324/324 374/374/374 373/373/373
f 326/326/326 375/375/375 325/325/325
f 325/325/325 375/375/375 374/374/374
f 327/327/327 376/376/376 326/326/326
f 326/326/326 376/376/376 375/375/375
f 328/328/328 377/377/377 327/327/327
f 327/327/327 377/377/377 376/376/376
f 329/329/329 378/378/378 328/328/328
f 328/328/328 378/378/378 377/377/377
f 330/330/330 379/379/379 329/329/329
f 329/329/329 379/379/379 378/378/378
f 331/331/331 380/380/380 330/330/330
f 330/330/330 380/380/380 379/379/379
f 332/332/332 381/381/381 331/331/331
f 331/331/331 381/381/381 380/380/380
f 333/333/333 382/382/382 332/332/332
f 332/332/332 382/382/382 381/381/381
f 334/334/334 383/383/383 333/333/333
f 333/333/333 383/383/383 382/382/382
f 335/335/335 384/384/384 334/334/334
f 334/334/334 384/384/384 383/383/383
f 336/336/336 385/385/385 335/335/335
f 335/335/335 385/385/385 384/384/384
f 337/337/337 386/386/386 336/336/336
f 336/336/336 386/386/386 385/385/385
f 338/338/338 387/387/387 337/337/337
f 337/337/337 387/387/387 386/386/386
f 339/339/339 388/388/388 338/338/338
f 338/338/338 388/388/388 387/387/387
f 340/340/340 389/389/389 339/339/339
f 339/339/339 389/389/389 388/388/388
f 341/341/341 390/390/390 340/340/340
f 340/340/340 390/390/390 389/389/389
f 342/342/342 391/391/391 341/341/341
f 341/341/341 391/391/391 390/390/390
f 343/343/343 392/392/392 342/342/342
f 342/342/342 392/392/392 391/391/391
f 345/345/345 394/394/394 344/344/344
f 344/344/344 394/394/394 393/393/393
f 346/346/346 395/395/395 345/345/345
f 345/345/345 395/395/395 394/394/394
f 347/347/347 396/396/396 346/346/346
f 346/346/346 396/396/396 395/395/395
f 348/348/348 397/397/397 347/347/347
f 347/347/347 397/397/397 396/396/396
f 349/349/349 398/398/398 348/348/348
f 348/348/348 398/398/398 397/397/397
f 350/350/350 399/399/399 349/349/349
f 349/349/349 399/399/399 398/398/398
f 351/351/351 400/400/400 350/350/350
f 350/350/350 400/400/400 399/399/399
f 352/352/352 401/401/401 351/351/351
f 351/351/351 401/401/401 400/400/400
f 353/353/353 402/402/402 352/352/352
f 352/352/352 402/402/402 401/401/401
f 354/354/354 403/403/403 353/353/353
f 353/353/353 403/403/403 402/402/402
f 355/355/355 404/404/404 354/354/354
f 354/354/354 404/404/404 403/403/403
f 356/356/356 405/405/405 355/355/355
f 355/355/355 405/405/405 404/404/404
f 357/357/357 406/406/406 356/356/356
f 356/356/356 406/406/406 405/405/405
f 358/358/358 407/407/407 357/357/357
f 357/357/357 407/407/407 406/406/406
f 359/359/359 408/408/408 358/358/358
f 358/358/358 408/408/408 407/407/407
f 360/360/360 409/409/409 359/359/359
f 359/359/359 409/409/409 408/408/408
f 361/361/361 410/410/410 360/360/360
f 360/360/360 410/410/410 409/409/409
f 362/362/362 411/411/411 361/361/361
f 361/361/361 411/411/411 410/410/410
f 363/363/363 412/412/412 362/362/362
f 362/362/362 412/412/412 411/411/411
f 364/364/364 413/413/413 363/363/363
f 363/363/363 413/413/413 412/412/412
f 365/365/365 414/414/414 364/364/364
f 364/364/364 414/414/414 413/413/413
f 366/366/366 415/415/415 365/365/365
f 365/365/365 415/415/415 414/414/414
f 367/367/367 416/416/416 366/366/366
f 366/366/366 416/416/416 415/415/415
f 368/368/368 417/417/417 367/367/367
f 367/367/367 417/417/417 416/416/416
f 369/369/369 418/418/418 368/368/368
f 368/368/368 418/418/418 417/417/417
f 370/370/370 419/419/419 369/369/369
f 369/369/369 419/419/419 418/418/418
f 371/371/371 420/420/420 370/370/370
f 370/370/370 420/420/420 419/419/419
f 372/372/372 421/421/421 371/371/371
f 371/371/371 421/421/421 420/420/420
f 373/373/373 422/422/422 372/372/372
f 372/372/372 422/422/422 421/421/421
f 374/374/374 423/423/423 373/373/373
f 373/373/373 423/423/423 422/422/422
f 375/375/375 424/424/424 374/374/374
f 374/374/374 424/424/424 423/423/423
f 376/376/376 425/425/425 375/375/375
f 375/375/375 425/425/425 424/424/424
f 377/377/377 426/426/426 376/376/376
f 376/376/376 426/426/426 425/425/425
f 378/378/378 427/427/427 377/377/377
f 377/377/377 427/427/427 426/426/426
f 379/379/379 428/428/428 378/378/378
f 378/378/378 428/428/428 427/427/427
f 380/380/380 429/429/429 379/379/379
f 379/379/379 429/429/429 428/428/428
f 381/381/381 430/430/430 380/380/380
f 380/380/380 430/430/430 429/429/429
f 382/382/382 431/431/431 381/381/381
f 381/381/381 431/431/431 430/430/430
f 383/383/383 432/432/432 382/382/382
f 382/382/382 432/432/432 431/431/431
f 384/384/384 433/433/433 383/383/383
f 383/383/383 433/433/433 432/432/432
f 385/385/385 434/434/434 384/384/384
f 384/384/384 434/434/434 433/433/433
f 386/386/386 435/435/435 385/385/385
f 385/385/385 435/435/435 434/434/434
f 387/387/387 436/436/436 386/386/386
f 386/386/386 436/436/436 435/435/435
f 388/388/388 437/437/437 387/387/387
f 387/387/387 437/437/437 436/436/436
f 389/389/389 438/438/438 388/388/388
f 388/388/388 438/438/438 437/437/437
f 390/390/390 439/439/439 389/389/389
f 389/389/389 439/439/439 438/438/438
f 391/391/391 440/440/440 390/390/390
f 390/390/390 440/440/440 439/439/439
f 392/392/392 441/441/441 391/391/391
f 391/391/391 441/441/441 440/440/440
f 394/394/394 443/443/443 393/393/393
f 393/393/393 443/443/443 442/442/442
f 395/395/395 444/444/444 394/394/394
f 394/394/394 444/444/444 443/443/443
f 396/396/396 445/445/445 395/395/395
f 395/395/395 445/445/445 444/444/444
f 397/397/397 446/446/446 396/396/396
f 396/396/396 446/446/446 445/445/445
f 398/398/398 447/447/447 397/397/397
f 397/397/397 447/447/447 446/446/446
f 399/399/399 448/448/448 398/398/398
f 398/398/398 448/448/448 447/447/447
f 400/400/400 449/449/449 399/399/399
f 399/399/399 449/449/449 448/448/448
f 401/401/401 450/450/450 400/400/400
f 400/400/400 450/450/450 449/449/449
f 402/402/402 451/451/451 401/401/401
f 401/401/401 451/451/451 450/450/450
f 403/403/403 452/452/452 402/402/402
f 402/402/402 452/452/452 451/451/451
f 404/404/404 453/453/453 403/403/403
f 403/403/403 453/453/453 452/452/452
f 405/405/405 454/454/454 404/404/404
f 404/404/404 454/454/454 453/453/453
f 406/406/406 455/455/455 405/405/405
f 405/405/405 455/455/455 454/454/454
f 407/407/407 456/456/456 406/406/406
f 406/406/406 456/456/456 455/455/455
f 408/408/408 457/457/457 407/407/407
f 407/407/407 457/457/457 456/456/456
f 409/409/409 458/458/458 408/408/408
f 408/408/408 458/458/458 457/457/457
f 410/410/410 459/459/459 409/409/409
f 409/409/409 459/459/459 458/458/458
f 411/411/411 460/460/460 410/410/410
f 410/410/410 460/460/460 459/459/459
f 412/412/412 461/461/461 411/411/411
f 411/411/411 461/461/461 460/460/460
f 413/413/413 462/462/462 412/412/412
f 412/412/412 462/462/462 461/461/461
f 414/414/414 463/463/463 413/413/413
f 413/413/413 463/463/463 462/462/462
f 415/415/415 464/464/464 414/414/414
f 414/414/414 464/464/464 463/463/463
f 416/416/416 465/465/465 415/415/415
f 415/415/415 465/465/465 464/464/464
f 417/417/417 466/466/466 416/416/416
f 416/416/416 466/466/466 465/465/465
f 418/418/418 467/467/467 417/417/417
f 417/417/417 467/467/467 466/466/466
f 419/419/419 468/468/468 418/418/418
f 418/418/418 468/468/468 467/467/467
f 420/420/420 469/469/469 419/419/419
f 419/419/419 469/469/469 468/468/468
f 421/421/421 470/470/470 420/420/420
f 420/420/420 470/470/470 469/469/469
f 422/422/422 471/471/471 421/421/421
f 421/421/421 471/471/471 470/470/470
f 423/423/423 472/472/472 422/422/422
f 422/422/422 472/472/472 471/471/471
f 424/424/424 473/473/473 423/423/423
f 423/423/423 473/473/473 472/472/472
f 425/425/425 474/474/474 424/424/424
f 424/424/424 474/474/474 473/473/473
f 426/426/426 475/475/475 425/425/425
f 425/425/425 475/475/475 474/474/474
f 427/427/427 476/476/476 426/426/426
f 426/426/426 476/476/476 475/475/475
f 428/428/428 477/477/477 427/427/427
f 427/427/427 477/477/477 476/476/476
f 429/429/429 478/478/478 428/428/428
f 428/428/428 478/478/478 477/477/477
f 430/430/430 479/479/479 429/429/429
f 429/429/429 479/479/479 478/478/478
f 431/431/431 480/480/480 430/430/430
f 430/430/430 480/480/480 479/479/479
f 432/432/432 481/481/481 431/431/431
f 431/431/431 481/481/481 480/480/480
f 433/433/433 482/482/482 432/432/432
f 432/432/432 482/482/482 481/481/481
f 434/434/434 483/483/483 433/433/433
f 433/433/433 483/483/483 482/482/482
f 435/435/435 484/484/484 434/434/434
f 434/434/434 484/484/484 483/483/483
f 436/436/436 485/485/485 435/435/435
f 435/435/435 485/485/485 484/484/484
f 437/437/437 486/486/486 436/436/436
f 436/436/436 486/486/486 485/485/485
f 438/438/438 487/487/487 437/437/437
f 437/437/437 487/487/487 486/486/486
f 439/439/439 488/488/488 438/438/438
f 438/438/438 488/488/488 487/487/487
f 440/440/440 489/489/489 439/439/439
f 439/439/439 489/489/489 488/488/488
f 441/441/441 490/490/490 440/440/440
f 440/440/440 490/490/490 489/489/489
f 443/443/443 492/492/492 442/442/442
f 442/442/442 492/492/492 491/491/491
f 444/444/444 493/493/493 443/443/443
f 443/443/443 493/493/493 492/492/492
f 445/445/445 494/494/494 444/444/444
f 444/444/444 494/494/494 493/493/493
f 446/446/446 495/495/495 445/445/445
f 445/445/445 495/495/495 494/494/494
f 447/447/447 496/496/496 446/446/446
f 446/446/446 496/496/496 495/495/495
f 448/448/448 497/497/497 447/447/447
f 447/447/447 497/497/497 496/496/496
f 449/449/449 498/498/498 448/448/448
f 448/448/448 498/498/498 497/497/497
f 450/450/450 499/499/499 449/449/449
f 449/449/449 499/499/499 498/498/498
f 451/451/451 500/500/500 450/450/450
f 450/450/450 500/500/500 499/499/499
f 452/452/452 501/501/501 451/451/451
f 451/451/451 501/501/501 500/500/500
f 453/453/453 502/502/502 452/452/452
f 452/452/452 502/502/502 501/501/501
f 454/454/454 503/503/503 453/453/453
f 453/453/453 503/503/503 502/502/502
f 455/455/455 504/504/504 454/454/454
f 454/454/454 504/504/504 503/503/503
f 456/456/456 505/505/505 455/455/455
f 455/455/455 505/505/505 504/504/504
f 457/457/457 506/506/506 456/456/456
f 456/456/456 506/506/506 505/505/505
f 458/458/458 507/507/507 457/457/457
f 457/457/457 507/507/507 506/506/506
f 459/459/459 508/508/508 458/458/458
f 458/458/458 508/508/508 507/507/507
f 460/460/460 509/509/509 459/459/459
f 459/459/459 509/509/509 508/508/508
f 461/461/461 510/510/510 460/460/460
f 460/460/460 510/510/510 509/509/509
f 462/462/462 511/511/511 461/461/461
f 461/461/461 511/511/511 510/510/510
f 463/463/463 512/512/512 462/462/462
f 462/462/462 512/512/512 511/511/511
f 464/464/464 513/513/513 463/463/463
f 463/463/463 513/513/513 512/512/512
f 465/465/465 514/514/514 464/464/464
f 464/464/464 514/514/514 513/513/513
f 466/466/466 515/515/515 465/465/465
f 465/465/465 515/515/515 514/514/514
f 467/467/467 516/516/516 466/466/466
f 466/466/466 516/516/516 515/515/515
f 468/468/468 517/517/517 467/467/467
f 467/467/467 517/517/517 516/516/516
f 469/469/469 518/518/518 468/468/468
f 468/468/468 518/518/518 517/517/517
f 470/470/470 519/519/519 469/469/469
f 469/469/469 519/519/519 518/518/518
f 471/471/471 520/520/520 470/470/470
f 470/470/470 520/520/520 519/519/519
f 472/472/472 521/521/521 471/471/471
f 471/471/471 521/521/521 520/520/520
f 473/473/473 522/522/522 472/472/472
f 472/472/472 522/522/522 521/521/521
f 474/474/474 523/523/523 473/473/473
f 473/473/473 523/523/523 522/522/522
f 475/475/475 524/524/524 474/474/474
f 474/474/474 524/524/524 523/523/523
f 476/476/476 525/525/525 475/475/475
f 475/475/475 525/525/525 524/524/524
f 477/477/477 526/526/526 476/476/476
f 476/476/476 526/526/526 525/525/525
f 478/478/478 527/527/527 477/477/477
f 477/477/477 527/527/527 526/526/526
f 479/479/479 528/528/528 478/478/478
f 478/478/478 528/528/528 527/527/527
f 480/480/480 529/529/529 479/479/479
f 479/479/479 529/529/529 528/528/528
f 481/481/481 530/530/530 480/480/480
f 480/480/480 530/530/530 529/529/529
f 482/482/482 531/531/531 481/481/481
f 481/481/481 531/531/531 530/530/530
f 483/483/483 532/532/532 482/482/482
f 482/482/482 532/532/532 531/531/531
f 484/484/484 533/533/533 483/483/483
f 483/483/483 533/533/533 532/532/532
f 485/485/485 534/534/534 484/484/484
f 484/484/484 534/534/534 533/533/533
f 486/486/486 535/535/535 485/485/485
f 485/485/485 535/535/535 534/534/534
f 487/487/487 536/536/536 486/486/486
f 486/486/486 536/536/536 535/535/535
f 488/488/488 537/537/537 487/487/487
f 487/487/487 537/537/537 536/536/536
f 489/489/489 538/538/538 488/488/488
f 488/488/488 538/538/538 537/537/537
f 490/490/490 539/539/539 489/489/489
f 489/489/489 539/539/539 538/538/538
f 492/492/492 541/541/541 491/491/491
f 491/491/491 541/541/541 540/540/540
f 493/493/493 542/542/542 492/492/492
f 492/492/492 542/542/542 541/541/541
f 494/494/494 543/543/543 493/493/493
f 493/493/493 543/543/543 542/542/542
f 495/495/495 544/544/544 494/494/494
f 494/494/494 544/544/544 543/543/543
f 496/496/496 545/545/545 495/495/495
f 495/495/495 545/545/545 544/544/544
f 497/497/497 546/546/546 496/496/496
f 496/496/496 546/546/546 545/545/545
f 498/498/498 547/547/547 497/497/497
f 497/497/497 547/547/547 546/546/546
f 499/499/499 548/548/548 498/498/498
f 498/498/498 548/548/548 547/547/547
f 500/500/500 549/549/549 499/499/499
f 499/499/499 549/549/549 548/548/548
f 501/501/501 550/550/550 500/500/500
f 500/500/500 550/550/550 549/549/549
f 502/502/502 551/551/551 501/501/501
f 501/501/501 551/551/551 550/550/550
f 503/503/503 552/552/552 502/502/502
f 502/502/502 552/552/552 551/551/551
f 504/504/504 553/553/553 503/503/503
f 503/503/503 553/553/553 552/552/552
f 505/505/505 554/554/554 504/504/504
f 504/504/504 554/554/554 553/553/553
f 506/506/506 555/555/555 505/505/505
f 505/505/505 555/555/555 554/554/554
f 507/507/507 556/556/556 506/506/506
f 506/506/506 556/556/556 555/555/555
f 508/508/508 557/557/557 507/507/507
f 507/507/507 557/557/557 556/556/556
f 509/509/509 558/558/558 508/508/508
f 508/508/508 558/558/558 557/557/557
f 510/510/510 559/559/559 509/509/509
f 509/509/509 559/559/559 558/558/558
f 511/511/511 560/560/560 510/510/510
f 510/510/510 560/560/560 559/559/559
f 512/512/512 561/561/561 511/511/511
f 511/511/511 561/561/561 560/560/560
f 513/513/513 562/562/562 512/512/512
f 512/512/512 562/562/562 561/561/561
f 514/514/514 563/563/563 513/513/513
f 513/513/513 563/563/563 562/562/562
f 515/515/515 564/564/564 514/514/514
f 514/514/514 564/564/564 563/563/563
f 516/516/516 565/565/565 515/515/515
f 515/515/515 565/565/565 564/564/564
f 517/517/517 566/566/566 516/516/516
f 516/516/516 566/566/566 565/565/565
f 518/518/518 567/567/567 517/517/517
f 517/517/517 567/567/567 566/566/566
f 519/519/519 568/568/568 518/518/518
f 518/518/518 568/568/568 567/567/567
f 520/520/520 569/569/569 519/519/519
f 519/519/519 569/569/569 568/568/568
f 521/521/521 570/570/570 520/520/520
f 520/520/520 570/570/570 569/569/569
f 522/522/522 571/571/571 521/521/521
f 521/521/521 571/571/571 570/570/570
f 523/523/523 572/572/572 522/522/522
f 522/522/522 572/572/572 571/571/571
f 524/524/524 573/573/573 523/523/523
f 523/523/523 573/573/573 572/572/572
f 525/525/525 574/574/574 524/524/524
f 524/524/524 574/574/574 573/573/573
f 526/526/526 575/575/575 525/525/525
f 525/525/525 575/575/575 574/574/574
f 527/527/527 576/576/576 526/526/526
f 526/526/526 576/576/576 575/575/575
f 528/528/528 577/577/577 527/527/527
f 527/527/527 577/577/577 576/576/576
f 529/529/529 578/578/578 528/528/528
f 528/528/528 578/578/578 577/577/577
f 530/530/530 579/579/579 529/529/529
f 529/529/529 579/579/579 578/578/578
f 531/531/531 580/580/580 530/530/530
f 530/530/530 580/580/580 579/579/579
f 532/532/532 581/581/581 531/531/531
f 531/531/531 581/581/581 580/580/580
f 533/533/533 582/582/582 532/532/532
f 532/532/532 582/582/582 581/581/581
f 534/534/534 583/583/583 533/533/533
f 533/533/533 583/583/583 582/582/582
f 535/535/535 584/584/584 534/534/534
f 534/534/534 584/584/584 583/583/583
f 536/536/536 585/585/585 535/535/535
f 535/535/535 585/585/585 584/584/584
f 537/537/537 586/586/586 536/536/536
f 536/536/536 586/586/586 585/585/585
f 538/538/538 587/587/587 537/537/537
f 537/537/537 587/587/587 586/586/586
f 539/539/539 588/588/588 538/538/538
f 538/538/538 588/588/588 587/587/587
f 541/541/541 590/590/590 540/540/540
f 540/540/540 590/590/590 589/589/589
f 542/542/542 591/591/591 541/541/541
f 541/541/541 591/591/591 590/590/590
f 543/543/543 592/592/592 542/542/542
f 542/542/542 592/592/592 591/591/591
f 544/544/544 593/593/593 543/543/543
f 543/543/543 593/593/593 592/592/592
f 545/545/545 594/594/594 544/544/544
f 544/544/544 594/594/594 593/593/593
f 546/546/546 595/595/595 545/545/545
f 545/545/545 595/595/595 594/594/594
f 547/547/547 596/596/596 546/546/546
f 546/546/546 596/596/596 595/595/595
f 548/548/548 597/597/597 547/547/547
f 547/547/547 597/597/597 596/596/596
f 549/549/549 598/598/598 548/548/548
f 548/548/548 598/598/598 597/597/597
f 550/550/550 599/599/599 549/549/549
f 549/549/549 599/599/599 598/598/598
f 551/551/551 600/600/600 550/550/550
f 550/550/550 600/600/600 599/599/599
f 552/552/552 601/601/601 551/551/551
f 551/551/551 601/601/601 600/600/600
f 553/553/553 602/602/602 552/552/552
f 552/552/552 602/602/602 601/601/601
f 554/554/554 603/603/603 553/553/553
f 553/553/553 603/603/603 602/602/602
f 555/555/555 604/604/604 554/554/554
f 554/554/554 604/604/604 603/603/603
f 556/556/556 605/605/605 555/555/555
f 555/555/555 605/605/605 604/604/604
f 557/557/557 606/606/606 556/556/556
f 556/556/556 606/606/606 605/605/605
f 558/558/558 607/607/607 557/557/557
f 557/557/557 607/607/607 606/606/606
f 559/559/559 608/608/608 558/558/558
f 558/558/558 608/608/608 607/607/607
f 560/560/560 609/609/609 559/559/559
f 559/559/559 609/609/609 608/608/608
f 561/561/561 610/610/610 560/560/560
f 560/560/560 610/610/610 609/609/609
f 562/562/562 611/611/611 561/561/561
f 561/561/561 611/611/611 610/610/610
f 563/563/563 612/612/612 562/562/562
f 562/562/562 612/612/612 611/611/611
f 564/564/564 613/613/613 563/563/563
f 563/563/563 613/613/613 612/612/612
f 565/565/565 614/614/614 564/564/564
f 564/564/564 614/614/614 613/613/613
f 566/566/566 615/615/615 565/565/565
f 565/565/565 615/615/615 614/614/614
f 567/567/567 616/616/616 566/566/566
f 566/566/566 616/616/616 615/615/615
f 568/568/568 617/617/617 567/567/567
f 567/567/567 617/617/617 616/616/616
f 569/569/569 618/618/618 568/568/568
f 568/568/568 618/618/618 617/617/617
f 570/570/570 619/619/619 569/569/569
f 569/569/569 619/619/619 618/618/618
f 571/571/571 620/620/620 570/570/570
f 570/570/570 620/620/620 619/619/619
f 572/572/572 621/621/621 571/571/571
f 571/571/571 621/621/621 620/620/620
f 573/573/573 622/622/622 572/572/572
f 572/572/572 622/622/622 621/621/621
f 574/574/574 623/623/623 573/573/573
f 573/573/573 623/623/623 622/622/622
f 575/575/575 624/624/624 574/574/574
f 574/574/574 624/624/624 623/623/623
f 576/576/576 625/625/625 575/575/575
f 575/575/575 625/625/625 624/624/624
f 577/577/577 626/626/626 576/576/576
f 576/576/576 626/626/626 625/625/625
f 578/578/578 627/627/627 577/577/577
f 577/577/577 627/627/627 626/626/626
f 579/579/579 628/628/628 578/578/578
f 578/578/578 628/628/628 627/627/627
f 580/580/580 629/629/629 579/579/579
f 579/579/579 629/629/629 628/628/628
f 581/581/581 630/630/630 580/580/580
f 580/580/580 630/630/630 629/629/629
f 582/582/582 631/631/631 581/581/581
f 581/581/581 631/631/631 630/630/630
f 583/583/583 632/632/632 582/582/582
f 582/582/582 632/632/632 631/631/631
f 584/584/584 633/633/633 583/583/583
f 583/583/583 633/633/633 632/632/632
f 585/585/585 634/634/634 584/584/584
f 584/584/584 634/634/634 633/633/633
f 586/586/586 635/635/635 585/585/585
f 585/585/585 635/635/635 634/634/634
f 587/587/587 636/636/636 586/586/586
f 586/586/586 636/636/636 635/635/635
f 588/588/588 637/637/637 587/587/587
f 587/587/587 637/637/637 636/636/636
f 590/590/590 639/639/639 589/589/589
f 589/589/589 639/639/639 638/638/638
f 591/591/591 640/640/640 590/590/590
f 590/590/590 640/640/640 639/639/639
f 592/592/592 641/641/641 591/591/591
f 591/591/591 641/641/641 640/640/640
f 593/593/593 642/642/642 592/592/592
f 592/592/592 642/642/642 641/641/641
f 594/594/594 643/643/643 593/593/593
f 593/593/593 643/643/643 642/642/642
f 595/595/595 644/644/644 594/594/594
f 594/594/594 644/644/644 643/643/643
f 596/596/596 645/645/645 595/595/595
f 595/595/595 645/645/645 644/644/644
f 597/597/597 646/646/646 596/596/596
f 596/596/596 646/646/646 645/645/645
f 598/598/598 647/647/647 597/597/597
f 597/597/597 647/647/647 646/646/646
f 599/599/599 648/648/648 598/598/598
f 598/598/598 648/648/648 647/647/647
f 600/600/600 649/649/649 599/599/599
f 599/599/599 649/649/649 648/648/648
f 601/601/601 650/650/650 600/600/600
f 600/600/600 650/650/650 649/649/649
f 602/602/602 651/651/651 601/601/601
f 601/601/601 651/651/651 650/650/650
f 603/603/603 652/652/652 602/602/602
f 602/602/602 652/652/652 651/651/651
f 604/604/604 653/653/653 603/603/603
f 603/603/603 653/653/653 652/652/652
f 605/605/605 654/654/654 604/604/604
f 604/604/604 654/654/654 653/653/653
f 606/606/606 655/655/655 605/605/605
f 605/605/605 655/655/655 654/654/654
f 607/607/607 656/656/656 606/606/606
f 606/606/606 656/656/656 655/655/655
f 608/608/608 657/657/657 607/607/607
f 607/607/607 657/657/657 656/656/656
f 609/609/609 658/658/658 608/608/608
f 608/608/608 658/658/658 657/657/657
f 610/610/610 659/659/659 609/609/609
f 609/609/609 659/659/659 658/658/658
f 611/611/611 660/660/660 610/610/610
f 610/610/610 660/660/660 659/659/659
f 612/612/612 661/661/661 611/611/611
f 611/611/611 661/661/661 660/660/660
f 613/613/613 662/662/662 612/612/612
f 612/612/612 662/662/662 661/661/661
f 614/614/614 663/663/663 613/613/613
f 613/613/613 663/663/663 662/662/662
f 615/615/615 664/664/664 614/614/614
f 614/614/614 664/664/664 663/663/663
f 616/616/616 665/665/665 615/615/615
f 615/615/615 665/665/665 664/664/664
f 617/617/617 666/666/666 616/616/616
f 616/616/616 666/666/666 665/665/665
f 618/618/618 667/667/667 617/617/617
f 617/617/617 667/667/667 666/666/666
f 619/619/619 668/668/668 618/618/618
f 618/618/618 668/668/668 667/667/667
f 620/620/620 669/669/669 619/619/619
f 619/619/619 669/669/669 668/668/668
f 621/621/621 670/670/670 620/620/620
f 620/620/620 670/670/670 669/669/669
f 622/622/622 671/671/671 621/621/621
f 621/621/621 671/671/671 670/670/670
f 623/623/623 672/672/672 622/622/622
f 622/622/622 672/672/672 671/671/671
f 624/624/624 673/673/673 623/623/623
f 623/623/623 673/673/673 672/672/672
f 625/625/625 674/674/674 624/624/624
f 624/624/624 674/674/674 673/673/673
f 626/626/626 675/675/675 625/625/625
f 625/625/625 675/675/675 674/674/674
f 627/627/627 676/676/676 626/626/626
f 626/626/626 676/676/676 675/675/675
f 628/628/628 677/677/677 627/627/627
f 627/627/627 677/677/677 676/676/676
f 629/629/629 678/678/678 628/628/628
f 628/628/628 678/678/678 677/677/677
f 630/630/630 679/679/679 629/629/629
f 629/629/629 679/679/679 678/678/678
f 631/631/631 680/680/680 630/630/630
f 630/630/630 680/680/680 679/679/679
f 632/632/632 681/681/681 631/631/631
f 631/631/631 681/681/681 680/680/680
f 633/633/633 682/682/682 632/632/632
f 632/632/632 682/682/682 681/681/681
f 634/634/634 683/683/683 633/633/633
f 633/633/633 683/683/683 682/682/682
f 635/635/635 684/684/684 634/634/634
f 634/634/634 684/684/684 683/683/683
f 636/636/636 685/685/685 635/635/635
f 635/635/635 685/685/685 684/684/684
f 637/637/637 686/686/686 636/636/636
f 636/636/636 686/686/686 685/685/685
f 639/639/639 688/688/688 638/638/638
f 638/638/638 688/688/688 687/687/687
f 640/640/640 689/689/689 639/639/639
f 639/639/639 689/689/689 688/688/688
f 641/641/641 690/690/690 640/640/640
f 640/640/640 690/690/690 689/689/689
f 642/642/642 691/691/691 641/641/641
f 641/641/641 691/691/691 690/690/690
f 643/643/643 692/692/692 642/642/642
f 642/642/642 692/692/692 691/691/691
f 644/644/644 693/693/693 643/643/643
f 643/643/643 693/693/693 692/692/692
f 645/645/645 694/694/694 644/644/644
f 644/644/644 694/694/694 693/693/693
f 646/646/646 695/695/695 645/645/645
f 645/645/645 695/695/695 694/694/694
f 647/647/647 696/696/696 646/646/646
f 646/646/646 696/696/696 695/695/695
f 648/648/648 697/697/697 647/647/647
f 647/647/647 697/697/697 696/696/696
f 649/649/649 698/698/698 648/648/648
f 648/648/648 698/698/698 697/697/697
f 650/650/650 699/699/699 649/649/649
f 649/649/649 699/699/699 698/698/698
f 651/651/651 700/700/700 650/650/650
f 650/650/650 700/700/700 699/699/699
f 652/652/652 701/701/701 651/651/651
f 651/651/651 701/701/701 700/700/700
f 653/653/653 702/702/702 652/652/652
f 652/652/652 702/702/702 701/701/701
f 654/654/654 703/703/703 653/653/653
f 653/653/653 703/703/703 702/702/702
f 655/655/655 704/704/704 654/654/654
f 654/654/654 704/704/704 703/703/703
f 656/656/656 705/705/705 655/655/655
f 655/655/655 705/705/705 704/704/704
f 657/657/657 706/706/706 656/656/656
f 656/656/656 706/706/706 705/705/705
f 658/658/658 707/707/707 657/657/657
f 657/657/657 707/707/707 706/706/706
f 659/659/659 708/708/708 658/658/658
f 658/658/658 708/708/708 707/707/707
f 660/660/660 709/709/709 659/659/659
f 659/659/659 709/709/709 708/708/708
f 661/661/661 710/710/710 660/660/660
f 660/660/660 710/710/710 709/709/709
f 662/662/662 711/711/711 661/661/661
f 661/661/661 711/711/711 710/710/710
f 663/663/663 712/712/712 662/662/662
f 662/662/662 712/712/712 711/711/711
f 664/664/664 713/713/713 663/663/663
f 663/663/663 713/713/713 712/712/712
f 665/665/665 714/714/714 664/664/664
f 664/664/664 714/714/714 713/713/713
f 666/666/666 715/715/715 665/665/665
f 665/665/665 715/715/715 714/714/714
f 667/667/667 716/716/716 666/666/666
f 666/666/666 716/716/716 715/715/715
f 668/668/668 717/717/717 667/667/667
f 667/667/667 717/717/717 716/716/716
f 669/669/669 718/718/718 668/668/668
f 668/668/668 718/718/718 717/717/717
f 670/670/670 719/719/719 669/669/669
f 669/669/669 719/719/719 718/718/718
f 671/671/671 720/720/720 670/670/670
f 670/670/670 720/720/720 719/719/719
f 672/672/672 721/721/721 671/671/671
f 671/671/671 721/721/721 720/720/720
f 673/673/673 722/722/722 672/672/672
f 672/672/672 722/722/722 721/721/721
f 674/674/674 723/723/723 673/673/673
f 673/673/673 723/723/723 722/722/722
f 675/675/675 724/724/724 674/674/674
f 674/674/674 724/724/724 723/723/723
f 676/676/676 725/725/725 675/675/675
f 675/675/675 725/725/725 724/724/724
f 677/677/677 726/726/726 676/676/676
f 676/676/676 726/726/726 725/725/725
f 678/678/678 727/727/727 677/677/677
f 677/677/677 727/727/727 726/726/726
f 679/679/679 728/728/728 678/678/678
f 678/678/678 728/728/728 727/727/727
f 680/680/680 729/729/729 679/679/679
f 679/679/679 729/729/729 728/728/728
f 681/681/681 730/730/730 680/680/680
f 680/680/680 730/730/730 729/729/729
f 682/682/682 731/731/731 681/681/681
f 681/681/681 731/731/731 730/730/730
f 683/683/683 732/732/732 682/682/682
f 682/682/682 732/732/732 731/731/731
f 684/684/684 733/733/733 683/683/683
f 683/683/683 733/733/733 732/732/732
f 685/685/685 734/734/734 684/684/684
f 684/684/684 734/734/734 733/733/733
f 686/686/686 735/735/735 685/685/685
f 685/685/685 735/735/735 734/734/734
f 688/688/688 737/737/737 687/687/687
f 687/687/687 737/737/737 736/736/736
f 689/689/689 738/738/738 688/688/688
f 688/688/688 738/738/738 737/737/737
f 690/690/690 739/739/739 689/689/689
f 689/689/689 739/739/739 738/738/738
f 691/691/691 740/740/740 690/690/690
f 690/690/690 740/740/740 739/739/739
f 692/692/692 741/741/741 691/691/691
f 691/691/691 741/741/741 740/740/740
f 693/693/693 742/742/742 692/692/692
f 692/692/692 742/742/742 741/741/741
f 694/694/694 743/743/743 693/693/693
f 693/693/693 743/743/743 742/742/742
f 695/695/695 744/744/744 694/694/694
f 694/694/694 744/744/744 743/743/743
f 696/696/696 745/745/745 695/695/695
f 695/695/695 745/745/745 744/744/744
f 697/697/697 746/746/746 696/696/696
f 696/696/696 746/746/746 745/745/745
f 698/698/698 747/747/747 697/697/697
f 697/697/697 747/747/747 746/746/746
f 699/699/699 748/748/748 698/698/698
f 698/698/698 748/748/748 747/747/747
f 700/700/700 749/749/749 699/699/699
f 699/699/699 749/749/749 748/748/748
f 701/701/701 750/750/750 700/700/700
f 700/700/700 750/750/750 749/749/749
f 702/702/702 751/751/751 701/701/701
f 701/701/701 751/751/751 750/750/750
f 703/703/703 752/752/752 702/702/702
f 702/702/702 752/752/752 751/751/751
f 704/704/704 753/753/753 703/703/703
f 703/703/703 753/753/753 752/752/752
f 705/705/705 754/754/754 704/704/704
f 704/704/704 754/754/754 753/753/753
f 706/706/706 755/755/755 705/705/705
f 705/705/705 755/755/755 754/754/754
f 707/707/707 756/756/756 706/706/706
f 706/706/706 756/756/756 755/755/755
f 708/708/708 757/757/757 707/707/707
f 707/707/707 757/757/757 756/756/756
f 709/709/709 758/758/758 708/708/708
f 708/708/708 758/758/758 757/757/757
f 710/710/710 759/759/759 709/709/709
f 709/709/709 759/759/759 758/758/758
f 711/711/711 760/760/760 710/710/710
f 710/710/710 760/760/760 759/759/759
f 712/712/712 761/761/761 711/711/711
f 711/711/711 761/761/761 760/760/760
f 713/713/713 762/762/762 712/712/712
f 712/712/712 762/762/762 761/761/761
f 714/714/714 763/763/763 713/713/713
f 713/713/713 763/763/763 762/762/762
f 715/715/715 764/764/764 714/714/714
f 714/714/714 764/764/764 763/763/763
f 716/716/716 765/765/765 715/715/715
f 715/715/715 765/765/765 764/764/764
f 717/717/717 766/766/766 716/716/716
f 716/716/716 766/766/766 765/765/765
f 718/718/718 767/767/767 717/717/717
f 717/717/717 767/767/767 766/766/766
f 719/719/719 768/768/768 718/718/718
f 718/718/718 768/768/768 767/767/767
f 720/720/720 769/769/769 719/719/719
f 719/719/719 769/769/769 768/768/768
f 721/721/721 770/770/770 720/720/720
f 720/720/720 770/770/770 769/769/769
f 722/722/722 771/771/771 721/721/721
f 721/721/721 771/771/771 770/770/770
f 723/723/723 772/772/772 722/722/722
f 722/722/722 772/772/772 771/771/771
f 724/724/724 773/773/773 723/723/723
f 723/723/723 773/773/773 772/772/772
f 725/725/725 774/774/774 724/724/724
f 724/724/724 774/774/774 773/773/773
f 726/726/726 775/775/775 725/725/725
f 725/725/725 775/775/775 774/774/774
f 727/727/727 776/776/776 726/726/726
f 726/726/726 776/776/776 775/775/775
f 728/728/728 777/777/777 727/727/727
f 727/727/727 777/777/777 776/776/776
f 729/729/729 778/778/778 728/728/728
f 728/728/728 778/778/778 777/777/777
f 730/730/730 779/779/779 729/729/729
f 729/729/729 779/779/779 778/778/778
f 731/731/731 780/780/780 730/730/730
f 730/730/730 780/780/780 779/779/779
f 732/732/732 781/781/781 731/731/731
f 731/731/731 781/781/781 780/780/780
f 733/733/733 782/782/782 732/732/732
f 732/732/732 782/782/782 781/781/781
f 734/734/734 783/783/783 733/733/733
f 733/733/733 783/783/783 782/782/782
f 735/735/735 784/784/784 734/734/734
f 734/734/734 784/784/784 783/783/783
f 737/737/737 786/786/786 736/736/736
f 736/736/736 786/786/786 785/785/785
f 738/738/738 787/787/787 737/737/737
f 737/737/737 787/787/787 786/786/786
f 739/739/739 788/788/788 738/738/738
f 738/738/738 788/788/788 787/787/787
f 740/740/740 789/789/789 739/739/739
f 739/739/739 789/789/789 788/788/788
f 741/741/741 790/790/790 740/740/740
f 740/740/740 790/790/790 789/789/789
f 742/742/742 791/791/791 741/741/741
f 741/741/741 791/791/791 790/790/790
f 743/743/743 792/792/792 742/742/742
f 742/742/742 792/792/792 791/791/791
f 744/744/744 793/793/793 743/743/743
f 743/743/743 793/793/793 792/792/792
f 745/745/745 794/794/794 744/744/744
f 744/744/744 794/794/794 793/793/793
f 746/746/746 795/795/795 745/745/745
f 745/745/745 795/795/795 794/794/794
f 747/747/747 796/796/796 746/746/746
f 746/746/746 796/796/796 795/795/795
f 748/748/748 797/797/797 747/747/747
f 747/747/747 797/797/797 796/796/796
f 749/749/749 798/798/798 748/748/748
f 748/748/748 798/798/798 797/797/797
f 750/750/750 799/799/799 749/749/749
f 749/749/749 799/799/799 798/798/798
f 751/751/751 800/800/800 750/750/750
f 750/750/750 800/800/800 799/799/799
f 752/752/752 801/801/801 751/751/751
f 751/751/751 801/801/801 800/800/800
f 753/753/753 802/802/802 752/752/752
f 752/752/752 802/802/802 801/801/801
f 754/754/754 803/803/803 753/753/753
f 753/753/753 803/803/803 802/802/802
f 755/755/755 804/804/804 754/754/754
f 754/754/754 804/804/804 803/803/803
f 756/756/756 805/805/805 755/755/755
f 755/755/755 805/805/805 804/804/804
f 757/757/757 806/806/806 756/756/756
f 756/756/756 806/806/806 805/805/805
f 758/758/758 807/807/807 757/757/757
f 757/757/757 807/807/807 806/806/806
f 759/759/759 808/808/808 758/758/758
f 758/758/758 808/808/808 807/807/807
f 760/760/760 809/809/809 759/759/759
f 759/759/759 809/809/809 808/808/808
f 761/761/761 810/810/810 760/760/760
f 760/760/760 810/810/810 809/809/809
f 762/762/762 811/811/811 761/761/761
f 761/761/761 811/811/811 810/810/810
f 763/763/763 812/812/812 762/762/762
f 762/762/762 812/812/812 811/811/811
f 764/764/764 813/813/813 763/763/763
f 763/763/763 813/813/813 812/812/812
f 765/765/765 814/814/814 764/764/764
f 764/764/764 814/814/814 813/813/813
f 766/766/766 815/815/815 765/765/765
f 765/765/765 815/815/815 814/814/814
f 767/767/767 816/816/816 766/766/766
f 766/766/766 816/816/816 815/815/815
f 768/768/768 817/817/817 767/767/767
f 767/767/767 817/817/817 816/816/816
f 769/769/769 818/818/818 768/768/768
f 768/768/768 818/818/818 817/817/817
f 770/770/770 819/819/819 769/769/769
f 769/769/769 819/819/819 818/818/818
f 771/771/771 820/820/820 770/770/770
f 770/770/770 820/820/820 819/819/819
f 772/772/772 821/821/821 771/771/771
f 771/771/771 821/821/821 820/820/820
f 773/773/773 822/822/822 772/772/772
f 772/772/772 822/822/822 821/821/821
f 774/774/774 823/823/823 773/773/773
f 773/773/773 823/823/823 822/822/822
f 775/775/775 824/824/824 774/774/774
f 774/774/774 824/824/824 823/823/823
f 776/776/776 825/825/825 775/775/775
f 775/775/775 825/825/825 824/824/824
f 777/777/777 826/826/826 776/776/776
f 776/776/776 826/826/826 825/825/825
f 778/778/778 827/827/827 777/777/777
f 777/777/777 827/827/827 826/826/826
f 779/779/779 828/828/828 778/778/778
f 778/778/778 828/828/828 827/827/827
f 780/780/780 829/829/829 779/779/779
f 779/779/779 829/829/829 828/828/828
f 781/781/781 830/830/830 780/780/780
f 780/780/780 830/830/830 829/829/829
f 782/782/782 831/831/831 781/781/781
f 781/781/781 831/831/831 830/830/830
f 783/783/783 832/832/832 782/782/782
f 782/782/782 832/832/832 831/831/831
f 784/784/784 833/833/833 783/783/783
f 783/783/783 833/833/833 832/832/832
f 786/786/786 835/835/835 785/785/785
f 785/785/785 835/835/835 834/834/834
f 787/787/787 836/836/836 786/786/786
f 786/786/786 836/836/836 835/835/835
f 788/788/788 837/837/837 787/787/787
f 787/787/787 837/837/837 836/836/836
f 789/789/789 838/838/838 788/788/788
f 788/788/788 838/838/838 837/837/837
f 790/790/790 839/839/839 789/789/789
f 789/789/789 839/839/839 838/838/838
f 791/791/791 840/840/840 790/790/790
f 790/790/790 840/840/840 839/839/839
f 792/792/792 841/841/841 791/791/791
f 791/791/791 841/841/841 840/840/840
f 793/793/793 842/842/842 792/792/792
f 792/792/792 842/842/842 841/841/841
f 794/794/794 843/843/843 793/793/793
f 793/793/793 843/843/843 842/842/842
f 795/795/795 844/844/844 794/794/794
f 794/794/794 844/844/844 843/843/843
f 796/796/796 845/845/845 795/795/795
f 795/795/795 845/845/845 844/844/844
f 797/797/797 846/846/846 796/796/796
f 796/796/796 846/846/846 845/845/845
f 798/798/798 847/847/847 797/797/797
f 797/797/797 847/847/847 846/846/846
f 799/799/799 848/848/848 798/798/798
f 798/798/798 848/848/848 847/847/847
f 800/800/800 849/849/849 799/799/799
f 799/799/799 849/849/849 848/848/848
f 801/801/801 850/850/850 800/800/800
f 800/800/800 850/850/850 849/849/849
f 802/802/802 851/851/851 801/801/801
f 801/801/801 851/851/851 850/850/850
f 803/803/803 852/852/852 802/802/802
f 802/802/802 852/852/852 851/851/851
f 804/804/804 853/853/853 803/803/803
f 803/803/803 853/853/853 852/852/852
f 805/805/805 854/854/854 804/804/804
f 804/804/804 854/854/854 853/853/853
f 806/806/806 855/855/855 805/805/805
f 805/805/805 855/855/855 854/854/854
f 807/807/807 856/856/856 806/806/806
f 806/806/806 856/856/856 855/855/855
f 808/808/808 857/857/857 807/807/807
f 807/807/807 857/857/857 856/856/856
f 809/809/809 858/858/858 808/808/808
f 808/808/808 858/858/858 857/857/857
f 810/810/810 859/859/859 809/809/809
f 809/809/809 859/859/859 858/858/858
f 811/811/811 860/860/860 810/810/810
f 810/810/810 860/860/860 859/859/859
f 812/812/812 861/861/861 811/811/811
f 811/811/811 861/861/861 860/860/860
f 813/813/813 862/862/862 812/812/812
f 812/812/812 862/862/862 861/861/861
f 814/814/814 863/863/863 813/813/813
f 813/813/813 863/863/863 862/862/862
f 815/815/815 864/864/864 814/814/814
f 814/814/814 864/864/864 863/863/863
f 816/816/816 865/865/865 815/815/815
f 815/815/815 865/865/865 864/864/864
f 817/817/817 866/866/866 816/816/816
f 816/816/816 866/866/866 865/865/865
f 818/818/818 867/867/867 817/817/817
f 817/817/817 867/867/867 866/866/866
f 819/819/819 868/868/868 818/818/818
f 818/818/818 868/868/868 867/867/867
f 820/820/820 869/869/869 819/819/819
f 819/819/819 869/869/869 868/868/868
f 821/821/821 870/870/870 820/820/820
f 820/820/820 870/870/870 869/869/869
f 822/822/822 871/871/871 821/821/821
f 821/821/821 871/871/871 870/870/870
f 823/823/823 872/872/872 822/822/822
f 822/822/822 872/872/872 871/871/871
f 824/824/824 873/873/873 823/823/823
f 823/823/823 873/873/873 872/872/872
f 825/825/825 874/874/874 824/824/824
f 824/824/824 874/874/874 873/873/873
f 826/826/826 875/875/875 825/825/825
f 825/825/825 875/875/875 874/874/874
f 827/827/827 876/876/876 826/826/826
f 826/826/826 876/876/876 875/875/875
f 828/828/828 877/877/877 827/827/827
f 827/827/827 877/877/877 876/876/876
f 829/829/829 878/878/878 828/828/828
f 828/828/828 878/878/878 877/877/877
f 830/830/830 879/879/879 829/829/829
f 829/829/829 879/879/879 878/878/878
f 831/831/831 880/880/880 830/830/830
f 830/830/830 880/880/880 879/879/879
f 832/832/832 881/881/881 831/831/831
f 831/831/831 881/881/881 880/880/880
f 833/833/833 882/882/882 832/832/832
f 832/832/832 882/882/882 881/881/881
f 835/835/835 884/884/884 834/834/834
f 834/834/834 884/884/884 883/883/883
f 836/836/836 885/885/885 835/835/835
f 835/835/835 885/885/885 884/884/884
f 837/837/837 886/886/886 836/836/836
f 836/836/836 886/886/886 885/885/885
f 838/838/838 887/887/887 837/837/837
f 837/837/837 887/887/887 886/886/886
f 839/839/839 888/888/888 838/838/838
f 838/838/838 888/888/888 887/887/887
f 840/840/840 889/889/889 839/839/839
f 839/839/839 889/889/889 888/888/888
f 841/841/841 890/890/890 840/840/840
f 840/840/840 890/890/890 889/889/889
f 842/842/842 891/891/891 841/841/841
f 841/841/841 891/891/891 890/890/890
f 843/843/843 892/892/892 842/842/842
f 842/842/842 892/892/892 891/891/891
f 844/844/844 893/893/893 843/843/843
f 843/843/843 893/893/893 892/892/892
f 845/845/845 894/894/894 844/844/844
f 844/844/844 894/894/894 893/893/893
f 846/846/846 895/895/895 845/845/845
f 845/845/845 895/895/895 894/894/894
f 847/847/847 896/896/896 846/846/846
f 846/846/846 896/896/896 895/895/895
f 848/848/848 897/897/897 847/847/847
f 847/847/847 897/897/897 896/896/896
f 849/849/849 898/898/898 848/848/848
f 848/848/848 898/898/898 897/897/897
f 850/850/850 899/899/899 849/849/849
f 849/849/849 899/899/899 898/898/898
f 851/851/851 900/900/900 850/850/850
f 850/850/850 900/900/900 899/899/899
f 852/852/852 901/901/901 851/851/851
f 851/851/851 901/901/901 900/900/900
f 853/853/853 902/902/902 852/852/852
f 852/852/852 902/902/902 901/901/901
f 854/854/854 903/903/903 853/853/853
f 853/853/853 903/903/903 902/902/902
f 855/855/855 904/904/904 854/854/854
f 854/854/854 904/904/904 903/903/903
f 856/856/856 905/905/905 855/855/855
f 855/855/855 905/905/905 904/904/904
f 857/857/857 906/906/906 856/856/856
f 856/856/856 906/906/906 905/905/905
f 858/858/858 907/907/907 857/857/857
f 857/857/857 907/907/907 906/906/906
f 859/859/859 908/908/908 858/858/858
f 858/858/858 908/908/908 907/907/907
f 860/860/860 909/909/909 859/859/859
f 859/859/859 909/909/909 908/908/908
f 861/861/861 910/910/910 860/860/860
f 860/860/860 910/910/910 909/909/909
f 862/862/862 911/911/911 861/861/861
f 861/861/861 911/911/911 910/910/910
f 863/863/863 912/912/912 862/862/862
f 862/862/862 912/912/912 911/911/911
f 864/864/864 913/913/913 863/863/863
f 863/863/863 913/913/913 912/912/912
f 865/865/865 914/914/914 864/864/864
f 864/864/864 914/914/914 913/913/913
f 866/866/866 915/915/915 865/865/865
f 865/865/865 915/915/915 914/914/914
f 867/867/867 916/916/916 866/866/866
f 866/866/866 916/916/916 915/915/915
f 868/868/868 917/917/917 867/867/867
f 867/867/867 917/917/917 916/916/916
f 869/869/869 918/918/918 868/868/868
f 868/868/868 918/918/918 917/917/917
f 870/870/870 919/919/919 869/869/869
f 869/869/869 919/919/919 918/918/918
f 871/871/871 920/920/920 870/870/870
f 870/870/870 920/920/920 919/919/919
f 872/872/872 921/921/921 871/871/871
f 871/871/871 921/921/921 920/920/920
f 873/873/873 922/922/922 872/872/872
f 872/872/872 922/922/922 921/921/921
f 874/874/874 923/923/923 873/873/873
f 873/873/873 923/923/923 922/922/922
f 875/875/875 924/924/924 874/874/874
f 874/874/874 924/924/924 923/923/923
f 876/876/876 925/925/925 875/875/875
f 875/875/875 925/925/925 924/924/924
f 877/877/877 926/926/926 876/876/876
f 876/876/876 926/926/926 925/925/925
f 878/878/878 927/927/927 877/877/877
f 877/877/877 927/927/927 926/926/926
f 879/879/879 928/928/928 878/878/878
f 878/878/878 928/928/928 927/927/927
f 880/880/880 929/929/929 879/879/879
f 879/879/879 929/929/929 928/928/928
f 881/881/881 930/930/930 880/880/880
f 880/880/880 930/930/930 929/929/929
f 882/882/882 931/931/931 881/881/881
f 881/881/881 931/931/931 930/930/930
f 884/884/884 933/933/933 883/883/883
f 883/883/883 933/933/933 932/932/932
f 885/885/885 934/934/934 884/884/884
f 884/884/884 934/934/934 933/933/933
f 886/886/886 935/935/935 885/885/885
f 885/885/885 935/935/935 934/934/934
f 887/887/887 936/936/936 886/886/886
f 886/886/886 936/936/936 935/935/935
f 888/888/888 937/937/937 887/887/887
f 887/887/887 937/937/937 936/936/936
f 889/889/889 938/938/938 888/888/888
f 888/888/888 938/938/938 937/937/937
f 890/890/890 939/939/939 889/889/889
f 889/889/889 939/939/939 938/938/938
f 891/891/891 940/940/940 890/890/890
f 890/890/890 940/940/940 939/939/939
f 892/892/892 941/941/941 891/891/891
f 891/891/891 941/941/941 940/940/940
f 893/893/893 942/942/942 892/892/892
f 892/892/892 942/942/942 941/941/941
f 894/894/894 943/943/943 893/893/893
f 893/893/893 943/943/943 942/942/942
f 895/895/895 944/944/944 894/894/894
f 894/894/894 944/944/944 943/943/943
f 896/896/896 945/945/945 895/895/895
f 895/895/895 945/945/945 944/944/944
f 897/897/897 946/946/946 896/896/896
f 896/896/896 946/946/946 945/945/945
f 898/898/898 947/947/947 897/897/897
f 897/897/897 947/947/947 946/946/946
f 899/899/899 948/948/948 898/898/898
f 898/898/898 948/948/948 947/947/947
f 900/900/900 949/949/949 899/899/899
f 899/899/899 949/949/949 948/948/948
f 901/901/901 950/950/950 900/900/900
f 900/900/900 950/950/950 949/949/949
f 902/902/902 951/951/951 901/901/901
f 901/901/901 951/951/951 950/950/950
f 903/903/903 952/952/952 902/902/902
f 902/902/902 952/952/952 951/951/951
f 904/904/904 953/953/953 903/903/903
f 903/903/903 953/953/953 952/952/952
f 905/905/905 954/954/954 904/904/904
f 904/904/904 954/954/954 953/953/953
f 906/906/906 955/955/955 905/905/905
f 905/905/905 955/955/955 954/954/954
f 907/907/907 956/956/956 906/906/906
f 906/906/906 956/956/956 955/955/955
f 908/908/908 957/957/957 907/907/907
f 907/907/907 957/957/957 956/956/956
f 909/909/909 958/958/958 908/908/908
f 908/908/908 958/958/958 957/957/957
f 910/910/910 959/959/959 909/909/909
f 909/909/909 959/959/959 958/958/958
f 911/911/911 960/960/960 910/910/910
f 910/910/910 960/960/960 959/959/959
f 912/912/912 961/961/961 911/911/911
f 911/911/911 961/961/961 960/960/960
f 913/913/913 962/962/962 912/912/912
f 912/912/912 962/962/962 961/961/961
f 914/914/914 963/963/963 913/913/913
f 913/913/913 963/963/963 962/962/962
f 915/915/915 964/964/964 914/914/914
f 914/914/914 964/964/964 963/963/963
f 916/916/916 965/965/965 915/915/915
f 915/915/915 965/965/965 964/964/964
f 917/917/917 966/966/966 916/916/916
f 916/916/916 966/966/966 965/965/965
f 918/918/918 967/967/967 917/917/917
f 917/917/917 967/967/967 966/966/966
f 919/919/919 968/968/968 918/918/918
f 918/918/918 968/968/968 967/967/967
f 920/920/920 969/969/969 919/919/919
f 919/919/919 969/969/969 968/968/968
f 921/921/921 970/970/970 920/920/920
f 920/920/920 970/970/970 969/969/969
f 922/922/922 971/971/971 921/921/921
f 921/921/921 971/971/971 970/970/970
f 923/923/923 972/972/972 922/922/922
f 922/922/922 972/972/972 971/971/971
f 924/924/924 973/973/973 923/923/923
f 923/923/923 973/973/973 972/972/972
f 925/925/925 974/974/974 924/924/924
f 924/924/924 974/974/974 973/973/973
f 926/926/926 975/975/975 925/925/925
f 925/925/925 975/975/975 974/974/974
f 927/927/927 976/976/976 926/926/926
f 926/926/926 976/976/976 975/975/975
f 928/928/928 977/977/977 927/927/927
f 927/927/927 977/977/977 976/976/976
f 929/929/929 978/978/978 928/928/928
f 928/928/928 978/978/978 977/977/977
f 930/930/930 979/979/979 929/929/929
f 929/929/929 979/979/979 978/978/978
f 931/931/931 980/980/980 930/930/930
f 930/930/930 980/980/980 979/979/979
f 933/933/933 982/982/982 932/932/932
f 932/932/932 982/982/982 981/981/981
f 934/934/934 983/983/983 933/933/933
f 933/933/933 983/983/983 982/982/982
f 935/935/935 984/984/984 934/934/934
f 934/934/934 984/984/984 983/983/983
f 936/936/936 985/985/985 935/935/935
f 935/935/935 985/985/985 984/984/984
f 937/937/937 986/986/986 936/936/936
f 936/936/936 986/986/986 985/985/985
f 938/938/938 987/987/987 937/937/937
f 937/937/937 987/987/987 986/986/986
f 939/939/939 988/988/988 938/938/938
f 938/938/938 988/988/988 987/987/987
f 940/940/940 989/989/989 939/939/939
f 939/939/939 989/989/989 988/988/988
f 941/941/941 990/990/990 940/940/940
f 940/940/940 990/990/990 989/989/989
f 942/942/942 991/991/991 941/941/941
f 941/941/941 991/991/991 990/990/990
f 943/943/943 992/992/992 942/942/942
f 942/942/942 992/992/992 991/991/991
f 944/944/944 993/993/993 943/943/943
f 943/943/943 993/993/993 992/992/992
f 945/945/945 994/994/994 944/944/944
f 944/944/944 994/994/994 993/993/993
f 946/946/946 995/995/995 945/945/945
f 945/945/945 995/995/995 994/994/994
f 947/947/947 996/996/996 946/946/946
f 946/946/946 996/996/996 995/995/995
f 948/948/948 997/997/997 947/947/947
f 947/947/947 997/997/997 996/996/996
f 949/949/949 998/998/998 948/948/948
f 948/948/948 998/998/998 997/997/997
f 950/950/950 999/999/999 949/949/949
f 949/949/949 999/999/999 998/998/998
f 951/951/951 1000/1000/1000 950/950/950
f 950/950/950 1000/1000/1000 999/999/999
f 952/952/952 1001/1001/1001 951/951/951
f 951/951/951 1001/1001/1001 1000/1000/1000
f 953/953/953 1002/1002/1002 952/952/952
f 952/952/952 1002/1002/1002 1001/1001/1001
f 954/954/954 1003/1003/1003 953/953/953
f 953/953/953 1003/1003/1003 1002/1002/1002
f 955/955/955 1004/1004/1004 954/954/954
f 954/954/954 1004/1004/1004 1003/1003/1003
f 956/956/956 1005/1005/1005 955/955/955
f 955/955/955 1005/1005/1005 1004/1004/1004
f 957/957/957 1006/1006/1006 956/956/956
f 956/956/956 1006/1006/1006 1005/1005/1005
f 958/958/958 1007/1007/1007 957/957/957
f 957/957/957 1007/1007/1007 1006/1006/1006
f 959/959/959 1008/1008/1008 958/958/958
f 958/958/958 1008/1008/1008 1007/1007/1007
f 960/960/960 1009/1009/1009 959/959/959
f 959/959/959 1009/1009/1009 1008/1008/1008
f 961/961/961 1010/1010/1010 960/960/960
f 960/960/960 1010/1010/1010 1009/1009/1009
f 962/962/962 1011/1011/1011 961/961/961
f 961/961/961 1011/1011/1011 1010/1010/1010
f 963/963/963 1012/1012/1012 962/962/962
f 962/962/962 1012/1012/1012 1011/1011/1011
f 964/964/964 1013/1013/1013 963/963/963
f 963/963/963 1013/1013/1013 1012/1012/1012
f 965/965/965 1014/1014/1014 964/964/964
f 964/964/964 1014/1014/1014 1013/1013/1013
f 966/966/966 1015/1015/1015 965/965/965
f 965/965/965 1015/1015/1015 1014/1014/1014
f 967/967/967 1016/1016/1016 966/966/966
f 966/966/966 1016/1016/1016 1015/1015/1015
f 968/968/968 1017/1017/1017 967/967/967
f 967/967/967 1017/1017/1017 1016/1016/1016
f 969/969/969 1018/1018/1018 968/968/968
f 968/968/968 1018/1018/1018 1017/1017/1017
f 970/970/970 1019/1019/1019 969/969/969
f 969/969/969 1019/1019/1019 1018/1018/1018
f 971/971/971 1020/1020/1020 970/970/970
f 970/970/970 1020/1020/1020 1019/1019/1019
f 972/972/972 1021/1021/1021 971/971/971
f 971/971/971 1021/1021/1021 1020/1020/1020
f 973/973/973 1022/1022/1022 972/972/972
f 972/972/972 1022/1022/1022 1021/1021/1021
f 974/974/974 1023/1023/1023 973/973/973
f 973/973/973 1023/1023/1023 1022/1022/1022
f 975/975/975 1024/1024/1024 974/974/974
f 974/974/974 1024/1024/1024 1023/1023/1023
f 976/976/976 1025/1025/1025 975/975/975
f 975/975/975 1025/1025/1025 1024/1024/1024
f 977/977/977 1026/1026/1026 976/976/976
f 976/976/976 1026/1026/1026 1025/1025/1025
f 978/978/978 1027/1027/1027 977/977/977
f 977/977/977 1027/1027/1027 1026/1026/1026
f 979/979/979 1028/1028/1028 978/978/978
f 978/978/978 1028/1028/1028 1027/1027/1027
f 980/980/980 1029/1029/1029 979/979/979
f 979/979/979 1029/1029/1029 1028/1028/1028
f 982/982/982 1031/1031/1031 981/981/981
f 981/981/981 1031/1031/1031 1030/1030/1030
f 983/983/983 1032/1032/1032 982/982/982
f 982/982/982 1032/1032/1032 1031/1031/1031
f 984/984/984 1033/1033/1033 983/983/983
f 983/983/983 1033/1033/1033 1032/1032/1032
f 985/985/985 1034/1034/1034 984/984/984
f 984/984/984 1034/1034/1034 1033/1033/1033
f 986/986/986 1035/1035/1035 985/985/985
f 985/985/985 1035/1035/1035 1034/1034/1034
f 987/987/987 1036/1036/1036 986/986/986
f 986/986/986 1036/1036/1036 1035/1035/1035
f 988/988/988 1037/1037/1037 987/987/987
f 987/987/987 1037/1037/1037 1036/1036/1036
f 989/989/989 1038/1038/1038 988/988/988
f 988/988/988 1038/1038/1038 1037/1037/1037
f 990/990/990 1039/1039/1039 989/989/989
f 989/989/989 1039/1039/1039 1038/1038/1038
f 991/991/991 1040/1040/1040 990/990/990
f 990/990/990 1040/1040/1040 1039/1039/1039
f 992/992/992 1041/1041/1041 991/991/991
f 991/991/991 1041/1041/1041 1040/1040/1040
f 993/993/993 1042/1042/1042 992/992/992
f 992/992/992 1042/1042/1042 1041/1041/1041
f 994/994/994 1043/1043/1043 993/993/993
f 993/993/993 1043/1043/1043 1042/1042/1042
f 995/995/995 1044/1044/1044 994/994/994
f 994/994/994 1044/1044/1044 1043/1043/1043
f 996/996/996 1045/1045/1045 995/995/995
f 995/995/995 1045/1045/1045 1044/1044/1044
f 997/997/997 1046/1046/1046 996/996/996
f 996/996/996 1046/1046/1046 1045/1045/1045
f 998/998/998 1047/1047/1047 997/997/997
f 997/997/997 1047/1047/1047 1046/1046/1046
f 999/999/999 1048/1048/1048 998/998/998
f 998/998/998 1048/1048/1048 1047/1047/1047
f 1000/1000/1000 1049/1049/1049 999/999/999
f 999/999/999 1049/1049/1049 1048/1048/1048
f 1001/1001/1001 1050/1050/1050 1000/1000/1000
f 1000/1000/1000 1050/1050/1050 1049/1049/1049
f 1002/1002/1002 1051/1051/1051 1001/1001/1001
f 1001/1001/1001 1051/1051/1051 1050/1050/1050
f 1003/1003/1003 1052/1052/1052 1002/1002/1002
f 1002/1002/1002 1052/1052/1052 1051/1051/1051
f 1004/1004/1004 1053/1053/1053 1003/1003/1003
f 1003/1003/1003 1053/1053/1053 1052/1052/1052
f 1005/1005/1005 1054/1054/1054 1004/1004/1004
f 1004/1004/1004 1054/1054/1054 1053/1053/1053
f 1006/1006/1006 1055/1055/1055 1005/1005/1005
f 1005/1005/1005 1055/1055/1055 1054/1054/1054
f 1007/1007/1007 1056/1056/1056 1006/1006/1006
f 1006/1006/1006 1056/1056/1056 1055/1055/1055
f 1008/1008/1008 1057/1057/1057 1007/1007/1007
f 1007/1007/1007 1057/1057/1057 1056/1056/1056
f 1009/1009/1009 1058/1058/1058 1008/1008/1008
f 1008/1008/1008 1058/1058/1058 1057/1057/1057
f 1010/1010/1010 1059/1059/1059 1009/1009/1009
f 1009/1009/1009 1059/1059/1059 1058/1058/1058
f 1011/1011/1011 1060/1060/1060 1010/1010/1010
f 1010/1010/1010 1060/1060/1060 1059/1059/1059
f 1012/1012/1012 1061/1061/1061 1011/1011/1011
f 1011/1011/1011 1061/1061/1061 1060/1060/1060
f 1013/1013/1013 1062/1062/1062 1012/1012/1012
f 1012/1012/1012 1062/1062/1062 1061/1061/1061
f 1014/1014/1014 1063/1063/1063 1013/1013/1013
f 1013/1013/1013 1063/1063/1063 1062/1062/1062
f 1015/1015/1015 1064/1064/1064 1014/1014/1014
f 1014/1014/1014 1064/1064/1064 1063/1063/1063
f 1016/1016/1016 1065/1065/1065 1015/1015/1015
f 1015/1015/1015 1065/1065/1065 1064/1064/1064
f 1017/1017/1017 1066/1066/1066 1016/1016/1016
f 1016/1016/1016 1066/1066/1066 1065/1065/1065
f 1018/1018/1018 1067/1067/1067 1017/1017/1017
f 1017/1017/1017 1067/1067/1067 1066/1066/1066
f 1019/1019/1019 1068/1068/1068 1018/1018/1018
f 1018/1018/1018 1068/1068/1068 1067/1067/1067
f 1020/1020/1020 1069/1069/1069 1019/1019/1019
f 1019/1019/1019 1069/1069/1069 1068/1068/1068
f 1021/1021/1021 1070/1070/1070 1020/1020/1020
f 1020/1020/1020 1070/1070/1070 1069/1069/1069
f 1022/1022/1022 1071/1071/1071 1021/1021/1021
f 1021/1021/1021 1071/1071/1071 1070/1070/1070
f 1023/1023/1023 1072/1072/1072 1022/1022/1022
f 1022/1022/1022 1072/1072/1072 1071/1071/1071
f 1024/1024/1024 1073/1073/1073 1023/1023/1023
f 1023/1023/1023 1073/1073/1073 1072/1072/1072
f 1025/1025/1025 1074/1074/1074 1024/1024/1024
f 1024/1024/1024 1074/1074/1074 1073/1073/1073
f 1026/1026/1026 1075/1075/1075 1025/1025/1025
f 1025/1025/1025 1075/1075/1075 1074/1074/1074
f 1027/1027/1027 1076/1076/1076 1026/1026/1026
f 1026/1026/1026 1076/1076/1076 1075/1075/1075
f 1028/1028/1028 1077/1077/1077 1027/1027/1027
f 1027/1027/1027 1077/1077/1077 1076/1076/1076
f 1029/1029/1029 1078/1078/1078 1028/1028/1028
f 1028/1028/1028 1078/1078/1078 1077/1077/1077
f 1031/1031/1031 1080/1080/1080 1030/1030/1030
f 1030/1030/1030 1080/1080/1080 1079/1079/1079
f 1032/1032/1032 1081/1081/1081 1031/1031/1031
f 1031/1031/1031 1081/1081/1081 1080/1080/1080
f 1033/1033/1033 1082/1082/1082 1032/1032/1032
f 1032/1032/1032 1082/1082/1082 1081/1081/1081
f 1034/1034/1034 1083/1083/1083 1033/1033/1033
f 1033/1033/1033 1083/1083/1083 1082/1082/1082
f 1035/1035/1035 1084/1084/1084 1034/1034/1034
f 1034/1034/1034 1084/1084/1084 1083/1083/1083
f 1036/1036/1036 1085/1085/1085 1035/1035/1035
f 1035/1035/1035 1085/1085/1085 1084/1084/1084
f 1037/1037/1037 1086/1086/1086 1036/1036/1036
f 1036/1036/1036 1086/1086/1086 1085/1085/1085
f 1038/1038/1038 1087/1087/1087 1037/1037/1037
f 1037/1037/1037 1087/1087/1087 1086/1086/1086
f 1039/1039/1039 1088/1088/1088 1038/1038/1038
f 1038/1038/1038 1088/1088/1088 1087/1087/1087
f 1040/1040/1040 1089/1089/1089 1039/1039/1039
f 1039/1039/1039 1089/1089/1089 1088/1088/1088
f 1041/1041/1041 1090/1090/1090 1040/1040/1040
f 1040/1040/1040 1090/1090/1090 1089/1089/1089
f 1042/1042/1042 1091/1091/1091 1041/1041/1041
f 1041/1041/1041 1091/1091/1091 1090/1090/1090
f 1043/1043/1043 1092/1092/1092 1042/1042/1042
f 1042/1042/1042 1092/1092/1092 1091/1091/1091
f 1044/1044/1044 1093/1093/1093 1043/1043/1043
f 1043/1043/1043 1093/1093/1093 1092/1092/1092
f 1045/1045/1045 1094/1094/1094 1044/1044/1044
f 1044/1044/1044 1094/1094/1094 1093/1093/1093
f 1046/1046/1046 1095/1095/1095 1045/1045/1045
f 1045/1045/1045 1095/1095/1095 1094/1094/1094
f 1047/1047/1047 1096/1096/1096 1046/1046/1046
f 1046/1046/1046 1096/1096/1096 1095/1095/1095
f 1048/1048/1048 1097/1097/1097 1047/1047/1047
f 1047/1047/1047 1097/1097/1097 1096/1096/1096
f 1049/1049/1049 1098/1098/1098 1048/1048/1048
f 1048/1048/1048 1098/1098/1098 1097/1097/1097
f 1050/1050/1050 1099/1099/1099 1049/1049/1049
f 1049/1049/1049 1099/1099/1099 1098/1098/1098
f 1051/1051/1051 1100/1100/1100 1050/1050/1050
f 1050/1050/1050 1100/1100/1100 1099/1099/1099
f 1052/1052/1052 1101/1101/1101 1051/1051/1051
f 1051/1051/1051 1101/1101/1101 1100/1100/1100
f 1053/1053/1053 1102/1102/1102 1052/1052/1052
f 1052/1052/1052 1102/1102/1102 1101/1101/1101
f 1054/1054/1054 1103/1103/1103 1053/1053/1053
f 1053/1053/1053 1103/1103/1103 1102/1102/1102
f 1055/1055/1055 1104/1104/1104 1054/1054/1054
f 1054/1054/1054 1104/1104/1104 1103/1103/1103
f 1056/1056/1056 1105/1105/1105 1055/1055/1055
f 1055/1055/1055 1105/1105/1105 1104/1104/1104
f 1057/1057/1057 1106/1106/1106 1056/1056/1056
f 1056/1056/1056 1106/1106/1106 1105/1105/1105
f 1058/1058/1058 1107/1107/1107 1057/1057/1057
f 1057/1057/1057 1107/1107/1107 1106/1106/1106
f 1059/1059/1059 1108/1108/1108 1058/1058/1058
f 1058/1058/1058 1108/1108/1108 1107/1107/1107
f 1060/1060/1060 1109/1109/1109 1059/1059/1059
f 1059/1059/1059 1109/1109/1109 1108/1108/1108
f 1061/1061/1061 1110/1110/1110 1060/1060/1060
f 1060/1060/1060 1110/1110/1110 1109/1109/1109
f 1062/1062/1062 1111/1111/1111 1061/1061/1061
f 1061/1061/1061 1111/1111/1111 1110/1110/1110
f 1063/1063/1063 1112/1112/1112 1062/1062/1062
f 1062/1062/1062 1112/1112/1112 1111/1111/1111
f 1064/1064/1064 1113/1113/1113 1063/1063/1063
f 1063/1063/1063 1113/1113/1113 1112/1112/1112
f 1065/1065/1065 1114/1114/1114 1064/1064/1064
f 1064/1064/1064 1114/1114/1114 1113/1113/1113
f 1066/1066/1066 1115/1115/1115 1065/1065/1065
f 1065/1065/1065 1115/1115/1115 1114/1114/1114
f 1067/1067/1067 1116/1116/1116 1066/1066/1066
f 1066/1066/1066 1116/1116/1116 1115/1115/1115
f 1068/1068/1068 1117/1117/1117 1067/1067/1067
f 1067/1067/1067 1117/1117/1117 1116/1116/1116
f 1069/1069/1069 1118/1118/1118 1068/1068/1068
f 1068/1068/1068 1118/1118/1118 1117/1117/1117
f 1070/1070/1070 1119/1119/1119 1069/1069/1069
f 1069/1069/1069 1119/1119/1119 1118/1118/1118
f 1071/1071/1071 1120/1120/1120 1070/1070/1070
f 1070/1070/1070 1120/1120/1120 1119/1119/1119
f 1072/1072/1072 1121/1121/1121 1071/1071/1071
f 1071/1071/1071 1121/1121/1121 1120/1120/1120
f 1073/1073/1073 1122/1122/1122 1072/1072/1072
f 1072/1072/1072 1122/1122/1122 1121/1121/1121
f 1074/1074/1074 1123/1123/1123 1073/1073/1073
f 1073/1073/1073 1123/1123/1123 1122/1122/1122
f 1075/1075/1075 1124/1124/1124 1074/1074/1074
f 1074/1074/1074 1124/1124/1124 1123/1123/1123
f 1076/1076/1076 1125/1125/1125 1075/1075/1075
f 1075/1075/1075 1125/1125/1125 1124/1124/1124
f 1077/1077/1077 1126/1126/1126 1076/1076/1076
f 1076/1076/1076 1126/1126/1126 1125/1125/1125
f 1078/1078/1078 1127/1127/1127 1077/1077/1077
f 1077/1077/1077 1127/1127/1127 1126/1126/1126
f 1080/1080/1080 1129/1129/1129 1079/1079/1079
f 1079/1079/1079 1129/1129/1129 1128/1128/1128
f 1081/1081/1081 1130/1130/1130 1080/1080/1080
f 1080/1080/1080 1130/1130/1130 1129/1129/1129
f 1082/1082/1082 1131/1131/1131 1081/1081/1081
f 1081/1081/1081 1131/1131/1131 1130/1130/1130
f 1083/1083/1083 1132/1132/1132 1082/1082/1082
f 1082/1082/1082 1132/1132/1132 1131/1131/1131
f 1084/1084/1084 1133/1133/1133 1083/1083/1083
f 1083/1083/1083 1133/1133/1133 1132/1132/1132
f 1085/1085/1085 1134/1134/1134 1084/1084/1084
f 1084/1084/1084 1134/1134/1134 1133/1133/1133
f 1086/1086/1086 1135/1135/1135 1085/1085/1085
f 1085/1085/1085 1135/1135/1135 1134/1134/1134
f 1087/1087/1087 1136/1136/1136 1086/1086/1086
f 1086/1086/1086 1136/1136/1136 1135/1135/1135
f 1088/1088/1088 1137/1137/1137 1087/1087/1087
f 1087/1087/1087 1137/1137/1137 1136/1136/1136
f 1089/1089/1089 1138/1138/1138 1088/1088/1088
f 1088/1088/1088 1138/1138/1138 1137/1137/1137
f 1090/1090/1090 1139/1139/1139 1089/1089/1089
f 1089/1089/1089 1139/1139/1139 1138/1138/1138
f 1091/1091/1091 1140/1140/1140 1090/1090/1090
f 1090/1090/1090 1140/1140/1140 1139/1139/1139
f 1092/1092/1092 1141/1141/1141 1091/1091/1091
f 1091/1091/1091 1141/1141/1141 1140/1140/1140
f 1093/1093/1093 1142/1142/1142 1092/1092/1092
f 1092/1092/1092 1142/1142/1142 1141/1141/1141
f 1094/1094/1094 1143/1143/1143 1093/1093/1093
f 1093/1093/1093 1143/1143/1143 1142/1142/1142
f 1095/1095/1095 1144/1144/1144 1094/1094/1094
f 1094/1094/1094 1144/1144/1144 1143/1143/1143
f 1096/1096/1096 1145/1145/1145 1095/1095/1095
f 1095/1095/1095 1145/1145/1145 1144/1144/1144
f 1097/1097/1097 1146/1146/1146 1096/1096/1096
f 1096/1096/1096 1146/1146/1146 1145/1145/1145
f 1098/1098/1098 1147/1147/1147 1097/1097/1097
f 1097/1097/1097 1147/1147/1147 1146/1146/1146
f 1099/1099/1099 1148/1148/1148 1098/1098/1098
f 1098/1098/1098 1148/1148/1148 1147/1147/1147
f 1100/1100/1100 1149/1149/1149 1099/1099/1099
f 1099/1099/1099 1149/1149/1149 1148/1148/1148
f 1101/1101/1101 1150/1150/1150 1100/1100/1100
f 1100/1100/1100 1150/1150/1150 1149/1149/1149
f 1102/1102/1102 1151/1151/1151 1101/1101/1101
f 1101/1101/1101 1151/1151/1151 1150/1150/1150
f 1103/1103/1103 1152/1152/1152 1102/1102/1102
f 1102/1102/1102 1152/1152/1152 1151/1151/1151
f 1104/1104/1104 1153/1153/1153 1103/1103/1103
f 1103/1103/1103 1153/1153/1153 1152/1152/1152
f 1105/1105/1105 1154/1154/1154 1104/1104/1104
f 1104/1104/1104 1154/1154/1154 1153/1153/1153
f 1106/1106/1106 1155/1155/1155 1105/1105/1105
f 1105/1105/1105 1155/1155/1155 1154/1154/1154
f 1107/1107/1107 1156/1156/1156 1106/1106/1106
f 1106/1106/1106 1156/1156/1156 1155/1155/1155
f 1108/1108/1108 1157/1157/1157 1107/1107/1107
f 1107/1107/1107 1157/1157/1157 1156/1156/1156
f 1109/1109/1109 1158/1158/1158 1108/1108/1108
f 1108/1108/1108 1158/1158/1158 1157/1157/1157
f 1110/1110/1110 1159/1159/1159 1109/1109/1109
f 1109/1109/1109 1159/1159/1159 1158/1158/1158
f 1111/1111/1111 1160/1160/1160 1110/1110/1110
f 1110/1110/1110 1160/1160/1160 1159/1159/1159
f 1112/1112/1112 1161/1161/1161 1111/1111/1111
f 1111/1111/1111 1161/1161/1161 1160/1160/1160
f 1113/1113/1113 1162/1162/1162 1112/1112/1112
f 1112/1112/1112 1162/1162/1162 1161/1161/1161
f 1114/1114/1114 1163/1163/1163 1113/1113/1113
f 1113/1113/1113 1163/1163/1163 1162/1162/1162
f 1115/1115/1115 1164/1164/1164 1114/1114/1114
f 1114/1114/1114 1164/1164/1164 1163/1163/1163
f 1116/1116/1116 1165/1165/1165 1115/1115/1115
f 1115/1115/1115 1165/1165/1165 1164/1164/1164
f 1117/1117/1117 1166/1166/1166 1116/1116/1116
f 1116/1116/1116 1166/1166/1166 1165/1165/1165
f 1118/1118/1118 1167/1167/1167 1117/1117/1117
f 1117/1117/1117 1167/1167/1167 1166/1166/1166
f 1119/1119/1119 1168/1168/1168 1118/1118/1118
f 1118/1118/1118 1168/1168/1168 1167/1167/1167
f 1120/1120/1120 1169/1169/1169 1119/1119/1119
f 1119/1119/1119 1169/1169/1169 1168/1168/1168
f 1121/1121/1121 1170/1170/1170 1120/1120/1120
f 1120/1120/1120 1170/1170/1170 1169/1169/1169
f 1122/1122/1122 1171/1171/1171 1121/1121/1121
f 1121/1121/1121 1171/1171/1171 1170/1170/1170
f 1123/1123/1123 1172/1172/1172 1122/1122/1122
f 1122/1122/1122 1172/1172/1172 1171/1171/1171
f 1124/1124/1124 1173/1173/1173 1123/1123/1123
f 1123/1123/1123 1173/1173/1173 1172/1172/1172
f 1125/1125/1125 1174/1174/1174 1124/1124/1124
f 1124/1124/1124 1174/1174/1174 1173/1173/1173
f 1126/1126/1126 1175/1175/1175 1125/1125/1125
f 1125/1125/1125 1175/1175/1175 1174/1174/1174
f 1127/1127/1127 1176/1176/1176 1126/1126/1126
f 1126/1126/1126 1176/1176/1176 1175/1175/1175
f 1129/1129/1129 1178/1178/1178 1128/1128/1128
f 1128/1128/1128 1178/1178/1178 1177/1177/1177
f 1130/1130/1130 1179/1179/1179 1129/1129/1129
f 1129/1129/1129 1179/1179/1179 1178/1178/1178
f 1131/1131/1131 1180/1180/1180 1130/1130/1130
f 1130/1130/1130 1180/1180/1180 1179/1179/1179
f 1132/1132/1132 1181/1181/1181 1131/1131/1131
f 1131/1131/1131 1181/1181/1181 1180/1180/1180
f 1133/1133/1133 1182/1182/1182 1132/1132/1132
f 1132/1132/1132 1182/1182/1182 1181/1181/1181
f 1134/1134/1134 1183/1183/1183 1133/1133/1133
f 1133/1133/1133 1183/1183/1183 1182/1182/1182
f 1135/1135/1135 1184/1184/1184 1134/1134/1134
f 1134/1134/1134 1184/1184/1184 1183/1183/1183
f 1136/1136/1136 1185/1185/1185 1135/1135/1135
f 1135/1135/1135 1185/1185/1185 1184/1184/1184
f 1137/1137/1137 1186/1186/1186 1136/1136/1136
f 1136/1136/1136 1186/1186/1186 1185/1185/1185
f 1138/1138/1138 1187/1187/1187 1137/1137/1137
f 1137/1137/1137 1187/1187/1187 1186/1186/1186
f 1139/1139/1139 1188/1188/1188 1138/1138/1138
f 1138/1138/1138 1188/1188/1188 1187/1187/1187
f 1140/1140/1140 1189/1189/1189 1139/1139/1139
f 1139/1139/1139 1189/1189/1189 1188/1188/1188
f 1141/1141/1141 1190/1190/1190 1140/1140/1140
f 1140/1140/1140 1190/1190/1190 1189/1189/1189
f 1142/1142/1142 1191/1191/1191 1141/1141/1141
f 1141/1141/1141 1191/1191/1191 1190/1190/1190
f 1143/1143/1143 1192/1192/1192 1142/1142/1142
f 1142/1142/1142 1192/1192/1192 1191/1191/1191
f 1144/1144/1144 1193/1193/1193 1143/1143/1143
f 1143/1143/1143 1193/1193/1193 1192/1192/1192
f 1145/1145/1145 1194/1194/1194 1144/1144/1144
f 1144/1144/1144 1194/1194/1194 1193/1193/1193
f 1146/1146/1146 1195/1195/1195 1145/1145/1145
f 1145/1145/1145 1195/1195/1195 1194/1194/1194
f 1147/1147/1147 1196/1196/1196 1146/1146/1146
f 1146/1146/1146 1196/1196/1196 1195/1195/1195
f 1148/1148/1148 1197/1197/1197 1147/1147/1147
f 1147/1147/1147 1197/1197/1197 1196/1196/1196
f 1149/1149/1149 1198/1198/1198 1148/1148/1148
f 1148/1148/1148 1198/1198/1198 1197/1197/1197
f 1150/1150/1150 1199/1199/1199 1149/1149/1149
f 1149/1149/1149 1199/1199/1199 1198/1198/1198
f 1151/1151/1151 1200/1200/1200 1150/1150/1150
f 1150/1150/1150 1200/1200/1200 1199/1199/1199
f 1152/1152/1152 1201/1201/1201 1151/1151/1151
f 1151/1151/1151 1201/1201/1201 1200/1200/1200
f 1153/1153/1153 1202/1202/1202 1152/1152/1152
f 1152/1152/1152 1202/1202/1202 1201/1201/1201
f 1154/1154/1154 1203/1203/1203 1153/1153/1153
f 1153/1153/1153 1203/1203/1203 1202/1202/1202
f 1155/1155/1155 1204/1204/1204 1154/1154/1154
f 1154/1154/1154 1204/1204/1204 1203/1203/1203
f 1156/1156/1156 1205/1205/1205 1155/1155/1155
f 1155/1155/1155 1205/1205/1205 1204/1204/1204
f 1157/1157/1157 1206/1206/1206 1156/1156/1156
f 1156/1156/1156 1206/1206/1206 1205/1205/1205
f 1158/1158/1158 1207/1207/1207 1157/1157/1157
f 1157/1157/1157 1207/1207/1207 1206/1206/1206
f 1159/1159/1159 1208/1208/1208 1158/1158/1158
f 1158/1158/1158 1208/1208/1208 1207/1207/1207
f 1160/1160/1160 1209/1209/1209 1159/1159/1159
f 1159/1159/1159 1209/1209/1209 1208/1208/1208
f 1161/1161/1161 1210/1210/1210 1160/1160/1160
f 1160/1160/1160 1210/1210/1210 1209/1209/1209
f 1162/1162/1162 1211/1211/1211 1161/1161/1161
f 1161/1161/1161 1211/1211/1211 1210/1210/1210
f 1163/1163/1163 1212/1212/1212 1162/1162/1162
f 1162/1162/1162 1212/1212/1212 1211/1211/1211
f 1164/1164/1164 1213/1213/1213 1163/1163/1163
f 1163/1163/1163 1213/1213/1213 1212/1212/1212
f 1165/1165/1165 1214/1214/1214 1164/1164/1164
f 1164/1164/1164 1214/1214/1214 1213/1213/1213
f 1166/1166/1166 1215/1215/1215 1165/1165/1165
f 1165/1165/1165 1215/1215/1215 1214/1214/1214
f 1167/1167/1167 1216/1216/1216 1166/1166/1166
f 1166/1166/1166 1216/1216/1216 1215/1215/1215
f 1168/1168/1168 1217/1217/1217 1167/1167/1167
f 1167/1167/1167 1217/1217/1217 1216/1216/1216
f 1169/1169/1169 1218/1218/1218 1168/1168/1168
f 1168/1168/1168 1218/1218/1218 1217/1217/1217
f 1170/1170/1170 1219/1219/1219 1169/1169/1169
f 1169/1169/1169 1219/1219/1219 1218/1218/1218
f 1171/1171/1171 1220/1220/1220 1170/1170/1170
f 1170/1170/1170 1220/1220/1220 1219/1219/1219
f 1172/1172/1172 1221/1221/1221 1171/1171/1171
f 1171/1171/1171 1221/1221/1221 1220/1220/1220
f 1173/1173/1173 1222/1222/1222 1172/1172/1172
f 1172/1172/1172 1222/1222/1222 1221/1221/1221
f 1174/1174/1174 1223/1223/1223 1173/1173/1173
f 1173/1173/1173 1223/1223/1223 1222/1222/1222
f 1175/1175/1175 1224/1224/1224 1174/1174/1174
f 1174/1174/1174 1224/1224/1224 1223/1223/1223
f 1176/1176/1176 1225/1225/1225 1175/1175/1175
f 1175/1175/1175 1225/1225/1225 1224/1224/1224
