# Sancta editable mesh extracted from the approved reference, cm, Z up
v 0.0 0.0 100.0
v 0.0 0.0 100.0
v 0.0 0.0 100.0
v 0.0 0.0 100.0
v 0.0 0.0 100.0
v 0.0 0.0 100.0
v 0.0 0.0 100.0
v 0.0 0.0 100.0
v 0.0 0.0 100.0
v 0.0 0.0 100.0
v 0.0 0.0 100.0
v 0.0 0.0 100.0
v 0.0 0.0 100.0
v 0.0 0.0 100.0
v 0.0 0.0 100.0
v 0.0 0.0 100.0
v 0.0 0.0 100.0
v 0.0 0.0 100.0
v 0.0 0.0 100.0
v 0.0 0.0 100.0
v 0.0 0.0 100.0
v 0.0 0.0 100.0
v 0.0 0.0 100.0
v 0.0 0.0 100.0
v 0.0 0.0 100.0
v 0.0 0.0 100.0
v 0.0 0.0 100.0
v 0.0 0.0 100.0
v 0.0 0.0 100.0
v 0.0 0.0 100.0
v 0.0 0.0 100.0
v 0.0 0.0 100.0
v 0.0 0.0 100.0
v 0.0 0.0 100.0
v 0.0 0.0 100.0
v 0.0 0.0 100.0
v 0.0 0.0 100.0
v 0.0 0.0 100.0
v 0.0 0.0 100.0
v 0.0 0.0 100.0
v 0.0 0.0 100.0
v 0.0 0.0 100.0
v 0.0 0.0 100.0
v 0.0 0.0 100.0
v 0.0 0.0 100.0
v 0.0 0.0 100.0
v 0.0 0.0 100.0
v 0.0 0.0 100.0
v 0.0 0.0 100.0
v 0.0 0.0 100.0
v 0.0 0.0 100.0
v 0.0 0.0 100.0
v 0.0 0.0 100.0
v 0.0 0.0 100.0
v 0.0 0.0 100.0
v 0.0 0.0 100.0
v 0.0 0.0 100.0
v 0.0 0.0 100.0
v 0.0 0.0 100.0
v 0.0 0.0 100.0
v 0.0 0.0 100.0
v 0.0 0.0 100.0
v 0.0 0.0 100.0
v 0.0 0.0 100.0
v 0.0 0.0 100.0
v 0.0 -7.84590989 99.6917307
v -0.769033609 -7.80812949 99.6917307
v -1.53066106 -7.69515261 99.6917307
v -2.27754731 -7.50806704 99.6917307
v -3.0024996 -7.24867508 99.6917307
v -3.69853601 -6.91947415 99.6917307
v -4.35895398 -6.52363524 99.6917307
v -4.97739241 -6.06497005 99.6917307
v -5.54789603 -5.54789603 99.6917307
v -6.06497005 -4.97739241 99.6917307
v -6.52363524 -4.35895398 99.6917307
v -6.91947415 -3.69853601 99.6917307
v -7.24867508 -3.0024996 99.6917307
v -7.50806704 -2.27754731 99.6917307
v -7.69515261 -1.53066106 99.6917307
v -7.80812949 -0.769033609 99.6917307
v -7.84590989 -4.80423398e-16 99.6917307
v -7.80812949 0.769033609 99.6917307
v -7.69515261 1.53066106 99.6917307
v -7.50806704 2.27754731 99.6917307
v -7.24867508 3.0024996 99.6917307
v -6.91947415 3.69853601 99.6917307
v -6.52363524 4.35895398 99.6917307
v -6.06497005 4.97739241 99.6917307
v -5.54789603 5.54789603 99.6917307
v -4.97739241 6.06497005 99.6917307
v -4.35895398 6.52363524 99.6917307
v -3.69853601 6.91947415 99.6917307
v -3.0024996 7.24867508 99.6917307
v -2.27754731 7.50806704 99.6917307
v -1.53066106 7.69515261 99.6917307
v -0.769033609 7.80812949 99.6917307
v -9.60846796e-16 7.84590989 99.6917307
v 0.769033609 7.80812949 99.6917307
v 1.53066106 7.69515261 99.6917307
v 2.27754731 7.50806704 99.6917307
v 3.0024996 7.24867508 99.6917307
v 3.69853601 6.91947415 99.6917307
v 4.35895398 6.52363524 99.6917307
v 4.97739241 6.06497005 99.6917307
v 5.54789603 5.54789603 99.6917307
v 6.06497005 4.97739241 99.6917307
v 6.52363524 4.35895398 99.6917307
v 6.91947415 3.69853601 99.6917307
v 7.24867508 3.0024996 99.6917307
v 7.50806704 2.27754731 99.6917307
v 7.69515261 1.53066106 99.6917307
v 7.80812949 0.769033609 99.6917307
v 7.84590989 1.44127023e-15 99.6917307
v 7.80812949 -0.769033609 99.6917307
v 7.69515261 -1.53066106 99.6917307
v 7.50806704 -2.27754731 99.6917307
v 7.24867508 -3.0024996 99.6917307
v 6.91947415 -3.69853601 99.6917307
v 6.52363524 -4.35895398 99.6917307
v 6.06497005 -4.97739241 99.6917307
v 5.54789603 -5.54789603 99.6917307
v 4.97739241 -6.06497005 99.6917307
v 4.35895398 -6.52363524 99.6917307
v 3.69853601 -6.91947415 99.6917307
v 3.0024996 -7.24867508 99.6917307
v 2.27754731 -7.50806704 99.6917307
v 1.53066106 -7.69515261 99.6917307
v 0.769033609 -7.80812949 99.6917307
v 1.92169359e-15 -7.84590989 99.6917307
v 0.0 -15.6434461 98.7688363
v -1.53332585 -15.5681193 98.7688363
v -3.05188503 -15.3428614 98.7688363
v -4.54105288 -14.9698451 98.7688363
v -5.98648787 -14.4526601 98.7688363
v -7.37426952 -13.7962878 98.7688363
v -8.69103298 -13.0070508 98.7688363
v -9.92409736 -12.0925479 98.7688363
v -11.0615872 -11.0615872 98.7688363
v -12.0925479 -9.92409736 98.7688363
v -13.0070508 -8.69103298 98.7688363
v -13.7962878 -7.37426952 98.7688363
v -14.4526601 -5.98648787 98.7688363
v -14.9698451 -4.54105288 98.7688363
v -15.3428614 -3.05188503 98.7688363
v -15.5681193 -1.53332585 98.7688363
v -15.6434461 -9.57884827e-16 98.7688363
v -15.5681193 1.53332585 98.7688363
v -15.3428614 3.05188503 98.7688363
v -14.9698451 4.54105288 98.7688363
v -14.4526601 5.98648787 98.7688363
v -13.7962878 7.37426952 98.7688363
v -13.0070508 8.69103298 98.7688363
v -12.0925479 9.92409736 98.7688363
v -11.0615872 11.0615872 98.7688363
v -9.92409736 12.0925479 98.7688363
v -8.69103298 13.0070508 98.7688363
v -7.37426952 13.7962878 98.7688363
v -5.98648787 14.4526601 98.7688363
v -4.54105288 14.9698451 98.7688363
v -3.05188503 15.3428614 98.7688363
v -1.53332585 15.5681193 98.7688363
v -1.91576965e-15 15.6434461 98.7688363
v 1.53332585 15.5681193 98.7688363
v 3.05188503 15.3428614 98.7688363
v 4.54105288 14.9698451 98.7688363
v 5.98648787 14.4526601 98.7688363
v 7.37426952 13.7962878 98.7688363
v 8.69103298 13.0070508 98.7688363
v 9.92409736 12.0925479 98.7688363
v 11.0615872 11.0615872 98.7688363
v 12.0925479 9.92409736 98.7688363
v 13.0070508 8.69103298 98.7688363
v 13.7962878 7.37426952 98.7688363
v 14.4526601 5.98648787 98.7688363
v 14.9698451 4.54105288 98.7688363
v 15.3428614 3.05188503 98.7688363
v 15.5681193 1.53332585 98.7688363
v 15.6434461 2.87365456e-15 98.7688363
v 15.5681193 -1.53332585 98.7688363
v 15.3428614 -3.05188503 98.7688363
v 14.9698451 -4.54105288 98.7688363
v 14.4526601 -5.98648787 98.7688363
v 13.7962878 -7.37426952 98.7688363
v 13.0070508 -8.69103298 98.7688363
v 12.0925479 -9.92409736 98.7688363
v 11.0615872 -11.0615872 98.7688363
v 9.92409736 -12.0925479 98.7688363
v 8.69103298 -13.0070508 98.7688363
v 7.37426952 -13.7962878 98.7688363
v 5.98648787 -14.4526601 98.7688363
v 4.54105288 -14.9698451 98.7688363
v 3.05188503 -15.3428614 98.7688363
v 1.53332585 -15.5681193 98.7688363
v 3.83153931e-15 -15.6434461 98.7688363
v 0.0 -23.3445361 97.2369909
v -2.28816476 -23.2321262 97.2369909
v -4.5542933 -22.8959784 97.2369909
v -6.77656084 -22.3393291 97.2369909
v -8.93356726 -21.5675399 97.2369909
v -11.0045381 -20.5880433 97.2369909
v -12.9695296 -19.4102719 97.2369909
v -14.8096174 -18.04557 97.2369909
v -16.5070802 -16.5070802 97.2369909
v -18.04557 -14.8096174 97.2369909
v -19.4102719 -12.9695296 97.2369909
v -20.5880433 -11.0045381 97.2369909
v -21.5675399 -8.93356726 97.2369909
v -22.3393291 -6.77656084 97.2369909
v -22.8959784 -4.5542933 97.2369909
v -23.2321262 -2.28816476 97.2369909
v -23.3445361 -1.42944056e-15 97.2369909
v -23.2321262 2.28816476 97.2369909
v -22.8959784 4.5542933 97.2369909
v -22.3393291 6.77656084 97.2369909
v -21.5675399 8.93356726 97.2369909
v -20.5880433 11.0045381 97.2369909
v -19.4102719 12.9695296 97.2369909
v -18.04557 14.8096174 97.2369909
v -16.5070802 16.5070802 97.2369909
v -14.8096174 18.04557 97.2369909
v -12.9695296 19.4102719 97.2369909
v -11.0045381 20.5880433 97.2369909
v -8.93356726 21.5675399 97.2369909
v -6.77656084 22.3393291 97.2369909
v -4.5542933 22.8959784 97.2369909
v -2.28816476 23.2321262 97.2369909
v -2.85888112e-15 23.3445361 97.2369909
v 2.28816476 23.2321262 97.2369909
v 4.5542933 22.8959784 97.2369909
v 6.77656084 22.3393291 97.2369909
v 8.93356726 21.5675399 97.2369909
v 11.0045381 20.5880433 97.2369909
v 12.9695296 19.4102719 97.2369909
v 14.8096174 18.04557 97.2369909
v 16.5070802 16.5070802 97.2369909
v 18.04557 14.8096174 97.2369909
v 19.4102719 12.9695296 97.2369909
v 20.5880433 11.0045381 97.2369909
v 21.5675399 8.93356726 97.2369909
v 22.3393291 6.77656084 97.2369909
v 22.8959784 4.5542933 97.2369909
v 23.2321262 2.28816476 97.2369909
v 23.3445361 4.28832168e-15 97.2369909
v 23.2321262 -2.28816476 97.2369909
v 22.8959784 -4.5542933 97.2369909
v 22.3393291 -6.77656084 97.2369909
v 21.5675399 -8.93356726 97.2369909
v 20.5880433 -11.0045381 97.2369909
v 19.4102719 -12.9695296 97.2369909
v 18.04557 -14.8096174 97.2369909
v 16.5070802 -16.5070802 97.2369909
v 14.8096174 -18.04557 97.2369909
v 12.9695296 -19.4102719 97.2369909
v 11.0045381 -20.5880433 97.2369909
v 8.93356726 -21.5675399 97.2369909
v 6.77656084 -22.3393291 97.2369909
v 4.5542933 -22.8959784 97.2369909
v 2.28816476 -23.2321262 97.2369909
v 5.71776224e-15 -23.3445361 97.2369909
v 0.0 -30.9017003 95.105654
v -3.02889626 -30.7529002 95.105654
v -6.02862239 -30.3079307 95.105654
v -8.97028968 -29.5710832 95.105654
v -11.8255682 -28.5494477 95.105654
v -14.5669609 -27.2528648 95.105654
v -17.1680644 -25.6938249 95.105654
v -19.6038306 -23.8873363 95.105654
v -21.8508005 -21.8508005 95.105654
v -23.8873363 -19.6038306 95.105654
v -25.6938249 -17.1680644 95.105654
v -27.2528648 -14.5669609 95.105654
v -28.5494477 -11.8255682 95.105654
v -29.5710832 -8.97028968 95.105654
v -30.3079307 -6.02862239 95.105654
v -30.7529002 -3.02889626 95.105654
v -30.9017003 -1.89218343e-15 95.105654
v -30.7529002 3.02889626 95.105654
v -30.3079307 6.02862239 95.105654
v -29.5710832 8.97028968 95.105654
v -28.5494477 11.8255682 95.105654
v -27.2528648 14.5669609 95.105654
v -25.6938249 17.1680644 95.105654
v -23.8873363 19.6038306 95.105654
v -21.8508005 21.8508005 95.105654
v -19.6038306 23.8873363 95.105654
v -17.1680644 25.6938249 95.105654
v -14.5669609 27.2528648 95.105654
v -11.8255682 28.5494477 95.105654
v -8.97028968 29.5710832 95.105654
v -6.02862239 30.3079307 95.105654
v -3.02889626 30.7529002 95.105654
v -3.78436685e-15 30.9017003 95.105654
v 3.02889626 30.7529002 95.105654
v 6.02862239 30.3079307 95.105654
v 8.97028968 29.5710832 95.105654
v 11.8255682 28.5494477 95.105654
v 14.5669609 27.2528648 95.105654
v 17.1680644 25.6938249 95.105654
v 19.6038306 23.8873363 95.105654
v 21.8508005 21.8508005 95.105654
v 23.8873363 19.6038306 95.105654
v 25.6938249 17.1680644 95.105654
v 27.2528648 14.5669609 95.105654
v 28.5494477 11.8255682 95.105654
v 29.5710832 8.97028968 95.105654
v 30.3079307 6.02862239 95.105654
v 30.7529002 3.02889626 95.105654
v 30.9017003 5.67655011e-15 95.105654
v 30.7529002 -3.02889626 95.105654
v 30.3079307 -6.02862239 95.105654
v 29.5710832 -8.97028968 95.105654
v 28.5494477 -11.8255682 95.105654
v 27.2528648 -14.5669609 95.105654
v 25.6938249 -17.1680644 95.105654
v 23.8873363 -19.6038306 95.105654
v 21.8508005 -21.8508005 95.105654
v 19.6038306 -23.8873363 95.105654
v 17.1680644 -25.6938249 95.105654
v 14.5669609 -27.2528648 95.105654
v 11.8255682 -28.5494477 95.105654
v 8.97028968 -29.5710832 95.105654
v 6.02862239 -30.3079307 95.105654
v 3.02889626 -30.7529002 95.105654
v 7.56873371e-15 -30.9017003 95.105654
v 0.0 -38.2683426 92.3879504
v -3.75095345 -38.0840719 92.3879504
v -7.46578351 -37.5330269 92.3879504
v -11.1087136 -36.6205215 92.3879504
v -14.6446615 -35.3553385 92.3879504
v -18.0395722 -33.7496668 92.3879504
v -21.2607518 -31.8189651 92.3879504
v -24.2771804 -29.5818299 92.3879504
v -27.0598054 -27.0598054 92.3879504
v -29.5818299 -24.2771804 92.3879504
v -31.8189651 -21.2607518 92.3879504
v -33.7496668 -18.0395722 92.3879504
v -35.3553385 -14.6446615 92.3879504
v -36.6205215 -11.1087136 92.3879504
v -37.5330269 -7.46578351 92.3879504
v -38.0840719 -3.75095345 92.3879504
v -38.2683426 -2.34326023e-15 92.3879504
v -38.0840719 3.75095345 92.3879504
v -37.5330269 7.46578351 92.3879504
v -36.6205215 11.1087136 92.3879504
v -35.3553385 14.6446615 92.3879504
v -33.7496668 18.0395722 92.3879504
v -31.8189651 21.2607518 92.3879504
v -29.5818299 24.2771804 92.3879504
v -27.0598054 27.0598054 92.3879504
v -24.2771804 29.5818299 92.3879504
v -21.2607518 31.8189651 92.3879504
v -18.0395722 33.7496668 92.3879504
v -14.6446615 35.3553385 92.3879504
v -11.1087136 36.6205215 92.3879504
v -7.46578351 37.5330269 92.3879504
v -3.75095345 38.0840719 92.3879504
v -4.68652047e-15 38.2683426 92.3879504
v 3.75095345 38.0840719 92.3879504
v 7.46578351 37.5330269 92.3879504
v 11.1087136 36.6205215 92.3879504
v 14.6446615 35.3553385 92.3879504
v 18.0395722 33.7496668 92.3879504
v 21.2607518 31.8189651 92.3879504
v 24.2771804 29.5818299 92.3879504
v 27.0598054 27.0598054 92.3879504
v 29.5818299 24.2771804 92.3879504
v 31.8189651 21.2607518 92.3879504
v 33.7496668 18.0395722 92.3879504
v 35.3553385 14.6446615 92.3879504
v 36.6205215 11.1087136 92.3879504
v 37.5330269 7.46578351 92.3879504
v 38.0840719 3.75095345 92.3879504
v 38.2683426 7.02978054e-15 92.3879504
v 38.0840719 -3.75095345 92.3879504
v 37.5330269 -7.46578351 92.3879504
v 36.6205215 -11.1087136 92.3879504
v 35.3553385 -14.6446615 92.3879504
v 33.7496668 -18.0395722 92.3879504
v 31.8189651 -21.2607518 92.3879504
v 29.5818299 -24.2771804 92.3879504
v 27.0598054 -27.0598054 92.3879504
v 24.2771804 -29.5818299 92.3879504
v 21.2607518 -31.8189651 92.3879504
v 18.0395722 -33.7496668 92.3879504
v 14.6446615 -35.3553385 92.3879504
v 11.1087136 -36.6205215 92.3879504
v 7.46578351 -37.5330269 92.3879504
v 3.75095345 -38.0840719 92.3879504
v 9.37304094e-15 -38.2683426 92.3879504
v 0.0 -45.3990489 89.1006529
v -4.44988497 -45.1804399 89.1006529
v -8.85691494 -44.52672 89.1006529
v -13.1786481 -43.4441835 89.1006529
v -17.373465 -41.9432521 89.1006529
v -21.4009643 -40.038389 89.1006529
v -25.2223611 -37.7479315 89.1006529
v -28.8008511 -35.0939393 89.1006529
v -32.1019769 -32.1019769 89.1006529
v -35.0939393 -28.8008511 89.1006529
v -37.7479315 -25.2223611 89.1006529
v -40.038389 -21.4009643 89.1006529
v -41.9432521 -17.373465 89.1006529
v -43.4441835 -13.1786481 89.1006529
v -44.52672 -8.85691494 89.1006529
v -45.1804399 -4.44988497 89.1006529
v -45.3990489 -2.77989e-15 89.1006529
v -45.1804399 4.44988497 89.1006529
v -44.52672 8.85691494 89.1006529
v -43.4441835 13.1786481 89.1006529
v -41.9432521 17.373465 89.1006529
v -40.038389 21.4009643 89.1006529
v -37.7479315 25.2223611 89.1006529
v -35.0939393 28.8008511 89.1006529
v -32.1019769 32.1019769 89.1006529
v -28.8008511 35.0939393 89.1006529
v -25.2223611 37.7479315 89.1006529
v -21.4009643 40.038389 89.1006529
v -17.373465 41.9432521 89.1006529
v -13.1786481 43.4441835 89.1006529
v -8.85691494 44.52672 89.1006529
v -4.44988497 45.1804399 89.1006529
v -5.55978001e-15 45.3990489 89.1006529
v 4.44988497 45.1804399 89.1006529
v 8.85691494 44.52672 89.1006529
v 13.1786481 43.4441835 89.1006529
v 17.373465 41.9432521 89.1006529
v 21.4009643 40.038389 89.1006529
v 25.2223611 37.7479315 89.1006529
v 28.8008511 35.0939393 89.1006529
v 32.1019769 32.1019769 89.1006529
v 35.0939393 28.8008511 89.1006529
v 37.7479315 25.2223611 89.1006529
v 40.038389 21.4009643 89.1006529
v 41.9432521 17.373465 89.1006529
v 43.4441835 13.1786481 89.1006529
v 44.52672 8.85691494 89.1006529
v 45.1804399 4.44988497 89.1006529
v 45.3990489 8.33967001e-15 89.1006529
v 45.1804399 -4.44988497 89.1006529
v 44.52672 -8.85691494 89.1006529
v 43.4441835 -13.1786481 89.1006529
v 41.9432521 -17.373465 89.1006529
v 40.038389 -21.4009643 89.1006529
v 37.7479315 -25.2223611 89.1006529
v 35.0939393 -28.8008511 89.1006529
v 32.1019769 -32.1019769 89.1006529
v 28.8008511 -35.0939393 89.1006529
v 25.2223611 -37.7479315 89.1006529
v 21.4009643 -40.038389 89.1006529
v 17.373465 -41.9432521 89.1006529
v 13.1786481 -43.4441835 89.1006529
v 8.85691494 -44.52672 89.1006529
v 4.44988497 -45.1804399 89.1006529
v 1.111956e-14 -45.3990489 89.1006529
v 0.0 -52.2498548 85.2640152
v -5.12138158 -51.9982576 85.2640152
v -10.1934411 -51.245892 85.2640152
v -15.1673332 -49.999994 85.2640152
v -19.9951544 -48.2725739 85.2640152
v -24.6304125 -46.0802585 85.2640152
v -29.0284663 -43.4441686 85.2640152
v -33.1469566 -40.3896838 85.2640152
v -36.9462281 -36.9462281 85.2640152
v -40.3896838 -33.1469566 85.2640152
v -43.4441686 -29.0284663 85.2640152
v -46.0802585 -24.6304125 85.2640152
v -48.2725739 -19.9951544 85.2640152
v -49.999994 -15.1673332 85.2640152
v -51.245892 -10.1934411 85.2640152
v -51.9982576 -5.12138158 85.2640152
v -52.2498548 -3.19938108e-15 85.2640152
v -51.9982576 5.12138158 85.2640152
v -51.245892 10.1934411 85.2640152
v -49.999994 15.1673332 85.2640152
v -48.2725739 19.9951544 85.2640152
v -46.0802585 24.6304125 85.2640152
v -43.4441686 29.0284663 85.2640152
v -40.3896838 33.1469566 85.2640152
v -36.9462281 36.9462281 85.2640152
v -33.1469566 40.3896838 85.2640152
v -29.0284663 43.4441686 85.2640152
v -24.6304125 46.0802585 85.2640152
v -19.9951544 48.2725739 85.2640152
v -15.1673332 49.999994 85.2640152
v -10.1934411 51.245892 85.2640152
v -5.12138158 51.9982576 85.2640152
v -6.39876217e-15 52.2498548 85.2640152
v 5.12138158 51.9982576 85.2640152
v 10.1934411 51.245892 85.2640152
v 15.1673332 49.999994 85.2640152
v 19.9951544 48.2725739 85.2640152
v 24.6304125 46.0802585 85.2640152
v 29.0284663 43.4441686 85.2640152
v 33.1469566 40.3896838 85.2640152
v 36.9462281 36.9462281 85.2640152
v 40.3896838 33.1469566 85.2640152
v 43.4441686 29.0284663 85.2640152
v 46.0802585 24.6304125 85.2640152
v 48.2725739 19.9951544 85.2640152
v 49.999994 15.1673332 85.2640152
v 51.245892 10.1934411 85.2640152
v 51.9982576 5.12138158 85.2640152
v 52.2498548 9.59814259e-15 85.2640152
v 51.9982576 -5.12138158 85.2640152
v 51.245892 -10.1934411 85.2640152
v 49.999994 -15.1673332 85.2640152
v 48.2725739 -19.9951544 85.2640152
v 46.0802585 -24.6304125 85.2640152
v 43.4441686 -29.0284663 85.2640152
v 40.3896838 -33.1469566 85.2640152
v 36.9462281 -36.9462281 85.2640152
v 33.1469566 -40.3896838 85.2640152
v 29.0284663 -43.4441686 85.2640152
v 24.6304125 -46.0802585 85.2640152
v 19.9951544 -48.2725739 85.2640152
v 15.1673332 -49.999994 85.2640152
v 10.1934411 -51.245892 85.2640152
v 5.12138158 -51.9982576 85.2640152
v 1.27975243e-14 -52.2498548 85.2640152
v 0.0 -58.7785244 80.9017003
v -5.76130301 -58.4954917 80.9017003
v -11.4671215 -57.6491117 80.9017003
v -17.0625046 -56.2475443 80.9017003
v -22.4935681 -54.3042779 80.9017003
v -27.7080059 -51.8380284 80.9017003
v -32.6555997 -48.8725573 80.9017003
v -37.2887015 -45.4364151 80.9017003
v -41.5626943 -41.5626943 80.9017003
v -45.4364151 -37.2887015 80.9017003
v -48.8725573 -32.6555997 80.9017003
v -51.8380284 -27.7080059 80.9017003
v -54.3042779 -22.4935681 80.9017003
v -56.2475443 -17.0625046 80.9017003
v -57.6491117 -11.4671215 80.9017003
v -58.4954917 -5.76130301 80.9017003
v -58.7785244 -3.59914656e-15 80.9017003
v -58.4954917 5.76130301 80.9017003
v -57.6491117 11.4671215 80.9017003
v -56.2475443 17.0625046 80.9017003
v -54.3042779 22.4935681 80.9017003
v -51.8380284 27.7080059 80.9017003
v -48.8725573 32.6555997 80.9017003
v -45.4364151 37.2887015 80.9017003
v -41.5626943 41.5626943 80.9017003
v -37.2887015 45.4364151 80.9017003
v -32.6555997 48.8725573 80.9017003
v -27.7080059 51.8380284 80.9017003
v -22.4935681 54.3042779 80.9017003
v -17.0625046 56.2475443 80.9017003
v -11.4671215 57.6491117 80.9017003
v -5.76130301 58.4954917 80.9017003
v -7.19829311e-15 58.7785244 80.9017003
v 5.76130301 58.4954917 80.9017003
v 11.4671215 57.6491117 80.9017003
v 17.0625046 56.2475443 80.9017003
v 22.4935681 54.3042779 80.9017003
v 27.7080059 51.8380284 80.9017003
v 32.6555997 48.8725573 80.9017003
v 37.2887015 45.4364151 80.9017003
v 41.5626943 41.5626943 80.9017003
v 45.4364151 37.2887015 80.9017003
v 48.8725573 32.6555997 80.9017003
v 51.8380284 27.7080059 80.9017003
v 54.3042779 22.4935681 80.9017003
v 56.2475443 17.0625046 80.9017003
v 57.6491117 11.4671215 80.9017003
v 58.4954917 5.76130301 80.9017003
v 58.7785244 1.079744e-14 80.9017003
v 58.4954917 -5.76130301 80.9017003
v 57.6491117 -11.4671215 80.9017003
v 56.2475443 -17.0625046 80.9017003
v 54.3042779 -22.4935681 80.9017003
v 51.8380284 -27.7080059 80.9017003
v 48.8725573 -32.6555997 80.9017003
v 45.4364151 -37.2887015 80.9017003
v 41.5626943 -41.5626943 80.9017003
v 37.2887015 -45.4364151 80.9017003
v 32.6555997 -48.8725573 80.9017003
v 27.7080059 -51.8380284 80.9017003
v 22.4935681 -54.3042779 80.9017003
v 17.0625046 -56.2475443 80.9017003
v 11.4671215 -57.6491117 80.9017003
v 5.76130301 -58.4954917 80.9017003
v 1.43965862e-14 -58.7785244 80.9017003
v 0.0 -64.9448037 76.0405958
v -6.36570379 -64.632076 76.0405958
v -12.6701027 -63.696909 76.0405958
v -18.8524812 -62.1483028 76.0405958
v -24.853301 -60.0011766 76.0405958
v -30.6147695 -57.2762072 76.0405958
v -36.0814005 -53.9996326 76.0405958
v -41.2005484 -50.2030134 76.0405958
v -45.9229112 -45.9229112 76.0405958
v -50.2030134 -41.2005484 76.0405958
v -53.9996326 -36.0814005 76.0405958
v -57.2762072 -30.6147695 76.0405958
v -60.0011766 -24.853301 76.0405958
v -62.1483028 -18.8524812 76.0405958
v -63.696909 -12.6701027 76.0405958
v -64.632076 -6.36570379 76.0405958
v -64.9448037 -3.97672241e-15 76.0405958
v -64.632076 6.36570379 76.0405958
v -63.696909 12.6701027 76.0405958
v -62.1483028 18.8524812 76.0405958
v -60.0011766 24.853301 76.0405958
v -57.2762072 30.6147695 76.0405958
v -53.9996326 36.0814005 76.0405958
v -50.2030134 41.2005484 76.0405958
v -45.9229112 45.9229112 76.0405958
v -41.2005484 50.2030134 76.0405958
v -36.0814005 53.9996326 76.0405958
v -30.6147695 57.2762072 76.0405958
v -24.853301 60.0011766 76.0405958
v -18.8524812 62.1483028 76.0405958
v -12.6701027 63.696909 76.0405958
v -6.36570379 64.632076 76.0405958
v -7.95344482e-15 64.9448037 76.0405958
v 6.36570379 64.632076 76.0405958
v 12.6701027 63.696909 76.0405958
v 18.8524812 62.1483028 76.0405958
v 24.853301 60.0011766 76.0405958
v 30.6147695 57.2762072 76.0405958
v 36.0814005 53.9996326 76.0405958
v 41.2005484 50.2030134 76.0405958
v 45.9229112 45.9229112 76.0405958
v 50.2030134 41.2005484 76.0405958
v 53.9996326 36.0814005 76.0405958
v 57.2762072 30.6147695 76.0405958
v 60.0011766 24.853301 76.0405958
v 62.1483028 18.8524812 76.0405958
v 63.696909 12.6701027 76.0405958
v 64.632076 6.36570379 76.0405958
v 64.9448037 1.19301666e-14 76.0405958
v 64.632076 -6.36570379 76.0405958
v 63.696909 -12.6701027 76.0405958
v 62.1483028 -18.8524812 76.0405958
v 60.0011766 -24.853301 76.0405958
v 57.2762072 -30.6147695 76.0405958
v 53.9996326 -36.0814005 76.0405958
v 50.2030134 -41.2005484 76.0405958
v 45.9229112 -45.9229112 76.0405958
v 41.2005484 -50.2030134 76.0405958
v 36.0814005 -53.9996326 76.0405958
v 30.6147695 -57.2762072 76.0405958
v 24.853301 -60.0011766 76.0405958
v 18.8524812 -62.1483028 76.0405958
v 12.6701027 -63.696909 76.0405958
v 6.36570379 -64.632076 76.0405958
v 1.59068896e-14 -64.9448037 76.0405958
v 0.0 -70.7106769 70.7106769
v -6.93085864 -70.3701854 70.7106769
v -13.794969 -69.351995 70.7106769
v -20.5262259 -67.6658988 70.7106769
v -27.0598054 -65.328151 70.7106769
v -33.332783 -62.3612523 70.7106769
v -39.2847478 -58.7937772 70.7106769
v -44.8583782 -54.6600938 70.7106769
v -50.0 -50.0 70.7106769
v -54.6600938 -44.8583782 70.7106769
v -58.7937772 -39.2847478 70.7106769
v -62.3612523 -33.332783 70.7106769
v -65.328151 -27.0598054 70.7106769
v -67.6658988 -20.5262259 70.7106769
v -69.351995 -13.794969 70.7106769
v -70.3701854 -6.93085864 70.7106769
v -70.7106769 -4.3297803e-15 70.7106769
v -70.3701854 6.93085864 70.7106769
v -69.351995 13.794969 70.7106769
v -67.6658988 20.5262259 70.7106769
v -65.328151 27.0598054 70.7106769
v -62.3612523 33.332783 70.7106769
v -58.7937772 39.2847478 70.7106769
v -54.6600938 44.8583782 70.7106769
v -50.0 50.0 70.7106769
v -44.8583782 54.6600938 70.7106769
v -39.2847478 58.7937772 70.7106769
v -33.332783 62.3612523 70.7106769
v -27.0598054 65.328151 70.7106769
v -20.5262259 67.6658988 70.7106769
v -13.794969 69.351995 70.7106769
v -6.93085864 70.3701854 70.7106769
v -8.6595606e-15 70.7106769 70.7106769
v 6.93085864 70.3701854 70.7106769
v 13.794969 69.351995 70.7106769
v 20.5262259 67.6658988 70.7106769
v 27.0598054 65.328151 70.7106769
v 33.332783 62.3612523 70.7106769
v 39.2847478 58.7937772 70.7106769
v 44.8583782 54.6600938 70.7106769
v 50.0 50.0 70.7106769
v 54.6600938 44.8583782 70.7106769
v 58.7937772 39.2847478 70.7106769
v 62.3612523 33.332783 70.7106769
v 65.328151 27.0598054 70.7106769
v 67.6658988 20.5262259 70.7106769
v 69.351995 13.794969 70.7106769
v 70.3701854 6.93085864 70.7106769
v 70.7106769 1.29893402e-14 70.7106769
v 70.3701854 -6.93085864 70.7106769
v 69.351995 -13.794969 70.7106769
v 67.6658988 -20.5262259 70.7106769
v 65.328151 -27.0598054 70.7106769
v 62.3612523 -33.332783 70.7106769
v 58.7937772 -39.2847478 70.7106769
v 54.6600938 -44.8583782 70.7106769
v 50.0 -50.0 70.7106769
v 44.8583782 -54.6600938 70.7106769
v 39.2847478 -58.7937772 70.7106769
v 33.332783 -62.3612523 70.7106769
v 27.0598054 -65.328151 70.7106769
v 20.5262259 -67.6658988 70.7106769
v 13.794969 -69.351995 70.7106769
v 6.93085864 -70.3701854 70.7106769
v 1.73191212e-14 -70.7106769 70.7106769
v 0.0 -76.0405958 64.9448037
v -7.45328218 -75.6744385 64.9448037
v -14.834784 -74.5794952 64.9448037
v -22.0734194 -72.7663159 64.9448037
v -29.0994763 -70.252353 64.9448037
v -35.8452886 -67.0618176 64.9448037
v -42.2458917 -63.2254481 64.9448037
v -48.2396424 -58.7801754 64.9448037
v -53.7688196 -53.7688196 64.9448037
v -58.7801754 -48.2396424 64.9448037
v -63.2254481 -42.2458917 64.9448037
v -67.0618176 -35.8452886 64.9448037
v -70.252353 -29.0994763 64.9448037
v -72.7663159 -22.0734194 64.9448037
v -74.5794952 -14.834784 64.9448037
v -75.6744385 -7.45328218 64.9448037
v -76.0405958 -4.65614375e-15 64.9448037
v -75.6744385 7.45328218 64.9448037
v -74.5794952 14.834784 64.9448037
v -72.7663159 22.0734194 64.9448037
v -70.252353 29.0994763 64.9448037
v -67.0618176 35.8452886 64.9448037
v -63.2254481 42.2458917 64.9448037
v -58.7801754 48.2396424 64.9448037
v -53.7688196 53.7688196 64.9448037
v -48.2396424 58.7801754 64.9448037
v -42.2458917 63.2254481 64.9448037
v -35.8452886 67.0618176 64.9448037
v -29.0994763 70.252353 64.9448037
v -22.0734194 72.7663159 64.9448037
v -14.834784 74.5794952 64.9448037
v -7.45328218 75.6744385 64.9448037
v -9.3122875e-15 76.0405958 64.9448037
v 7.45328218 75.6744385 64.9448037
v 14.834784 74.5794952 64.9448037
v 22.0734194 72.7663159 64.9448037
v 29.0994763 70.252353 64.9448037
v 35.8452886 67.0618176 64.9448037
v 42.2458917 63.2254481 64.9448037
v 48.2396424 58.7801754 64.9448037
v 53.7688196 53.7688196 64.9448037
v 58.7801754 48.2396424 64.9448037
v 63.2254481 42.2458917 64.9448037
v 67.0618176 35.8452886 64.9448037
v 70.252353 29.0994763 64.9448037
v 72.7663159 22.0734194 64.9448037
v 74.5794952 14.834784 64.9448037
v 75.6744385 7.45328218 64.9448037
v 76.0405958 1.39684309e-14 64.9448037
v 75.6744385 -7.45328218 64.9448037
v 74.5794952 -14.834784 64.9448037
v 72.7663159 -22.0734194 64.9448037
v 70.252353 -29.0994763 64.9448037
v 67.0618176 -35.8452886 64.9448037
v 63.2254481 -42.2458917 64.9448037
v 58.7801754 -48.2396424 64.9448037
v 53.7688196 -53.7688196 64.9448037
v 48.2396424 -58.7801754 64.9448037
v 42.2458917 -63.2254481 64.9448037
v 35.8452886 -67.0618176 64.9448037
v 29.0994763 -70.252353 64.9448037
v 22.0734194 -72.7663159 64.9448037
v 14.834784 -74.5794952 64.9448037
v 7.45328218 -75.6744385 64.9448037
v 1.8624575e-14 -76.0405958 64.9448037
v 0.0 -80.9017003 58.7785244
v -7.92975351 -80.5121362 58.7785244
v -15.7831386 -79.3471932 58.7785244
v -23.4845236 -77.4181008 58.7785244
v -30.9597403 -74.7434258 58.7785244
v -38.1367981 -71.3489294 58.7785244
v -44.9465752 -67.2673047 58.7785244
v -51.3234973 -62.5378609 58.7785244
v -57.2061419 -57.2061419 58.7785244
v -62.5378609 -51.3234973 58.7785244
v -67.2673047 -44.9465752 58.7785244
v -71.3489294 -38.1367981 58.7785244
v -74.7434258 -30.9597403 58.7785244
v -77.4181008 -23.4845236 58.7785244
v -79.3471932 -15.7831386 58.7785244
v -80.5121362 -7.92975351 58.7785244
v -80.9017003 -4.95380039e-15 58.7785244
v -80.5121362 7.92975351 58.7785244
v -79.3471932 15.7831386 58.7785244
v -77.4181008 23.4845236 58.7785244
v -74.7434258 30.9597403 58.7785244
v -71.3489294 38.1367981 58.7785244
v -67.2673047 44.9465752 58.7785244
v -62.5378609 51.3234973 58.7785244
v -57.2061419 57.2061419 58.7785244
v -51.3234973 62.5378609 58.7785244
v -44.9465752 67.2673047 58.7785244
v -38.1367981 71.3489294 58.7785244
v -30.9597403 74.7434258 58.7785244
v -23.4845236 77.4181008 58.7785244
v -15.7831386 79.3471932 58.7785244
v -7.92975351 80.5121362 58.7785244
v -9.90760079e-15 80.9017003 58.7785244
v 7.92975351 80.5121362 58.7785244
v 15.7831386 79.3471932 58.7785244
v 23.4845236 77.4181008 58.7785244
v 30.9597403 74.7434258 58.7785244
v 38.1367981 71.3489294 58.7785244
v 44.9465752 67.2673047 58.7785244
v 51.3234973 62.5378609 58.7785244
v 57.2061419 57.2061419 58.7785244
v 62.5378609 51.3234973 58.7785244
v 67.2673047 44.9465752 58.7785244
v 71.3489294 38.1367981 58.7785244
v 74.7434258 30.9597403 58.7785244
v 77.4181008 23.4845236 58.7785244
v 79.3471932 15.7831386 58.7785244
v 80.5121362 7.92975351 58.7785244
v 80.9017003 1.48614008e-14 58.7785244
v 80.5121362 -7.92975351 58.7785244
v 79.3471932 -15.7831386 58.7785244
v 77.4181008 -23.4845236 58.7785244
v 74.7434258 -30.9597403 58.7785244
v 71.3489294 -38.1367981 58.7785244
v 67.2673047 -44.9465752 58.7785244
v 62.5378609 -51.3234973 58.7785244
v 57.2061419 -57.2061419 58.7785244
v 51.3234973 -62.5378609 58.7785244
v 44.9465752 -67.2673047 58.7785244
v 38.1367981 -71.3489294 58.7785244
v 30.9597403 -74.7434258 58.7785244
v 23.4845236 -77.4181008 58.7785244
v 15.7831386 -79.3471932 58.7785244
v 7.92975351 -80.5121362 58.7785244
v 1.98152016e-14 -80.9017003 58.7785244
v 0.0 -85.2640152 52.2498548
v -8.35733488 -84.8534465 52.2498548
v -16.6341841 -83.6256921 52.2498548
v -24.7508377 -81.5925777 52.2498548
v -32.6291263 -78.7736773 52.2498548
v -40.1931792 -75.196147 52.2498548
v -47.3701507 -70.894438 52.2498548
v -54.0909171 -65.9099758 52.2498548
v -60.2907658 -60.2907658 52.2498548
v -65.9099758 -54.0909171 52.2498548
v -70.894438 -47.3701507 52.2498548
v -75.196147 -40.1931792 52.2498548
v -78.7736773 -32.6291263 52.2498548
v -81.5925777 -24.7508377 52.2498548
v -83.6256921 -16.6341841 52.2498548
v -84.8534465 -8.35733488 52.2498548
v -85.2640152 -5.22091521e-15 52.2498548
v -84.8534465 8.35733488 52.2498548
v -83.6256921 16.6341841 52.2498548
v -81.5925777 24.7508377 52.2498548
v -78.7736773 32.6291263 52.2498548
v -75.196147 40.1931792 52.2498548
v -70.894438 47.3701507 52.2498548
v -65.9099758 54.0909171 52.2498548
v -60.2907658 60.2907658 52.2498548
v -54.0909171 65.9099758 52.2498548
v -47.3701507 70.894438 52.2498548
v -40.1931792 75.196147 52.2498548
v -32.6291263 78.7736773 52.2498548
v -24.7508377 81.5925777 52.2498548
v -16.6341841 83.6256921 52.2498548
v -8.35733488 84.8534465 52.2498548
v -1.04418304e-14 85.2640152 52.2498548
v 8.35733488 84.8534465 52.2498548
v 16.6341841 83.6256921 52.2498548
v 24.7508377 81.5925777 52.2498548
v 32.6291263 78.7736773 52.2498548
v 40.1931792 75.196147 52.2498548
v 47.3701507 70.894438 52.2498548
v 54.0909171 65.9099758 52.2498548
v 60.2907658 60.2907658 52.2498548
v 65.9099758 54.0909171 52.2498548
v 70.894438 47.3701507 52.2498548
v 75.196147 40.1931792 52.2498548
v 78.7736773 32.6291263 52.2498548
v 81.5925777 24.7508377 52.2498548
v 83.6256921 16.6341841 52.2498548
v 84.8534465 8.35733488 52.2498548
v 85.2640152 1.56627456e-14 52.2498548
v 84.8534465 -8.35733488 52.2498548
v 83.6256921 -16.6341841 52.2498548
v 81.5925777 -24.7508377 52.2498548
v 78.7736773 -32.6291263 52.2498548
v 75.196147 -40.1931792 52.2498548
v 70.894438 -47.3701507 52.2498548
v 65.9099758 -54.0909171 52.2498548
v 60.2907658 -60.2907658 52.2498548
v 54.0909171 -65.9099758 52.2498548
v 47.3701507 -70.894438 52.2498548
v 40.1931792 -75.196147 52.2498548
v 32.6291263 -78.7736773 52.2498548
v 24.7508377 -81.5925777 52.2498548
v 16.6341841 -83.6256921 52.2498548
v 8.35733488 -84.8534465 52.2498548
v 2.08836608e-14 -85.2640152 52.2498548
v 0.0 -89.1006529 45.3990489
v -8.73339102 -88.6716068 45.3990489
v -17.3826754 -87.3886108 45.3990489
v -25.8645535 -85.2640092 45.3990489
v -34.0973437 -82.3182702 45.3990489
v -42.001757 -78.5797596 45.3990489
v -49.5016694 -74.0844846 45.3990489
v -56.5248549 -68.875736 45.3990489
v -63.0036771 -63.0036771 45.3990489
v -68.875736 -56.5248549 45.3990489
v -74.0844846 -49.5016694 45.3990489
v -78.5797596 -42.001757 45.3990489
v -82.3182702 -34.0973437 45.3990489
v -85.2640092 -25.8645535 45.3990489
v -87.3886108 -17.3826754 45.3990489
v -88.6716068 -8.73339102 45.3990489
v -89.1006529 -5.45584145e-15 45.3990489
v -88.6716068 8.73339102 45.3990489
v -87.3886108 17.3826754 45.3990489
v -85.2640092 25.8645535 45.3990489
v -82.3182702 34.0973437 45.3990489
v -78.5797596 42.001757 45.3990489
v -74.0844846 49.5016694 45.3990489
v -68.875736 56.5248549 45.3990489
v -63.0036771 63.0036771 45.3990489
v -56.5248549 68.875736 45.3990489
v -49.5016694 74.0844846 45.3990489
v -42.001757 78.5797596 45.3990489
v -34.0973437 82.3182702 45.3990489
v -25.8645535 85.2640092 45.3990489
v -17.3826754 87.3886108 45.3990489
v -8.73339102 88.6716068 45.3990489
v -1.09116829e-14 89.1006529 45.3990489
v 8.73339102 88.6716068 45.3990489
v 17.3826754 87.3886108 45.3990489
v 25.8645535 85.2640092 45.3990489
v 34.0973437 82.3182702 45.3990489
v 42.001757 78.5797596 45.3990489
v 49.5016694 74.0844846 45.3990489
v 56.5248549 68.875736 45.3990489
v 63.0036771 63.0036771 45.3990489
v 68.875736 56.5248549 45.3990489
v 74.0844846 49.5016694 45.3990489
v 78.5797596 42.001757 45.3990489
v 82.3182702 34.0973437 45.3990489
v 85.2640092 25.8645535 45.3990489
v 87.3886108 17.3826754 45.3990489
v 88.6716068 8.73339102 45.3990489
v 89.1006529 1.63675247e-14 45.3990489
v 88.6716068 -8.73339102 45.3990489
v 87.3886108 -17.3826754 45.3990489
v 85.2640092 -25.8645535 45.3990489
v 82.3182702 -34.0973437 45.3990489
v 78.5797596 -42.001757 45.3990489
v 74.0844846 -49.5016694 45.3990489
v 68.875736 -56.5248549 45.3990489
v 63.0036771 -63.0036771 45.3990489
v 56.5248549 -68.875736 45.3990489
v 49.5016694 -74.0844846 45.3990489
v 42.001757 -78.5797596 45.3990489
v 34.0973437 -82.3182702 45.3990489
v 25.8645535 -85.2640092 45.3990489
v 17.3826754 -87.3886108 45.3990489
v 8.73339102 -88.6716068 45.3990489
v 2.18233658e-14 -89.1006529 45.3990489
v 0.0 -92.3879504 38.2683426
v -9.0556033 -91.9430792 38.2683426
v -18.0239961 -90.6127453 38.2683426
v -26.8188059 -88.4097576 38.2683426
v -35.3553385 -85.3553414 38.2683426
v -43.5513794 -81.4788997 38.2683426
v -51.3279974 -76.8177748 38.2683426
v -58.6102962 -71.4168549 38.2683426
v -65.328151 -65.328151 38.2683426
v -71.4168549 -58.6102962 38.2683426
v -76.8177748 -51.3279974 38.2683426
v -81.4788997 -43.5513794 38.2683426
v -85.3553414 -35.3553385 38.2683426
v -88.4097576 -26.8188059 38.2683426
v -90.6127453 -18.0239961 38.2683426
v -91.9430792 -9.0556033 38.2683426
v -92.3879504 -5.65713056e-15 38.2683426
v -91.9430792 9.0556033 38.2683426
v -90.6127453 18.0239961 38.2683426
v -88.4097576 26.8188059 38.2683426
v -85.3553414 35.3553385 38.2683426
v -81.4788997 43.5513794 38.2683426
v -76.8177748 51.3279974 38.2683426
v -71.4168549 58.6102962 38.2683426
v -65.328151 65.328151 38.2683426
v -58.6102962 71.4168549 38.2683426
v -51.3279974 76.8177748 38.2683426
v -43.5513794 81.4788997 38.2683426
v -35.3553385 85.3553414 38.2683426
v -26.8188059 88.4097576 38.2683426
v -18.0239961 90.6127453 38.2683426
v -9.0556033 91.9430792 38.2683426
v -1.13142611e-14 92.3879504 38.2683426
v 9.0556033 91.9430792 38.2683426
v 18.0239961 90.6127453 38.2683426
v 26.8188059 88.4097576 38.2683426
v 35.3553385 85.3553414 38.2683426
v 43.5513794 81.4788997 38.2683426
v 51.3279974 76.8177748 38.2683426
v 58.6102962 71.4168549 38.2683426
v 65.328151 65.328151 38.2683426
v 71.4168549 58.6102962 38.2683426
v 76.8177748 51.3279974 38.2683426
v 81.4788997 43.5513794 38.2683426
v 85.3553414 35.3553385 38.2683426
v 88.4097576 26.8188059 38.2683426
v 90.6127453 18.0239961 38.2683426
v 91.9430792 9.0556033 38.2683426
v 92.3879504 1.69713917e-14 38.2683426
v 91.9430792 -9.0556033 38.2683426
v 90.6127453 -18.0239961 38.2683426
v 88.4097576 -26.8188059 38.2683426
v 85.3553414 -35.3553385 38.2683426
v 81.4788997 -43.5513794 38.2683426
v 76.8177748 -51.3279974 38.2683426
v 71.4168549 -58.6102962 38.2683426
v 65.328151 -65.328151 38.2683426
v 58.6102962 -71.4168549 38.2683426
v 51.3279974 -76.8177748 38.2683426
v 43.5513794 -81.4788997 38.2683426
v 35.3553385 -85.3553414 38.2683426
v 26.8188059 -88.4097576 38.2683426
v 18.0239961 -90.6127453 38.2683426
v 9.0556033 -91.9430792 38.2683426
v 2.26285222e-14 -92.3879504 38.2683426
v 0.0 -95.105654 30.9017003
v -9.3219839 -94.6476936 30.9017003
v -18.5541928 -93.2782233 30.9017003
v -27.6077121 -91.0104334 30.9017003
v -36.3953561 -87.8661633 30.9017003
v -44.8324949 -83.8756979 30.9017003
v -52.8378665 -79.0774584 30.9017003
v -60.3343844 -73.5176623 30.9017003
v -67.2498524 -67.2498524 30.9017003
v -73.5176623 -60.3343844 30.9017003
v -79.0774584 -52.8378665 30.9017003
v -83.8756979 -44.8324949 30.9017003
v -87.8661633 -36.3953561 30.9017003
v -91.0104334 -27.6077121 30.9017003
v -93.2782233 -18.5541928 30.9017003
v -94.6476936 -9.3219839 30.9017003
v -95.105654 -5.82354143e-15 30.9017003
v -94.6476936 9.3219839 30.9017003
v -93.2782233 18.5541928 30.9017003
v -91.0104334 27.6077121 30.9017003
v -87.8661633 36.3953561 30.9017003
v -83.8756979 44.8324949 30.9017003
v -79.0774584 52.8378665 30.9017003
v -73.5176623 60.3343844 30.9017003
v -67.2498524 67.2498524 30.9017003
v -60.3343844 73.5176623 30.9017003
v -52.8378665 79.0774584 30.9017003
v -44.8324949 83.8756979 30.9017003
v -36.3953561 87.8661633 30.9017003
v -27.6077121 91.0104334 30.9017003
v -18.5541928 93.2782233 30.9017003
v -9.3219839 94.6476936 30.9017003
v -1.16470829e-14 95.105654 30.9017003
v 9.3219839 94.6476936 30.9017003
v 18.5541928 93.2782233 30.9017003
v 27.6077121 91.0104334 30.9017003
v 36.3953561 87.8661633 30.9017003
v 44.8324949 83.8756979 30.9017003
v 52.8378665 79.0774584 30.9017003
v 60.3343844 73.5176623 30.9017003
v 67.2498524 67.2498524 30.9017003
v 73.5176623 60.3343844 30.9017003
v 79.0774584 52.8378665 30.9017003
v 83.8756979 44.8324949 30.9017003
v 87.8661633 36.3953561 30.9017003
v 91.0104334 27.6077121 30.9017003
v 93.2782233 18.5541928 30.9017003
v 94.6476936 9.3219839 30.9017003
v 95.105654 1.7470625e-14 30.9017003
v 94.6476936 -9.3219839 30.9017003
v 93.2782233 -18.5541928 30.9017003
v 91.0104334 -27.6077121 30.9017003
v 87.8661633 -36.3953561 30.9017003
v 83.8756979 -44.8324949 30.9017003
v 79.0774584 -52.8378665 30.9017003
v 73.5176623 -60.3343844 30.9017003
v 67.2498524 -67.2498524 30.9017003
v 60.3343844 -73.5176623 30.9017003
v 52.8378665 -79.0774584 30.9017003
v 44.8324949 -83.8756979 30.9017003
v 36.3953561 -87.8661633 30.9017003
v 27.6077121 -91.0104334 30.9017003
v 18.5541928 -93.2782233 30.9017003
v 9.3219839 -94.6476936 30.9017003
v 2.32941657e-14 -95.105654 30.9017003
v 0.0 -97.2369909 23.3445361
v -9.53089222 -96.7687666 23.3445361
v -18.9699963 -95.3686118 23.3445361
v -28.2264084 -93.0499971 23.3445361
v -37.210986 -89.8352683 23.3445361
v -45.8371997 -85.755372 23.3445361
v -54.0219784 -80.8496058 23.3445361
v -61.686492 -75.1652122 23.3445361
v -68.756938 -68.756938 23.3445361
v -75.1652122 -61.686492 23.3445361
v -80.8496058 -54.0219784 23.3445361
v -85.755372 -45.8371997 23.3445361
v -89.8352683 -37.210986 23.3445361
v -93.0499971 -28.2264084 23.3445361
v -95.3686118 -18.9699963 23.3445361
v -96.7687666 -9.53089222 23.3445361
v -97.2369909 -5.9540487e-15 23.3445361
v -96.7687666 9.53089222 23.3445361
v -95.3686118 18.9699963 23.3445361
v -93.0499971 28.2264084 23.3445361
v -89.8352683 37.210986 23.3445361
v -85.755372 45.8371997 23.3445361
v -80.8496058 54.0219784 23.3445361
v -75.1652122 61.686492 23.3445361
v -68.756938 68.756938 23.3445361
v -61.686492 75.1652122 23.3445361
v -54.0219784 80.8496058 23.3445361
v -45.8371997 85.755372 23.3445361
v -37.210986 89.8352683 23.3445361
v -28.2264084 93.0499971 23.3445361
v -18.9699963 95.3686118 23.3445361
v -9.53089222 96.7687666 23.3445361
v -1.19080974e-14 97.2369909 23.3445361
v 9.53089222 96.7687666 23.3445361
v 18.9699963 95.3686118 23.3445361
v 28.2264084 93.0499971 23.3445361
v 37.210986 89.8352683 23.3445361
v 45.8371997 85.755372 23.3445361
v 54.0219784 80.8496058 23.3445361
v 61.686492 75.1652122 23.3445361
v 68.756938 68.756938 23.3445361
v 75.1652122 61.686492 23.3445361
v 80.8496058 54.0219784 23.3445361
v 85.755372 45.8371997 23.3445361
v 89.8352683 37.210986 23.3445361
v 93.0499971 28.2264084 23.3445361
v 95.3686118 18.9699963 23.3445361
v 96.7687666 9.53089222 23.3445361
v 97.2369909 1.78621461e-14 23.3445361
v 96.7687666 -9.53089222 23.3445361
v 95.3686118 -18.9699963 23.3445361
v 93.0499971 -28.2264084 23.3445361
v 89.8352683 -37.210986 23.3445361
v 85.755372 -45.8371997 23.3445361
v 80.8496058 -54.0219784 23.3445361
v 75.1652122 -61.686492 23.3445361
v 68.756938 -68.756938 23.3445361
v 61.686492 -75.1652122 23.3445361
v 54.0219784 -80.8496058 23.3445361
v 45.8371997 -85.755372 23.3445361
v 37.210986 -89.8352683 23.3445361
v 28.2264084 -93.0499971 23.3445361
v 18.9699963 -95.3686118 23.3445361
v 9.53089222 -96.7687666 23.3445361
v 2.38161948e-14 -97.2369909 23.3445361
v 0.0 -98.7688363 15.6434461
v -9.68103856 -98.2932329 15.6434461
v -19.2688435 -96.8710184 15.6434461
v -28.6710799 -94.5158839 15.6434461
v -37.7971977 -91.2505031 15.6434461
v -46.559307 -87.1063352 15.6434461
v -54.8730254 -82.1232855 15.6434461
v -62.6582861 -76.3493419 15.6434461
v -69.8401153 -69.8401153 15.6434461
v -76.3493419 -62.6582861 15.6434461
v -82.1232855 -54.8730254 15.6434461
v -87.1063352 -46.559307 15.6434461
v -91.2505031 -37.7971977 15.6434461
v -94.5158839 -28.6710799 15.6434461
v -96.8710184 -19.2688435 15.6434461
v -98.2932329 -9.68103856 15.6434461
v -98.7688363 -6.04784701e-15 15.6434461
v -98.2932329 9.68103856 15.6434461
v -96.8710184 19.2688435 15.6434461
v -94.5158839 28.6710799 15.6434461
v -91.2505031 37.7971977 15.6434461
v -87.1063352 46.559307 15.6434461
v -82.1232855 54.8730254 15.6434461
v -76.3493419 62.6582861 15.6434461
v -69.8401153 69.8401153 15.6434461
v -62.6582861 76.3493419 15.6434461
v -54.8730254 82.1232855 15.6434461
v -46.559307 87.1063352 15.6434461
v -37.7971977 91.2505031 15.6434461
v -28.6710799 94.5158839 15.6434461
v -19.2688435 96.8710184 15.6434461
v -9.68103856 98.2932329 15.6434461
v -1.2095694e-14 98.7688363 15.6434461
v 9.68103856 98.2932329 15.6434461
v 19.2688435 96.8710184 15.6434461
v 28.6710799 94.5158839 15.6434461
v 37.7971977 91.2505031 15.6434461
v 46.559307 87.1063352 15.6434461
v 54.8730254 82.1232855 15.6434461
v 62.6582861 76.3493419 15.6434461
v 69.8401153 69.8401153 15.6434461
v 76.3493419 62.6582861 15.6434461
v 82.1232855 54.8730254 15.6434461
v 87.1063352 46.559307 15.6434461
v 91.2505031 37.7971977 15.6434461
v 94.5158839 28.6710799 15.6434461
v 96.8710184 19.2688435 15.6434461
v 98.2932329 9.68103856 15.6434461
v 98.7688363 1.8143541e-14 15.6434461
v 98.2932329 -9.68103856 15.6434461
v 96.8710184 -19.2688435 15.6434461
v 94.5158839 -28.6710799 15.6434461
v 91.2505031 -37.7971977 15.6434461
v 87.1063352 -46.559307 15.6434461
v 82.1232855 -54.8730254 15.6434461
v 76.3493419 -62.6582861 15.6434461
v 69.8401153 -69.8401153 15.6434461
v 62.6582861 -76.3493419 15.6434461
v 54.8730254 -82.1232855 15.6434461
v 46.559307 -87.1063352 15.6434461
v 37.7971977 -91.2505031 15.6434461
v 28.6710799 -94.5158839 15.6434461
v 19.2688435 -96.8710184 15.6434461
v 9.68103856 -98.2932329 15.6434461
v 2.4191388e-14 -98.7688363 15.6434461
v 0.0 -99.6917307 7.84590989
v -9.77149829 -99.2116928 7.84590989
v -19.4488928 -97.7761865 7.84590989
v -28.9389819 -95.39904 7.84590989
v -38.1503761 -92.1031535 7.84590989
v -46.9943583 -87.9202604 7.84590989
v -55.3857625 -82.8906476 7.84590989
v -63.2437646 -77.0627499 7.84590989
v -70.4927027 -70.4927027 7.84590989
v -77.0627499 -63.2437646 7.84590989
v -82.8906476 -55.3857625 7.84590989
v -87.9202604 -46.9943583 7.84590989
v -92.1031535 -38.1503761 7.84590989
v -95.39904 -28.9389819 7.84590989
v -97.7761865 -19.4488928 7.84590989
v -99.2116928 -9.77149829 7.84590989
v -99.6917307 -6.104358e-15 7.84590989
v -99.2116928 9.77149829 7.84590989
v -97.7761865 19.4488928 7.84590989
v -95.39904 28.9389819 7.84590989
v -92.1031535 38.1503761 7.84590989
v -87.9202604 46.9943583 7.84590989
v -82.8906476 55.3857625 7.84590989
v -77.0627499 63.2437646 7.84590989
v -70.4927027 70.4927027 7.84590989
v -63.2437646 77.0627499 7.84590989
v -55.3857625 82.8906476 7.84590989
v -46.9943583 87.9202604 7.84590989
v -38.1503761 92.1031535 7.84590989
v -28.9389819 95.39904 7.84590989
v -19.4488928 97.7761865 7.84590989
v -9.77149829 99.2116928 7.84590989
v -1.2208716e-14 99.6917307 7.84590989
v 9.77149829 99.2116928 7.84590989
v 19.4488928 97.7761865 7.84590989
v 28.9389819 95.39904 7.84590989
v 38.1503761 92.1031535 7.84590989
v 46.9943583 87.9202604 7.84590989
v 55.3857625 82.8906476 7.84590989
v 63.2437646 77.0627499 7.84590989
v 70.4927027 70.4927027 7.84590989
v 77.0627499 63.2437646 7.84590989
v 82.8906476 55.3857625 7.84590989
v 87.9202604 46.9943583 7.84590989
v 92.1031535 38.1503761 7.84590989
v 95.39904 28.9389819 7.84590989
v 97.7761865 19.4488928 7.84590989
v 99.2116928 9.77149829 7.84590989
v 99.6917307 1.83130747e-14 7.84590989
v 99.2116928 -9.77149829 7.84590989
v 97.7761865 -19.4488928 7.84590989
v 95.39904 -28.9389819 7.84590989
v 92.1031535 -38.1503761 7.84590989
v 87.9202604 -46.9943583 7.84590989
v 82.8906476 -55.3857625 7.84590989
v 77.0627499 -63.2437646 7.84590989
v 70.4927027 -70.4927027 7.84590989
v 63.2437646 -77.0627499 7.84590989
v 55.3857625 -82.8906476 7.84590989
v 46.9943583 -87.9202604 7.84590989
v 38.1503761 -92.1031535 7.84590989
v 28.9389819 -95.39904 7.84590989
v 19.4488928 -97.7761865 7.84590989
v 9.77149829 -99.2116928 7.84590989
v 2.4417432e-14 -99.6917307 7.84590989
v 0.0 -100.0 6.12323426e-15
v -9.80171412 -99.518472 6.12323426e-15
v -19.5090324 -98.0785251 6.12323426e-15
v -29.0284663 -95.6940353 6.12323426e-15
v -38.2683426 -92.3879504 6.12323426e-15
v -47.1396744 -88.1921291 6.12323426e-15
v -55.5570245 -83.1469595 6.12323426e-15
v -63.4393275 -77.3010433 6.12323426e-15
v -70.7106769 -70.7106769 6.12323426e-15
v -77.3010433 -63.4393275 6.12323426e-15
v -83.1469595 -55.5570245 6.12323426e-15
v -88.1921291 -47.1396744 6.12323426e-15
v -92.3879504 -38.2683426 6.12323426e-15
v -95.6940353 -29.0284663 6.12323426e-15
v -98.0785251 -19.5090324 6.12323426e-15
v -99.518472 -9.80171412 6.12323426e-15
v -100.0 -6.12323426e-15 6.12323426e-15
v -99.518472 9.80171412 6.12323426e-15
v -98.0785251 19.5090324 6.12323426e-15
v -95.6940353 29.0284663 6.12323426e-15
v -92.3879504 38.2683426 6.12323426e-15
v -88.1921291 47.1396744 6.12323426e-15
v -83.1469595 55.5570245 6.12323426e-15
v -77.3010433 63.4393275 6.12323426e-15
v -70.7106769 70.7106769 6.12323426e-15
v -63.4393275 77.3010433 6.12323426e-15
v -55.5570245 83.1469595 6.12323426e-15
v -47.1396744 88.1921291 6.12323426e-15
v -38.2683426 92.3879504 6.12323426e-15
v -29.0284663 95.6940353 6.12323426e-15
v -19.5090324 98.0785251 6.12323426e-15
v -9.80171412 99.518472 6.12323426e-15
v -1.22464685e-14 100.0 6.12323426e-15
v 9.80171412 99.518472 6.12323426e-15
v 19.5090324 98.0785251 6.12323426e-15
v 29.0284663 95.6940353 6.12323426e-15
v 38.2683426 92.3879504 6.12323426e-15
v 47.1396744 88.1921291 6.12323426e-15
v 55.5570245 83.1469595 6.12323426e-15
v 63.4393275 77.3010433 6.12323426e-15
v 70.7106769 70.7106769 6.12323426e-15
v 77.3010433 63.4393275 6.12323426e-15
v 83.1469595 55.5570245 6.12323426e-15
v 88.1921291 47.1396744 6.12323426e-15
v 92.3879504 38.2683426 6.12323426e-15
v 95.6940353 29.0284663 6.12323426e-15
v 98.0785251 19.5090324 6.12323426e-15
v 99.518472 9.80171412 6.12323426e-15
v 100.0 1.83697015e-14 6.12323426e-15
v 99.518472 -9.80171412 6.12323426e-15
v 98.0785251 -19.5090324 6.12323426e-15
v 95.6940353 -29.0284663 6.12323426e-15
v 92.3879504 -38.2683426 6.12323426e-15
v 88.1921291 -47.1396744 6.12323426e-15
v 83.1469595 -55.5570245 6.12323426e-15
v 77.3010433 -63.4393275 6.12323426e-15
v 70.7106769 -70.7106769 6.12323426e-15
v 63.4393275 -77.3010433 6.12323426e-15
v 55.5570245 -83.1469595 6.12323426e-15
v 47.1396744 -88.1921291 6.12323426e-15
v 38.2683426 -92.3879504 6.12323426e-15
v 29.0284663 -95.6940353 6.12323426e-15
v 19.5090324 -98.0785251 6.12323426e-15
v 9.80171412 -99.518472 6.12323426e-15
v 2.44929371e-14 -100.0 6.12323426e-15
v 0.0 -99.6917307 -7.84590989
v -9.77149829 -99.2116928 -7.84590989
v -19.4488928 -97.7761865 -7.84590989
v -28.9389819 -95.39904 -7.84590989
v -38.1503761 -92.1031535 -7.84590989
v -46.9943583 -87.9202604 -7.84590989
v -55.3857625 -82.8906476 -7.84590989
v -63.2437646 -77.0627499 -7.84590989
v -70.4927027 -70.4927027 -7.84590989
v -77.0627499 -63.2437646 -7.84590989
v -82.8906476 -55.3857625 -7.84590989
v -87.9202604 -46.9943583 -7.84590989
v -92.1031535 -38.1503761 -7.84590989
v -95.39904 -28.9389819 -7.84590989
v -97.7761865 -19.4488928 -7.84590989
v -99.2116928 -9.77149829 -7.84590989
v -99.6917307 -6.104358e-15 -7.84590989
v -99.2116928 9.77149829 -7.84590989
v -97.7761865 19.4488928 -7.84590989
v -95.39904 28.9389819 -7.84590989
v -92.1031535 38.1503761 -7.84590989
v -87.9202604 46.9943583 -7.84590989
v -82.8906476 55.3857625 -7.84590989
v -77.0627499 63.2437646 -7.84590989
v -70.4927027 70.4927027 -7.84590989
v -63.2437646 77.0627499 -7.84590989
v -55.3857625 82.8906476 -7.84590989
v -46.9943583 87.9202604 -7.84590989
v -38.1503761 92.1031535 -7.84590989
v -28.9389819 95.39904 -7.84590989
v -19.4488928 97.7761865 -7.84590989
v -9.77149829 99.2116928 -7.84590989
v -1.2208716e-14 99.6917307 -7.84590989
v 9.77149829 99.2116928 -7.84590989
v 19.4488928 97.7761865 -7.84590989
v 28.9389819 95.39904 -7.84590989
v 38.1503761 92.1031535 -7.84590989
v 46.9943583 87.9202604 -7.84590989
v 55.3857625 82.8906476 -7.84590989
v 63.2437646 77.0627499 -7.84590989
v 70.4927027 70.4927027 -7.84590989
v 77.0627499 63.2437646 -7.84590989
v 82.8906476 55.3857625 -7.84590989
v 87.9202604 46.9943583 -7.84590989
v 92.1031535 38.1503761 -7.84590989
v 95.39904 28.9389819 -7.84590989
v 97.7761865 19.4488928 -7.84590989
v 99.2116928 9.77149829 -7.84590989
v 99.6917307 1.83130747e-14 -7.84590989
v 99.2116928 -9.77149829 -7.84590989
v 97.7761865 -19.4488928 -7.84590989
v 95.39904 -28.9389819 -7.84590989
v 92.1031535 -38.1503761 -7.84590989
v 87.9202604 -46.9943583 -7.84590989
v 82.8906476 -55.3857625 -7.84590989
v 77.0627499 -63.2437646 -7.84590989
v 70.4927027 -70.4927027 -7.84590989
v 63.2437646 -77.0627499 -7.84590989
v 55.3857625 -82.8906476 -7.84590989
v 46.9943583 -87.9202604 -7.84590989
v 38.1503761 -92.1031535 -7.84590989
v 28.9389819 -95.39904 -7.84590989
v 19.4488928 -97.7761865 -7.84590989
v 9.77149829 -99.2116928 -7.84590989
v 2.4417432e-14 -99.6917307 -7.84590989
v 0.0 -98.7688363 -15.6434461
v -9.68103856 -98.2932329 -15.6434461
v -19.2688435 -96.8710184 -15.6434461
v -28.6710799 -94.5158839 -15.6434461
v -37.7971977 -91.2505031 -15.6434461
v -46.559307 -87.1063352 -15.6434461
v -54.8730254 -82.1232855 -15.6434461
v -62.6582861 -76.3493419 -15.6434461
v -69.8401153 -69.8401153 -15.6434461
v -76.3493419 -62.6582861 -15.6434461
v -82.1232855 -54.8730254 -15.6434461
v -87.1063352 -46.559307 -15.6434461
v -91.2505031 -37.7971977 -15.6434461
v -94.5158839 -28.6710799 -15.6434461
v -96.8710184 -19.2688435 -15.6434461
v -98.2932329 -9.68103856 -15.6434461
v -98.7688363 -6.04784701e-15 -15.6434461
v -98.2932329 9.68103856 -15.6434461
v -96.8710184 19.2688435 -15.6434461
v -94.5158839 28.6710799 -15.6434461
v -91.2505031 37.7971977 -15.6434461
v -87.1063352 46.559307 -15.6434461
v -82.1232855 54.8730254 -15.6434461
v -76.3493419 62.6582861 -15.6434461
v -69.8401153 69.8401153 -15.6434461
v -62.6582861 76.3493419 -15.6434461
v -54.8730254 82.1232855 -15.6434461
v -46.559307 87.1063352 -15.6434461
v -37.7971977 91.2505031 -15.6434461
v -28.6710799 94.5158839 -15.6434461
v -19.2688435 96.8710184 -15.6434461
v -9.68103856 98.2932329 -15.6434461
v -1.2095694e-14 98.7688363 -15.6434461
v 9.68103856 98.2932329 -15.6434461
v 19.2688435 96.8710184 -15.6434461
v 28.6710799 94.5158839 -15.6434461
v 37.7971977 91.2505031 -15.6434461
v 46.559307 87.1063352 -15.6434461
v 54.8730254 82.1232855 -15.6434461
v 62.6582861 76.3493419 -15.6434461
v 69.8401153 69.8401153 -15.6434461
v 76.3493419 62.6582861 -15.6434461
v 82.1232855 54.8730254 -15.6434461
v 87.1063352 46.559307 -15.6434461
v 91.2505031 37.7971977 -15.6434461
v 94.5158839 28.6710799 -15.6434461
v 96.8710184 19.2688435 -15.6434461
v 98.2932329 9.68103856 -15.6434461
v 98.7688363 1.8143541e-14 -15.6434461
v 98.2932329 -9.68103856 -15.6434461
v 96.8710184 -19.2688435 -15.6434461
v 94.5158839 -28.6710799 -15.6434461
v 91.2505031 -37.7971977 -15.6434461
v 87.1063352 -46.559307 -15.6434461
v 82.1232855 -54.8730254 -15.6434461
v 76.3493419 -62.6582861 -15.6434461
v 69.8401153 -69.8401153 -15.6434461
v 62.6582861 -76.3493419 -15.6434461
v 54.8730254 -82.1232855 -15.6434461
v 46.559307 -87.1063352 -15.6434461
v 37.7971977 -91.2505031 -15.6434461
v 28.6710799 -94.5158839 -15.6434461
v 19.2688435 -96.8710184 -15.6434461
v 9.68103856 -98.2932329 -15.6434461
v 2.4191388e-14 -98.7688363 -15.6434461
v 0.0 -97.2369909 -23.3445361
v -9.53089222 -96.7687666 -23.3445361
v -18.9699963 -95.3686118 -23.3445361
v -28.2264084 -93.0499971 -23.3445361
v -37.210986 -89.8352683 -23.3445361
v -45.8371997 -85.755372 -23.3445361
v -54.0219784 -80.8496058 -23.3445361
v -61.686492 -75.1652122 -23.3445361
v -68.756938 -68.756938 -23.3445361
v -75.1652122 -61.686492 -23.3445361
v -80.8496058 -54.0219784 -23.3445361
v -85.755372 -45.8371997 -23.3445361
v -89.8352683 -37.210986 -23.3445361
v -93.0499971 -28.2264084 -23.3445361
v -95.3686118 -18.9699963 -23.3445361
v -96.7687666 -9.53089222 -23.3445361
v -97.2369909 -5.9540487e-15 -23.3445361
v -96.7687666 9.53089222 -23.3445361
v -95.3686118 18.9699963 -23.3445361
v -93.0499971 28.2264084 -23.3445361
v -89.8352683 37.210986 -23.3445361
v -85.755372 45.8371997 -23.3445361
v -80.8496058 54.0219784 -23.3445361
v -75.1652122 61.686492 -23.3445361
v -68.756938 68.756938 -23.3445361
v -61.686492 75.1652122 -23.3445361
v -54.0219784 80.8496058 -23.3445361
v -45.8371997 85.755372 -23.3445361
v -37.210986 89.8352683 -23.3445361
v -28.2264084 93.0499971 -23.3445361
v -18.9699963 95.3686118 -23.3445361
v -9.53089222 96.7687666 -23.3445361
v -1.19080974e-14 97.2369909 -23.3445361
v 9.53089222 96.7687666 -23.3445361
v 18.9699963 95.3686118 -23.3445361
v 28.2264084 93.0499971 -23.3445361
v 37.210986 89.8352683 -23.3445361
v 45.8371997 85.755372 -23.3445361
v 54.0219784 80.8496058 -23.3445361
v 61.686492 75.1652122 -23.3445361
v 68.756938 68.756938 -23.3445361
v 75.1652122 61.686492 -23.3445361
v 80.8496058 54.0219784 -23.3445361
v 85.755372 45.8371997 -23.3445361
v 89.8352683 37.210986 -23.3445361
v 93.0499971 28.2264084 -23.3445361
v 95.3686118 18.9699963 -23.3445361
v 96.7687666 9.53089222 -23.3445361
v 97.2369909 1.78621461e-14 -23.3445361
v 96.7687666 -9.53089222 -23.3445361
v 95.3686118 -18.9699963 -23.3445361
v 93.0499971 -28.2264084 -23.3445361
v 89.8352683 -37.210986 -23.3445361
v 85.755372 -45.8371997 -23.3445361
v 80.8496058 -54.0219784 -23.3445361
v 75.1652122 -61.686492 -23.3445361
v 68.756938 -68.756938 -23.3445361
v 61.686492 -75.1652122 -23.3445361
v 54.0219784 -80.8496058 -23.3445361
v 45.8371997 -85.755372 -23.3445361
v 37.210986 -89.8352683 -23.3445361
v 28.2264084 -93.0499971 -23.3445361
v 18.9699963 -95.3686118 -23.3445361
v 9.53089222 -96.7687666 -23.3445361
v 2.38161948e-14 -97.2369909 -23.3445361
v 0.0 -95.105654 -30.9017003
v -9.3219839 -94.6476936 -30.9017003
v -18.5541928 -93.2782233 -30.9017003
v -27.6077121 -91.0104334 -30.9017003
v -36.3953561 -87.8661633 -30.9017003
v -44.8324949 -83.8756979 -30.9017003
v -52.8378665 -79.0774584 -30.9017003
v -60.3343844 -73.5176623 -30.9017003
v -67.2498524 -67.2498524 -30.9017003
v -73.5176623 -60.3343844 -30.9017003
v -79.0774584 -52.8378665 -30.9017003
v -83.8756979 -44.8324949 -30.9017003
v -87.8661633 -36.3953561 -30.9017003
v -91.0104334 -27.6077121 -30.9017003
v -93.2782233 -18.5541928 -30.9017003
v -94.6476936 -9.3219839 -30.9017003
v -95.105654 -5.82354143e-15 -30.9017003
v -94.6476936 9.3219839 -30.9017003
v -93.2782233 18.5541928 -30.9017003
v -91.0104334 27.6077121 -30.9017003
v -87.8661633 36.3953561 -30.9017003
v -83.8756979 44.8324949 -30.9017003
v -79.0774584 52.8378665 -30.9017003
v -73.5176623 60.3343844 -30.9017003
v -67.2498524 67.2498524 -30.9017003
v -60.3343844 73.5176623 -30.9017003
v -52.8378665 79.0774584 -30.9017003
v -44.8324949 83.8756979 -30.9017003
v -36.3953561 87.8661633 -30.9017003
v -27.6077121 91.0104334 -30.9017003
v -18.5541928 93.2782233 -30.9017003
v -9.3219839 94.6476936 -30.9017003
v -1.16470829e-14 95.105654 -30.9017003
v 9.3219839 94.6476936 -30.9017003
v 18.5541928 93.2782233 -30.9017003
v 27.6077121 91.0104334 -30.9017003
v 36.3953561 87.8661633 -30.9017003
v 44.8324949 83.8756979 -30.9017003
v 52.8378665 79.0774584 -30.9017003
v 60.3343844 73.5176623 -30.9017003
v 67.2498524 67.2498524 -30.9017003
v 73.5176623 60.3343844 -30.9017003
v 79.0774584 52.8378665 -30.9017003
v 83.8756979 44.8324949 -30.9017003
v 87.8661633 36.3953561 -30.9017003
v 91.0104334 27.6077121 -30.9017003
v 93.2782233 18.5541928 -30.9017003
v 94.6476936 9.3219839 -30.9017003
v 95.105654 1.7470625e-14 -30.9017003
v 94.6476936 -9.3219839 -30.9017003
v 93.2782233 -18.5541928 -30.9017003
v 91.0104334 -27.6077121 -30.9017003
v 87.8661633 -36.3953561 -30.9017003
v 83.8756979 -44.8324949 -30.9017003
v 79.0774584 -52.8378665 -30.9017003
v 73.5176623 -60.3343844 -30.9017003
v 67.2498524 -67.2498524 -30.9017003
v 60.3343844 -73.5176623 -30.9017003
v 52.8378665 -79.0774584 -30.9017003
v 44.8324949 -83.8756979 -30.9017003
v 36.3953561 -87.8661633 -30.9017003
v 27.6077121 -91.0104334 -30.9017003
v 18.5541928 -93.2782233 -30.9017003
v 9.3219839 -94.6476936 -30.9017003
v 2.32941657e-14 -95.105654 -30.9017003
v 0.0 -92.3879504 -38.2683426
v -9.0556033 -91.9430792 -38.2683426
v -18.0239961 -90.6127453 -38.2683426
v -26.8188059 -88.4097576 -38.2683426
v -35.3553385 -85.3553414 -38.2683426
v -43.5513794 -81.4788997 -38.2683426
v -51.3279974 -76.8177748 -38.2683426
v -58.6102962 -71.4168549 -38.2683426
v -65.328151 -65.328151 -38.2683426
v -71.4168549 -58.6102962 -38.2683426
v -76.8177748 -51.3279974 -38.2683426
v -81.4788997 -43.5513794 -38.2683426
v -85.3553414 -35.3553385 -38.2683426
v -88.4097576 -26.8188059 -38.2683426
v -90.6127453 -18.0239961 -38.2683426
v -91.9430792 -9.0556033 -38.2683426
v -92.3879504 -5.65713056e-15 -38.2683426
v -91.9430792 9.0556033 -38.2683426
v -90.6127453 18.0239961 -38.2683426
v -88.4097576 26.8188059 -38.2683426
v -85.3553414 35.3553385 -38.2683426
v -81.4788997 43.5513794 -38.2683426
v -76.8177748 51.3279974 -38.2683426
v -71.4168549 58.6102962 -38.2683426
v -65.328151 65.328151 -38.2683426
v -58.6102962 71.4168549 -38.2683426
v -51.3279974 76.8177748 -38.2683426
v -43.5513794 81.4788997 -38.2683426
v -35.3553385 85.3553414 -38.2683426
v -26.8188059 88.4097576 -38.2683426
v -18.0239961 90.6127453 -38.2683426
v -9.0556033 91.9430792 -38.2683426
v -1.13142611e-14 92.3879504 -38.2683426
v 9.0556033 91.9430792 -38.2683426
v 18.0239961 90.6127453 -38.2683426
v 26.8188059 88.4097576 -38.2683426
v 35.3553385 85.3553414 -38.2683426
v 43.5513794 81.4788997 -38.2683426
v 51.3279974 76.8177748 -38.2683426
v 58.6102962 71.4168549 -38.2683426
v 65.328151 65.328151 -38.2683426
v 71.4168549 58.6102962 -38.2683426
v 76.8177748 51.3279974 -38.2683426
v 81.4788997 43.5513794 -38.2683426
v 85.3553414 35.3553385 -38.2683426
v 88.4097576 26.8188059 -38.2683426
v 90.6127453 18.0239961 -38.2683426
v 91.9430792 9.0556033 -38.2683426
v 92.3879504 1.69713917e-14 -38.2683426
v 91.9430792 -9.0556033 -38.2683426
v 90.6127453 -18.0239961 -38.2683426
v 88.4097576 -26.8188059 -38.2683426
v 85.3553414 -35.3553385 -38.2683426
v 81.4788997 -43.5513794 -38.2683426
v 76.8177748 -51.3279974 -38.2683426
v 71.4168549 -58.6102962 -38.2683426
v 65.328151 -65.328151 -38.2683426
v 58.6102962 -71.4168549 -38.2683426
v 51.3279974 -76.8177748 -38.2683426
v 43.5513794 -81.4788997 -38.2683426
v 35.3553385 -85.3553414 -38.2683426
v 26.8188059 -88.4097576 -38.2683426
v 18.0239961 -90.6127453 -38.2683426
v 9.0556033 -91.9430792 -38.2683426
v 2.26285222e-14 -92.3879504 -38.2683426
v 0.0 -89.1006529 -45.3990489
v -8.73339102 -88.6716068 -45.3990489
v -17.3826754 -87.3886108 -45.3990489
v -25.8645535 -85.2640092 -45.3990489
v -34.0973437 -82.3182702 -45.3990489
v -42.001757 -78.5797596 -45.3990489
v -49.5016694 -74.0844846 -45.3990489
v -56.5248549 -68.875736 -45.3990489
v -63.0036771 -63.0036771 -45.3990489
v -68.875736 -56.5248549 -45.3990489
v -74.0844846 -49.5016694 -45.3990489
v -78.5797596 -42.001757 -45.3990489
v -82.3182702 -34.0973437 -45.3990489
v -85.2640092 -25.8645535 -45.3990489
v -87.3886108 -17.3826754 -45.3990489
v -88.6716068 -8.73339102 -45.3990489
v -89.1006529 -5.45584145e-15 -45.3990489
v -88.6716068 8.73339102 -45.3990489
v -87.3886108 17.3826754 -45.3990489
v -85.2640092 25.8645535 -45.3990489
v -82.3182702 34.0973437 -45.3990489
v -78.5797596 42.001757 -45.3990489
v -74.0844846 49.5016694 -45.3990489
v -68.875736 56.5248549 -45.3990489
v -63.0036771 63.0036771 -45.3990489
v -56.5248549 68.875736 -45.3990489
v -49.5016694 74.0844846 -45.3990489
v -42.001757 78.5797596 -45.3990489
v -34.0973437 82.3182702 -45.3990489
v -25.8645535 85.2640092 -45.3990489
v -17.3826754 87.3886108 -45.3990489
v -8.73339102 88.6716068 -45.3990489
v -1.09116829e-14 89.1006529 -45.3990489
v 8.73339102 88.6716068 -45.3990489
v 17.3826754 87.3886108 -45.3990489
v 25.8645535 85.2640092 -45.3990489
v 34.0973437 82.3182702 -45.3990489
v 42.001757 78.5797596 -45.3990489
v 49.5016694 74.0844846 -45.3990489
v 56.5248549 68.875736 -45.3990489
v 63.0036771 63.0036771 -45.3990489
v 68.875736 56.5248549 -45.3990489
v 74.0844846 49.5016694 -45.3990489
v 78.5797596 42.001757 -45.3990489
v 82.3182702 34.0973437 -45.3990489
v 85.2640092 25.8645535 -45.3990489
v 87.3886108 17.3826754 -45.3990489
v 88.6716068 8.73339102 -45.3990489
v 89.1006529 1.63675247e-14 -45.3990489
v 88.6716068 -8.73339102 -45.3990489
v 87.3886108 -17.3826754 -45.3990489
v 85.2640092 -25.8645535 -45.3990489
v 82.3182702 -34.0973437 -45.3990489
v 78.5797596 -42.001757 -45.3990489
v 74.0844846 -49.5016694 -45.3990489
v 68.875736 -56.5248549 -45.3990489
v 63.0036771 -63.0036771 -45.3990489
v 56.5248549 -68.875736 -45.3990489
v 49.5016694 -74.0844846 -45.3990489
v 42.001757 -78.5797596 -45.3990489
v 34.0973437 -82.3182702 -45.3990489
v 25.8645535 -85.2640092 -45.3990489
v 17.3826754 -87.3886108 -45.3990489
v 8.73339102 -88.6716068 -45.3990489
v 2.18233658e-14 -89.1006529 -45.3990489
v 0.0 -85.2640152 -52.2498548
v -8.35733488 -84.8534465 -52.2498548
v -16.6341841 -83.6256921 -52.2498548
v -24.7508377 -81.5925777 -52.2498548
v -32.6291263 -78.7736773 -52.2498548
v -40.1931792 -75.196147 -52.2498548
v -47.3701507 -70.894438 -52.2498548
v -54.0909171 -65.9099758 -52.2498548
v -60.2907658 -60.2907658 -52.2498548
v -65.9099758 -54.0909171 -52.2498548
v -70.894438 -47.3701507 -52.2498548
v -75.196147 -40.1931792 -52.2498548
v -78.7736773 -32.6291263 -52.2498548
v -81.5925777 -24.7508377 -52.2498548
v -83.6256921 -16.6341841 -52.2498548
v -84.8534465 -8.35733488 -52.2498548
v -85.2640152 -5.22091521e-15 -52.2498548
v -84.8534465 8.35733488 -52.2498548
v -83.6256921 16.6341841 -52.2498548
v -81.5925777 24.7508377 -52.2498548
v -78.7736773 32.6291263 -52.2498548
v -75.196147 40.1931792 -52.2498548
v -70.894438 47.3701507 -52.2498548
v -65.9099758 54.0909171 -52.2498548
v -60.2907658 60.2907658 -52.2498548
v -54.0909171 65.9099758 -52.2498548
v -47.3701507 70.894438 -52.2498548
v -40.1931792 75.196147 -52.2498548
v -32.6291263 78.7736773 -52.2498548
v -24.7508377 81.5925777 -52.2498548
v -16.6341841 83.6256921 -52.2498548
v -8.35733488 84.8534465 -52.2498548
v -1.04418304e-14 85.2640152 -52.2498548
v 8.35733488 84.8534465 -52.2498548
v 16.6341841 83.6256921 -52.2498548
v 24.7508377 81.5925777 -52.2498548
v 32.6291263 78.7736773 -52.2498548
v 40.1931792 75.196147 -52.2498548
v 47.3701507 70.894438 -52.2498548
v 54.0909171 65.9099758 -52.2498548
v 60.2907658 60.2907658 -52.2498548
v 65.9099758 54.0909171 -52.2498548
v 70.894438 47.3701507 -52.2498548
v 75.196147 40.1931792 -52.2498548
v 78.7736773 32.6291263 -52.2498548
v 81.5925777 24.7508377 -52.2498548
v 83.6256921 16.6341841 -52.2498548
v 84.8534465 8.35733488 -52.2498548
v 85.2640152 1.56627456e-14 -52.2498548
v 84.8534465 -8.35733488 -52.2498548
v 83.6256921 -16.6341841 -52.2498548
v 81.5925777 -24.7508377 -52.2498548
v 78.7736773 -32.6291263 -52.2498548
v 75.196147 -40.1931792 -52.2498548
v 70.894438 -47.3701507 -52.2498548
v 65.9099758 -54.0909171 -52.2498548
v 60.2907658 -60.2907658 -52.2498548
v 54.0909171 -65.9099758 -52.2498548
v 47.3701507 -70.894438 -52.2498548
v 40.1931792 -75.196147 -52.2498548
v 32.6291263 -78.7736773 -52.2498548
v 24.7508377 -81.5925777 -52.2498548
v 16.6341841 -83.6256921 -52.2498548
v 8.35733488 -84.8534465 -52.2498548
v 2.08836608e-14 -85.2640152 -52.2498548
v 0.0 -80.9017003 -58.7785244
v -7.92975351 -80.5121362 -58.7785244
v -15.7831386 -79.3471932 -58.7785244
v -23.4845236 -77.4181008 -58.7785244
v -30.9597403 -74.7434258 -58.7785244
v -38.1367981 -71.3489294 -58.7785244
v -44.9465752 -67.2673047 -58.7785244
v -51.3234973 -62.5378609 -58.7785244
v -57.2061419 -57.2061419 -58.7785244
v -62.5378609 -51.3234973 -58.7785244
v -67.2673047 -44.9465752 -58.7785244
v -71.3489294 -38.1367981 -58.7785244
v -74.7434258 -30.9597403 -58.7785244
v -77.4181008 -23.4845236 -58.7785244
v -79.3471932 -15.7831386 -58.7785244
v -80.5121362 -7.92975351 -58.7785244
v -80.9017003 -4.95380039e-15 -58.7785244
v -80.5121362 7.92975351 -58.7785244
v -79.3471932 15.7831386 -58.7785244
v -77.4181008 23.4845236 -58.7785244
v -74.7434258 30.9597403 -58.7785244
v -71.3489294 38.1367981 -58.7785244
v -67.2673047 44.9465752 -58.7785244
v -62.5378609 51.3234973 -58.7785244
v -57.2061419 57.2061419 -58.7785244
v -51.3234973 62.5378609 -58.7785244
v -44.9465752 67.2673047 -58.7785244
v -38.1367981 71.3489294 -58.7785244
v -30.9597403 74.7434258 -58.7785244
v -23.4845236 77.4181008 -58.7785244
v -15.7831386 79.3471932 -58.7785244
v -7.92975351 80.5121362 -58.7785244
v -9.90760079e-15 80.9017003 -58.7785244
v 7.92975351 80.5121362 -58.7785244
v 15.7831386 79.3471932 -58.7785244
v 23.4845236 77.4181008 -58.7785244
v 30.9597403 74.7434258 -58.7785244
v 38.1367981 71.3489294 -58.7785244
v 44.9465752 67.2673047 -58.7785244
v 51.3234973 62.5378609 -58.7785244
v 57.2061419 57.2061419 -58.7785244
v 62.5378609 51.3234973 -58.7785244
v 67.2673047 44.9465752 -58.7785244
v 71.3489294 38.1367981 -58.7785244
v 74.7434258 30.9597403 -58.7785244
v 77.4181008 23.4845236 -58.7785244
v 79.3471932 15.7831386 -58.7785244
v 80.5121362 7.92975351 -58.7785244
v 80.9017003 1.48614008e-14 -58.7785244
v 80.5121362 -7.92975351 -58.7785244
v 79.3471932 -15.7831386 -58.7785244
v 77.4181008 -23.4845236 -58.7785244
v 74.7434258 -30.9597403 -58.7785244
v 71.3489294 -38.1367981 -58.7785244
v 67.2673047 -44.9465752 -58.7785244
v 62.5378609 -51.3234973 -58.7785244
v 57.2061419 -57.2061419 -58.7785244
v 51.3234973 -62.5378609 -58.7785244
v 44.9465752 -67.2673047 -58.7785244
v 38.1367981 -71.3489294 -58.7785244
v 30.9597403 -74.7434258 -58.7785244
v 23.4845236 -77.4181008 -58.7785244
v 15.7831386 -79.3471932 -58.7785244
v 7.92975351 -80.5121362 -58.7785244
v 1.98152016e-14 -80.9017003 -58.7785244
v 0.0 -76.0405958 -64.9448037
v -7.45328218 -75.6744385 -64.9448037
v -14.834784 -74.5794952 -64.9448037
v -22.0734194 -72.7663159 -64.9448037
v -29.0994763 -70.252353 -64.9448037
v -35.8452886 -67.0618176 -64.9448037
v -42.2458917 -63.2254481 -64.9448037
v -48.2396424 -58.7801754 -64.9448037
v -53.7688196 -53.7688196 -64.9448037
v -58.7801754 -48.2396424 -64.9448037
v -63.2254481 -42.2458917 -64.9448037
v -67.0618176 -35.8452886 -64.9448037
v -70.252353 -29.0994763 -64.9448037
v -72.7663159 -22.0734194 -64.9448037
v -74.5794952 -14.834784 -64.9448037
v -75.6744385 -7.45328218 -64.9448037
v -76.0405958 -4.65614375e-15 -64.9448037
v -75.6744385 7.45328218 -64.9448037
v -74.5794952 14.834784 -64.9448037
v -72.7663159 22.0734194 -64.9448037
v -70.252353 29.0994763 -64.9448037
v -67.0618176 35.8452886 -64.9448037
v -63.2254481 42.2458917 -64.9448037
v -58.7801754 48.2396424 -64.9448037
v -53.7688196 53.7688196 -64.9448037
v -48.2396424 58.7801754 -64.9448037
v -42.2458917 63.2254481 -64.9448037
v -35.8452886 67.0618176 -64.9448037
v -29.0994763 70.252353 -64.9448037
v -22.0734194 72.7663159 -64.9448037
v -14.834784 74.5794952 -64.9448037
v -7.45328218 75.6744385 -64.9448037
v -9.3122875e-15 76.0405958 -64.9448037
v 7.45328218 75.6744385 -64.9448037
v 14.834784 74.5794952 -64.9448037
v 22.0734194 72.7663159 -64.9448037
v 29.0994763 70.252353 -64.9448037
v 35.8452886 67.0618176 -64.9448037
v 42.2458917 63.2254481 -64.9448037
v 48.2396424 58.7801754 -64.9448037
v 53.7688196 53.7688196 -64.9448037
v 58.7801754 48.2396424 -64.9448037
v 63.2254481 42.2458917 -64.9448037
v 67.0618176 35.8452886 -64.9448037
v 70.252353 29.0994763 -64.9448037
v 72.7663159 22.0734194 -64.9448037
v 74.5794952 14.834784 -64.9448037
v 75.6744385 7.45328218 -64.9448037
v 76.0405958 1.39684309e-14 -64.9448037
v 75.6744385 -7.45328218 -64.9448037
v 74.5794952 -14.834784 -64.9448037
v 72.7663159 -22.0734194 -64.9448037
v 70.252353 -29.0994763 -64.9448037
v 67.0618176 -35.8452886 -64.9448037
v 63.2254481 -42.2458917 -64.9448037
v 58.7801754 -48.2396424 -64.9448037
v 53.7688196 -53.7688196 -64.9448037
v 48.2396424 -58.7801754 -64.9448037
v 42.2458917 -63.2254481 -64.9448037
v 35.8452886 -67.0618176 -64.9448037
v 29.0994763 -70.252353 -64.9448037
v 22.0734194 -72.7663159 -64.9448037
v 14.834784 -74.5794952 -64.9448037
v 7.45328218 -75.6744385 -64.9448037
v 1.8624575e-14 -76.0405958 -64.9448037
v 0.0 -70.7106769 -70.7106769
v -6.93085864 -70.3701854 -70.7106769
v -13.794969 -69.351995 -70.7106769
v -20.5262259 -67.6658988 -70.7106769
v -27.0598054 -65.328151 -70.7106769
v -33.332783 -62.3612523 -70.7106769
v -39.2847478 -58.7937772 -70.7106769
v -44.8583782 -54.6600938 -70.7106769
v -50.0 -50.0 -70.7106769
v -54.6600938 -44.8583782 -70.7106769
v -58.7937772 -39.2847478 -70.7106769
v -62.3612523 -33.332783 -70.7106769
v -65.328151 -27.0598054 -70.7106769
v -67.6658988 -20.5262259 -70.7106769
v -69.351995 -13.794969 -70.7106769
v -70.3701854 -6.93085864 -70.7106769
v -70.7106769 -4.3297803e-15 -70.7106769
v -70.3701854 6.93085864 -70.7106769
v -69.351995 13.794969 -70.7106769
v -67.6658988 20.5262259 -70.7106769
v -65.328151 27.0598054 -70.7106769
v -62.3612523 33.332783 -70.7106769
v -58.7937772 39.2847478 -70.7106769
v -54.6600938 44.8583782 -70.7106769
v -50.0 50.0 -70.7106769
v -44.8583782 54.6600938 -70.7106769
v -39.2847478 58.7937772 -70.7106769
v -33.332783 62.3612523 -70.7106769
v -27.0598054 65.328151 -70.7106769
v -20.5262259 67.6658988 -70.7106769
v -13.794969 69.351995 -70.7106769
v -6.93085864 70.3701854 -70.7106769
v -8.6595606e-15 70.7106769 -70.7106769
v 6.93085864 70.3701854 -70.7106769
v 13.794969 69.351995 -70.7106769
v 20.5262259 67.6658988 -70.7106769
v 27.0598054 65.328151 -70.7106769
v 33.332783 62.3612523 -70.7106769
v 39.2847478 58.7937772 -70.7106769
v 44.8583782 54.6600938 -70.7106769
v 50.0 50.0 -70.7106769
v 54.6600938 44.8583782 -70.7106769
v 58.7937772 39.2847478 -70.7106769
v 62.3612523 33.332783 -70.7106769
v 65.328151 27.0598054 -70.7106769
v 67.6658988 20.5262259 -70.7106769
v 69.351995 13.794969 -70.7106769
v 70.3701854 6.93085864 -70.7106769
v 70.7106769 1.29893402e-14 -70.7106769
v 70.3701854 -6.93085864 -70.7106769
v 69.351995 -13.794969 -70.7106769
v 67.6658988 -20.5262259 -70.7106769
v 65.328151 -27.0598054 -70.7106769
v 62.3612523 -33.332783 -70.7106769
v 58.7937772 -39.2847478 -70.7106769
v 54.6600938 -44.8583782 -70.7106769
v 50.0 -50.0 -70.7106769
v 44.8583782 -54.6600938 -70.7106769
v 39.2847478 -58.7937772 -70.7106769
v 33.332783 -62.3612523 -70.7106769
v 27.0598054 -65.328151 -70.7106769
v 20.5262259 -67.6658988 -70.7106769
v 13.794969 -69.351995 -70.7106769
v 6.93085864 -70.3701854 -70.7106769
v 1.73191212e-14 -70.7106769 -70.7106769
v 0.0 -64.9448037 -76.0405958
v -6.36570379 -64.632076 -76.0405958
v -12.6701027 -63.696909 -76.0405958
v -18.8524812 -62.1483028 -76.0405958
v -24.853301 -60.0011766 -76.0405958
v -30.6147695 -57.2762072 -76.0405958
v -36.0814005 -53.9996326 -76.0405958
v -41.2005484 -50.2030134 -76.0405958
v -45.9229112 -45.9229112 -76.0405958
v -50.2030134 -41.2005484 -76.0405958
v -53.9996326 -36.0814005 -76.0405958
v -57.2762072 -30.6147695 -76.0405958
v -60.0011766 -24.853301 -76.0405958
v -62.1483028 -18.8524812 -76.0405958
v -63.696909 -12.6701027 -76.0405958
v -64.632076 -6.36570379 -76.0405958
v -64.9448037 -3.97672241e-15 -76.0405958
v -64.632076 6.36570379 -76.0405958
v -63.696909 12.6701027 -76.0405958
v -62.1483028 18.8524812 -76.0405958
v -60.0011766 24.853301 -76.0405958
v -57.2762072 30.6147695 -76.0405958
v -53.9996326 36.0814005 -76.0405958
v -50.2030134 41.2005484 -76.0405958
v -45.9229112 45.9229112 -76.0405958
v -41.2005484 50.2030134 -76.0405958
v -36.0814005 53.9996326 -76.0405958
v -30.6147695 57.2762072 -76.0405958
v -24.853301 60.0011766 -76.0405958
v -18.8524812 62.1483028 -76.0405958
v -12.6701027 63.696909 -76.0405958
v -6.36570379 64.632076 -76.0405958
v -7.95344482e-15 64.9448037 -76.0405958
v 6.36570379 64.632076 -76.0405958
v 12.6701027 63.696909 -76.0405958
v 18.8524812 62.1483028 -76.0405958
v 24.853301 60.0011766 -76.0405958
v 30.6147695 57.2762072 -76.0405958
v 36.0814005 53.9996326 -76.0405958
v 41.2005484 50.2030134 -76.0405958
v 45.9229112 45.9229112 -76.0405958
v 50.2030134 41.2005484 -76.0405958
v 53.9996326 36.0814005 -76.0405958
v 57.2762072 30.6147695 -76.0405958
v 60.0011766 24.853301 -76.0405958
v 62.1483028 18.8524812 -76.0405958
v 63.696909 12.6701027 -76.0405958
v 64.632076 6.36570379 -76.0405958
v 64.9448037 1.19301666e-14 -76.0405958
v 64.632076 -6.36570379 -76.0405958
v 63.696909 -12.6701027 -76.0405958
v 62.1483028 -18.8524812 -76.0405958
v 60.0011766 -24.853301 -76.0405958
v 57.2762072 -30.6147695 -76.0405958
v 53.9996326 -36.0814005 -76.0405958
v 50.2030134 -41.2005484 -76.0405958
v 45.9229112 -45.9229112 -76.0405958
v 41.2005484 -50.2030134 -76.0405958
v 36.0814005 -53.9996326 -76.0405958
v 30.6147695 -57.2762072 -76.0405958
v 24.853301 -60.0011766 -76.0405958
v 18.8524812 -62.1483028 -76.0405958
v 12.6701027 -63.696909 -76.0405958
v 6.36570379 -64.632076 -76.0405958
v 1.59068896e-14 -64.9448037 -76.0405958
v 0.0 -58.7785244 -80.9017003
v -5.76130301 -58.4954917 -80.9017003
v -11.4671215 -57.6491117 -80.9017003
v -17.0625046 -56.2475443 -80.9017003
v -22.4935681 -54.3042779 -80.9017003
v -27.7080059 -51.8380284 -80.9017003
v -32.6555997 -48.8725573 -80.9017003
v -37.2887015 -45.4364151 -80.9017003
v -41.5626943 -41.5626943 -80.9017003
v -45.4364151 -37.2887015 -80.9017003
v -48.8725573 -32.6555997 -80.9017003
v -51.8380284 -27.7080059 -80.9017003
v -54.3042779 -22.4935681 -80.9017003
v -56.2475443 -17.0625046 -80.9017003
v -57.6491117 -11.4671215 -80.9017003
v -58.4954917 -5.76130301 -80.9017003
v -58.7785244 -3.59914656e-15 -80.9017003
v -58.4954917 5.76130301 -80.9017003
v -57.6491117 11.4671215 -80.9017003
v -56.2475443 17.0625046 -80.9017003
v -54.3042779 22.4935681 -80.9017003
v -51.8380284 27.7080059 -80.9017003
v -48.8725573 32.6555997 -80.9017003
v -45.4364151 37.2887015 -80.9017003
v -41.5626943 41.5626943 -80.9017003
v -37.2887015 45.4364151 -80.9017003
v -32.6555997 48.8725573 -80.9017003
v -27.7080059 51.8380284 -80.9017003
v -22.4935681 54.3042779 -80.9017003
v -17.0625046 56.2475443 -80.9017003
v -11.4671215 57.6491117 -80.9017003
v -5.76130301 58.4954917 -80.9017003
v -7.19829311e-15 58.7785244 -80.9017003
v 5.76130301 58.4954917 -80.9017003
v 11.4671215 57.6491117 -80.9017003
v 17.0625046 56.2475443 -80.9017003
v 22.4935681 54.3042779 -80.9017003
v 27.7080059 51.8380284 -80.9017003
v 32.6555997 48.8725573 -80.9017003
v 37.2887015 45.4364151 -80.9017003
v 41.5626943 41.5626943 -80.9017003
v 45.4364151 37.2887015 -80.9017003
v 48.8725573 32.6555997 -80.9017003
v 51.8380284 27.7080059 -80.9017003
v 54.3042779 22.4935681 -80.9017003
v 56.2475443 17.0625046 -80.9017003
v 57.6491117 11.4671215 -80.9017003
v 58.4954917 5.76130301 -80.9017003
v 58.7785244 1.079744e-14 -80.9017003
v 58.4954917 -5.76130301 -80.9017003
v 57.6491117 -11.4671215 -80.9017003
v 56.2475443 -17.0625046 -80.9017003
v 54.3042779 -22.4935681 -80.9017003
v 51.8380284 -27.7080059 -80.9017003
v 48.8725573 -32.6555997 -80.9017003
v 45.4364151 -37.2887015 -80.9017003
v 41.5626943 -41.5626943 -80.9017003
v 37.2887015 -45.4364151 -80.9017003
v 32.6555997 -48.8725573 -80.9017003
v 27.7080059 -51.8380284 -80.9017003
v 22.4935681 -54.3042779 -80.9017003
v 17.0625046 -56.2475443 -80.9017003
v 11.4671215 -57.6491117 -80.9017003
v 5.76130301 -58.4954917 -80.9017003
v 1.43965862e-14 -58.7785244 -80.9017003
v 0.0 -52.2498548 -85.2640152
v -5.12138158 -51.9982576 -85.2640152
v -10.1934411 -51.245892 -85.2640152
v -15.1673332 -49.999994 -85.2640152
v -19.9951544 -48.2725739 -85.2640152
v -24.6304125 -46.0802585 -85.2640152
v -29.0284663 -43.4441686 -85.2640152
v -33.1469566 -40.3896838 -85.2640152
v -36.9462281 -36.9462281 -85.2640152
v -40.3896838 -33.1469566 -85.2640152
v -43.4441686 -29.0284663 -85.2640152
v -46.0802585 -24.6304125 -85.2640152
v -48.2725739 -19.9951544 -85.2640152
v -49.999994 -15.1673332 -85.2640152
v -51.245892 -10.1934411 -85.2640152
v -51.9982576 -5.12138158 -85.2640152
v -52.2498548 -3.19938108e-15 -85.2640152
v -51.9982576 5.12138158 -85.2640152
v -51.245892 10.1934411 -85.2640152
v -49.999994 15.1673332 -85.2640152
v -48.2725739 19.9951544 -85.2640152
v -46.0802585 24.6304125 -85.2640152
v -43.4441686 29.0284663 -85.2640152
v -40.3896838 33.1469566 -85.2640152
v -36.9462281 36.9462281 -85.2640152
v -33.1469566 40.3896838 -85.2640152
v -29.0284663 43.4441686 -85.2640152
v -24.6304125 46.0802585 -85.2640152
v -19.9951544 48.2725739 -85.2640152
v -15.1673332 49.999994 -85.2640152
v -10.1934411 51.245892 -85.2640152
v -5.12138158 51.9982576 -85.2640152
v -6.39876217e-15 52.2498548 -85.2640152
v 5.12138158 51.9982576 -85.2640152
v 10.1934411 51.245892 -85.2640152
v 15.1673332 49.999994 -85.2640152
v 19.9951544 48.2725739 -85.2640152
v 24.6304125 46.0802585 -85.2640152
v 29.0284663 43.4441686 -85.2640152
v 33.1469566 40.3896838 -85.2640152
v 36.9462281 36.9462281 -85.2640152
v 40.3896838 33.1469566 -85.2640152
v 43.4441686 29.0284663 -85.2640152
v 46.0802585 24.6304125 -85.2640152
v 48.2725739 19.9951544 -85.2640152
v 49.999994 15.1673332 -85.2640152
v 51.245892 10.1934411 -85.2640152
v 51.9982576 5.12138158 -85.2640152
v 52.2498548 9.59814259e-15 -85.2640152
v 51.9982576 -5.12138158 -85.2640152
v 51.245892 -10.1934411 -85.2640152
v 49.999994 -15.1673332 -85.2640152
v 48.2725739 -19.9951544 -85.2640152
v 46.0802585 -24.6304125 -85.2640152
v 43.4441686 -29.0284663 -85.2640152
v 40.3896838 -33.1469566 -85.2640152
v 36.9462281 -36.9462281 -85.2640152
v 33.1469566 -40.3896838 -85.2640152
v 29.0284663 -43.4441686 -85.2640152
v 24.6304125 -46.0802585 -85.2640152
v 19.9951544 -48.2725739 -85.2640152
v 15.1673332 -49.999994 -85.2640152
v 10.1934411 -51.245892 -85.2640152
v 5.12138158 -51.9982576 -85.2640152
v 1.27975243e-14 -52.2498548 -85.2640152
v 0.0 -45.3990489 -89.1006529
v -4.44988497 -45.1804399 -89.1006529
v -8.85691494 -44.52672 -89.1006529
v -13.1786481 -43.4441835 -89.1006529
v -17.373465 -41.9432521 -89.1006529
v -21.4009643 -40.038389 -89.1006529
v -25.2223611 -37.7479315 -89.1006529
v -28.8008511 -35.0939393 -89.1006529
v -32.1019769 -32.1019769 -89.1006529
v -35.0939393 -28.8008511 -89.1006529
v -37.7479315 -25.2223611 -89.1006529
v -40.038389 -21.4009643 -89.1006529
v -41.9432521 -17.373465 -89.1006529
v -43.4441835 -13.1786481 -89.1006529
v -44.52672 -8.85691494 -89.1006529
v -45.1804399 -4.44988497 -89.1006529
v -45.3990489 -2.77989e-15 -89.1006529
v -45.1804399 4.44988497 -89.1006529
v -44.52672 8.85691494 -89.1006529
v -43.4441835 13.1786481 -89.1006529
v -41.9432521 17.373465 -89.1006529
v -40.038389 21.4009643 -89.1006529
v -37.7479315 25.2223611 -89.1006529
v -35.0939393 28.8008511 -89.1006529
v -32.1019769 32.1019769 -89.1006529
v -28.8008511 35.0939393 -89.1006529
v -25.2223611 37.7479315 -89.1006529
v -21.4009643 40.038389 -89.1006529
v -17.373465 41.9432521 -89.1006529
v -13.1786481 43.4441835 -89.1006529
v -8.85691494 44.52672 -89.1006529
v -4.44988497 45.1804399 -89.1006529
v -5.55978001e-15 45.3990489 -89.1006529
v 4.44988497 45.1804399 -89.1006529
v 8.85691494 44.52672 -89.1006529
v 13.1786481 43.4441835 -89.1006529
v 17.373465 41.9432521 -89.1006529
v 21.4009643 40.038389 -89.1006529
v 25.2223611 37.7479315 -89.1006529
v 28.8008511 35.0939393 -89.1006529
v 32.1019769 32.1019769 -89.1006529
v 35.0939393 28.8008511 -89.1006529
v 37.7479315 25.2223611 -89.1006529
v 40.038389 21.4009643 -89.1006529
v 41.9432521 17.373465 -89.1006529
v 43.4441835 13.1786481 -89.1006529
v 44.52672 8.85691494 -89.1006529
v 45.1804399 4.44988497 -89.1006529
v 45.3990489 8.33967001e-15 -89.1006529
v 45.1804399 -4.44988497 -89.1006529
v 44.52672 -8.85691494 -89.1006529
v 43.4441835 -13.1786481 -89.1006529
v 41.9432521 -17.373465 -89.1006529
v 40.038389 -21.4009643 -89.1006529
v 37.7479315 -25.2223611 -89.1006529
v 35.0939393 -28.8008511 -89.1006529
v 32.1019769 -32.1019769 -89.1006529
v 28.8008511 -35.0939393 -89.1006529
v 25.2223611 -37.7479315 -89.1006529
v 21.4009643 -40.038389 -89.1006529
v 17.373465 -41.9432521 -89.1006529
v 13.1786481 -43.4441835 -89.1006529
v 8.85691494 -44.52672 -89.1006529
v 4.44988497 -45.1804399 -89.1006529
v 1.111956e-14 -45.3990489 -89.1006529
v 0.0 -38.2683426 -92.3879504
v -3.75095345 -38.0840719 -92.3879504
v -7.46578351 -37.5330269 -92.3879504
v -11.1087136 -36.6205215 -92.3879504
v -14.6446615 -35.3553385 -92.3879504
v -18.0395722 -33.7496668 -92.3879504
v -21.2607518 -31.8189651 -92.3879504
v -24.2771804 -29.5818299 -92.3879504
v -27.0598054 -27.0598054 -92.3879504
v -29.5818299 -24.2771804 -92.3879504
v -31.8189651 -21.2607518 -92.3879504
v -33.7496668 -18.0395722 -92.3879504
v -35.3553385 -14.6446615 -92.3879504
v -36.6205215 -11.1087136 -92.3879504
v -37.5330269 -7.46578351 -92.3879504
v -38.0840719 -3.75095345 -92.3879504
v -38.2683426 -2.34326023e-15 -92.3879504
v -38.0840719 3.75095345 -92.3879504
v -37.5330269 7.46578351 -92.3879504
v -36.6205215 11.1087136 -92.3879504
v -35.3553385 14.6446615 -92.3879504
v -33.7496668 18.0395722 -92.3879504
v -31.8189651 21.2607518 -92.3879504
v -29.5818299 24.2771804 -92.3879504
v -27.0598054 27.0598054 -92.3879504
v -24.2771804 29.5818299 -92.3879504
v -21.2607518 31.8189651 -92.3879504
v -18.0395722 33.7496668 -92.3879504
v -14.6446615 35.3553385 -92.3879504
v -11.1087136 36.6205215 -92.3879504
v -7.46578351 37.5330269 -92.3879504
v -3.75095345 38.0840719 -92.3879504
v -4.68652047e-15 38.2683426 -92.3879504
v 3.75095345 38.0840719 -92.3879504
v 7.46578351 37.5330269 -92.3879504
v 11.1087136 36.6205215 -92.3879504
v 14.6446615 35.3553385 -92.3879504
v 18.0395722 33.7496668 -92.3879504
v 21.2607518 31.8189651 -92.3879504
v 24.2771804 29.5818299 -92.3879504
v 27.0598054 27.0598054 -92.3879504
v 29.5818299 24.2771804 -92.3879504
v 31.8189651 21.2607518 -92.3879504
v 33.7496668 18.0395722 -92.3879504
v 35.3553385 14.6446615 -92.3879504
v 36.6205215 11.1087136 -92.3879504
v 37.5330269 7.46578351 -92.3879504
v 38.0840719 3.75095345 -92.3879504
v 38.2683426 7.02978054e-15 -92.3879504
v 38.0840719 -3.75095345 -92.3879504
v 37.5330269 -7.46578351 -92.3879504
v 36.6205215 -11.1087136 -92.3879504
v 35.3553385 -14.6446615 -92.3879504
v 33.7496668 -18.0395722 -92.3879504
v 31.8189651 -21.2607518 -92.3879504
v 29.5818299 -24.2771804 -92.3879504
v 27.0598054 -27.0598054 -92.3879504
v 24.2771804 -29.5818299 -92.3879504
v 21.2607518 -31.8189651 -92.3879504
v 18.0395722 -33.7496668 -92.3879504
v 14.6446615 -35.3553385 -92.3879504
v 11.1087136 -36.6205215 -92.3879504
v 7.46578351 -37.5330269 -92.3879504
v 3.75095345 -38.0840719 -92.3879504
v 9.37304094e-15 -38.2683426 -92.3879504
v 0.0 -30.9017003 -95.105654
v -3.02889626 -30.7529002 -95.105654
v -6.02862239 -30.3079307 -95.105654
v -8.97028968 -29.5710832 -95.105654
v -11.8255682 -28.5494477 -95.105654
v -14.5669609 -27.2528648 -95.105654
v -17.1680644 -25.6938249 -95.105654
v -19.6038306 -23.8873363 -95.105654
v -21.8508005 -21.8508005 -95.105654
v -23.8873363 -19.6038306 -95.105654
v -25.6938249 -17.1680644 -95.105654
v -27.2528648 -14.5669609 -95.105654
v -28.5494477 -11.8255682 -95.105654
v -29.5710832 -8.97028968 -95.105654
v -30.3079307 -6.02862239 -95.105654
v -30.7529002 -3.02889626 -95.105654
v -30.9017003 -1.89218343e-15 -95.105654
v -30.7529002 3.02889626 -95.105654
v -30.3079307 6.02862239 -95.105654
v -29.5710832 8.97028968 -95.105654
v -28.5494477 11.8255682 -95.105654
v -27.2528648 14.5669609 -95.105654
v -25.6938249 17.1680644 -95.105654
v -23.8873363 19.6038306 -95.105654
v -21.8508005 21.8508005 -95.105654
v -19.6038306 23.8873363 -95.105654
v -17.1680644 25.6938249 -95.105654
v -14.5669609 27.2528648 -95.105654
v -11.8255682 28.5494477 -95.105654
v -8.97028968 29.5710832 -95.105654
v -6.02862239 30.3079307 -95.105654
v -3.02889626 30.7529002 -95.105654
v -3.78436685e-15 30.9017003 -95.105654
v 3.02889626 30.7529002 -95.105654
v 6.02862239 30.3079307 -95.105654
v 8.97028968 29.5710832 -95.105654
v 11.8255682 28.5494477 -95.105654
v 14.5669609 27.2528648 -95.105654
v 17.1680644 25.6938249 -95.105654
v 19.6038306 23.8873363 -95.105654
v 21.8508005 21.8508005 -95.105654
v 23.8873363 19.6038306 -95.105654
v 25.6938249 17.1680644 -95.105654
v 27.2528648 14.5669609 -95.105654
v 28.5494477 11.8255682 -95.105654
v 29.5710832 8.97028968 -95.105654
v 30.3079307 6.02862239 -95.105654
v 30.7529002 3.02889626 -95.105654
v 30.9017003 5.67655011e-15 -95.105654
v 30.7529002 -3.02889626 -95.105654
v 30.3079307 -6.02862239 -95.105654
v 29.5710832 -8.97028968 -95.105654
v 28.5494477 -11.8255682 -95.105654
v 27.2528648 -14.5669609 -95.105654
v 25.6938249 -17.1680644 -95.105654
v 23.8873363 -19.6038306 -95.105654
v 21.8508005 -21.8508005 -95.105654
v 19.6038306 -23.8873363 -95.105654
v 17.1680644 -25.6938249 -95.105654
v 14.5669609 -27.2528648 -95.105654
v 11.8255682 -28.5494477 -95.105654
v 8.97028968 -29.5710832 -95.105654
v 6.02862239 -30.3079307 -95.105654
v 3.02889626 -30.7529002 -95.105654
v 7.56873371e-15 -30.9017003 -95.105654
v 0.0 -23.3445361 -97.2369909
v -2.28816476 -23.2321262 -97.2369909
v -4.5542933 -22.8959784 -97.2369909
v -6.77656084 -22.3393291 -97.2369909
v -8.93356726 -21.5675399 -97.2369909
v -11.0045381 -20.5880433 -97.2369909
v -12.9695296 -19.4102719 -97.2369909
v -14.8096174 -18.04557 -97.2369909
v -16.5070802 -16.5070802 -97.2369909
v -18.04557 -14.8096174 -97.2369909
v -19.4102719 -12.9695296 -97.2369909
v -20.5880433 -11.0045381 -97.2369909
v -21.5675399 -8.93356726 -97.2369909
v -22.3393291 -6.77656084 -97.2369909
v -22.8959784 -4.5542933 -97.2369909
v -23.2321262 -2.28816476 -97.2369909
v -23.3445361 -1.42944056e-15 -97.2369909
v -23.2321262 2.28816476 -97.2369909
v -22.8959784 4.5542933 -97.2369909
v -22.3393291 6.77656084 -97.2369909
v -21.5675399 8.93356726 -97.2369909
v -20.5880433 11.0045381 -97.2369909
v -19.4102719 12.9695296 -97.2369909
v -18.04557 14.8096174 -97.2369909
v -16.5070802 16.5070802 -97.2369909
v -14.8096174 18.04557 -97.2369909
v -12.9695296 19.4102719 -97.2369909
v -11.0045381 20.5880433 -97.2369909
v -8.93356726 21.5675399 -97.2369909
v -6.77656084 22.3393291 -97.2369909
v -4.5542933 22.8959784 -97.2369909
v -2.28816476 23.2321262 -97.2369909
v -2.85888112e-15 23.3445361 -97.2369909
v 2.28816476 23.2321262 -97.2369909
v 4.5542933 22.8959784 -97.2369909
v 6.77656084 22.3393291 -97.2369909
v 8.93356726 21.5675399 -97.2369909
v 11.0045381 20.5880433 -97.2369909
v 12.9695296 19.4102719 -97.2369909
v 14.8096174 18.04557 -97.2369909
v 16.5070802 16.5070802 -97.2369909
v 18.04557 14.8096174 -97.2369909
v 19.4102719 12.9695296 -97.2369909
v 20.5880433 11.0045381 -97.2369909
v 21.5675399 8.93356726 -97.2369909
v 22.3393291 6.77656084 -97.2369909
v 22.8959784 4.5542933 -97.2369909
v 23.2321262 2.28816476 -97.2369909
v 23.3445361 4.28832168e-15 -97.2369909
v 23.2321262 -2.28816476 -97.2369909
v 22.8959784 -4.5542933 -97.2369909
v 22.3393291 -6.77656084 -97.2369909
v 21.5675399 -8.93356726 -97.2369909
v 20.5880433 -11.0045381 -97.2369909
v 19.4102719 -12.9695296 -97.2369909
v 18.04557 -14.8096174 -97.2369909
v 16.5070802 -16.5070802 -97.2369909
v 14.8096174 -18.04557 -97.2369909
v 12.9695296 -19.4102719 -97.2369909
v 11.0045381 -20.5880433 -97.2369909
v 8.93356726 -21.5675399 -97.2369909
v 6.77656084 -22.3393291 -97.2369909
v 4.5542933 -22.8959784 -97.2369909
v 2.28816476 -23.2321262 -97.2369909
v 5.71776224e-15 -23.3445361 -97.2369909
v 0.0 -15.6434461 -98.7688363
v -1.53332585 -15.5681193 -98.7688363
v -3.05188503 -15.3428614 -98.7688363
v -4.54105288 -14.9698451 -98.7688363
v -5.98648787 -14.4526601 -98.7688363
v -7.37426952 -13.7962878 -98.7688363
v -8.69103298 -13.0070508 -98.7688363
v -9.92409736 -12.0925479 -98.7688363
v -11.0615872 -11.0615872 -98.7688363
v -12.0925479 -9.92409736 -98.7688363
v -13.0070508 -8.69103298 -98.7688363
v -13.7962878 -7.37426952 -98.7688363
v -14.4526601 -5.98648787 -98.7688363
v -14.9698451 -4.54105288 -98.7688363
v -15.3428614 -3.05188503 -98.7688363
v -15.5681193 -1.53332585 -98.7688363
v -15.6434461 -9.57884827e-16 -98.7688363
v -15.5681193 1.53332585 -98.7688363
v -15.3428614 3.05188503 -98.7688363
v -14.9698451 4.54105288 -98.7688363
v -14.4526601 5.98648787 -98.7688363
v -13.7962878 7.37426952 -98.7688363
v -13.0070508 8.69103298 -98.7688363
v -12.0925479 9.92409736 -98.7688363
v -11.0615872 11.0615872 -98.7688363
v -9.92409736 12.0925479 -98.7688363
v -8.69103298 13.0070508 -98.7688363
v -7.37426952 13.7962878 -98.7688363
v -5.98648787 14.4526601 -98.7688363
v -4.54105288 14.9698451 -98.7688363
v -3.05188503 15.3428614 -98.7688363
v -1.53332585 15.5681193 -98.7688363
v -1.91576965e-15 15.6434461 -98.7688363
v 1.53332585 15.5681193 -98.7688363
v 3.05188503 15.3428614 -98.7688363
v 4.54105288 14.9698451 -98.7688363
v 5.98648787 14.4526601 -98.7688363
v 7.37426952 13.7962878 -98.7688363
v 8.69103298 13.0070508 -98.7688363
v 9.92409736 12.0925479 -98.7688363
v 11.0615872 11.0615872 -98.7688363
v 12.0925479 9.92409736 -98.7688363
v 13.0070508 8.69103298 -98.7688363
v 13.7962878 7.37426952 -98.7688363
v 14.4526601 5.98648787 -98.7688363
v 14.9698451 4.54105288 -98.7688363
v 15.3428614 3.05188503 -98.7688363
v 15.5681193 1.53332585 -98.7688363
v 15.6434461 2.87365456e-15 -98.7688363
v 15.5681193 -1.53332585 -98.7688363
v 15.3428614 -3.05188503 -98.7688363
v 14.9698451 -4.54105288 -98.7688363
v 14.4526601 -5.98648787 -98.7688363
v 13.7962878 -7.37426952 -98.7688363
v 13.0070508 -8.69103298 -98.7688363
v 12.0925479 -9.92409736 -98.7688363
v 11.0615872 -11.0615872 -98.7688363
v 9.92409736 -12.0925479 -98.7688363
v 8.69103298 -13.0070508 -98.7688363
v 7.37426952 -13.7962878 -98.7688363
v 5.98648787 -14.4526601 -98.7688363
v 4.54105288 -14.9698451 -98.7688363
v 3.05188503 -15.3428614 -98.7688363
v 1.53332585 -15.5681193 -98.7688363
v 3.83153931e-15 -15.6434461 -98.7688363
v 0.0 -7.84590989 -99.6917307
v -0.769033609 -7.80812949 -99.6917307
v -1.53066106 -7.69515261 -99.6917307
v -2.27754731 -7.50806704 -99.6917307
v -3.0024996 -7.24867508 -99.6917307
v -3.69853601 -6.91947415 -99.6917307
v -4.35895398 -6.52363524 -99.6917307
v -4.97739241 -6.06497005 -99.6917307
v -5.54789603 -5.54789603 -99.6917307
v -6.06497005 -4.97739241 -99.6917307
v -6.52363524 -4.35895398 -99.6917307
v -6.91947415 -3.69853601 -99.6917307
v -7.24867508 -3.0024996 -99.6917307
v -7.50806704 -2.27754731 -99.6917307
v -7.69515261 -1.53066106 -99.6917307
v -7.80812949 -0.769033609 -99.6917307
v -7.84590989 -4.80423398e-16 -99.6917307
v -7.80812949 0.769033609 -99.6917307
v -7.69515261 1.53066106 -99.6917307
v -7.50806704 2.27754731 -99.6917307
v -7.24867508 3.0024996 -99.6917307
v -6.91947415 3.69853601 -99.6917307
v -6.52363524 4.35895398 -99.6917307
v -6.06497005 4.97739241 -99.6917307
v -5.54789603 5.54789603 -99.6917307
v -4.97739241 6.06497005 -99.6917307
v -4.35895398 6.52363524 -99.6917307
v -3.69853601 6.91947415 -99.6917307
v -3.0024996 7.24867508 -99.6917307
v -2.27754731 7.50806704 -99.6917307
v -1.53066106 7.69515261 -99.6917307
v -0.769033609 7.80812949 -99.6917307
v -9.60846796e-16 7.84590989 -99.6917307
v 0.769033609 7.80812949 -99.6917307
v 1.53066106 7.69515261 -99.6917307
v 2.27754731 7.50806704 -99.6917307
v 3.0024996 7.24867508 -99.6917307
v 3.69853601 6.91947415 -99.6917307
v 4.35895398 6.52363524 -99.6917307
v 4.97739241 6.06497005 -99.6917307
v 5.54789603 5.54789603 -99.6917307
v 6.06497005 4.97739241 -99.6917307
v 6.52363524 4.35895398 -99.6917307
v 6.91947415 3.69853601 -99.6917307
v 7.24867508 3.0024996 -99.6917307
v 7.50806704 2.27754731 -99.6917307
v 7.69515261 1.53066106 -99.6917307
v 7.80812949 0.769033609 -99.6917307
v 7.84590989 1.44127023e-15 -99.6917307
v 7.80812949 -0.769033609 -99.6917307
v 7.69515261 -1.53066106 -99.6917307
v 7.50806704 -2.27754731 -99.6917307
v 7.24867508 -3.0024996 -99.6917307
v 6.91947415 -3.69853601 -99.6917307
v 6.52363524 -4.35895398 -99.6917307
v 6.06497005 -4.97739241 -99.6917307
v 5.54789603 -5.54789603 -99.6917307
v 4.97739241 -6.06497005 -99.6917307
v 4.35895398 -6.52363524 -99.6917307
v 3.69853601 -6.91947415 -99.6917307
v 3.0024996 -7.24867508 -99.6917307
v 2.27754731 -7.50806704 -99.6917307
v 1.53066106 -7.69515261 -99.6917307
v 0.769033609 -7.80812949 -99.6917307
v 1.92169359e-15 -7.84590989 -99.6917307
v 0.0 -1.22464685e-14 -100.0
v -1.20036381e-15 -1.21874978e-14 -100.0
v -2.38916744e-15 -1.20111562e-14 -100.0
v -3.55496188e-15 -1.17191389e-14 -100.0
v -4.68652047e-15 -1.13142611e-14 -100.0
v -5.77294511e-15 -1.08004205e-14 -100.0
v -6.80377296e-15 -1.01825662e-14 -100.0
v -7.76907685e-15 -9.46664801e-15 -100.0
v -8.6595606e-15 -8.6595606e-15 -100.0
v -9.46664801e-15 -7.76907685e-15 -100.0
v -1.01825662e-14 -6.80377296e-15 -100.0
v -1.08004205e-14 -5.77294511e-15 -100.0
v -1.13142611e-14 -4.68652047e-15 -100.0
v -1.17191389e-14 -3.55496188e-15 -100.0
v -1.20111562e-14 -2.38916744e-15 -100.0
v -1.21874978e-14 -1.20036381e-15 -100.0
v -1.22464685e-14 -7.49879879e-31 -100.0
v -1.21874978e-14 1.20036381e-15 -100.0
v -1.20111562e-14 2.38916744e-15 -100.0
v -1.17191389e-14 3.55496188e-15 -100.0
v -1.13142611e-14 4.68652047e-15 -100.0
v -1.08004205e-14 5.77294511e-15 -100.0
v -1.01825662e-14 6.80377296e-15 -100.0
v -9.46664801e-15 7.76907685e-15 -100.0
v -8.6595606e-15 8.6595606e-15 -100.0
v -7.76907685e-15 9.46664801e-15 -100.0
v -6.80377296e-15 1.01825662e-14 -100.0
v -5.77294511e-15 1.08004205e-14 -100.0
v -4.68652047e-15 1.13142611e-14 -100.0
v -3.55496188e-15 1.17191389e-14 -100.0
v -2.38916744e-15 1.20111562e-14 -100.0
v -1.20036381e-15 1.21874978e-14 -100.0
v -1.49975976e-30 1.22464685e-14 -100.0
v 1.20036381e-15 1.21874978e-14 -100.0
v 2.38916744e-15 1.20111562e-14 -100.0
v 3.55496188e-15 1.17191389e-14 -100.0
v 4.68652047e-15 1.13142611e-14 -100.0
v 5.77294511e-15 1.08004205e-14 -100.0
v 6.80377296e-15 1.01825662e-14 -100.0
v 7.76907685e-15 9.46664801e-15 -100.0
v 8.6595606e-15 8.6595606e-15 -100.0
v 9.46664801e-15 7.76907685e-15 -100.0
v 1.01825662e-14 6.80377296e-15 -100.0
v 1.08004205e-14 5.77294511e-15 -100.0
v 1.13142611e-14 4.68652047e-15 -100.0
v 1.17191389e-14 3.55496188e-15 -100.0
v 1.20111562e-14 2.38916744e-15 -100.0
v 1.21874978e-14 1.20036381e-15 -100.0
v 1.22464685e-14 2.24963964e-30 -100.0
v 1.21874978e-14 -1.20036381e-15 -100.0
v 1.20111562e-14 -2.38916744e-15 -100.0
v 1.17191389e-14 -3.55496188e-15 -100.0
v 1.13142611e-14 -4.68652047e-15 -100.0
v 1.08004205e-14 -5.77294511e-15 -100.0
v 1.01825662e-14 -6.80377296e-15 -100.0
v 9.46664801e-15 -7.76907685e-15 -100.0
v 8.6595606e-15 -8.6595606e-15 -100.0
v 7.76907685e-15 -9.46664801e-15 -100.0
v 6.80377296e-15 -1.01825662e-14 -100.0
v 5.77294511e-15 -1.08004205e-14 -100.0
v 4.68652047e-15 -1.13142611e-14 -100.0
v 3.55496188e-15 -1.17191389e-14 -100.0
v 2.38916744e-15 -1.20111562e-14 -100.0
v 1.20036381e-15 -1.21874978e-14 -100.0
v 2.99951951e-30 -1.22464685e-14 -100.0
vt 0.0078125 0.0
vn 0.0 0.0 1.0
vt 0.0234375 0.0
vn 0.0 0.0 1.0
vt 0.0390625 0.0
vn 0.0 0.0 1.0
vt 0.0546875 0.0
vn 0.0 0.0 1.0
vt 0.0703125 0.0
vn 0.0 0.0 1.0
vt 0.0859375 0.0
vn 0.0 0.0 1.0
vt 0.1015625 0.0
vn 0.0 0.0 1.0
vt 0.1171875 0.0
vn 0.0 0.0 1.0
vt 0.1328125 0.0
vn 0.0 0.0 1.0
vt 0.1484375 0.0
vn 0.0 0.0 1.0
vt 0.1640625 0.0
vn 0.0 0.0 1.0
vt 0.1796875 0.0
vn 0.0 0.0 1.0
vt 0.1953125 0.0
vn 0.0 0.0 1.0
vt 0.2109375 0.0
vn 0.0 0.0 1.0
vt 0.2265625 0.0
vn 0.0 0.0 1.0
vt 0.2421875 0.0
vn 0.0 0.0 1.0
vt 0.2578125 0.0
vn 0.0 0.0 1.0
vt 0.2734375 0.0
vn 0.0 0.0 1.0
vt 0.2890625 0.0
vn 0.0 0.0 1.0
vt 0.3046875 0.0
vn 0.0 0.0 1.0
vt 0.3203125 0.0
vn 0.0 0.0 1.0
vt 0.3359375 0.0
vn 0.0 0.0 1.0
vt 0.3515625 0.0
vn 0.0 0.0 1.0
vt 0.3671875 0.0
vn 0.0 0.0 1.0
vt 0.3828125 0.0
vn 0.0 0.0 1.0
vt 0.3984375 0.0
vn 0.0 0.0 1.0
vt 0.4140625 0.0
vn 0.0 0.0 1.0
vt 0.4296875 0.0
vn 0.0 0.0 1.0
vt 0.4453125 0.0
vn 0.0 0.0 1.0
vt 0.4609375 0.0
vn 0.0 0.0 1.0
vt 0.4765625 0.0
vn 0.0 0.0 1.0
vt 0.4921875 0.0
vn 0.0 0.0 1.0
vt 0.5078125 0.0
vn 0.0 0.0 1.0
vt 0.5234375 0.0
vn 0.0 0.0 1.0
vt 0.5390625 0.0
vn 0.0 0.0 1.0
vt 0.5546875 0.0
vn 0.0 0.0 1.0
vt 0.5703125 0.0
vn 0.0 0.0 1.0
vt 0.5859375 0.0
vn 0.0 0.0 1.0
vt 0.6015625 0.0
vn 0.0 0.0 1.0
vt 0.6171875 0.0
vn 0.0 0.0 1.0
vt 0.6328125 0.0
vn 0.0 0.0 1.0
vt 0.6484375 0.0
vn 0.0 0.0 1.0
vt 0.6640625 0.0
vn 0.0 0.0 1.0
vt 0.6796875 0.0
vn 0.0 0.0 1.0
vt 0.6953125 0.0
vn 0.0 0.0 1.0
vt 0.7109375 0.0
vn 0.0 0.0 1.0
vt 0.7265625 0.0
vn 0.0 0.0 1.0
vt 0.7421875 0.0
vn 0.0 0.0 1.0
vt 0.7578125 0.0
vn 0.0 0.0 1.0
vt 0.7734375 0.0
vn 0.0 0.0 1.0
vt 0.7890625 0.0
vn 0.0 0.0 1.0
vt 0.8046875 0.0
vn 0.0 0.0 1.0
vt 0.8203125 0.0
vn 0.0 0.0 1.0
vt 0.8359375 0.0
vn 0.0 0.0 1.0
vt 0.8515625 0.0
vn 0.0 0.0 1.0
vt 0.8671875 0.0
vn 0.0 0.0 1.0
vt 0.8828125 0.0
vn 0.0 0.0 1.0
vt 0.8984375 0.0
vn 0.0 0.0 1.0
vt 0.9140625 0.0
vn 0.0 0.0 1.0
vt 0.9296875 0.0
vn 0.0 0.0 1.0
vt 0.9453125 0.0
vn 0.0 0.0 1.0
vt 0.9609375 0.0
vn 0.0 0.0 1.0
vt 0.9765625 0.0
vn 0.0 0.0 1.0
vt 0.9921875 0.0
vn 0.0 0.0 1.0
vt 1.0078125 0.0
vn 0.0 0.0 1.0
vt 0.0 0.0249999762
vn 0.0 -0.0784590989 0.996917307
vt 0.015625 0.0249999762
vn -0.00769033609 -0.0780812949 0.996917307
vt 0.03125 0.0249999762
vn -0.0153066106 -0.0769515261 0.996917307
vt 0.046875 0.0249999762
vn -0.0227754731 -0.0750806704 0.996917307
vt 0.0625 0.0249999762
vn -0.030024996 -0.0724867508 0.996917307
vt 0.078125 0.0249999762
vn -0.0369853601 -0.0691947415 0.996917307
vt 0.09375 0.0249999762
vn -0.0435895398 -0.0652363524 0.996917307
vt 0.109375 0.0249999762
vn -0.0497739241 -0.0606497005 0.996917307
vt 0.125 0.0249999762
vn -0.0554789603 -0.0554789603 0.996917307
vt 0.140625 0.0249999762
vn -0.0606497005 -0.0497739241 0.996917307
vt 0.15625 0.0249999762
vn -0.0652363524 -0.0435895398 0.996917307
vt 0.171875 0.0249999762
vn -0.0691947415 -0.0369853601 0.996917307
vt 0.1875 0.0249999762
vn -0.0724867508 -0.030024996 0.996917307
vt 0.203125 0.0249999762
vn -0.0750806704 -0.0227754731 0.996917307
vt 0.21875 0.0249999762
vn -0.0769515261 -0.0153066106 0.996917307
vt 0.234375 0.0249999762
vn -0.0780812949 -0.00769033609 0.996917307
vt 0.25 0.0249999762
vn -0.0784590989 -4.80423398e-18 0.996917307
vt 0.265625 0.0249999762
vn -0.0780812949 0.00769033609 0.996917307
vt 0.28125 0.0249999762
vn -0.0769515261 0.0153066106 0.996917307
vt 0.296875 0.0249999762
vn -0.0750806704 0.0227754731 0.996917307
vt 0.3125 0.0249999762
vn -0.0724867508 0.030024996 0.996917307
vt 0.328125 0.0249999762
vn -0.0691947415 0.0369853601 0.996917307
vt 0.34375 0.0249999762
vn -0.0652363524 0.0435895398 0.996917307
vt 0.359375 0.0249999762
vn -0.0606497005 0.0497739241 0.996917307
vt 0.375 0.0249999762
vn -0.0554789603 0.0554789603 0.996917307
vt 0.390625 0.0249999762
vn -0.0497739241 0.0606497005 0.996917307
vt 0.40625 0.0249999762
vn -0.0435895398 0.0652363524 0.996917307
vt 0.421875 0.0249999762
vn -0.0369853601 0.0691947415 0.996917307
vt 0.4375 0.0249999762
vn -0.030024996 0.0724867508 0.996917307
vt 0.453125 0.0249999762
vn -0.0227754731 0.0750806704 0.996917307
vt 0.46875 0.0249999762
vn -0.0153066106 0.0769515261 0.996917307
vt 0.484375 0.0249999762
vn -0.00769033609 0.0780812949 0.996917307
vt 0.5 0.0249999762
vn -9.60846796e-18 0.0784590989 0.996917307
vt 0.515625 0.0249999762
vn 0.00769033609 0.0780812949 0.996917307
vt 0.53125 0.0249999762
vn 0.0153066106 0.0769515261 0.996917307
vt 0.546875 0.0249999762
vn 0.0227754731 0.0750806704 0.996917307
vt 0.5625 0.0249999762
vn 0.030024996 0.0724867508 0.996917307
vt 0.578125 0.0249999762
vn 0.0369853601 0.0691947415 0.996917307
vt 0.59375 0.0249999762
vn 0.0435895398 0.0652363524 0.996917307
vt 0.609375 0.0249999762
vn 0.0497739241 0.0606497005 0.996917307
vt 0.625 0.0249999762
vn 0.0554789603 0.0554789603 0.996917307
vt 0.640625 0.0249999762
vn 0.0606497005 0.0497739241 0.996917307
vt 0.65625 0.0249999762
vn 0.0652363524 0.0435895398 0.996917307
vt 0.671875 0.0249999762
vn 0.0691947415 0.0369853601 0.996917307
vt 0.6875 0.0249999762
vn 0.0724867508 0.030024996 0.996917307
vt 0.703125 0.0249999762
vn 0.0750806704 0.0227754731 0.996917307
vt 0.71875 0.0249999762
vn 0.0769515261 0.0153066106 0.996917307
vt 0.734375 0.0249999762
vn 0.0780812949 0.00769033609 0.996917307
vt 0.75 0.0249999762
vn 0.0784590989 1.44127023e-17 0.996917307
vt 0.765625 0.0249999762
vn 0.0780812949 -0.00769033609 0.996917307
vt 0.78125 0.0249999762
vn 0.0769515261 -0.0153066106 0.996917307
vt 0.796875 0.0249999762
vn 0.0750806704 -0.0227754731 0.996917307
vt 0.8125 0.0249999762
vn 0.0724867508 -0.030024996 0.996917307
vt 0.828125 0.0249999762
vn 0.0691947415 -0.0369853601 0.996917307
vt 0.84375 0.0249999762
vn 0.0652363524 -0.0435895398 0.996917307
vt 0.859375 0.0249999762
vn 0.0606497005 -0.0497739241 0.996917307
vt 0.875 0.0249999762
vn 0.0554789603 -0.0554789603 0.996917307
vt 0.890625 0.0249999762
vn 0.0497739241 -0.0606497005 0.996917307
vt 0.90625 0.0249999762
vn 0.0435895398 -0.0652363524 0.996917307
vt 0.921875 0.0249999762
vn 0.0369853601 -0.0691947415 0.996917307
vt 0.9375 0.0249999762
vn 0.030024996 -0.0724867508 0.996917307
vt 0.953125 0.0249999762
vn 0.0227754731 -0.0750806704 0.996917307
vt 0.96875 0.0249999762
vn 0.0153066106 -0.0769515261 0.996917307
vt 0.984375 0.0249999762
vn 0.00769033609 -0.0780812949 0.996917307
vt 1.0 0.0249999762
vn 1.92169359e-17 -0.0784590989 0.996917307
vt 0.0 0.0500000119
vn 0.0 -0.156434461 0.987688363
vt 0.015625 0.0500000119
vn -0.0153332585 -0.155681193 0.987688363
vt 0.03125 0.0500000119
vn -0.0305188503 -0.153428614 0.987688363
vt 0.046875 0.0500000119
vn -0.0454105288 -0.149698451 0.987688363
vt 0.0625 0.0500000119
vn -0.0598648787 -0.144526601 0.987688363
vt 0.078125 0.0500000119
vn -0.0737426952 -0.137962878 0.987688363
vt 0.09375 0.0500000119
vn -0.0869103298 -0.130070508 0.987688363
vt 0.109375 0.0500000119
vn -0.0992409736 -0.120925479 0.987688363
vt 0.125 0.0500000119
vn -0.110615872 -0.110615872 0.987688363
vt 0.140625 0.0500000119
vn -0.120925479 -0.0992409736 0.987688363
vt 0.15625 0.0500000119
vn -0.130070508 -0.0869103298 0.987688363
vt 0.171875 0.0500000119
vn -0.137962878 -0.0737426952 0.987688363
vt 0.1875 0.0500000119
vn -0.144526601 -0.0598648787 0.987688363
vt 0.203125 0.0500000119
vn -0.149698451 -0.0454105288 0.987688363
vt 0.21875 0.0500000119
vn -0.153428614 -0.0305188503 0.987688363
vt 0.234375 0.0500000119
vn -0.155681193 -0.0153332585 0.987688363
vt 0.25 0.0500000119
vn -0.156434461 -9.57884827e-18 0.987688363
vt 0.265625 0.0500000119
vn -0.155681193 0.0153332585 0.987688363
vt 0.28125 0.0500000119
vn -0.153428614 0.0305188503 0.987688363
vt 0.296875 0.0500000119
vn -0.149698451 0.0454105288 0.987688363
vt 0.3125 0.0500000119
vn -0.144526601 0.0598648787 0.987688363
vt 0.328125 0.0500000119
vn -0.137962878 0.0737426952 0.987688363
vt 0.34375 0.0500000119
vn -0.130070508 0.0869103298 0.987688363
vt 0.359375 0.0500000119
vn -0.120925479 0.0992409736 0.987688363
vt 0.375 0.0500000119
vn -0.110615872 0.110615872 0.987688363
vt 0.390625 0.0500000119
vn -0.0992409736 0.120925479 0.987688363
vt 0.40625 0.0500000119
vn -0.0869103298 0.130070508 0.987688363
vt 0.421875 0.0500000119
vn -0.0737426952 0.137962878 0.987688363
vt 0.4375 0.0500000119
vn -0.0598648787 0.144526601 0.987688363
vt 0.453125 0.0500000119
vn -0.0454105288 0.149698451 0.987688363
vt 0.46875 0.0500000119
vn -0.0305188503 0.153428614 0.987688363
vt 0.484375 0.0500000119
vn -0.0153332585 0.155681193 0.987688363
vt 0.5 0.0500000119
vn -1.91576965e-17 0.156434461 0.987688363
vt 0.515625 0.0500000119
vn 0.0153332585 0.155681193 0.987688363
vt 0.53125 0.0500000119
vn 0.0305188503 0.153428614 0.987688363
vt 0.546875 0.0500000119
vn 0.0454105288 0.149698451 0.987688363
vt 0.5625 0.0500000119
vn 0.0598648787 0.144526601 0.987688363
vt 0.578125 0.0500000119
vn 0.0737426952 0.137962878 0.987688363
vt 0.59375 0.0500000119
vn 0.0869103298 0.130070508 0.987688363
vt 0.609375 0.0500000119
vn 0.0992409736 0.120925479 0.987688363
vt 0.625 0.0500000119
vn 0.110615872 0.110615872 0.987688363
vt 0.640625 0.0500000119
vn 0.120925479 0.0992409736 0.987688363
vt 0.65625 0.0500000119
vn 0.130070508 0.0869103298 0.987688363
vt 0.671875 0.0500000119
vn 0.137962878 0.0737426952 0.987688363
vt 0.6875 0.0500000119
vn 0.144526601 0.0598648787 0.987688363
vt 0.703125 0.0500000119
vn 0.149698451 0.0454105288 0.987688363
vt 0.71875 0.0500000119
vn 0.153428614 0.0305188503 0.987688363
vt 0.734375 0.0500000119
vn 0.155681193 0.0153332585 0.987688363
vt 0.75 0.0500000119
vn 0.156434461 2.87365456e-17 0.987688363
vt 0.765625 0.0500000119
vn 0.155681193 -0.0153332585 0.987688363
vt 0.78125 0.0500000119
vn 0.153428614 -0.0305188503 0.987688363
vt 0.796875 0.0500000119
vn 0.149698451 -0.0454105288 0.987688363
vt 0.8125 0.0500000119
vn 0.144526601 -0.0598648787 0.987688363
vt 0.828125 0.0500000119
vn 0.137962878 -0.0737426952 0.987688363
vt 0.84375 0.0500000119
vn 0.130070508 -0.0869103298 0.987688363
vt 0.859375 0.0500000119
vn 0.120925479 -0.0992409736 0.987688363
vt 0.875 0.0500000119
vn 0.110615872 -0.110615872 0.987688363
vt 0.890625 0.0500000119
vn 0.0992409736 -0.120925479 0.987688363
vt 0.90625 0.0500000119
vn 0.0869103298 -0.130070508 0.987688363
vt 0.921875 0.0500000119
vn 0.0737426952 -0.137962878 0.987688363
vt 0.9375 0.0500000119
vn 0.0598648787 -0.144526601 0.987688363
vt 0.953125 0.0500000119
vn 0.0454105288 -0.149698451 0.987688363
vt 0.96875 0.0500000119
vn 0.0305188503 -0.153428614 0.987688363
vt 0.984375 0.0500000119
vn 0.0153332585 -0.155681193 0.987688363
vt 1.0 0.0500000119
vn 3.83153931e-17 -0.156434461 0.987688363
vt 0.0 0.0749999881
vn 0.0 -0.233445361 0.972369909
vt 0.015625 0.0749999881
vn -0.0228816476 -0.232321262 0.972369909
vt 0.03125 0.0749999881
vn -0.045542933 -0.228959784 0.972369909
vt 0.046875 0.0749999881
vn -0.0677656084 -0.223393291 0.972369909
vt 0.0625 0.0749999881
vn -0.0893356726 -0.215675399 0.972369909
vt 0.078125 0.0749999881
vn -0.110045381 -0.205880433 0.972369909
vt 0.09375 0.0749999881
vn -0.129695296 -0.194102719 0.972369909
vt 0.109375 0.0749999881
vn -0.148096174 -0.1804557 0.972369909
vt 0.125 0.0749999881
vn -0.165070802 -0.165070802 0.972369909
vt 0.140625 0.0749999881
vn -0.1804557 -0.148096174 0.972369909
vt 0.15625 0.0749999881
vn -0.194102719 -0.129695296 0.972369909
vt 0.171875 0.0749999881
vn -0.205880433 -0.110045381 0.972369909
vt 0.1875 0.0749999881
vn -0.215675399 -0.0893356726 0.972369909
vt 0.203125 0.0749999881
vn -0.223393291 -0.0677656084 0.972369909
vt 0.21875 0.0749999881
vn -0.228959784 -0.045542933 0.972369909
vt 0.234375 0.0749999881
vn -0.232321262 -0.0228816476 0.972369909
vt 0.25 0.0749999881
vn -0.233445361 -1.42944056e-17 0.972369909
vt 0.265625 0.0749999881
vn -0.232321262 0.0228816476 0.972369909
vt 0.28125 0.0749999881
vn -0.228959784 0.045542933 0.972369909
vt 0.296875 0.0749999881
vn -0.223393291 0.0677656084 0.972369909
vt 0.3125 0.0749999881
vn -0.215675399 0.0893356726 0.972369909
vt 0.328125 0.0749999881
vn -0.205880433 0.110045381 0.972369909
vt 0.34375 0.0749999881
vn -0.194102719 0.129695296 0.972369909
vt 0.359375 0.0749999881
vn -0.1804557 0.148096174 0.972369909
vt 0.375 0.0749999881
vn -0.165070802 0.165070802 0.972369909
vt 0.390625 0.0749999881
vn -0.148096174 0.1804557 0.972369909
vt 0.40625 0.0749999881
vn -0.129695296 0.194102719 0.972369909
vt 0.421875 0.0749999881
vn -0.110045381 0.205880433 0.972369909
vt 0.4375 0.0749999881
vn -0.0893356726 0.215675399 0.972369909
vt 0.453125 0.0749999881
vn -0.0677656084 0.223393291 0.972369909
vt 0.46875 0.0749999881
vn -0.045542933 0.228959784 0.972369909
vt 0.484375 0.0749999881
vn -0.0228816476 0.232321262 0.972369909
vt 0.5 0.0749999881
vn -2.85888112e-17 0.233445361 0.972369909
vt 0.515625 0.0749999881
vn 0.0228816476 0.232321262 0.972369909
vt 0.53125 0.0749999881
vn 0.045542933 0.228959784 0.972369909
vt 0.546875 0.0749999881
vn 0.0677656084 0.223393291 0.972369909
vt 0.5625 0.0749999881
vn 0.0893356726 0.215675399 0.972369909
vt 0.578125 0.0749999881
vn 0.110045381 0.205880433 0.972369909
vt 0.59375 0.0749999881
vn 0.129695296 0.194102719 0.972369909
vt 0.609375 0.0749999881
vn 0.148096174 0.1804557 0.972369909
vt 0.625 0.0749999881
vn 0.165070802 0.165070802 0.972369909
vt 0.640625 0.0749999881
vn 0.1804557 0.148096174 0.972369909
vt 0.65625 0.0749999881
vn 0.194102719 0.129695296 0.972369909
vt 0.671875 0.0749999881
vn 0.205880433 0.110045381 0.972369909
vt 0.6875 0.0749999881
vn 0.215675399 0.0893356726 0.972369909
vt 0.703125 0.0749999881
vn 0.223393291 0.0677656084 0.972369909
vt 0.71875 0.0749999881
vn 0.228959784 0.045542933 0.972369909
vt 0.734375 0.0749999881
vn 0.232321262 0.0228816476 0.972369909
vt 0.75 0.0749999881
vn 0.233445361 4.28832168e-17 0.972369909
vt 0.765625 0.0749999881
vn 0.232321262 -0.0228816476 0.972369909
vt 0.78125 0.0749999881
vn 0.228959784 -0.045542933 0.972369909
vt 0.796875 0.0749999881
vn 0.223393291 -0.0677656084 0.972369909
vt 0.8125 0.0749999881
vn 0.215675399 -0.0893356726 0.972369909
vt 0.828125 0.0749999881
vn 0.205880433 -0.110045381 0.972369909
vt 0.84375 0.0749999881
vn 0.194102719 -0.129695296 0.972369909
vt 0.859375 0.0749999881
vn 0.1804557 -0.148096174 0.972369909
vt 0.875 0.0749999881
vn 0.165070802 -0.165070802 0.972369909
vt 0.890625 0.0749999881
vn 0.148096174 -0.1804557 0.972369909
vt 0.90625 0.0749999881
vn 0.129695296 -0.194102719 0.972369909
vt 0.921875 0.0749999881
vn 0.110045381 -0.205880433 0.972369909
vt 0.9375 0.0749999881
vn 0.0893356726 -0.215675399 0.972369909
vt 0.953125 0.0749999881
vn 0.0677656084 -0.223393291 0.972369909
vt 0.96875 0.0749999881
vn 0.045542933 -0.228959784 0.972369909
vt 0.984375 0.0749999881
vn 0.0228816476 -0.232321262 0.972369909
vt 1.0 0.0749999881
vn 5.71776224e-17 -0.233445361 0.972369909
vt 0.0 0.100000024
vn 0.0 -0.309017003 0.95105654
vt 0.015625 0.100000024
vn -0.0302889626 -0.307529002 0.95105654
vt 0.03125 0.100000024
vn -0.0602862239 -0.303079307 0.95105654
vt 0.046875 0.100000024
vn -0.0897028968 -0.295710832 0.95105654
vt 0.0625 0.100000024
vn -0.118255682 -0.285494477 0.95105654
vt 0.078125 0.100000024
vn -0.145669609 -0.272528648 0.95105654
vt 0.09375 0.100000024
vn -0.171680644 -0.256938249 0.95105654
vt 0.109375 0.100000024
vn -0.196038306 -0.238873363 0.95105654
vt 0.125 0.100000024
vn -0.218508005 -0.218508005 0.95105654
vt 0.140625 0.100000024
vn -0.238873363 -0.196038306 0.95105654
vt 0.15625 0.100000024
vn -0.256938249 -0.171680644 0.95105654
vt 0.171875 0.100000024
vn -0.272528648 -0.145669609 0.95105654
vt 0.1875 0.100000024
vn -0.285494477 -0.118255682 0.95105654
vt 0.203125 0.100000024
vn -0.295710832 -0.0897028968 0.95105654
vt 0.21875 0.100000024
vn -0.303079307 -0.0602862239 0.95105654
vt 0.234375 0.100000024
vn -0.307529002 -0.0302889626 0.95105654
vt 0.25 0.100000024
vn -0.309017003 -1.89218343e-17 0.95105654
vt 0.265625 0.100000024
vn -0.307529002 0.0302889626 0.95105654
vt 0.28125 0.100000024
vn -0.303079307 0.0602862239 0.95105654
vt 0.296875 0.100000024
vn -0.295710832 0.0897028968 0.95105654
vt 0.3125 0.100000024
vn -0.285494477 0.118255682 0.95105654
vt 0.328125 0.100000024
vn -0.272528648 0.145669609 0.95105654
vt 0.34375 0.100000024
vn -0.256938249 0.171680644 0.95105654
vt 0.359375 0.100000024
vn -0.238873363 0.196038306 0.95105654
vt 0.375 0.100000024
vn -0.218508005 0.218508005 0.95105654
vt 0.390625 0.100000024
vn -0.196038306 0.238873363 0.95105654
vt 0.40625 0.100000024
vn -0.171680644 0.256938249 0.95105654
vt 0.421875 0.100000024
vn -0.145669609 0.272528648 0.95105654
vt 0.4375 0.100000024
vn -0.118255682 0.285494477 0.95105654
vt 0.453125 0.100000024
vn -0.0897028968 0.295710832 0.95105654
vt 0.46875 0.100000024
vn -0.0602862239 0.303079307 0.95105654
vt 0.484375 0.100000024
vn -0.0302889626 0.307529002 0.95105654
vt 0.5 0.100000024
vn -3.78436685e-17 0.309017003 0.95105654
vt 0.515625 0.100000024
vn 0.0302889626 0.307529002 0.95105654
vt 0.53125 0.100000024
vn 0.0602862239 0.303079307 0.95105654
vt 0.546875 0.100000024
vn 0.0897028968 0.295710832 0.95105654
vt 0.5625 0.100000024
vn 0.118255682 0.285494477 0.95105654
vt 0.578125 0.100000024
vn 0.145669609 0.272528648 0.95105654
vt 0.59375 0.100000024
vn 0.171680644 0.256938249 0.95105654
vt 0.609375 0.100000024
vn 0.196038306 0.238873363 0.95105654
vt 0.625 0.100000024
vn 0.218508005 0.218508005 0.95105654
vt 0.640625 0.100000024
vn 0.238873363 0.196038306 0.95105654
vt 0.65625 0.100000024
vn 0.256938249 0.171680644 0.95105654
vt 0.671875 0.100000024
vn 0.272528648 0.145669609 0.95105654
vt 0.6875 0.100000024
vn 0.285494477 0.118255682 0.95105654
vt 0.703125 0.100000024
vn 0.295710832 0.0897028968 0.95105654
vt 0.71875 0.100000024
vn 0.303079307 0.0602862239 0.95105654
vt 0.734375 0.100000024
vn 0.307529002 0.0302889626 0.95105654
vt 0.75 0.100000024
vn 0.309017003 5.67655011e-17 0.95105654
vt 0.765625 0.100000024
vn 0.307529002 -0.0302889626 0.95105654
vt 0.78125 0.100000024
vn 0.303079307 -0.0602862239 0.95105654
vt 0.796875 0.100000024
vn 0.295710832 -0.0897028968 0.95105654
vt 0.8125 0.100000024
vn 0.285494477 -0.118255682 0.95105654
vt 0.828125 0.100000024
vn 0.272528648 -0.145669609 0.95105654
vt 0.84375 0.100000024
vn 0.256938249 -0.171680644 0.95105654
vt 0.859375 0.100000024
vn 0.238873363 -0.196038306 0.95105654
vt 0.875 0.100000024
vn 0.218508005 -0.218508005 0.95105654
vt 0.890625 0.100000024
vn 0.196038306 -0.238873363 0.95105654
vt 0.90625 0.100000024
vn 0.171680644 -0.256938249 0.95105654
vt 0.921875 0.100000024
vn 0.145669609 -0.272528648 0.95105654
vt 0.9375 0.100000024
vn 0.118255682 -0.285494477 0.95105654
vt 0.953125 0.100000024
vn 0.0897028968 -0.295710832 0.95105654
vt 0.96875 0.100000024
vn 0.0602862239 -0.303079307 0.95105654
vt 0.984375 0.100000024
vn 0.0302889626 -0.307529002 0.95105654
vt 1.0 0.100000024
vn 7.56873371e-17 -0.309017003 0.95105654
vt 0.0 0.125
vn 0.0 -0.382683426 0.923879504
vt 0.015625 0.125
vn -0.0375095345 -0.380840719 0.923879504
vt 0.03125 0.125
vn -0.0746578351 -0.375330269 0.923879504
vt 0.046875 0.125
vn -0.111087136 -0.366205215 0.923879504
vt 0.0625 0.125
vn -0.146446615 -0.353553385 0.923879504
vt 0.078125 0.125
vn -0.180395722 -0.337496668 0.923879504
vt 0.09375 0.125
vn -0.212607518 -0.318189651 0.923879504
vt 0.109375 0.125
vn -0.242771804 -0.295818299 0.923879504
vt 0.125 0.125
vn -0.270598054 -0.270598054 0.923879504
vt 0.140625 0.125
vn -0.295818299 -0.242771804 0.923879504
vt 0.15625 0.125
vn -0.318189651 -0.212607518 0.923879504
vt 0.171875 0.125
vn -0.337496668 -0.180395722 0.923879504
vt 0.1875 0.125
vn -0.353553385 -0.146446615 0.923879504
vt 0.203125 0.125
vn -0.366205215 -0.111087136 0.923879504
vt 0.21875 0.125
vn -0.375330269 -0.0746578351 0.923879504
vt 0.234375 0.125
vn -0.380840719 -0.0375095345 0.923879504
vt 0.25 0.125
vn -0.382683426 -2.34326023e-17 0.923879504
vt 0.265625 0.125
vn -0.380840719 0.0375095345 0.923879504
vt 0.28125 0.125
vn -0.375330269 0.0746578351 0.923879504
vt 0.296875 0.125
vn -0.366205215 0.111087136 0.923879504
vt 0.3125 0.125
vn -0.353553385 0.146446615 0.923879504
vt 0.328125 0.125
vn -0.337496668 0.180395722 0.923879504
vt 0.34375 0.125
vn -0.318189651 0.212607518 0.923879504
vt 0.359375 0.125
vn -0.295818299 0.242771804 0.923879504
vt 0.375 0.125
vn -0.270598054 0.270598054 0.923879504
vt 0.390625 0.125
vn -0.242771804 0.295818299 0.923879504
vt 0.40625 0.125
vn -0.212607518 0.318189651 0.923879504
vt 0.421875 0.125
vn -0.180395722 0.337496668 0.923879504
vt 0.4375 0.125
vn -0.146446615 0.353553385 0.923879504
vt 0.453125 0.125
vn -0.111087136 0.366205215 0.923879504
vt 0.46875 0.125
vn -0.0746578351 0.375330269 0.923879504
vt 0.484375 0.125
vn -0.0375095345 0.380840719 0.923879504
vt 0.5 0.125
vn -4.68652047e-17 0.382683426 0.923879504
vt 0.515625 0.125
vn 0.0375095345 0.380840719 0.923879504
vt 0.53125 0.125
vn 0.0746578351 0.375330269 0.923879504
vt 0.546875 0.125
vn 0.111087136 0.366205215 0.923879504
vt 0.5625 0.125
vn 0.146446615 0.353553385 0.923879504
vt 0.578125 0.125
vn 0.180395722 0.337496668 0.923879504
vt 0.59375 0.125
vn 0.212607518 0.318189651 0.923879504
vt 0.609375 0.125
vn 0.242771804 0.295818299 0.923879504
vt 0.625 0.125
vn 0.270598054 0.270598054 0.923879504
vt 0.640625 0.125
vn 0.295818299 0.242771804 0.923879504
vt 0.65625 0.125
vn 0.318189651 0.212607518 0.923879504
vt 0.671875 0.125
vn 0.337496668 0.180395722 0.923879504
vt 0.6875 0.125
vn 0.353553385 0.146446615 0.923879504
vt 0.703125 0.125
vn 0.366205215 0.111087136 0.923879504
vt 0.71875 0.125
vn 0.375330269 0.0746578351 0.923879504
vt 0.734375 0.125
vn 0.380840719 0.0375095345 0.923879504
vt 0.75 0.125
vn 0.382683426 7.02978054e-17 0.923879504
vt 0.765625 0.125
vn 0.380840719 -0.0375095345 0.923879504
vt 0.78125 0.125
vn 0.375330269 -0.0746578351 0.923879504
vt 0.796875 0.125
vn 0.366205215 -0.111087136 0.923879504
vt 0.8125 0.125
vn 0.353553385 -0.146446615 0.923879504
vt 0.828125 0.125
vn 0.337496668 -0.180395722 0.923879504
vt 0.84375 0.125
vn 0.318189651 -0.212607518 0.923879504
vt 0.859375 0.125
vn 0.295818299 -0.242771804 0.923879504
vt 0.875 0.125
vn 0.270598054 -0.270598054 0.923879504
vt 0.890625 0.125
vn 0.242771804 -0.295818299 0.923879504
vt 0.90625 0.125
vn 0.212607518 -0.318189651 0.923879504
vt 0.921875 0.125
vn 0.180395722 -0.337496668 0.923879504
vt 0.9375 0.125
vn 0.146446615 -0.353553385 0.923879504
vt 0.953125 0.125
vn 0.111087136 -0.366205215 0.923879504
vt 0.96875 0.125
vn 0.0746578351 -0.375330269 0.923879504
vt 0.984375 0.125
vn 0.0375095345 -0.380840719 0.923879504
vt 1.0 0.125
vn 9.37304094e-17 -0.382683426 0.923879504
vt 0.0 0.149999976
vn 0.0 -0.453990489 0.891006529
vt 0.015625 0.149999976
vn -0.0444988497 -0.451804399 0.891006529
vt 0.03125 0.149999976
vn -0.0885691494 -0.4452672 0.891006529
vt 0.046875 0.149999976
vn -0.131786481 -0.434441835 0.891006529
vt 0.0625 0.149999976
vn -0.17373465 -0.419432521 0.891006529
vt 0.078125 0.149999976
vn -0.214009643 -0.40038389 0.891006529
vt 0.09375 0.149999976
vn -0.252223611 -0.377479315 0.891006529
vt 0.109375 0.149999976
vn -0.288008511 -0.350939393 0.891006529
vt 0.125 0.149999976
vn -0.321019769 -0.321019769 0.891006529
vt 0.140625 0.149999976
vn -0.350939393 -0.288008511 0.891006529
vt 0.15625 0.149999976
vn -0.377479315 -0.252223611 0.891006529
vt 0.171875 0.149999976
vn -0.40038389 -0.214009643 0.891006529
vt 0.1875 0.149999976
vn -0.419432521 -0.17373465 0.891006529
vt 0.203125 0.149999976
vn -0.434441835 -0.131786481 0.891006529
vt 0.21875 0.149999976
vn -0.4452672 -0.0885691494 0.891006529
vt 0.234375 0.149999976
vn -0.451804399 -0.0444988497 0.891006529
vt 0.25 0.149999976
vn -0.453990489 -2.77989e-17 0.891006529
vt 0.265625 0.149999976
vn -0.451804399 0.0444988497 0.891006529
vt 0.28125 0.149999976
vn -0.4452672 0.0885691494 0.891006529
vt 0.296875 0.149999976
vn -0.434441835 0.131786481 0.891006529
vt 0.3125 0.149999976
vn -0.419432521 0.17373465 0.891006529
vt 0.328125 0.149999976
vn -0.40038389 0.214009643 0.891006529
vt 0.34375 0.149999976
vn -0.377479315 0.252223611 0.891006529
vt 0.359375 0.149999976
vn -0.350939393 0.288008511 0.891006529
vt 0.375 0.149999976
vn -0.321019769 0.321019769 0.891006529
vt 0.390625 0.149999976
vn -0.288008511 0.350939393 0.891006529
vt 0.40625 0.149999976
vn -0.252223611 0.377479315 0.891006529
vt 0.421875 0.149999976
vn -0.214009643 0.40038389 0.891006529
vt 0.4375 0.149999976
vn -0.17373465 0.419432521 0.891006529
vt 0.453125 0.149999976
vn -0.131786481 0.434441835 0.891006529
vt 0.46875 0.149999976
vn -0.0885691494 0.4452672 0.891006529
vt 0.484375 0.149999976
vn -0.0444988497 0.451804399 0.891006529
vt 0.5 0.149999976
vn -5.55978001e-17 0.453990489 0.891006529
vt 0.515625 0.149999976
vn 0.0444988497 0.451804399 0.891006529
vt 0.53125 0.149999976
vn 0.0885691494 0.4452672 0.891006529
vt 0.546875 0.149999976
vn 0.131786481 0.434441835 0.891006529
vt 0.5625 0.149999976
vn 0.17373465 0.419432521 0.891006529
vt 0.578125 0.149999976
vn 0.214009643 0.40038389 0.891006529
vt 0.59375 0.149999976
vn 0.252223611 0.377479315 0.891006529
vt 0.609375 0.149999976
vn 0.288008511 0.350939393 0.891006529
vt 0.625 0.149999976
vn 0.321019769 0.321019769 0.891006529
vt 0.640625 0.149999976
vn 0.350939393 0.288008511 0.891006529
vt 0.65625 0.149999976
vn 0.377479315 0.252223611 0.891006529
vt 0.671875 0.149999976
vn 0.40038389 0.214009643 0.891006529
vt 0.6875 0.149999976
vn 0.419432521 0.17373465 0.891006529
vt 0.703125 0.149999976
vn 0.434441835 0.131786481 0.891006529
vt 0.71875 0.149999976
vn 0.4452672 0.0885691494 0.891006529
vt 0.734375 0.149999976
vn 0.451804399 0.0444988497 0.891006529
vt 0.75 0.149999976
vn 0.453990489 8.33967001e-17 0.891006529
vt 0.765625 0.149999976
vn 0.451804399 -0.0444988497 0.891006529
vt 0.78125 0.149999976
vn 0.4452672 -0.0885691494 0.891006529
vt 0.796875 0.149999976
vn 0.434441835 -0.131786481 0.891006529
vt 0.8125 0.149999976
vn 0.419432521 -0.17373465 0.891006529
vt 0.828125 0.149999976
vn 0.40038389 -0.214009643 0.891006529
vt 0.84375 0.149999976
vn 0.377479315 -0.252223611 0.891006529
vt 0.859375 0.149999976
vn 0.350939393 -0.288008511 0.891006529
vt 0.875 0.149999976
vn 0.321019769 -0.321019769 0.891006529
vt 0.890625 0.149999976
vn 0.288008511 -0.350939393 0.891006529
vt 0.90625 0.149999976
vn 0.252223611 -0.377479315 0.891006529
vt 0.921875 0.149999976
vn 0.214009643 -0.40038389 0.891006529
vt 0.9375 0.149999976
vn 0.17373465 -0.419432521 0.891006529
vt 0.953125 0.149999976
vn 0.131786481 -0.434441835 0.891006529
vt 0.96875 0.149999976
vn 0.0885691494 -0.4452672 0.891006529
vt 0.984375 0.149999976
vn 0.0444988497 -0.451804399 0.891006529
vt 1.0 0.149999976
vn 1.111956e-16 -0.453990489 0.891006529
vt 0.0 0.175000012
vn 0.0 -0.522498548 0.852640152
vt 0.015625 0.175000012
vn -0.0512138158 -0.519982576 0.852640152
vt 0.03125 0.175000012
vn -0.101934411 -0.51245892 0.852640152
vt 0.046875 0.175000012
vn -0.151673332 -0.49999994 0.852640152
vt 0.0625 0.175000012
vn -0.199951544 -0.482725739 0.852640152
vt 0.078125 0.175000012
vn -0.246304125 -0.460802585 0.852640152
vt 0.09375 0.175000012
vn -0.290284663 -0.434441686 0.852640152
vt 0.109375 0.175000012
vn -0.331469566 -0.403896838 0.852640152
vt 0.125 0.175000012
vn -0.369462281 -0.369462281 0.852640152
vt 0.140625 0.175000012
vn -0.403896838 -0.331469566 0.852640152
vt 0.15625 0.175000012
vn -0.434441686 -0.290284663 0.852640152
vt 0.171875 0.175000012
vn -0.460802585 -0.246304125 0.852640152
vt 0.1875 0.175000012
vn -0.482725739 -0.199951544 0.852640152
vt 0.203125 0.175000012
vn -0.49999994 -0.151673332 0.852640152
vt 0.21875 0.175000012
vn -0.51245892 -0.101934411 0.852640152
vt 0.234375 0.175000012
vn -0.519982576 -0.0512138158 0.852640152
vt 0.25 0.175000012
vn -0.522498548 -3.19938108e-17 0.852640152
vt 0.265625 0.175000012
vn -0.519982576 0.0512138158 0.852640152
vt 0.28125 0.175000012
vn -0.51245892 0.101934411 0.852640152
vt 0.296875 0.175000012
vn -0.49999994 0.151673332 0.852640152
vt 0.3125 0.175000012
vn -0.482725739 0.199951544 0.852640152
vt 0.328125 0.175000012
vn -0.460802585 0.246304125 0.852640152
vt 0.34375 0.175000012
vn -0.434441686 0.290284663 0.852640152
vt 0.359375 0.175000012
vn -0.403896838 0.331469566 0.852640152
vt 0.375 0.175000012
vn -0.369462281 0.369462281 0.852640152
vt 0.390625 0.175000012
vn -0.331469566 0.403896838 0.852640152
vt 0.40625 0.175000012
vn -0.290284663 0.434441686 0.852640152
vt 0.421875 0.175000012
vn -0.246304125 0.460802585 0.852640152
vt 0.4375 0.175000012
vn -0.199951544 0.482725739 0.852640152
vt 0.453125 0.175000012
vn -0.151673332 0.49999994 0.852640152
vt 0.46875 0.175000012
vn -0.101934411 0.51245892 0.852640152
vt 0.484375 0.175000012
vn -0.0512138158 0.519982576 0.852640152
vt 0.5 0.175000012
vn -6.39876217e-17 0.522498548 0.852640152
vt 0.515625 0.175000012
vn 0.0512138158 0.519982576 0.852640152
vt 0.53125 0.175000012
vn 0.101934411 0.51245892 0.852640152
vt 0.546875 0.175000012
vn 0.151673332 0.49999994 0.852640152
vt 0.5625 0.175000012
vn 0.199951544 0.482725739 0.852640152
vt 0.578125 0.175000012
vn 0.246304125 0.460802585 0.852640152
vt 0.59375 0.175000012
vn 0.290284663 0.434441686 0.852640152
vt 0.609375 0.175000012
vn 0.331469566 0.403896838 0.852640152
vt 0.625 0.175000012
vn 0.369462281 0.369462281 0.852640152
vt 0.640625 0.175000012
vn 0.403896838 0.331469566 0.852640152
vt 0.65625 0.175000012
vn 0.434441686 0.290284663 0.852640152
vt 0.671875 0.175000012
vn 0.460802585 0.246304125 0.852640152
vt 0.6875 0.175000012
vn 0.482725739 0.199951544 0.852640152
vt 0.703125 0.175000012
vn 0.49999994 0.151673332 0.852640152
vt 0.71875 0.175000012
vn 0.51245892 0.101934411 0.852640152
vt 0.734375 0.175000012
vn 0.519982576 0.0512138158 0.852640152
vt 0.75 0.175000012
vn 0.522498548 9.59814259e-17 0.852640152
vt 0.765625 0.175000012
vn 0.519982576 -0.0512138158 0.852640152
vt 0.78125 0.175000012
vn 0.51245892 -0.101934411 0.852640152
vt 0.796875 0.175000012
vn 0.49999994 -0.151673332 0.852640152
vt 0.8125 0.175000012
vn 0.482725739 -0.199951544 0.852640152
vt 0.828125 0.175000012
vn 0.460802585 -0.246304125 0.852640152
vt 0.84375 0.175000012
vn 0.434441686 -0.290284663 0.852640152
vt 0.859375 0.175000012
vn 0.403896838 -0.331469566 0.852640152
vt 0.875 0.175000012
vn 0.369462281 -0.369462281 0.852640152
vt 0.890625 0.175000012
vn 0.331469566 -0.403896838 0.852640152
vt 0.90625 0.175000012
vn 0.290284663 -0.434441686 0.852640152
vt 0.921875 0.175000012
vn 0.246304125 -0.460802585 0.852640152
vt 0.9375 0.175000012
vn 0.199951544 -0.482725739 0.852640152
vt 0.953125 0.175000012
vn 0.151673332 -0.49999994 0.852640152
vt 0.96875 0.175000012
vn 0.101934411 -0.51245892 0.852640152
vt 0.984375 0.175000012
vn 0.0512138158 -0.519982576 0.852640152
vt 1.0 0.175000012
vn 1.27975243e-16 -0.522498548 0.852640152
vt 0.0 0.199999988
vn 0.0 -0.587785244 0.809017003
vt 0.015625 0.199999988
vn -0.0576130301 -0.584954917 0.809017003
vt 0.03125 0.199999988
vn -0.114671215 -0.576491117 0.809017003
vt 0.046875 0.199999988
vn -0.170625046 -0.562475443 0.809017003
vt 0.0625 0.199999988
vn -0.224935681 -0.543042779 0.809017003
vt 0.078125 0.199999988
vn -0.277080059 -0.518380284 0.809017003
vt 0.09375 0.199999988
vn -0.326555997 -0.488725573 0.809017003
vt 0.109375 0.199999988
vn -0.372887015 -0.454364151 0.809017003
vt 0.125 0.199999988
vn -0.415626943 -0.415626943 0.809017003
vt 0.140625 0.199999988
vn -0.454364151 -0.372887015 0.809017003
vt 0.15625 0.199999988
vn -0.488725573 -0.326555997 0.809017003
vt 0.171875 0.199999988
vn -0.518380284 -0.277080059 0.809017003
vt 0.1875 0.199999988
vn -0.543042779 -0.224935681 0.809017003
vt 0.203125 0.199999988
vn -0.562475443 -0.170625046 0.809017003
vt 0.21875 0.199999988
vn -0.576491117 -0.114671215 0.809017003
vt 0.234375 0.199999988
vn -0.584954917 -0.0576130301 0.809017003
vt 0.25 0.199999988
vn -0.587785244 -3.59914656e-17 0.809017003
vt 0.265625 0.199999988
vn -0.584954917 0.0576130301 0.809017003
vt 0.28125 0.199999988
vn -0.576491117 0.114671215 0.809017003
vt 0.296875 0.199999988
vn -0.562475443 0.170625046 0.809017003
vt 0.3125 0.199999988
vn -0.543042779 0.224935681 0.809017003
vt 0.328125 0.199999988
vn -0.518380284 0.277080059 0.809017003
vt 0.34375 0.199999988
vn -0.488725573 0.326555997 0.809017003
vt 0.359375 0.199999988
vn -0.454364151 0.372887015 0.809017003
vt 0.375 0.199999988
vn -0.415626943 0.415626943 0.809017003
vt 0.390625 0.199999988
vn -0.372887015 0.454364151 0.809017003
vt 0.40625 0.199999988
vn -0.326555997 0.488725573 0.809017003
vt 0.421875 0.199999988
vn -0.277080059 0.518380284 0.809017003
vt 0.4375 0.199999988
vn -0.224935681 0.543042779 0.809017003
vt 0.453125 0.199999988
vn -0.170625046 0.562475443 0.809017003
vt 0.46875 0.199999988
vn -0.114671215 0.576491117 0.809017003
vt 0.484375 0.199999988
vn -0.0576130301 0.584954917 0.809017003
vt 0.5 0.199999988
vn -7.19829311e-17 0.587785244 0.809017003
vt 0.515625 0.199999988
vn 0.0576130301 0.584954917 0.809017003
vt 0.53125 0.199999988
vn 0.114671215 0.576491117 0.809017003
vt 0.546875 0.199999988
vn 0.170625046 0.562475443 0.809017003
vt 0.5625 0.199999988
vn 0.224935681 0.543042779 0.809017003
vt 0.578125 0.199999988
vn 0.277080059 0.518380284 0.809017003
vt 0.59375 0.199999988
vn 0.326555997 0.488725573 0.809017003
vt 0.609375 0.199999988
vn 0.372887015 0.454364151 0.809017003
vt 0.625 0.199999988
vn 0.415626943 0.415626943 0.809017003
vt 0.640625 0.199999988
vn 0.454364151 0.372887015 0.809017003
vt 0.65625 0.199999988
vn 0.488725573 0.326555997 0.809017003
vt 0.671875 0.199999988
vn 0.518380284 0.277080059 0.809017003
vt 0.6875 0.199999988
vn 0.543042779 0.224935681 0.809017003
vt 0.703125 0.199999988
vn 0.562475443 0.170625046 0.809017003
vt 0.71875 0.199999988
vn 0.576491117 0.114671215 0.809017003
vt 0.734375 0.199999988
vn 0.584954917 0.0576130301 0.809017003
vt 0.75 0.199999988
vn 0.587785244 1.079744e-16 0.809017003
vt 0.765625 0.199999988
vn 0.584954917 -0.0576130301 0.809017003
vt 0.78125 0.199999988
vn 0.576491117 -0.114671215 0.809017003
vt 0.796875 0.199999988
vn 0.562475443 -0.170625046 0.809017003
vt 0.8125 0.199999988
vn 0.543042779 -0.224935681 0.809017003
vt 0.828125 0.199999988
vn 0.518380284 -0.277080059 0.809017003
vt 0.84375 0.199999988
vn 0.488725573 -0.326555997 0.809017003
vt 0.859375 0.199999988
vn 0.454364151 -0.372887015 0.809017003
vt 0.875 0.199999988
vn 0.415626943 -0.415626943 0.809017003
vt 0.890625 0.199999988
vn 0.372887015 -0.454364151 0.809017003
vt 0.90625 0.199999988
vn 0.326555997 -0.488725573 0.809017003
vt 0.921875 0.199999988
vn 0.277080059 -0.518380284 0.809017003
vt 0.9375 0.199999988
vn 0.224935681 -0.543042779 0.809017003
vt 0.953125 0.199999988
vn 0.170625046 -0.562475443 0.809017003
vt 0.96875 0.199999988
vn 0.114671215 -0.576491117 0.809017003
vt 0.984375 0.199999988
vn 0.0576130301 -0.584954917 0.809017003
vt 1.0 0.199999988
vn 1.43965862e-16 -0.587785244 0.809017003
vt 0.0 0.225000024
vn 0.0 -0.649448037 0.760405958
vt 0.015625 0.225000024
vn -0.0636570379 -0.64632076 0.760405958
vt 0.03125 0.225000024
vn -0.126701027 -0.63696909 0.760405958
vt 0.046875 0.225000024
vn -0.188524812 -0.621483028 0.760405958
vt 0.0625 0.225000024
vn -0.24853301 -0.600011766 0.760405958
vt 0.078125 0.225000024
vn -0.306147695 -0.572762072 0.760405958
vt 0.09375 0.225000024
vn -0.360814005 -0.539996326 0.760405958
vt 0.109375 0.225000024
vn -0.412005484 -0.502030134 0.760405958
vt 0.125 0.225000024
vn -0.459229112 -0.459229112 0.760405958
vt 0.140625 0.225000024
vn -0.502030134 -0.412005484 0.760405958
vt 0.15625 0.225000024
vn -0.539996326 -0.360814005 0.760405958
vt 0.171875 0.225000024
vn -0.572762072 -0.306147695 0.760405958
vt 0.1875 0.225000024
vn -0.600011766 -0.24853301 0.760405958
vt 0.203125 0.225000024
vn -0.621483028 -0.188524812 0.760405958
vt 0.21875 0.225000024
vn -0.63696909 -0.126701027 0.760405958
vt 0.234375 0.225000024
vn -0.64632076 -0.0636570379 0.760405958
vt 0.25 0.225000024
vn -0.649448037 -3.97672241e-17 0.760405958
vt 0.265625 0.225000024
vn -0.64632076 0.0636570379 0.760405958
vt 0.28125 0.225000024
vn -0.63696909 0.126701027 0.760405958
vt 0.296875 0.225000024
vn -0.621483028 0.188524812 0.760405958
vt 0.3125 0.225000024
vn -0.600011766 0.24853301 0.760405958
vt 0.328125 0.225000024
vn -0.572762072 0.306147695 0.760405958
vt 0.34375 0.225000024
vn -0.539996326 0.360814005 0.760405958
vt 0.359375 0.225000024
vn -0.502030134 0.412005484 0.760405958
vt 0.375 0.225000024
vn -0.459229112 0.459229112 0.760405958
vt 0.390625 0.225000024
vn -0.412005484 0.502030134 0.760405958
vt 0.40625 0.225000024
vn -0.360814005 0.539996326 0.760405958
vt 0.421875 0.225000024
vn -0.306147695 0.572762072 0.760405958
vt 0.4375 0.225000024
vn -0.24853301 0.600011766 0.760405958
vt 0.453125 0.225000024
vn -0.188524812 0.621483028 0.760405958
vt 0.46875 0.225000024
vn -0.126701027 0.63696909 0.760405958
vt 0.484375 0.225000024
vn -0.0636570379 0.64632076 0.760405958
vt 0.5 0.225000024
vn -7.95344482e-17 0.649448037 0.760405958
vt 0.515625 0.225000024
vn 0.0636570379 0.64632076 0.760405958
vt 0.53125 0.225000024
vn 0.126701027 0.63696909 0.760405958
vt 0.546875 0.225000024
vn 0.188524812 0.621483028 0.760405958
vt 0.5625 0.225000024
vn 0.24853301 0.600011766 0.760405958
vt 0.578125 0.225000024
vn 0.306147695 0.572762072 0.760405958
vt 0.59375 0.225000024
vn 0.360814005 0.539996326 0.760405958
vt 0.609375 0.225000024
vn 0.412005484 0.502030134 0.760405958
vt 0.625 0.225000024
vn 0.459229112 0.459229112 0.760405958
vt 0.640625 0.225000024
vn 0.502030134 0.412005484 0.760405958
vt 0.65625 0.225000024
vn 0.539996326 0.360814005 0.760405958
vt 0.671875 0.225000024
vn 0.572762072 0.306147695 0.760405958
vt 0.6875 0.225000024
vn 0.600011766 0.24853301 0.760405958
vt 0.703125 0.225000024
vn 0.621483028 0.188524812 0.760405958
vt 0.71875 0.225000024
vn 0.63696909 0.126701027 0.760405958
vt 0.734375 0.225000024
vn 0.64632076 0.0636570379 0.760405958
vt 0.75 0.225000024
vn 0.649448037 1.19301666e-16 0.760405958
vt 0.765625 0.225000024
vn 0.64632076 -0.0636570379 0.760405958
vt 0.78125 0.225000024
vn 0.63696909 -0.126701027 0.760405958
vt 0.796875 0.225000024
vn 0.621483028 -0.188524812 0.760405958
vt 0.8125 0.225000024
vn 0.600011766 -0.24853301 0.760405958
vt 0.828125 0.225000024
vn 0.572762072 -0.306147695 0.760405958
vt 0.84375 0.225000024
vn 0.539996326 -0.360814005 0.760405958
vt 0.859375 0.225000024
vn 0.502030134 -0.412005484 0.760405958
vt 0.875 0.225000024
vn 0.459229112 -0.459229112 0.760405958
vt 0.890625 0.225000024
vn 0.412005484 -0.502030134 0.760405958
vt 0.90625 0.225000024
vn 0.360814005 -0.539996326 0.760405958
vt 0.921875 0.225000024
vn 0.306147695 -0.572762072 0.760405958
vt 0.9375 0.225000024
vn 0.24853301 -0.600011766 0.760405958
vt 0.953125 0.225000024
vn 0.188524812 -0.621483028 0.760405958
vt 0.96875 0.225000024
vn 0.126701027 -0.63696909 0.760405958
vt 0.984375 0.225000024
vn 0.0636570379 -0.64632076 0.760405958
vt 1.0 0.225000024
vn 1.59068896e-16 -0.649448037 0.760405958
vt 0.0 0.25
vn 0.0 -0.707106769 0.707106769
vt 0.015625 0.25
vn -0.0693085864 -0.703701854 0.707106769
vt 0.03125 0.25
vn -0.13794969 -0.69351995 0.707106769
vt 0.046875 0.25
vn -0.205262259 -0.676658988 0.707106769
vt 0.0625 0.25
vn -0.270598054 -0.65328151 0.707106769
vt 0.078125 0.25
vn -0.33332783 -0.623612523 0.707106769
vt 0.09375 0.25
vn -0.392847478 -0.587937772 0.707106769
vt 0.109375 0.25
vn -0.448583782 -0.546600938 0.707106769
vt 0.125 0.25
vn -0.5 -0.5 0.707106769
vt 0.140625 0.25
vn -0.546600938 -0.448583782 0.707106769
vt 0.15625 0.25
vn -0.587937772 -0.392847478 0.707106769
vt 0.171875 0.25
vn -0.623612523 -0.33332783 0.707106769
vt 0.1875 0.25
vn -0.65328151 -0.270598054 0.707106769
vt 0.203125 0.25
vn -0.676658988 -0.205262259 0.707106769
vt 0.21875 0.25
vn -0.69351995 -0.13794969 0.707106769
vt 0.234375 0.25
vn -0.703701854 -0.0693085864 0.707106769
vt 0.25 0.25
vn -0.707106769 -4.3297803e-17 0.707106769
vt 0.265625 0.25
vn -0.703701854 0.0693085864 0.707106769
vt 0.28125 0.25
vn -0.69351995 0.13794969 0.707106769
vt 0.296875 0.25
vn -0.676658988 0.205262259 0.707106769
vt 0.3125 0.25
vn -0.65328151 0.270598054 0.707106769
vt 0.328125 0.25
vn -0.623612523 0.33332783 0.707106769
vt 0.34375 0.25
vn -0.587937772 0.392847478 0.707106769
vt 0.359375 0.25
vn -0.546600938 0.448583782 0.707106769
vt 0.375 0.25
vn -0.5 0.5 0.707106769
vt 0.390625 0.25
vn -0.448583782 0.546600938 0.707106769
vt 0.40625 0.25
vn -0.392847478 0.587937772 0.707106769
vt 0.421875 0.25
vn -0.33332783 0.623612523 0.707106769
vt 0.4375 0.25
vn -0.270598054 0.65328151 0.707106769
vt 0.453125 0.25
vn -0.205262259 0.676658988 0.707106769
vt 0.46875 0.25
vn -0.13794969 0.69351995 0.707106769
vt 0.484375 0.25
vn -0.0693085864 0.703701854 0.707106769
vt 0.5 0.25
vn -8.6595606e-17 0.707106769 0.707106769
vt 0.515625 0.25
vn 0.0693085864 0.703701854 0.707106769
vt 0.53125 0.25
vn 0.13794969 0.69351995 0.707106769
vt 0.546875 0.25
vn 0.205262259 0.676658988 0.707106769
vt 0.5625 0.25
vn 0.270598054 0.65328151 0.707106769
vt 0.578125 0.25
vn 0.33332783 0.623612523 0.707106769
vt 0.59375 0.25
vn 0.392847478 0.587937772 0.707106769
vt 0.609375 0.25
vn 0.448583782 0.546600938 0.707106769
vt 0.625 0.25
vn 0.5 0.5 0.707106769
vt 0.640625 0.25
vn 0.546600938 0.448583782 0.707106769
vt 0.65625 0.25
vn 0.587937772 0.392847478 0.707106769
vt 0.671875 0.25
vn 0.623612523 0.33332783 0.707106769
vt 0.6875 0.25
vn 0.65328151 0.270598054 0.707106769
vt 0.703125 0.25
vn 0.676658988 0.205262259 0.707106769
vt 0.71875 0.25
vn 0.69351995 0.13794969 0.707106769
vt 0.734375 0.25
vn 0.703701854 0.0693085864 0.707106769
vt 0.75 0.25
vn 0.707106769 1.29893402e-16 0.707106769
vt 0.765625 0.25
vn 0.703701854 -0.0693085864 0.707106769
vt 0.78125 0.25
vn 0.69351995 -0.13794969 0.707106769
vt 0.796875 0.25
vn 0.676658988 -0.205262259 0.707106769
vt 0.8125 0.25
vn 0.65328151 -0.270598054 0.707106769
vt 0.828125 0.25
vn 0.623612523 -0.33332783 0.707106769
vt 0.84375 0.25
vn 0.587937772 -0.392847478 0.707106769
vt 0.859375 0.25
vn 0.546600938 -0.448583782 0.707106769
vt 0.875 0.25
vn 0.5 -0.5 0.707106769
vt 0.890625 0.25
vn 0.448583782 -0.546600938 0.707106769
vt 0.90625 0.25
vn 0.392847478 -0.587937772 0.707106769
vt 0.921875 0.25
vn 0.33332783 -0.623612523 0.707106769
vt 0.9375 0.25
vn 0.270598054 -0.65328151 0.707106769
vt 0.953125 0.25
vn 0.205262259 -0.676658988 0.707106769
vt 0.96875 0.25
vn 0.13794969 -0.69351995 0.707106769
vt 0.984375 0.25
vn 0.0693085864 -0.703701854 0.707106769
vt 1.0 0.25
vn 1.73191212e-16 -0.707106769 0.707106769
vt 0.0 0.274999976
vn 0.0 -0.760405958 0.649448037
vt 0.015625 0.274999976
vn -0.0745328218 -0.756744385 0.649448037
vt 0.03125 0.274999976
vn -0.14834784 -0.745794952 0.649448037
vt 0.046875 0.274999976
vn -0.220734194 -0.727663159 0.649448037
vt 0.0625 0.274999976
vn -0.290994763 -0.70252353 0.649448037
vt 0.078125 0.274999976
vn -0.358452886 -0.670618176 0.649448037
vt 0.09375 0.274999976
vn -0.422458917 -0.632254481 0.649448037
vt 0.109375 0.274999976
vn -0.482396424 -0.587801754 0.649448037
vt 0.125 0.274999976
vn -0.537688196 -0.537688196 0.649448037
vt 0.140625 0.274999976
vn -0.587801754 -0.482396424 0.649448037
vt 0.15625 0.274999976
vn -0.632254481 -0.422458917 0.649448037
vt 0.171875 0.274999976
vn -0.670618176 -0.358452886 0.649448037
vt 0.1875 0.274999976
vn -0.70252353 -0.290994763 0.649448037
vt 0.203125 0.274999976
vn -0.727663159 -0.220734194 0.649448037
vt 0.21875 0.274999976
vn -0.745794952 -0.14834784 0.649448037
vt 0.234375 0.274999976
vn -0.756744385 -0.0745328218 0.649448037
vt 0.25 0.274999976
vn -0.760405958 -4.65614375e-17 0.649448037
vt 0.265625 0.274999976
vn -0.756744385 0.0745328218 0.649448037
vt 0.28125 0.274999976
vn -0.745794952 0.14834784 0.649448037
vt 0.296875 0.274999976
vn -0.727663159 0.220734194 0.649448037
vt 0.3125 0.274999976
vn -0.70252353 0.290994763 0.649448037
vt 0.328125 0.274999976
vn -0.670618176 0.358452886 0.649448037
vt 0.34375 0.274999976
vn -0.632254481 0.422458917 0.649448037
vt 0.359375 0.274999976
vn -0.587801754 0.482396424 0.649448037
vt 0.375 0.274999976
vn -0.537688196 0.537688196 0.649448037
vt 0.390625 0.274999976
vn -0.482396424 0.587801754 0.649448037
vt 0.40625 0.274999976
vn -0.422458917 0.632254481 0.649448037
vt 0.421875 0.274999976
vn -0.358452886 0.670618176 0.649448037
vt 0.4375 0.274999976
vn -0.290994763 0.70252353 0.649448037
vt 0.453125 0.274999976
vn -0.220734194 0.727663159 0.649448037
vt 0.46875 0.274999976
vn -0.14834784 0.745794952 0.649448037
vt 0.484375 0.274999976
vn -0.0745328218 0.756744385 0.649448037
vt 0.5 0.274999976
vn -9.3122875e-17 0.760405958 0.649448037
vt 0.515625 0.274999976
vn 0.0745328218 0.756744385 0.649448037
vt 0.53125 0.274999976
vn 0.14834784 0.745794952 0.649448037
vt 0.546875 0.274999976
vn 0.220734194 0.727663159 0.649448037
vt 0.5625 0.274999976
vn 0.290994763 0.70252353 0.649448037
vt 0.578125 0.274999976
vn 0.358452886 0.670618176 0.649448037
vt 0.59375 0.274999976
vn 0.422458917 0.632254481 0.649448037
vt 0.609375 0.274999976
vn 0.482396424 0.587801754 0.649448037
vt 0.625 0.274999976
vn 0.537688196 0.537688196 0.649448037
vt 0.640625 0.274999976
vn 0.587801754 0.482396424 0.649448037
vt 0.65625 0.274999976
vn 0.632254481 0.422458917 0.649448037
vt 0.671875 0.274999976
vn 0.670618176 0.358452886 0.649448037
vt 0.6875 0.274999976
vn 0.70252353 0.290994763 0.649448037
vt 0.703125 0.274999976
vn 0.727663159 0.220734194 0.649448037
vt 0.71875 0.274999976
vn 0.745794952 0.14834784 0.649448037
vt 0.734375 0.274999976
vn 0.756744385 0.0745328218 0.649448037
vt 0.75 0.274999976
vn 0.760405958 1.39684309e-16 0.649448037
vt 0.765625 0.274999976
vn 0.756744385 -0.0745328218 0.649448037
vt 0.78125 0.274999976
vn 0.745794952 -0.14834784 0.649448037
vt 0.796875 0.274999976
vn 0.727663159 -0.220734194 0.649448037
vt 0.8125 0.274999976
vn 0.70252353 -0.290994763 0.649448037
vt 0.828125 0.274999976
vn 0.670618176 -0.358452886 0.649448037
vt 0.84375 0.274999976
vn 0.632254481 -0.422458917 0.649448037
vt 0.859375 0.274999976
vn 0.587801754 -0.482396424 0.649448037
vt 0.875 0.274999976
vn 0.537688196 -0.537688196 0.649448037
vt 0.890625 0.274999976
vn 0.482396424 -0.587801754 0.649448037
vt 0.90625 0.274999976
vn 0.422458917 -0.632254481 0.649448037
vt 0.921875 0.274999976
vn 0.358452886 -0.670618176 0.649448037
vt 0.9375 0.274999976
vn 0.290994763 -0.70252353 0.649448037
vt 0.953125 0.274999976
vn 0.220734194 -0.727663159 0.649448037
vt 0.96875 0.274999976
vn 0.14834784 -0.745794952 0.649448037
vt 0.984375 0.274999976
vn 0.0745328218 -0.756744385 0.649448037
vt 1.0 0.274999976
vn 1.8624575e-16 -0.760405958 0.649448037
vt 0.0 0.300000012
vn 0.0 -0.809017003 0.587785244
vt 0.015625 0.300000012
vn -0.0792975351 -0.805121362 0.587785244
vt 0.03125 0.300000012
vn -0.157831386 -0.793471932 0.587785244
vt 0.046875 0.300000012
vn -0.234845236 -0.774181008 0.587785244
vt 0.0625 0.300000012
vn -0.309597403 -0.747434258 0.587785244
vt 0.078125 0.300000012
vn -0.381367981 -0.713489294 0.587785244
vt 0.09375 0.300000012
vn -0.449465752 -0.672673047 0.587785244
vt 0.109375 0.300000012
vn -0.513234973 -0.625378609 0.587785244
vt 0.125 0.300000012
vn -0.572061419 -0.572061419 0.587785244
vt 0.140625 0.300000012
vn -0.625378609 -0.513234973 0.587785244
vt 0.15625 0.300000012
vn -0.672673047 -0.449465752 0.587785244
vt 0.171875 0.300000012
vn -0.713489294 -0.381367981 0.587785244
vt 0.1875 0.300000012
vn -0.747434258 -0.309597403 0.587785244
vt 0.203125 0.300000012
vn -0.774181008 -0.234845236 0.587785244
vt 0.21875 0.300000012
vn -0.793471932 -0.157831386 0.587785244
vt 0.234375 0.300000012
vn -0.805121362 -0.0792975351 0.587785244
vt 0.25 0.300000012
vn -0.809017003 -4.95380039e-17 0.587785244
vt 0.265625 0.300000012
vn -0.805121362 0.0792975351 0.587785244
vt 0.28125 0.300000012
vn -0.793471932 0.157831386 0.587785244
vt 0.296875 0.300000012
vn -0.774181008 0.234845236 0.587785244
vt 0.3125 0.300000012
vn -0.747434258 0.309597403 0.587785244
vt 0.328125 0.300000012
vn -0.713489294 0.381367981 0.587785244
vt 0.34375 0.300000012
vn -0.672673047 0.449465752 0.587785244
vt 0.359375 0.300000012
vn -0.625378609 0.513234973 0.587785244
vt 0.375 0.300000012
vn -0.572061419 0.572061419 0.587785244
vt 0.390625 0.300000012
vn -0.513234973 0.625378609 0.587785244
vt 0.40625 0.300000012
vn -0.449465752 0.672673047 0.587785244
vt 0.421875 0.300000012
vn -0.381367981 0.713489294 0.587785244
vt 0.4375 0.300000012
vn -0.309597403 0.747434258 0.587785244
vt 0.453125 0.300000012
vn -0.234845236 0.774181008 0.587785244
vt 0.46875 0.300000012
vn -0.157831386 0.793471932 0.587785244
vt 0.484375 0.300000012
vn -0.0792975351 0.805121362 0.587785244
vt 0.5 0.300000012
vn -9.90760079e-17 0.809017003 0.587785244
vt 0.515625 0.300000012
vn 0.0792975351 0.805121362 0.587785244
vt 0.53125 0.300000012
vn 0.157831386 0.793471932 0.587785244
vt 0.546875 0.300000012
vn 0.234845236 0.774181008 0.587785244
vt 0.5625 0.300000012
vn 0.309597403 0.747434258 0.587785244
vt 0.578125 0.300000012
vn 0.381367981 0.713489294 0.587785244
vt 0.59375 0.300000012
vn 0.449465752 0.672673047 0.587785244
vt 0.609375 0.300000012
vn 0.513234973 0.625378609 0.587785244
vt 0.625 0.300000012
vn 0.572061419 0.572061419 0.587785244
vt 0.640625 0.300000012
vn 0.625378609 0.513234973 0.587785244
vt 0.65625 0.300000012
vn 0.672673047 0.449465752 0.587785244
vt 0.671875 0.300000012
vn 0.713489294 0.381367981 0.587785244
vt 0.6875 0.300000012
vn 0.747434258 0.309597403 0.587785244
vt 0.703125 0.300000012
vn 0.774181008 0.234845236 0.587785244
vt 0.71875 0.300000012
vn 0.793471932 0.157831386 0.587785244
vt 0.734375 0.300000012
vn 0.805121362 0.0792975351 0.587785244
vt 0.75 0.300000012
vn 0.809017003 1.48614008e-16 0.587785244
vt 0.765625 0.300000012
vn 0.805121362 -0.0792975351 0.587785244
vt 0.78125 0.300000012
vn 0.793471932 -0.157831386 0.587785244
vt 0.796875 0.300000012
vn 0.774181008 -0.234845236 0.587785244
vt 0.8125 0.300000012
vn 0.747434258 -0.309597403 0.587785244
vt 0.828125 0.300000012
vn 0.713489294 -0.381367981 0.587785244
vt 0.84375 0.300000012
vn 0.672673047 -0.449465752 0.587785244
vt 0.859375 0.300000012
vn 0.625378609 -0.513234973 0.587785244
vt 0.875 0.300000012
vn 0.572061419 -0.572061419 0.587785244
vt 0.890625 0.300000012
vn 0.513234973 -0.625378609 0.587785244
vt 0.90625 0.300000012
vn 0.449465752 -0.672673047 0.587785244
vt 0.921875 0.300000012
vn 0.381367981 -0.713489294 0.587785244
vt 0.9375 0.300000012
vn 0.309597403 -0.747434258 0.587785244
vt 0.953125 0.300000012
vn 0.234845236 -0.774181008 0.587785244
vt 0.96875 0.300000012
vn 0.157831386 -0.793471932 0.587785244
vt 0.984375 0.300000012
vn 0.0792975351 -0.805121362 0.587785244
vt 1.0 0.300000012
vn 1.98152016e-16 -0.809017003 0.587785244
vt 0.0 0.324999988
vn 0.0 -0.852640152 0.522498548
vt 0.015625 0.324999988
vn -0.0835733488 -0.848534465 0.522498548
vt 0.03125 0.324999988
vn -0.166341841 -0.836256921 0.522498548
vt 0.046875 0.324999988
vn -0.247508377 -0.815925777 0.522498548
vt 0.0625 0.324999988
vn -0.326291263 -0.787736773 0.522498548
vt 0.078125 0.324999988
vn -0.401931792 -0.75196147 0.522498548
vt 0.09375 0.324999988
vn -0.473701507 -0.70894438 0.522498548
vt 0.109375 0.324999988
vn -0.540909171 -0.659099758 0.522498548
vt 0.125 0.324999988
vn -0.602907658 -0.602907658 0.522498548
vt 0.140625 0.324999988
vn -0.659099758 -0.540909171 0.522498548
vt 0.15625 0.324999988
vn -0.70894438 -0.473701507 0.522498548
vt 0.171875 0.324999988
vn -0.75196147 -0.401931792 0.522498548
vt 0.1875 0.324999988
vn -0.787736773 -0.326291263 0.522498548
vt 0.203125 0.324999988
vn -0.815925777 -0.247508377 0.522498548
vt 0.21875 0.324999988
vn -0.836256921 -0.166341841 0.522498548
vt 0.234375 0.324999988
vn -0.848534465 -0.0835733488 0.522498548
vt 0.25 0.324999988
vn -0.852640152 -5.22091521e-17 0.522498548
vt 0.265625 0.324999988
vn -0.848534465 0.0835733488 0.522498548
vt 0.28125 0.324999988
vn -0.836256921 0.166341841 0.522498548
vt 0.296875 0.324999988
vn -0.815925777 0.247508377 0.522498548
vt 0.3125 0.324999988
vn -0.787736773 0.326291263 0.522498548
vt 0.328125 0.324999988
vn -0.75196147 0.401931792 0.522498548
vt 0.34375 0.324999988
vn -0.70894438 0.473701507 0.522498548
vt 0.359375 0.324999988
vn -0.659099758 0.540909171 0.522498548
vt 0.375 0.324999988
vn -0.602907658 0.602907658 0.522498548
vt 0.390625 0.324999988
vn -0.540909171 0.659099758 0.522498548
vt 0.40625 0.324999988
vn -0.473701507 0.70894438 0.522498548
vt 0.421875 0.324999988
vn -0.401931792 0.75196147 0.522498548
vt 0.4375 0.324999988
vn -0.326291263 0.787736773 0.522498548
vt 0.453125 0.324999988
vn -0.247508377 0.815925777 0.522498548
vt 0.46875 0.324999988
vn -0.166341841 0.836256921 0.522498548
vt 0.484375 0.324999988
vn -0.0835733488 0.848534465 0.522498548
vt 0.5 0.324999988
vn -1.04418304e-16 0.852640152 0.522498548
vt 0.515625 0.324999988
vn 0.0835733488 0.848534465 0.522498548
vt 0.53125 0.324999988
vn 0.166341841 0.836256921 0.522498548
vt 0.546875 0.324999988
vn 0.247508377 0.815925777 0.522498548
vt 0.5625 0.324999988
vn 0.326291263 0.787736773 0.522498548
vt 0.578125 0.324999988
vn 0.401931792 0.75196147 0.522498548
vt 0.59375 0.324999988
vn 0.473701507 0.70894438 0.522498548
vt 0.609375 0.324999988
vn 0.540909171 0.659099758 0.522498548
vt 0.625 0.324999988
vn 0.602907658 0.602907658 0.522498548
vt 0.640625 0.324999988
vn 0.659099758 0.540909171 0.522498548
vt 0.65625 0.324999988
vn 0.70894438 0.473701507 0.522498548
vt 0.671875 0.324999988
vn 0.75196147 0.401931792 0.522498548
vt 0.6875 0.324999988
vn 0.787736773 0.326291263 0.522498548
vt 0.703125 0.324999988
vn 0.815925777 0.247508377 0.522498548
vt 0.71875 0.324999988
vn 0.836256921 0.166341841 0.522498548
vt 0.734375 0.324999988
vn 0.848534465 0.0835733488 0.522498548
vt 0.75 0.324999988
vn 0.852640152 1.56627456e-16 0.522498548
vt 0.765625 0.324999988
vn 0.848534465 -0.0835733488 0.522498548
vt 0.78125 0.324999988
vn 0.836256921 -0.166341841 0.522498548
vt 0.796875 0.324999988
vn 0.815925777 -0.247508377 0.522498548
vt 0.8125 0.324999988
vn 0.787736773 -0.326291263 0.522498548
vt 0.828125 0.324999988
vn 0.75196147 -0.401931792 0.522498548
vt 0.84375 0.324999988
vn 0.70894438 -0.473701507 0.522498548
vt 0.859375 0.324999988
vn 0.659099758 -0.540909171 0.522498548
vt 0.875 0.324999988
vn 0.602907658 -0.602907658 0.522498548
vt 0.890625 0.324999988
vn 0.540909171 -0.659099758 0.522498548
vt 0.90625 0.324999988
vn 0.473701507 -0.70894438 0.522498548
vt 0.921875 0.324999988
vn 0.401931792 -0.75196147 0.522498548
vt 0.9375 0.324999988
vn 0.326291263 -0.787736773 0.522498548
vt 0.953125 0.324999988
vn 0.247508377 -0.815925777 0.522498548
vt 0.96875 0.324999988
vn 0.166341841 -0.836256921 0.522498548
vt 0.984375 0.324999988
vn 0.0835733488 -0.848534465 0.522498548
vt 1.0 0.324999988
vn 2.08836608e-16 -0.852640152 0.522498548
vt 0.0 0.350000024
vn 0.0 -0.891006529 0.453990489
vt 0.015625 0.350000024
vn -0.0873339102 -0.886716068 0.453990489
vt 0.03125 0.350000024
vn -0.173826754 -0.873886108 0.453990489
vt 0.046875 0.350000024
vn -0.258645535 -0.852640092 0.453990489
vt 0.0625 0.350000024
vn -0.340973437 -0.823182702 0.453990489
vt 0.078125 0.350000024
vn -0.42001757 -0.785797596 0.453990489
vt 0.09375 0.350000024
vn -0.495016694 -0.740844846 0.453990489
vt 0.109375 0.350000024
vn -0.565248549 -0.68875736 0.453990489
vt 0.125 0.350000024
vn -0.630036771 -0.630036771 0.453990489
vt 0.140625 0.350000024
vn -0.68875736 -0.565248549 0.453990489
vt 0.15625 0.350000024
vn -0.740844846 -0.495016694 0.453990489
vt 0.171875 0.350000024
vn -0.785797596 -0.42001757 0.453990489
vt 0.1875 0.350000024
vn -0.823182702 -0.340973437 0.453990489
vt 0.203125 0.350000024
vn -0.852640092 -0.258645535 0.453990489
vt 0.21875 0.350000024
vn -0.873886108 -0.173826754 0.453990489
vt 0.234375 0.350000024
vn -0.886716068 -0.0873339102 0.453990489
vt 0.25 0.350000024
vn -0.891006529 -5.45584145e-17 0.453990489
vt 0.265625 0.350000024
vn -0.886716068 0.0873339102 0.453990489
vt 0.28125 0.350000024
vn -0.873886108 0.173826754 0.453990489
vt 0.296875 0.350000024
vn -0.852640092 0.258645535 0.453990489
vt 0.3125 0.350000024
vn -0.823182702 0.340973437 0.453990489
vt 0.328125 0.350000024
vn -0.785797596 0.42001757 0.453990489
vt 0.34375 0.350000024
vn -0.740844846 0.495016694 0.453990489
vt 0.359375 0.350000024
vn -0.68875736 0.565248549 0.453990489
vt 0.375 0.350000024
vn -0.630036771 0.630036771 0.453990489
vt 0.390625 0.350000024
vn -0.565248549 0.68875736 0.453990489
vt 0.40625 0.350000024
vn -0.495016694 0.740844846 0.453990489
vt 0.421875 0.350000024
vn -0.42001757 0.785797596 0.453990489
vt 0.4375 0.350000024
vn -0.340973437 0.823182702 0.453990489
vt 0.453125 0.350000024
vn -0.258645535 0.852640092 0.453990489
vt 0.46875 0.350000024
vn -0.173826754 0.873886108 0.453990489
vt 0.484375 0.350000024
vn -0.0873339102 0.886716068 0.453990489
vt 0.5 0.350000024
vn -1.09116829e-16 0.891006529 0.453990489
vt 0.515625 0.350000024
vn 0.0873339102 0.886716068 0.453990489
vt 0.53125 0.350000024
vn 0.173826754 0.873886108 0.453990489
vt 0.546875 0.350000024
vn 0.258645535 0.852640092 0.453990489
vt 0.5625 0.350000024
vn 0.340973437 0.823182702 0.453990489
vt 0.578125 0.350000024
vn 0.42001757 0.785797596 0.453990489
vt 0.59375 0.350000024
vn 0.495016694 0.740844846 0.453990489
vt 0.609375 0.350000024
vn 0.565248549 0.68875736 0.453990489
vt 0.625 0.350000024
vn 0.630036771 0.630036771 0.453990489
vt 0.640625 0.350000024
vn 0.68875736 0.565248549 0.453990489
vt 0.65625 0.350000024
vn 0.740844846 0.495016694 0.453990489
vt 0.671875 0.350000024
vn 0.785797596 0.42001757 0.453990489
vt 0.6875 0.350000024
vn 0.823182702 0.340973437 0.453990489
vt 0.703125 0.350000024
vn 0.852640092 0.258645535 0.453990489
vt 0.71875 0.350000024
vn 0.873886108 0.173826754 0.453990489
vt 0.734375 0.350000024
vn 0.886716068 0.0873339102 0.453990489
vt 0.75 0.350000024
vn 0.891006529 1.63675247e-16 0.453990489
vt 0.765625 0.350000024
vn 0.886716068 -0.0873339102 0.453990489
vt 0.78125 0.350000024
vn 0.873886108 -0.173826754 0.453990489
vt 0.796875 0.350000024
vn 0.852640092 -0.258645535 0.453990489
vt 0.8125 0.350000024
vn 0.823182702 -0.340973437 0.453990489
vt 0.828125 0.350000024
vn 0.785797596 -0.42001757 0.453990489
vt 0.84375 0.350000024
vn 0.740844846 -0.495016694 0.453990489
vt 0.859375 0.350000024
vn 0.68875736 -0.565248549 0.453990489
vt 0.875 0.350000024
vn 0.630036771 -0.630036771 0.453990489
vt 0.890625 0.350000024
vn 0.565248549 -0.68875736 0.453990489
vt 0.90625 0.350000024
vn 0.495016694 -0.740844846 0.453990489
vt 0.921875 0.350000024
vn 0.42001757 -0.785797596 0.453990489
vt 0.9375 0.350000024
vn 0.340973437 -0.823182702 0.453990489
vt 0.953125 0.350000024
vn 0.258645535 -0.852640092 0.453990489
vt 0.96875 0.350000024
vn 0.173826754 -0.873886108 0.453990489
vt 0.984375 0.350000024
vn 0.0873339102 -0.886716068 0.453990489
vt 1.0 0.350000024
vn 2.18233658e-16 -0.891006529 0.453990489
vt 0.0 0.375
vn 0.0 -0.923879504 0.382683426
vt 0.015625 0.375
vn -0.090556033 -0.919430792 0.382683426
vt 0.03125 0.375
vn -0.180239961 -0.906127453 0.382683426
vt 0.046875 0.375
vn -0.268188059 -0.884097576 0.382683426
vt 0.0625 0.375
vn -0.353553385 -0.853553414 0.382683426
vt 0.078125 0.375
vn -0.435513794 -0.814788997 0.382683426
vt 0.09375 0.375
vn -0.513279974 -0.768177748 0.382683426
vt 0.109375 0.375
vn -0.586102962 -0.714168549 0.382683426
vt 0.125 0.375
vn -0.65328151 -0.65328151 0.382683426
vt 0.140625 0.375
vn -0.714168549 -0.586102962 0.382683426
vt 0.15625 0.375
vn -0.768177748 -0.513279974 0.382683426
vt 0.171875 0.375
vn -0.814788997 -0.435513794 0.382683426
vt 0.1875 0.375
vn -0.853553414 -0.353553385 0.382683426
vt 0.203125 0.375
vn -0.884097576 -0.268188059 0.382683426
vt 0.21875 0.375
vn -0.906127453 -0.180239961 0.382683426
vt 0.234375 0.375
vn -0.919430792 -0.090556033 0.382683426
vt 0.25 0.375
vn -0.923879504 -5.65713056e-17 0.382683426
vt 0.265625 0.375
vn -0.919430792 0.090556033 0.382683426
vt 0.28125 0.375
vn -0.906127453 0.180239961 0.382683426
vt 0.296875 0.375
vn -0.884097576 0.268188059 0.382683426
vt 0.3125 0.375
vn -0.853553414 0.353553385 0.382683426
vt 0.328125 0.375
vn -0.814788997 0.435513794 0.382683426
vt 0.34375 0.375
vn -0.768177748 0.513279974 0.382683426
vt 0.359375 0.375
vn -0.714168549 0.586102962 0.382683426
vt 0.375 0.375
vn -0.65328151 0.65328151 0.382683426
vt 0.390625 0.375
vn -0.586102962 0.714168549 0.382683426
vt 0.40625 0.375
vn -0.513279974 0.768177748 0.382683426
vt 0.421875 0.375
vn -0.435513794 0.814788997 0.382683426
vt 0.4375 0.375
vn -0.353553385 0.853553414 0.382683426
vt 0.453125 0.375
vn -0.268188059 0.884097576 0.382683426
vt 0.46875 0.375
vn -0.180239961 0.906127453 0.382683426
vt 0.484375 0.375
vn -0.090556033 0.919430792 0.382683426
vt 0.5 0.375
vn -1.13142611e-16 0.923879504 0.382683426
vt 0.515625 0.375
vn 0.090556033 0.919430792 0.382683426
vt 0.53125 0.375
vn 0.180239961 0.906127453 0.382683426
vt 0.546875 0.375
vn 0.268188059 0.884097576 0.382683426
vt 0.5625 0.375
vn 0.353553385 0.853553414 0.382683426
vt 0.578125 0.375
vn 0.435513794 0.814788997 0.382683426
vt 0.59375 0.375
vn 0.513279974 0.768177748 0.382683426
vt 0.609375 0.375
vn 0.586102962 0.714168549 0.382683426
vt 0.625 0.375
vn 0.65328151 0.65328151 0.382683426
vt 0.640625 0.375
vn 0.714168549 0.586102962 0.382683426
vt 0.65625 0.375
vn 0.768177748 0.513279974 0.382683426
vt 0.671875 0.375
vn 0.814788997 0.435513794 0.382683426
vt 0.6875 0.375
vn 0.853553414 0.353553385 0.382683426
vt 0.703125 0.375
vn 0.884097576 0.268188059 0.382683426
vt 0.71875 0.375
vn 0.906127453 0.180239961 0.382683426
vt 0.734375 0.375
vn 0.919430792 0.090556033 0.382683426
vt 0.75 0.375
vn 0.923879504 1.69713917e-16 0.382683426
vt 0.765625 0.375
vn 0.919430792 -0.090556033 0.382683426
vt 0.78125 0.375
vn 0.906127453 -0.180239961 0.382683426
vt 0.796875 0.375
vn 0.884097576 -0.268188059 0.382683426
vt 0.8125 0.375
vn 0.853553414 -0.353553385 0.382683426
vt 0.828125 0.375
vn 0.814788997 -0.435513794 0.382683426
vt 0.84375 0.375
vn 0.768177748 -0.513279974 0.382683426
vt 0.859375 0.375
vn 0.714168549 -0.586102962 0.382683426
vt 0.875 0.375
vn 0.65328151 -0.65328151 0.382683426
vt 0.890625 0.375
vn 0.586102962 -0.714168549 0.382683426
vt 0.90625 0.375
vn 0.513279974 -0.768177748 0.382683426
vt 0.921875 0.375
vn 0.435513794 -0.814788997 0.382683426
vt 0.9375 0.375
vn 0.353553385 -0.853553414 0.382683426
vt 0.953125 0.375
vn 0.268188059 -0.884097576 0.382683426
vt 0.96875 0.375
vn 0.180239961 -0.906127453 0.382683426
vt 0.984375 0.375
vn 0.090556033 -0.919430792 0.382683426
vt 1.0 0.375
vn 2.26285222e-16 -0.923879504 0.382683426
vt 0.0 0.399999976
vn 0.0 -0.95105654 0.309017003
vt 0.015625 0.399999976
vn -0.093219839 -0.946476936 0.309017003
vt 0.03125 0.399999976
vn -0.185541928 -0.932782233 0.309017003
vt 0.046875 0.399999976
vn -0.276077121 -0.910104334 0.309017003
vt 0.0625 0.399999976
vn -0.363953561 -0.878661633 0.309017003
vt 0.078125 0.399999976
vn -0.448324949 -0.838756979 0.309017003
vt 0.09375 0.399999976
vn -0.528378665 -0.790774584 0.309017003
vt 0.109375 0.399999976
vn -0.603343844 -0.735176623 0.309017003
vt 0.125 0.399999976
vn -0.672498524 -0.672498524 0.309017003
vt 0.140625 0.399999976
vn -0.735176623 -0.603343844 0.309017003
vt 0.15625 0.399999976
vn -0.790774584 -0.528378665 0.309017003
vt 0.171875 0.399999976
vn -0.838756979 -0.448324949 0.309017003
vt 0.1875 0.399999976
vn -0.878661633 -0.363953561 0.309017003
vt 0.203125 0.399999976
vn -0.910104334 -0.276077121 0.309017003
vt 0.21875 0.399999976
vn -0.932782233 -0.185541928 0.309017003
vt 0.234375 0.399999976
vn -0.946476936 -0.093219839 0.309017003
vt 0.25 0.399999976
vn -0.95105654 -5.82354143e-17 0.309017003
vt 0.265625 0.399999976
vn -0.946476936 0.093219839 0.309017003
vt 0.28125 0.399999976
vn -0.932782233 0.185541928 0.309017003
vt 0.296875 0.399999976
vn -0.910104334 0.276077121 0.309017003
vt 0.3125 0.399999976
vn -0.878661633 0.363953561 0.309017003
vt 0.328125 0.399999976
vn -0.838756979 0.448324949 0.309017003
vt 0.34375 0.399999976
vn -0.790774584 0.528378665 0.309017003
vt 0.359375 0.399999976
vn -0.735176623 0.603343844 0.309017003
vt 0.375 0.399999976
vn -0.672498524 0.672498524 0.309017003
vt 0.390625 0.399999976
vn -0.603343844 0.735176623 0.309017003
vt 0.40625 0.399999976
vn -0.528378665 0.790774584 0.309017003
vt 0.421875 0.399999976
vn -0.448324949 0.838756979 0.309017003
vt 0.4375 0.399999976
vn -0.363953561 0.878661633 0.309017003
vt 0.453125 0.399999976
vn -0.276077121 0.910104334 0.309017003
vt 0.46875 0.399999976
vn -0.185541928 0.932782233 0.309017003
vt 0.484375 0.399999976
vn -0.093219839 0.946476936 0.309017003
vt 0.5 0.399999976
vn -1.16470829e-16 0.95105654 0.309017003
vt 0.515625 0.399999976
vn 0.093219839 0.946476936 0.309017003
vt 0.53125 0.399999976
vn 0.185541928 0.932782233 0.309017003
vt 0.546875 0.399999976
vn 0.276077121 0.910104334 0.309017003
vt 0.5625 0.399999976
vn 0.363953561 0.878661633 0.309017003
vt 0.578125 0.399999976
vn 0.448324949 0.838756979 0.309017003
vt 0.59375 0.399999976
vn 0.528378665 0.790774584 0.309017003
vt 0.609375 0.399999976
vn 0.603343844 0.735176623 0.309017003
vt 0.625 0.399999976
vn 0.672498524 0.672498524 0.309017003
vt 0.640625 0.399999976
vn 0.735176623 0.603343844 0.309017003
vt 0.65625 0.399999976
vn 0.790774584 0.528378665 0.309017003
vt 0.671875 0.399999976
vn 0.838756979 0.448324949 0.309017003
vt 0.6875 0.399999976
vn 0.878661633 0.363953561 0.309017003
vt 0.703125 0.399999976
vn 0.910104334 0.276077121 0.309017003
vt 0.71875 0.399999976
vn 0.932782233 0.185541928 0.309017003
vt 0.734375 0.399999976
vn 0.946476936 0.093219839 0.309017003
vt 0.75 0.399999976
vn 0.95105654 1.7470625e-16 0.309017003
vt 0.765625 0.399999976
vn 0.946476936 -0.093219839 0.309017003
vt 0.78125 0.399999976
vn 0.932782233 -0.185541928 0.309017003
vt 0.796875 0.399999976
vn 0.910104334 -0.276077121 0.309017003
vt 0.8125 0.399999976
vn 0.878661633 -0.363953561 0.309017003
vt 0.828125 0.399999976
vn 0.838756979 -0.448324949 0.309017003
vt 0.84375 0.399999976
vn 0.790774584 -0.528378665 0.309017003
vt 0.859375 0.399999976
vn 0.735176623 -0.603343844 0.309017003
vt 0.875 0.399999976
vn 0.672498524 -0.672498524 0.309017003
vt 0.890625 0.399999976
vn 0.603343844 -0.735176623 0.309017003
vt 0.90625 0.399999976
vn 0.528378665 -0.790774584 0.309017003
vt 0.921875 0.399999976
vn 0.448324949 -0.838756979 0.309017003
vt 0.9375 0.399999976
vn 0.363953561 -0.878661633 0.309017003
vt 0.953125 0.399999976
vn 0.276077121 -0.910104334 0.309017003
vt 0.96875 0.399999976
vn 0.185541928 -0.932782233 0.309017003
vt 0.984375 0.399999976
vn 0.093219839 -0.946476936 0.309017003
vt 1.0 0.399999976
vn 2.32941657e-16 -0.95105654 0.309017003
vt 0.0 0.425000012
vn 0.0 -0.972369909 0.233445361
vt 0.015625 0.425000012
vn -0.0953089222 -0.967687666 0.233445361
vt 0.03125 0.425000012
vn -0.189699963 -0.953686118 0.233445361
vt 0.046875 0.425000012
vn -0.282264084 -0.930499971 0.233445361
vt 0.0625 0.425000012
vn -0.37210986 -0.898352683 0.233445361
vt 0.078125 0.425000012
vn -0.458371997 -0.85755372 0.233445361
vt 0.09375 0.425000012
vn -0.540219784 -0.808496058 0.233445361
vt 0.109375 0.425000012
vn -0.61686492 -0.751652122 0.233445361
vt 0.125 0.425000012
vn -0.68756938 -0.68756938 0.233445361
vt 0.140625 0.425000012
vn -0.751652122 -0.61686492 0.233445361
vt 0.15625 0.425000012
vn -0.808496058 -0.540219784 0.233445361
vt 0.171875 0.425000012
vn -0.85755372 -0.458371997 0.233445361
vt 0.1875 0.425000012
vn -0.898352683 -0.37210986 0.233445361
vt 0.203125 0.425000012
vn -0.930499971 -0.282264084 0.233445361
vt 0.21875 0.425000012
vn -0.953686118 -0.189699963 0.233445361
vt 0.234375 0.425000012
vn -0.967687666 -0.0953089222 0.233445361
vt 0.25 0.425000012
vn -0.972369909 -5.9540487e-17 0.233445361
vt 0.265625 0.425000012
vn -0.967687666 0.0953089222 0.233445361
vt 0.28125 0.425000012
vn -0.953686118 0.189699963 0.233445361
vt 0.296875 0.425000012
vn -0.930499971 0.282264084 0.233445361
vt 0.3125 0.425000012
vn -0.898352683 0.37210986 0.233445361
vt 0.328125 0.425000012
vn -0.85755372 0.458371997 0.233445361
vt 0.34375 0.425000012
vn -0.808496058 0.540219784 0.233445361
vt 0.359375 0.425000012
vn -0.751652122 0.61686492 0.233445361
vt 0.375 0.425000012
vn -0.68756938 0.68756938 0.233445361
vt 0.390625 0.425000012
vn -0.61686492 0.751652122 0.233445361
vt 0.40625 0.425000012
vn -0.540219784 0.808496058 0.233445361
vt 0.421875 0.425000012
vn -0.458371997 0.85755372 0.233445361
vt 0.4375 0.425000012
vn -0.37210986 0.898352683 0.233445361
vt 0.453125 0.425000012
vn -0.282264084 0.930499971 0.233445361
vt 0.46875 0.425000012
vn -0.189699963 0.953686118 0.233445361
vt 0.484375 0.425000012
vn -0.0953089222 0.967687666 0.233445361
vt 0.5 0.425000012
vn -1.19080974e-16 0.972369909 0.233445361
vt 0.515625 0.425000012
vn 0.0953089222 0.967687666 0.233445361
vt 0.53125 0.425000012
vn 0.189699963 0.953686118 0.233445361
vt 0.546875 0.425000012
vn 0.282264084 0.930499971 0.233445361
vt 0.5625 0.425000012
vn 0.37210986 0.898352683 0.233445361
vt 0.578125 0.425000012
vn 0.458371997 0.85755372 0.233445361
vt 0.59375 0.425000012
vn 0.540219784 0.808496058 0.233445361
vt 0.609375 0.425000012
vn 0.61686492 0.751652122 0.233445361
vt 0.625 0.425000012
vn 0.68756938 0.68756938 0.233445361
vt 0.640625 0.425000012
vn 0.751652122 0.61686492 0.233445361
vt 0.65625 0.425000012
vn 0.808496058 0.540219784 0.233445361
vt 0.671875 0.425000012
vn 0.85755372 0.458371997 0.233445361
vt 0.6875 0.425000012
vn 0.898352683 0.37210986 0.233445361
vt 0.703125 0.425000012
vn 0.930499971 0.282264084 0.233445361
vt 0.71875 0.425000012
vn 0.953686118 0.189699963 0.233445361
vt 0.734375 0.425000012
vn 0.967687666 0.0953089222 0.233445361
vt 0.75 0.425000012
vn 0.972369909 1.78621461e-16 0.233445361
vt 0.765625 0.425000012
vn 0.967687666 -0.0953089222 0.233445361
vt 0.78125 0.425000012
vn 0.953686118 -0.189699963 0.233445361
vt 0.796875 0.425000012
vn 0.930499971 -0.282264084 0.233445361
vt 0.8125 0.425000012
vn 0.898352683 -0.37210986 0.233445361
vt 0.828125 0.425000012
vn 0.85755372 -0.458371997 0.233445361
vt 0.84375 0.425000012
vn 0.808496058 -0.540219784 0.233445361
vt 0.859375 0.425000012
vn 0.751652122 -0.61686492 0.233445361
vt 0.875 0.425000012
vn 0.68756938 -0.68756938 0.233445361
vt 0.890625 0.425000012
vn 0.61686492 -0.751652122 0.233445361
vt 0.90625 0.425000012
vn 0.540219784 -0.808496058 0.233445361
vt 0.921875 0.425000012
vn 0.458371997 -0.85755372 0.233445361
vt 0.9375 0.425000012
vn 0.37210986 -0.898352683 0.233445361
vt 0.953125 0.425000012
vn 0.282264084 -0.930499971 0.233445361
vt 0.96875 0.425000012
vn 0.189699963 -0.953686118 0.233445361
vt 0.984375 0.425000012
vn 0.0953089222 -0.967687666 0.233445361
vt 1.0 0.425000012
vn 2.38161948e-16 -0.972369909 0.233445361
vt 0.0 0.449999988
vn 0.0 -0.987688363 0.156434461
vt 0.015625 0.449999988
vn -0.0968103856 -0.982932329 0.156434461
vt 0.03125 0.449999988
vn -0.192688435 -0.968710184 0.156434461
vt 0.046875 0.449999988
vn -0.286710799 -0.945158839 0.156434461
vt 0.0625 0.449999988
vn -0.377971977 -0.912505031 0.156434461
vt 0.078125 0.449999988
vn -0.46559307 -0.871063352 0.156434461
vt 0.09375 0.449999988
vn -0.548730254 -0.821232855 0.156434461
vt 0.109375 0.449999988
vn -0.626582861 -0.763493419 0.156434461
vt 0.125 0.449999988
vn -0.698401153 -0.698401153 0.156434461
vt 0.140625 0.449999988
vn -0.763493419 -0.626582861 0.156434461
vt 0.15625 0.449999988
vn -0.821232855 -0.548730254 0.156434461
vt 0.171875 0.449999988
vn -0.871063352 -0.46559307 0.156434461
vt 0.1875 0.449999988
vn -0.912505031 -0.377971977 0.156434461
vt 0.203125 0.449999988
vn -0.945158839 -0.286710799 0.156434461
vt 0.21875 0.449999988
vn -0.968710184 -0.192688435 0.156434461
vt 0.234375 0.449999988
vn -0.982932329 -0.0968103856 0.156434461
vt 0.25 0.449999988
vn -0.987688363 -6.04784701e-17 0.156434461
vt 0.265625 0.449999988
vn -0.982932329 0.0968103856 0.156434461
vt 0.28125 0.449999988
vn -0.968710184 0.192688435 0.156434461
vt 0.296875 0.449999988
vn -0.945158839 0.286710799 0.156434461
vt 0.3125 0.449999988
vn -0.912505031 0.377971977 0.156434461
vt 0.328125 0.449999988
vn -0.871063352 0.46559307 0.156434461
vt 0.34375 0.449999988
vn -0.821232855 0.548730254 0.156434461
vt 0.359375 0.449999988
vn -0.763493419 0.626582861 0.156434461
vt 0.375 0.449999988
vn -0.698401153 0.698401153 0.156434461
vt 0.390625 0.449999988
vn -0.626582861 0.763493419 0.156434461
vt 0.40625 0.449999988
vn -0.548730254 0.821232855 0.156434461
vt 0.421875 0.449999988
vn -0.46559307 0.871063352 0.156434461
vt 0.4375 0.449999988
vn -0.377971977 0.912505031 0.156434461
vt 0.453125 0.449999988
vn -0.286710799 0.945158839 0.156434461
vt 0.46875 0.449999988
vn -0.192688435 0.968710184 0.156434461
vt 0.484375 0.449999988
vn -0.0968103856 0.982932329 0.156434461
vt 0.5 0.449999988
vn -1.2095694e-16 0.987688363 0.156434461
vt 0.515625 0.449999988
vn 0.0968103856 0.982932329 0.156434461
vt 0.53125 0.449999988
vn 0.192688435 0.968710184 0.156434461
vt 0.546875 0.449999988
vn 0.286710799 0.945158839 0.156434461
vt 0.5625 0.449999988
vn 0.377971977 0.912505031 0.156434461
vt 0.578125 0.449999988
vn 0.46559307 0.871063352 0.156434461
vt 0.59375 0.449999988
vn 0.548730254 0.821232855 0.156434461
vt 0.609375 0.449999988
vn 0.626582861 0.763493419 0.156434461
vt 0.625 0.449999988
vn 0.698401153 0.698401153 0.156434461
vt 0.640625 0.449999988
vn 0.763493419 0.626582861 0.156434461
vt 0.65625 0.449999988
vn 0.821232855 0.548730254 0.156434461
vt 0.671875 0.449999988
vn 0.871063352 0.46559307 0.156434461
vt 0.6875 0.449999988
vn 0.912505031 0.377971977 0.156434461
vt 0.703125 0.449999988
vn 0.945158839 0.286710799 0.156434461
vt 0.71875 0.449999988
vn 0.968710184 0.192688435 0.156434461
vt 0.734375 0.449999988
vn 0.982932329 0.0968103856 0.156434461
vt 0.75 0.449999988
vn 0.987688363 1.8143541e-16 0.156434461
vt 0.765625 0.449999988
vn 0.982932329 -0.0968103856 0.156434461
vt 0.78125 0.449999988
vn 0.968710184 -0.192688435 0.156434461
vt 0.796875 0.449999988
vn 0.945158839 -0.286710799 0.156434461
vt 0.8125 0.449999988
vn 0.912505031 -0.377971977 0.156434461
vt 0.828125 0.449999988
vn 0.871063352 -0.46559307 0.156434461
vt 0.84375 0.449999988
vn 0.821232855 -0.548730254 0.156434461
vt 0.859375 0.449999988
vn 0.763493419 -0.626582861 0.156434461
vt 0.875 0.449999988
vn 0.698401153 -0.698401153 0.156434461
vt 0.890625 0.449999988
vn 0.626582861 -0.763493419 0.156434461
vt 0.90625 0.449999988
vn 0.548730254 -0.821232855 0.156434461
vt 0.921875 0.449999988
vn 0.46559307 -0.871063352 0.156434461
vt 0.9375 0.449999988
vn 0.377971977 -0.912505031 0.156434461
vt 0.953125 0.449999988
vn 0.286710799 -0.945158839 0.156434461
vt 0.96875 0.449999988
vn 0.192688435 -0.968710184 0.156434461
vt 0.984375 0.449999988
vn 0.0968103856 -0.982932329 0.156434461
vt 1.0 0.449999988
vn 2.4191388e-16 -0.987688363 0.156434461
vt 0.0 0.475000024
vn 0.0 -0.996917307 0.0784590989
vt 0.015625 0.475000024
vn -0.0977149829 -0.992116928 0.0784590989
vt 0.03125 0.475000024
vn -0.194488928 -0.977761865 0.0784590989
vt 0.046875 0.475000024
vn -0.289389819 -0.9539904 0.0784590989
vt 0.0625 0.475000024
vn -0.381503761 -0.921031535 0.0784590989
vt 0.078125 0.475000024
vn -0.469943583 -0.879202604 0.0784590989
vt 0.09375 0.475000024
vn -0.553857625 -0.828906476 0.0784590989
vt 0.109375 0.475000024
vn -0.632437646 -0.770627499 0.0784590989
vt 0.125 0.475000024
vn -0.704927027 -0.704927027 0.0784590989
vt 0.140625 0.475000024
vn -0.770627499 -0.632437646 0.0784590989
vt 0.15625 0.475000024
vn -0.828906476 -0.553857625 0.0784590989
vt 0.171875 0.475000024
vn -0.879202604 -0.469943583 0.0784590989
vt 0.1875 0.475000024
vn -0.921031535 -0.381503761 0.0784590989
vt 0.203125 0.475000024
vn -0.9539904 -0.289389819 0.0784590989
vt 0.21875 0.475000024
vn -0.977761865 -0.194488928 0.0784590989
vt 0.234375 0.475000024
vn -0.992116928 -0.0977149829 0.0784590989
vt 0.25 0.475000024
vn -0.996917307 -6.104358e-17 0.0784590989
vt 0.265625 0.475000024
vn -0.992116928 0.0977149829 0.0784590989
vt 0.28125 0.475000024
vn -0.977761865 0.194488928 0.0784590989
vt 0.296875 0.475000024
vn -0.9539904 0.289389819 0.0784590989
vt 0.3125 0.475000024
vn -0.921031535 0.381503761 0.0784590989
vt 0.328125 0.475000024
vn -0.879202604 0.469943583 0.0784590989
vt 0.34375 0.475000024
vn -0.828906476 0.553857625 0.0784590989
vt 0.359375 0.475000024
vn -0.770627499 0.632437646 0.0784590989
vt 0.375 0.475000024
vn -0.704927027 0.704927027 0.0784590989
vt 0.390625 0.475000024
vn -0.632437646 0.770627499 0.0784590989
vt 0.40625 0.475000024
vn -0.553857625 0.828906476 0.0784590989
vt 0.421875 0.475000024
vn -0.469943583 0.879202604 0.0784590989
vt 0.4375 0.475000024
vn -0.381503761 0.921031535 0.0784590989
vt 0.453125 0.475000024
vn -0.289389819 0.9539904 0.0784590989
vt 0.46875 0.475000024
vn -0.194488928 0.977761865 0.0784590989
vt 0.484375 0.475000024
vn -0.0977149829 0.992116928 0.0784590989
vt 0.5 0.475000024
vn -1.2208716e-16 0.996917307 0.0784590989
vt 0.515625 0.475000024
vn 0.0977149829 0.992116928 0.0784590989
vt 0.53125 0.475000024
vn 0.194488928 0.977761865 0.0784590989
vt 0.546875 0.475000024
vn 0.289389819 0.9539904 0.0784590989
vt 0.5625 0.475000024
vn 0.381503761 0.921031535 0.0784590989
vt 0.578125 0.475000024
vn 0.469943583 0.879202604 0.0784590989
vt 0.59375 0.475000024
vn 0.553857625 0.828906476 0.0784590989
vt 0.609375 0.475000024
vn 0.632437646 0.770627499 0.0784590989
vt 0.625 0.475000024
vn 0.704927027 0.704927027 0.0784590989
vt 0.640625 0.475000024
vn 0.770627499 0.632437646 0.0784590989
vt 0.65625 0.475000024
vn 0.828906476 0.553857625 0.0784590989
vt 0.671875 0.475000024
vn 0.879202604 0.469943583 0.0784590989
vt 0.6875 0.475000024
vn 0.921031535 0.381503761 0.0784590989
vt 0.703125 0.475000024
vn 0.9539904 0.289389819 0.0784590989
vt 0.71875 0.475000024
vn 0.977761865 0.194488928 0.0784590989
vt 0.734375 0.475000024
vn 0.992116928 0.0977149829 0.0784590989
vt 0.75 0.475000024
vn 0.996917307 1.83130747e-16 0.0784590989
vt 0.765625 0.475000024
vn 0.992116928 -0.0977149829 0.0784590989
vt 0.78125 0.475000024
vn 0.977761865 -0.194488928 0.0784590989
vt 0.796875 0.475000024
vn 0.9539904 -0.289389819 0.0784590989
vt 0.8125 0.475000024
vn 0.921031535 -0.381503761 0.0784590989
vt 0.828125 0.475000024
vn 0.879202604 -0.469943583 0.0784590989
vt 0.84375 0.475000024
vn 0.828906476 -0.553857625 0.0784590989
vt 0.859375 0.475000024
vn 0.770627499 -0.632437646 0.0784590989
vt 0.875 0.475000024
vn 0.704927027 -0.704927027 0.0784590989
vt 0.890625 0.475000024
vn 0.632437646 -0.770627499 0.0784590989
vt 0.90625 0.475000024
vn 0.553857625 -0.828906476 0.0784590989
vt 0.921875 0.475000024
vn 0.469943583 -0.879202604 0.0784590989
vt 0.9375 0.475000024
vn 0.381503761 -0.921031535 0.0784590989
vt 0.953125 0.475000024
vn 0.289389819 -0.9539904 0.0784590989
vt 0.96875 0.475000024
vn 0.194488928 -0.977761865 0.0784590989
vt 0.984375 0.475000024
vn 0.0977149829 -0.992116928 0.0784590989
vt 1.0 0.475000024
vn 2.4417432e-16 -0.996917307 0.0784590989
vt 0.0 0.5
vn 0.0 -1.0 6.12323426e-17
vt 0.015625 0.5
vn -0.0980171412 -0.99518472 6.12323426e-17
vt 0.03125 0.5
vn -0.195090324 -0.980785251 6.12323426e-17
vt 0.046875 0.5
vn -0.290284663 -0.956940353 6.12323426e-17
vt 0.0625 0.5
vn -0.382683426 -0.923879504 6.12323426e-17
vt 0.078125 0.5
vn -0.471396744 -0.881921291 6.12323426e-17
vt 0.09375 0.5
vn -0.555570245 -0.831469595 6.12323426e-17
vt 0.109375 0.5
vn -0.634393275 -0.773010433 6.12323426e-17
vt 0.125 0.5
vn -0.707106769 -0.707106769 6.12323426e-17
vt 0.140625 0.5
vn -0.773010433 -0.634393275 6.12323426e-17
vt 0.15625 0.5
vn -0.831469595 -0.555570245 6.12323426e-17
vt 0.171875 0.5
vn -0.881921291 -0.471396744 6.12323426e-17
vt 0.1875 0.5
vn -0.923879504 -0.382683426 6.12323426e-17
vt 0.203125 0.5
vn -0.956940353 -0.290284663 6.12323426e-17
vt 0.21875 0.5
vn -0.980785251 -0.195090324 6.12323426e-17
vt 0.234375 0.5
vn -0.99518472 -0.0980171412 6.12323426e-17
vt 0.25 0.5
vn -1.0 -6.12323426e-17 6.12323426e-17
vt 0.265625 0.5
vn -0.99518472 0.0980171412 6.12323426e-17
vt 0.28125 0.5
vn -0.980785251 0.195090324 6.12323426e-17
vt 0.296875 0.5
vn -0.956940353 0.290284663 6.12323426e-17
vt 0.3125 0.5
vn -0.923879504 0.382683426 6.12323426e-17
vt 0.328125 0.5
vn -0.881921291 0.471396744 6.12323426e-17
vt 0.34375 0.5
vn -0.831469595 0.555570245 6.12323426e-17
vt 0.359375 0.5
vn -0.773010433 0.634393275 6.12323426e-17
vt 0.375 0.5
vn -0.707106769 0.707106769 6.12323426e-17
vt 0.390625 0.5
vn -0.634393275 0.773010433 6.12323426e-17
vt 0.40625 0.5
vn -0.555570245 0.831469595 6.12323426e-17
vt 0.421875 0.5
vn -0.471396744 0.881921291 6.12323426e-17
vt 0.4375 0.5
vn -0.382683426 0.923879504 6.12323426e-17
vt 0.453125 0.5
vn -0.290284663 0.956940353 6.12323426e-17
vt 0.46875 0.5
vn -0.195090324 0.980785251 6.12323426e-17
vt 0.484375 0.5
vn -0.0980171412 0.99518472 6.12323426e-17
vt 0.5 0.5
vn -1.22464685e-16 1.0 6.12323426e-17
vt 0.515625 0.5
vn 0.0980171412 0.99518472 6.12323426e-17
vt 0.53125 0.5
vn 0.195090324 0.980785251 6.12323426e-17
vt 0.546875 0.5
vn 0.290284663 0.956940353 6.12323426e-17
vt 0.5625 0.5
vn 0.382683426 0.923879504 6.12323426e-17
vt 0.578125 0.5
vn 0.471396744 0.881921291 6.12323426e-17
vt 0.59375 0.5
vn 0.555570245 0.831469595 6.12323426e-17
vt 0.609375 0.5
vn 0.634393275 0.773010433 6.12323426e-17
vt 0.625 0.5
vn 0.707106769 0.707106769 6.12323426e-17
vt 0.640625 0.5
vn 0.773010433 0.634393275 6.12323426e-17
vt 0.65625 0.5
vn 0.831469595 0.555570245 6.12323426e-17
vt 0.671875 0.5
vn 0.881921291 0.471396744 6.12323426e-17
vt 0.6875 0.5
vn 0.923879504 0.382683426 6.12323426e-17
vt 0.703125 0.5
vn 0.956940353 0.290284663 6.12323426e-17
vt 0.71875 0.5
vn 0.980785251 0.195090324 6.12323426e-17
vt 0.734375 0.5
vn 0.99518472 0.0980171412 6.12323426e-17
vt 0.75 0.5
vn 1.0 1.83697015e-16 6.12323426e-17
vt 0.765625 0.5
vn 0.99518472 -0.0980171412 6.12323426e-17
vt 0.78125 0.5
vn 0.980785251 -0.195090324 6.12323426e-17
vt 0.796875 0.5
vn 0.956940353 -0.290284663 6.12323426e-17
vt 0.8125 0.5
vn 0.923879504 -0.382683426 6.12323426e-17
vt 0.828125 0.5
vn 0.881921291 -0.471396744 6.12323426e-17
vt 0.84375 0.5
vn 0.831469595 -0.555570245 6.12323426e-17
vt 0.859375 0.5
vn 0.773010433 -0.634393275 6.12323426e-17
vt 0.875 0.5
vn 0.707106769 -0.707106769 6.12323426e-17
vt 0.890625 0.5
vn 0.634393275 -0.773010433 6.12323426e-17
vt 0.90625 0.5
vn 0.555570245 -0.831469595 6.12323426e-17
vt 0.921875 0.5
vn 0.471396744 -0.881921291 6.12323426e-17
vt 0.9375 0.5
vn 0.382683426 -0.923879504 6.12323426e-17
vt 0.953125 0.5
vn 0.290284663 -0.956940353 6.12323426e-17
vt 0.96875 0.5
vn 0.195090324 -0.980785251 6.12323426e-17
vt 0.984375 0.5
vn 0.0980171412 -0.99518472 6.12323426e-17
vt 1.0 0.5
vn 2.44929371e-16 -1.0 6.12323426e-17
vt 0.0 0.525000006
vn 0.0 -0.996917307 -0.0784590989
vt 0.015625 0.525000006
vn -0.0977149829 -0.992116928 -0.0784590989
vt 0.03125 0.525000006
vn -0.194488928 -0.977761865 -0.0784590989
vt 0.046875 0.525000006
vn -0.289389819 -0.9539904 -0.0784590989
vt 0.0625 0.525000006
vn -0.381503761 -0.921031535 -0.0784590989
vt 0.078125 0.525000006
vn -0.469943583 -0.879202604 -0.0784590989
vt 0.09375 0.525000006
vn -0.553857625 -0.828906476 -0.0784590989
vt 0.109375 0.525000006
vn -0.632437646 -0.770627499 -0.0784590989
vt 0.125 0.525000006
vn -0.704927027 -0.704927027 -0.0784590989
vt 0.140625 0.525000006
vn -0.770627499 -0.632437646 -0.0784590989
vt 0.15625 0.525000006
vn -0.828906476 -0.553857625 -0.0784590989
vt 0.171875 0.525000006
vn -0.879202604 -0.469943583 -0.0784590989
vt 0.1875 0.525000006
vn -0.921031535 -0.381503761 -0.0784590989
vt 0.203125 0.525000006
vn -0.9539904 -0.289389819 -0.0784590989
vt 0.21875 0.525000006
vn -0.977761865 -0.194488928 -0.0784590989
vt 0.234375 0.525000006
vn -0.992116928 -0.0977149829 -0.0784590989
vt 0.25 0.525000006
vn -0.996917307 -6.104358e-17 -0.0784590989
vt 0.265625 0.525000006
vn -0.992116928 0.0977149829 -0.0784590989
vt 0.28125 0.525000006
vn -0.977761865 0.194488928 -0.0784590989
vt 0.296875 0.525000006
vn -0.9539904 0.289389819 -0.0784590989
vt 0.3125 0.525000006
vn -0.921031535 0.381503761 -0.0784590989
vt 0.328125 0.525000006
vn -0.879202604 0.469943583 -0.0784590989
vt 0.34375 0.525000006
vn -0.828906476 0.553857625 -0.0784590989
vt 0.359375 0.525000006
vn -0.770627499 0.632437646 -0.0784590989
vt 0.375 0.525000006
vn -0.704927027 0.704927027 -0.0784590989
vt 0.390625 0.525000006
vn -0.632437646 0.770627499 -0.0784590989
vt 0.40625 0.525000006
vn -0.553857625 0.828906476 -0.0784590989
vt 0.421875 0.525000006
vn -0.469943583 0.879202604 -0.0784590989
vt 0.4375 0.525000006
vn -0.381503761 0.921031535 -0.0784590989
vt 0.453125 0.525000006
vn -0.289389819 0.9539904 -0.0784590989
vt 0.46875 0.525000006
vn -0.194488928 0.977761865 -0.0784590989
vt 0.484375 0.525000006
vn -0.0977149829 0.992116928 -0.0784590989
vt 0.5 0.525000006
vn -1.2208716e-16 0.996917307 -0.0784590989
vt 0.515625 0.525000006
vn 0.0977149829 0.992116928 -0.0784590989
vt 0.53125 0.525000006
vn 0.194488928 0.977761865 -0.0784590989
vt 0.546875 0.525000006
vn 0.289389819 0.9539904 -0.0784590989
vt 0.5625 0.525000006
vn 0.381503761 0.921031535 -0.0784590989
vt 0.578125 0.525000006
vn 0.469943583 0.879202604 -0.0784590989
vt 0.59375 0.525000006
vn 0.553857625 0.828906476 -0.0784590989
vt 0.609375 0.525000006
vn 0.632437646 0.770627499 -0.0784590989
vt 0.625 0.525000006
vn 0.704927027 0.704927027 -0.0784590989
vt 0.640625 0.525000006
vn 0.770627499 0.632437646 -0.0784590989
vt 0.65625 0.525000006
vn 0.828906476 0.553857625 -0.0784590989
vt 0.671875 0.525000006
vn 0.879202604 0.469943583 -0.0784590989
vt 0.6875 0.525000006
vn 0.921031535 0.381503761 -0.0784590989
vt 0.703125 0.525000006
vn 0.9539904 0.289389819 -0.0784590989
vt 0.71875 0.525000006
vn 0.977761865 0.194488928 -0.0784590989
vt 0.734375 0.525000006
vn 0.992116928 0.0977149829 -0.0784590989
vt 0.75 0.525000006
vn 0.996917307 1.83130747e-16 -0.0784590989
vt 0.765625 0.525000006
vn 0.992116928 -0.0977149829 -0.0784590989
vt 0.78125 0.525000006
vn 0.977761865 -0.194488928 -0.0784590989
vt 0.796875 0.525000006
vn 0.9539904 -0.289389819 -0.0784590989
vt 0.8125 0.525000006
vn 0.921031535 -0.381503761 -0.0784590989
vt 0.828125 0.525000006
vn 0.879202604 -0.469943583 -0.0784590989
vt 0.84375 0.525000006
vn 0.828906476 -0.553857625 -0.0784590989
vt 0.859375 0.525000006
vn 0.770627499 -0.632437646 -0.0784590989
vt 0.875 0.525000006
vn 0.704927027 -0.704927027 -0.0784590989
vt 0.890625 0.525000006
vn 0.632437646 -0.770627499 -0.0784590989
vt 0.90625 0.525000006
vn 0.553857625 -0.828906476 -0.0784590989
vt 0.921875 0.525000006
vn 0.469943583 -0.879202604 -0.0784590989
vt 0.9375 0.525000006
vn 0.381503761 -0.921031535 -0.0784590989
vt 0.953125 0.525000006
vn 0.289389819 -0.9539904 -0.0784590989
vt 0.96875 0.525000006
vn 0.194488928 -0.977761865 -0.0784590989
vt 0.984375 0.525000006
vn 0.0977149829 -0.992116928 -0.0784590989
vt 1.0 0.525000006
vn 2.4417432e-16 -0.996917307 -0.0784590989
vt 0.0 0.550000012
vn 0.0 -0.987688363 -0.156434461
vt 0.015625 0.550000012
vn -0.0968103856 -0.982932329 -0.156434461
vt 0.03125 0.550000012
vn -0.192688435 -0.968710184 -0.156434461
vt 0.046875 0.550000012
vn -0.286710799 -0.945158839 -0.156434461
vt 0.0625 0.550000012
vn -0.377971977 -0.912505031 -0.156434461
vt 0.078125 0.550000012
vn -0.46559307 -0.871063352 -0.156434461
vt 0.09375 0.550000012
vn -0.548730254 -0.821232855 -0.156434461
vt 0.109375 0.550000012
vn -0.626582861 -0.763493419 -0.156434461
vt 0.125 0.550000012
vn -0.698401153 -0.698401153 -0.156434461
vt 0.140625 0.550000012
vn -0.763493419 -0.626582861 -0.156434461
vt 0.15625 0.550000012
vn -0.821232855 -0.548730254 -0.156434461
vt 0.171875 0.550000012
vn -0.871063352 -0.46559307 -0.156434461
vt 0.1875 0.550000012
vn -0.912505031 -0.377971977 -0.156434461
vt 0.203125 0.550000012
vn -0.945158839 -0.286710799 -0.156434461
vt 0.21875 0.550000012
vn -0.968710184 -0.192688435 -0.156434461
vt 0.234375 0.550000012
vn -0.982932329 -0.0968103856 -0.156434461
vt 0.25 0.550000012
vn -0.987688363 -6.04784701e-17 -0.156434461
vt 0.265625 0.550000012
vn -0.982932329 0.0968103856 -0.156434461
vt 0.28125 0.550000012
vn -0.968710184 0.192688435 -0.156434461
vt 0.296875 0.550000012
vn -0.945158839 0.286710799 -0.156434461
vt 0.3125 0.550000012
vn -0.912505031 0.377971977 -0.156434461
vt 0.328125 0.550000012
vn -0.871063352 0.46559307 -0.156434461
vt 0.34375 0.550000012
vn -0.821232855 0.548730254 -0.156434461
vt 0.359375 0.550000012
vn -0.763493419 0.626582861 -0.156434461
vt 0.375 0.550000012
vn -0.698401153 0.698401153 -0.156434461
vt 0.390625 0.550000012
vn -0.626582861 0.763493419 -0.156434461
vt 0.40625 0.550000012
vn -0.548730254 0.821232855 -0.156434461
vt 0.421875 0.550000012
vn -0.46559307 0.871063352 -0.156434461
vt 0.4375 0.550000012
vn -0.377971977 0.912505031 -0.156434461
vt 0.453125 0.550000012
vn -0.286710799 0.945158839 -0.156434461
vt 0.46875 0.550000012
vn -0.192688435 0.968710184 -0.156434461
vt 0.484375 0.550000012
vn -0.0968103856 0.982932329 -0.156434461
vt 0.5 0.550000012
vn -1.2095694e-16 0.987688363 -0.156434461
vt 0.515625 0.550000012
vn 0.0968103856 0.982932329 -0.156434461
vt 0.53125 0.550000012
vn 0.192688435 0.968710184 -0.156434461
vt 0.546875 0.550000012
vn 0.286710799 0.945158839 -0.156434461
vt 0.5625 0.550000012
vn 0.377971977 0.912505031 -0.156434461
vt 0.578125 0.550000012
vn 0.46559307 0.871063352 -0.156434461
vt 0.59375 0.550000012
vn 0.548730254 0.821232855 -0.156434461
vt 0.609375 0.550000012
vn 0.626582861 0.763493419 -0.156434461
vt 0.625 0.550000012
vn 0.698401153 0.698401153 -0.156434461
vt 0.640625 0.550000012
vn 0.763493419 0.626582861 -0.156434461
vt 0.65625 0.550000012
vn 0.821232855 0.548730254 -0.156434461
vt 0.671875 0.550000012
vn 0.871063352 0.46559307 -0.156434461
vt 0.6875 0.550000012
vn 0.912505031 0.377971977 -0.156434461
vt 0.703125 0.550000012
vn 0.945158839 0.286710799 -0.156434461
vt 0.71875 0.550000012
vn 0.968710184 0.192688435 -0.156434461
vt 0.734375 0.550000012
vn 0.982932329 0.0968103856 -0.156434461
vt 0.75 0.550000012
vn 0.987688363 1.8143541e-16 -0.156434461
vt 0.765625 0.550000012
vn 0.982932329 -0.0968103856 -0.156434461
vt 0.78125 0.550000012
vn 0.968710184 -0.192688435 -0.156434461
vt 0.796875 0.550000012
vn 0.945158839 -0.286710799 -0.156434461
vt 0.8125 0.550000012
vn 0.912505031 -0.377971977 -0.156434461
vt 0.828125 0.550000012
vn 0.871063352 -0.46559307 -0.156434461
vt 0.84375 0.550000012
vn 0.821232855 -0.548730254 -0.156434461
vt 0.859375 0.550000012
vn 0.763493419 -0.626582861 -0.156434461
vt 0.875 0.550000012
vn 0.698401153 -0.698401153 -0.156434461
vt 0.890625 0.550000012
vn 0.626582861 -0.763493419 -0.156434461
vt 0.90625 0.550000012
vn 0.548730254 -0.821232855 -0.156434461
vt 0.921875 0.550000012
vn 0.46559307 -0.871063352 -0.156434461
vt 0.9375 0.550000012
vn 0.377971977 -0.912505031 -0.156434461
vt 0.953125 0.550000012
vn 0.286710799 -0.945158839 -0.156434461
vt 0.96875 0.550000012
vn 0.192688435 -0.968710184 -0.156434461
vt 0.984375 0.550000012
vn 0.0968103856 -0.982932329 -0.156434461
vt 1.0 0.550000012
vn 2.4191388e-16 -0.987688363 -0.156434461
vt 0.0 0.574999988
vn 0.0 -0.972369909 -0.233445361
vt 0.015625 0.574999988
vn -0.0953089222 -0.967687666 -0.233445361
vt 0.03125 0.574999988
vn -0.189699963 -0.953686118 -0.233445361
vt 0.046875 0.574999988
vn -0.282264084 -0.930499971 -0.233445361
vt 0.0625 0.574999988
vn -0.37210986 -0.898352683 -0.233445361
vt 0.078125 0.574999988
vn -0.458371997 -0.85755372 -0.233445361
vt 0.09375 0.574999988
vn -0.540219784 -0.808496058 -0.233445361
vt 0.109375 0.574999988
vn -0.61686492 -0.751652122 -0.233445361
vt 0.125 0.574999988
vn -0.68756938 -0.68756938 -0.233445361
vt 0.140625 0.574999988
vn -0.751652122 -0.61686492 -0.233445361
vt 0.15625 0.574999988
vn -0.808496058 -0.540219784 -0.233445361
vt 0.171875 0.574999988
vn -0.85755372 -0.458371997 -0.233445361
vt 0.1875 0.574999988
vn -0.898352683 -0.37210986 -0.233445361
vt 0.203125 0.574999988
vn -0.930499971 -0.282264084 -0.233445361
vt 0.21875 0.574999988
vn -0.953686118 -0.189699963 -0.233445361
vt 0.234375 0.574999988
vn -0.967687666 -0.0953089222 -0.233445361
vt 0.25 0.574999988
vn -0.972369909 -5.9540487e-17 -0.233445361
vt 0.265625 0.574999988
vn -0.967687666 0.0953089222 -0.233445361
vt 0.28125 0.574999988
vn -0.953686118 0.189699963 -0.233445361
vt 0.296875 0.574999988
vn -0.930499971 0.282264084 -0.233445361
vt 0.3125 0.574999988
vn -0.898352683 0.37210986 -0.233445361
vt 0.328125 0.574999988
vn -0.85755372 0.458371997 -0.233445361
vt 0.34375 0.574999988
vn -0.808496058 0.540219784 -0.233445361
vt 0.359375 0.574999988
vn -0.751652122 0.61686492 -0.233445361
vt 0.375 0.574999988
vn -0.68756938 0.68756938 -0.233445361
vt 0.390625 0.574999988
vn -0.61686492 0.751652122 -0.233445361
vt 0.40625 0.574999988
vn -0.540219784 0.808496058 -0.233445361
vt 0.421875 0.574999988
vn -0.458371997 0.85755372 -0.233445361
vt 0.4375 0.574999988
vn -0.37210986 0.898352683 -0.233445361
vt 0.453125 0.574999988
vn -0.282264084 0.930499971 -0.233445361
vt 0.46875 0.574999988
vn -0.189699963 0.953686118 -0.233445361
vt 0.484375 0.574999988
vn -0.0953089222 0.967687666 -0.233445361
vt 0.5 0.574999988
vn -1.19080974e-16 0.972369909 -0.233445361
vt 0.515625 0.574999988
vn 0.0953089222 0.967687666 -0.233445361
vt 0.53125 0.574999988
vn 0.189699963 0.953686118 -0.233445361
vt 0.546875 0.574999988
vn 0.282264084 0.930499971 -0.233445361
vt 0.5625 0.574999988
vn 0.37210986 0.898352683 -0.233445361
vt 0.578125 0.574999988
vn 0.458371997 0.85755372 -0.233445361
vt 0.59375 0.574999988
vn 0.540219784 0.808496058 -0.233445361
vt 0.609375 0.574999988
vn 0.61686492 0.751652122 -0.233445361
vt 0.625 0.574999988
vn 0.68756938 0.68756938 -0.233445361
vt 0.640625 0.574999988
vn 0.751652122 0.61686492 -0.233445361
vt 0.65625 0.574999988
vn 0.808496058 0.540219784 -0.233445361
vt 0.671875 0.574999988
vn 0.85755372 0.458371997 -0.233445361
vt 0.6875 0.574999988
vn 0.898352683 0.37210986 -0.233445361
vt 0.703125 0.574999988
vn 0.930499971 0.282264084 -0.233445361
vt 0.71875 0.574999988
vn 0.953686118 0.189699963 -0.233445361
vt 0.734375 0.574999988
vn 0.967687666 0.0953089222 -0.233445361
vt 0.75 0.574999988
vn 0.972369909 1.78621461e-16 -0.233445361
vt 0.765625 0.574999988
vn 0.967687666 -0.0953089222 -0.233445361
vt 0.78125 0.574999988
vn 0.953686118 -0.189699963 -0.233445361
vt 0.796875 0.574999988
vn 0.930499971 -0.282264084 -0.233445361
vt 0.8125 0.574999988
vn 0.898352683 -0.37210986 -0.233445361
vt 0.828125 0.574999988
vn 0.85755372 -0.458371997 -0.233445361
vt 0.84375 0.574999988
vn 0.808496058 -0.540219784 -0.233445361
vt 0.859375 0.574999988
vn 0.751652122 -0.61686492 -0.233445361
vt 0.875 0.574999988
vn 0.68756938 -0.68756938 -0.233445361
vt 0.890625 0.574999988
vn 0.61686492 -0.751652122 -0.233445361
vt 0.90625 0.574999988
vn 0.540219784 -0.808496058 -0.233445361
vt 0.921875 0.574999988
vn 0.458371997 -0.85755372 -0.233445361
vt 0.9375 0.574999988
vn 0.37210986 -0.898352683 -0.233445361
vt 0.953125 0.574999988
vn 0.282264084 -0.930499971 -0.233445361
vt 0.96875 0.574999988
vn 0.189699963 -0.953686118 -0.233445361
vt 0.984375 0.574999988
vn 0.0953089222 -0.967687666 -0.233445361
vt 1.0 0.574999988
vn 2.38161948e-16 -0.972369909 -0.233445361
vt 0.0 0.599999994
vn 0.0 -0.95105654 -0.309017003
vt 0.015625 0.599999994
vn -0.093219839 -0.946476936 -0.309017003
vt 0.03125 0.599999994
vn -0.185541928 -0.932782233 -0.309017003
vt 0.046875 0.599999994
vn -0.276077121 -0.910104334 -0.309017003
vt 0.0625 0.599999994
vn -0.363953561 -0.878661633 -0.309017003
vt 0.078125 0.599999994
vn -0.448324949 -0.838756979 -0.309017003
vt 0.09375 0.599999994
vn -0.528378665 -0.790774584 -0.309017003
vt 0.109375 0.599999994
vn -0.603343844 -0.735176623 -0.309017003
vt 0.125 0.599999994
vn -0.672498524 -0.672498524 -0.309017003
vt 0.140625 0.599999994
vn -0.735176623 -0.603343844 -0.309017003
vt 0.15625 0.599999994
vn -0.790774584 -0.528378665 -0.309017003
vt 0.171875 0.599999994
vn -0.838756979 -0.448324949 -0.309017003
vt 0.1875 0.599999994
vn -0.878661633 -0.363953561 -0.309017003
vt 0.203125 0.599999994
vn -0.910104334 -0.276077121 -0.309017003
vt 0.21875 0.599999994
vn -0.932782233 -0.185541928 -0.309017003
vt 0.234375 0.599999994
vn -0.946476936 -0.093219839 -0.309017003
vt 0.25 0.599999994
vn -0.95105654 -5.82354143e-17 -0.309017003
vt 0.265625 0.599999994
vn -0.946476936 0.093219839 -0.309017003
vt 0.28125 0.599999994
vn -0.932782233 0.185541928 -0.309017003
vt 0.296875 0.599999994
vn -0.910104334 0.276077121 -0.309017003
vt 0.3125 0.599999994
vn -0.878661633 0.363953561 -0.309017003
vt 0.328125 0.599999994
vn -0.838756979 0.448324949 -0.309017003
vt 0.34375 0.599999994
vn -0.790774584 0.528378665 -0.309017003
vt 0.359375 0.599999994
vn -0.735176623 0.603343844 -0.309017003
vt 0.375 0.599999994
vn -0.672498524 0.672498524 -0.309017003
vt 0.390625 0.599999994
vn -0.603343844 0.735176623 -0.309017003
vt 0.40625 0.599999994
vn -0.528378665 0.790774584 -0.309017003
vt 0.421875 0.599999994
vn -0.448324949 0.838756979 -0.309017003
vt 0.4375 0.599999994
vn -0.363953561 0.878661633 -0.309017003
vt 0.453125 0.599999994
vn -0.276077121 0.910104334 -0.309017003
vt 0.46875 0.599999994
vn -0.185541928 0.932782233 -0.309017003
vt 0.484375 0.599999994
vn -0.093219839 0.946476936 -0.309017003
vt 0.5 0.599999994
vn -1.16470829e-16 0.95105654 -0.309017003
vt 0.515625 0.599999994
vn 0.093219839 0.946476936 -0.309017003
vt 0.53125 0.599999994
vn 0.185541928 0.932782233 -0.309017003
vt 0.546875 0.599999994
vn 0.276077121 0.910104334 -0.309017003
vt 0.5625 0.599999994
vn 0.363953561 0.878661633 -0.309017003
vt 0.578125 0.599999994
vn 0.448324949 0.838756979 -0.309017003
vt 0.59375 0.599999994
vn 0.528378665 0.790774584 -0.309017003
vt 0.609375 0.599999994
vn 0.603343844 0.735176623 -0.309017003
vt 0.625 0.599999994
vn 0.672498524 0.672498524 -0.309017003
vt 0.640625 0.599999994
vn 0.735176623 0.603343844 -0.309017003
vt 0.65625 0.599999994
vn 0.790774584 0.528378665 -0.309017003
vt 0.671875 0.599999994
vn 0.838756979 0.448324949 -0.309017003
vt 0.6875 0.599999994
vn 0.878661633 0.363953561 -0.309017003
vt 0.703125 0.599999994
vn 0.910104334 0.276077121 -0.309017003
vt 0.71875 0.599999994
vn 0.932782233 0.185541928 -0.309017003
vt 0.734375 0.599999994
vn 0.946476936 0.093219839 -0.309017003
vt 0.75 0.599999994
vn 0.95105654 1.7470625e-16 -0.309017003
vt 0.765625 0.599999994
vn 0.946476936 -0.093219839 -0.309017003
vt 0.78125 0.599999994
vn 0.932782233 -0.185541928 -0.309017003
vt 0.796875 0.599999994
vn 0.910104334 -0.276077121 -0.309017003
vt 0.8125 0.599999994
vn 0.878661633 -0.363953561 -0.309017003
vt 0.828125 0.599999994
vn 0.838756979 -0.448324949 -0.309017003
vt 0.84375 0.599999994
vn 0.790774584 -0.528378665 -0.309017003
vt 0.859375 0.599999994
vn 0.735176623 -0.603343844 -0.309017003
vt 0.875 0.599999994
vn 0.672498524 -0.672498524 -0.309017003
vt 0.890625 0.599999994
vn 0.603343844 -0.735176623 -0.309017003
vt 0.90625 0.599999994
vn 0.528378665 -0.790774584 -0.309017003
vt 0.921875 0.599999994
vn 0.448324949 -0.838756979 -0.309017003
vt 0.9375 0.599999994
vn 0.363953561 -0.878661633 -0.309017003
vt 0.953125 0.599999994
vn 0.276077121 -0.910104334 -0.309017003
vt 0.96875 0.599999994
vn 0.185541928 -0.932782233 -0.309017003
vt 0.984375 0.599999994
vn 0.093219839 -0.946476936 -0.309017003
vt 1.0 0.599999994
vn 2.32941657e-16 -0.95105654 -0.309017003
vt 0.0 0.625
vn 0.0 -0.923879504 -0.382683426
vt 0.015625 0.625
vn -0.090556033 -0.919430792 -0.382683426
vt 0.03125 0.625
vn -0.180239961 -0.906127453 -0.382683426
vt 0.046875 0.625
vn -0.268188059 -0.884097576 -0.382683426
vt 0.0625 0.625
vn -0.353553385 -0.853553414 -0.382683426
vt 0.078125 0.625
vn -0.435513794 -0.814788997 -0.382683426
vt 0.09375 0.625
vn -0.513279974 -0.768177748 -0.382683426
vt 0.109375 0.625
vn -0.586102962 -0.714168549 -0.382683426
vt 0.125 0.625
vn -0.65328151 -0.65328151 -0.382683426
vt 0.140625 0.625
vn -0.714168549 -0.586102962 -0.382683426
vt 0.15625 0.625
vn -0.768177748 -0.513279974 -0.382683426
vt 0.171875 0.625
vn -0.814788997 -0.435513794 -0.382683426
vt 0.1875 0.625
vn -0.853553414 -0.353553385 -0.382683426
vt 0.203125 0.625
vn -0.884097576 -0.268188059 -0.382683426
vt 0.21875 0.625
vn -0.906127453 -0.180239961 -0.382683426
vt 0.234375 0.625
vn -0.919430792 -0.090556033 -0.382683426
vt 0.25 0.625
vn -0.923879504 -5.65713056e-17 -0.382683426
vt 0.265625 0.625
vn -0.919430792 0.090556033 -0.382683426
vt 0.28125 0.625
vn -0.906127453 0.180239961 -0.382683426
vt 0.296875 0.625
vn -0.884097576 0.268188059 -0.382683426
vt 0.3125 0.625
vn -0.853553414 0.353553385 -0.382683426
vt 0.328125 0.625
vn -0.814788997 0.435513794 -0.382683426
vt 0.34375 0.625
vn -0.768177748 0.513279974 -0.382683426
vt 0.359375 0.625
vn -0.714168549 0.586102962 -0.382683426
vt 0.375 0.625
vn -0.65328151 0.65328151 -0.382683426
vt 0.390625 0.625
vn -0.586102962 0.714168549 -0.382683426
vt 0.40625 0.625
vn -0.513279974 0.768177748 -0.382683426
vt 0.421875 0.625
vn -0.435513794 0.814788997 -0.382683426
vt 0.4375 0.625
vn -0.353553385 0.853553414 -0.382683426
vt 0.453125 0.625
vn -0.268188059 0.884097576 -0.382683426
vt 0.46875 0.625
vn -0.180239961 0.906127453 -0.382683426
vt 0.484375 0.625
vn -0.090556033 0.919430792 -0.382683426
vt 0.5 0.625
vn -1.13142611e-16 0.923879504 -0.382683426
vt 0.515625 0.625
vn 0.090556033 0.919430792 -0.382683426
vt 0.53125 0.625
vn 0.180239961 0.906127453 -0.382683426
vt 0.546875 0.625
vn 0.268188059 0.884097576 -0.382683426
vt 0.5625 0.625
vn 0.353553385 0.853553414 -0.382683426
vt 0.578125 0.625
vn 0.435513794 0.814788997 -0.382683426
vt 0.59375 0.625
vn 0.513279974 0.768177748 -0.382683426
vt 0.609375 0.625
vn 0.586102962 0.714168549 -0.382683426
vt 0.625 0.625
vn 0.65328151 0.65328151 -0.382683426
vt 0.640625 0.625
vn 0.714168549 0.586102962 -0.382683426
vt 0.65625 0.625
vn 0.768177748 0.513279974 -0.382683426
vt 0.671875 0.625
vn 0.814788997 0.435513794 -0.382683426
vt 0.6875 0.625
vn 0.853553414 0.353553385 -0.382683426
vt 0.703125 0.625
vn 0.884097576 0.268188059 -0.382683426
vt 0.71875 0.625
vn 0.906127453 0.180239961 -0.382683426
vt 0.734375 0.625
vn 0.919430792 0.090556033 -0.382683426
vt 0.75 0.625
vn 0.923879504 1.69713917e-16 -0.382683426
vt 0.765625 0.625
vn 0.919430792 -0.090556033 -0.382683426
vt 0.78125 0.625
vn 0.906127453 -0.180239961 -0.382683426
vt 0.796875 0.625
vn 0.884097576 -0.268188059 -0.382683426
vt 0.8125 0.625
vn 0.853553414 -0.353553385 -0.382683426
vt 0.828125 0.625
vn 0.814788997 -0.435513794 -0.382683426
vt 0.84375 0.625
vn 0.768177748 -0.513279974 -0.382683426
vt 0.859375 0.625
vn 0.714168549 -0.586102962 -0.382683426
vt 0.875 0.625
vn 0.65328151 -0.65328151 -0.382683426
vt 0.890625 0.625
vn 0.586102962 -0.714168549 -0.382683426
vt 0.90625 0.625
vn 0.513279974 -0.768177748 -0.382683426
vt 0.921875 0.625
vn 0.435513794 -0.814788997 -0.382683426
vt 0.9375 0.625
vn 0.353553385 -0.853553414 -0.382683426
vt 0.953125 0.625
vn 0.268188059 -0.884097576 -0.382683426
vt 0.96875 0.625
vn 0.180239961 -0.906127453 -0.382683426
vt 0.984375 0.625
vn 0.090556033 -0.919430792 -0.382683426
vt 1.0 0.625
vn 2.26285222e-16 -0.923879504 -0.382683426
vt 0.0 0.650000006
vn 0.0 -0.891006529 -0.453990489
vt 0.015625 0.650000006
vn -0.0873339102 -0.886716068 -0.453990489
vt 0.03125 0.650000006
vn -0.173826754 -0.873886108 -0.453990489
vt 0.046875 0.650000006
vn -0.258645535 -0.852640092 -0.453990489
vt 0.0625 0.650000006
vn -0.340973437 -0.823182702 -0.453990489
vt 0.078125 0.650000006
vn -0.42001757 -0.785797596 -0.453990489
vt 0.09375 0.650000006
vn -0.495016694 -0.740844846 -0.453990489
vt 0.109375 0.650000006
vn -0.565248549 -0.68875736 -0.453990489
vt 0.125 0.650000006
vn -0.630036771 -0.630036771 -0.453990489
vt 0.140625 0.650000006
vn -0.68875736 -0.565248549 -0.453990489
vt 0.15625 0.650000006
vn -0.740844846 -0.495016694 -0.453990489
vt 0.171875 0.650000006
vn -0.785797596 -0.42001757 -0.453990489
vt 0.1875 0.650000006
vn -0.823182702 -0.340973437 -0.453990489
vt 0.203125 0.650000006
vn -0.852640092 -0.258645535 -0.453990489
vt 0.21875 0.650000006
vn -0.873886108 -0.173826754 -0.453990489
vt 0.234375 0.650000006
vn -0.886716068 -0.0873339102 -0.453990489
vt 0.25 0.650000006
vn -0.891006529 -5.45584145e-17 -0.453990489
vt 0.265625 0.650000006
vn -0.886716068 0.0873339102 -0.453990489
vt 0.28125 0.650000006
vn -0.873886108 0.173826754 -0.453990489
vt 0.296875 0.650000006
vn -0.852640092 0.258645535 -0.453990489
vt 0.3125 0.650000006
vn -0.823182702 0.340973437 -0.453990489
vt 0.328125 0.650000006
vn -0.785797596 0.42001757 -0.453990489
vt 0.34375 0.650000006
vn -0.740844846 0.495016694 -0.453990489
vt 0.359375 0.650000006
vn -0.68875736 0.565248549 -0.453990489
vt 0.375 0.650000006
vn -0.630036771 0.630036771 -0.453990489
vt 0.390625 0.650000006
vn -0.565248549 0.68875736 -0.453990489
vt 0.40625 0.650000006
vn -0.495016694 0.740844846 -0.453990489
vt 0.421875 0.650000006
vn -0.42001757 0.785797596 -0.453990489
vt 0.4375 0.650000006
vn -0.340973437 0.823182702 -0.453990489
vt 0.453125 0.650000006
vn -0.258645535 0.852640092 -0.453990489
vt 0.46875 0.650000006
vn -0.173826754 0.873886108 -0.453990489
vt 0.484375 0.650000006
vn -0.0873339102 0.886716068 -0.453990489
vt 0.5 0.650000006
vn -1.09116829e-16 0.891006529 -0.453990489
vt 0.515625 0.650000006
vn 0.0873339102 0.886716068 -0.453990489
vt 0.53125 0.650000006
vn 0.173826754 0.873886108 -0.453990489
vt 0.546875 0.650000006
vn 0.258645535 0.852640092 -0.453990489
vt 0.5625 0.650000006
vn 0.340973437 0.823182702 -0.453990489
vt 0.578125 0.650000006
vn 0.42001757 0.785797596 -0.453990489
vt 0.59375 0.650000006
vn 0.495016694 0.740844846 -0.453990489
vt 0.609375 0.650000006
vn 0.565248549 0.68875736 -0.453990489
vt 0.625 0.650000006
vn 0.630036771 0.630036771 -0.453990489
vt 0.640625 0.650000006
vn 0.68875736 0.565248549 -0.453990489
vt 0.65625 0.650000006
vn 0.740844846 0.495016694 -0.453990489
vt 0.671875 0.650000006
vn 0.785797596 0.42001757 -0.453990489
vt 0.6875 0.650000006
vn 0.823182702 0.340973437 -0.453990489
vt 0.703125 0.650000006
vn 0.852640092 0.258645535 -0.453990489
vt 0.71875 0.650000006
vn 0.873886108 0.173826754 -0.453990489
vt 0.734375 0.650000006
vn 0.886716068 0.0873339102 -0.453990489
vt 0.75 0.650000006
vn 0.891006529 1.63675247e-16 -0.453990489
vt 0.765625 0.650000006
vn 0.886716068 -0.0873339102 -0.453990489
vt 0.78125 0.650000006
vn 0.873886108 -0.173826754 -0.453990489
vt 0.796875 0.650000006
vn 0.852640092 -0.258645535 -0.453990489
vt 0.8125 0.650000006
vn 0.823182702 -0.340973437 -0.453990489
vt 0.828125 0.650000006
vn 0.785797596 -0.42001757 -0.453990489
vt 0.84375 0.650000006
vn 0.740844846 -0.495016694 -0.453990489
vt 0.859375 0.650000006
vn 0.68875736 -0.565248549 -0.453990489
vt 0.875 0.650000006
vn 0.630036771 -0.630036771 -0.453990489
vt 0.890625 0.650000006
vn 0.565248549 -0.68875736 -0.453990489
vt 0.90625 0.650000006
vn 0.495016694 -0.740844846 -0.453990489
vt 0.921875 0.650000006
vn 0.42001757 -0.785797596 -0.453990489
vt 0.9375 0.650000006
vn 0.340973437 -0.823182702 -0.453990489
vt 0.953125 0.650000006
vn 0.258645535 -0.852640092 -0.453990489
vt 0.96875 0.650000006
vn 0.173826754 -0.873886108 -0.453990489
vt 0.984375 0.650000006
vn 0.0873339102 -0.886716068 -0.453990489
vt 1.0 0.650000006
vn 2.18233658e-16 -0.891006529 -0.453990489
vt 0.0 0.675000012
vn 0.0 -0.852640152 -0.522498548
vt 0.015625 0.675000012
vn -0.0835733488 -0.848534465 -0.522498548
vt 0.03125 0.675000012
vn -0.166341841 -0.836256921 -0.522498548
vt 0.046875 0.675000012
vn -0.247508377 -0.815925777 -0.522498548
vt 0.0625 0.675000012
vn -0.326291263 -0.787736773 -0.522498548
vt 0.078125 0.675000012
vn -0.401931792 -0.75196147 -0.522498548
vt 0.09375 0.675000012
vn -0.473701507 -0.70894438 -0.522498548
vt 0.109375 0.675000012
vn -0.540909171 -0.659099758 -0.522498548
vt 0.125 0.675000012
vn -0.602907658 -0.602907658 -0.522498548
vt 0.140625 0.675000012
vn -0.659099758 -0.540909171 -0.522498548
vt 0.15625 0.675000012
vn -0.70894438 -0.473701507 -0.522498548
vt 0.171875 0.675000012
vn -0.75196147 -0.401931792 -0.522498548
vt 0.1875 0.675000012
vn -0.787736773 -0.326291263 -0.522498548
vt 0.203125 0.675000012
vn -0.815925777 -0.247508377 -0.522498548
vt 0.21875 0.675000012
vn -0.836256921 -0.166341841 -0.522498548
vt 0.234375 0.675000012
vn -0.848534465 -0.0835733488 -0.522498548
vt 0.25 0.675000012
vn -0.852640152 -5.22091521e-17 -0.522498548
vt 0.265625 0.675000012
vn -0.848534465 0.0835733488 -0.522498548
vt 0.28125 0.675000012
vn -0.836256921 0.166341841 -0.522498548
vt 0.296875 0.675000012
vn -0.815925777 0.247508377 -0.522498548
vt 0.3125 0.675000012
vn -0.787736773 0.326291263 -0.522498548
vt 0.328125 0.675000012
vn -0.75196147 0.401931792 -0.522498548
vt 0.34375 0.675000012
vn -0.70894438 0.473701507 -0.522498548
vt 0.359375 0.675000012
vn -0.659099758 0.540909171 -0.522498548
vt 0.375 0.675000012
vn -0.602907658 0.602907658 -0.522498548
vt 0.390625 0.675000012
vn -0.540909171 0.659099758 -0.522498548
vt 0.40625 0.675000012
vn -0.473701507 0.70894438 -0.522498548
vt 0.421875 0.675000012
vn -0.401931792 0.75196147 -0.522498548
vt 0.4375 0.675000012
vn -0.326291263 0.787736773 -0.522498548
vt 0.453125 0.675000012
vn -0.247508377 0.815925777 -0.522498548
vt 0.46875 0.675000012
vn -0.166341841 0.836256921 -0.522498548
vt 0.484375 0.675000012
vn -0.0835733488 0.848534465 -0.522498548
vt 0.5 0.675000012
vn -1.04418304e-16 0.852640152 -0.522498548
vt 0.515625 0.675000012
vn 0.0835733488 0.848534465 -0.522498548
vt 0.53125 0.675000012
vn 0.166341841 0.836256921 -0.522498548
vt 0.546875 0.675000012
vn 0.247508377 0.815925777 -0.522498548
vt 0.5625 0.675000012
vn 0.326291263 0.787736773 -0.522498548
vt 0.578125 0.675000012
vn 0.401931792 0.75196147 -0.522498548
vt 0.59375 0.675000012
vn 0.473701507 0.70894438 -0.522498548
vt 0.609375 0.675000012
vn 0.540909171 0.659099758 -0.522498548
vt 0.625 0.675000012
vn 0.602907658 0.602907658 -0.522498548
vt 0.640625 0.675000012
vn 0.659099758 0.540909171 -0.522498548
vt 0.65625 0.675000012
vn 0.70894438 0.473701507 -0.522498548
vt 0.671875 0.675000012
vn 0.75196147 0.401931792 -0.522498548
vt 0.6875 0.675000012
vn 0.787736773 0.326291263 -0.522498548
vt 0.703125 0.675000012
vn 0.815925777 0.247508377 -0.522498548
vt 0.71875 0.675000012
vn 0.836256921 0.166341841 -0.522498548
vt 0.734375 0.675000012
vn 0.848534465 0.0835733488 -0.522498548
vt 0.75 0.675000012
vn 0.852640152 1.56627456e-16 -0.522498548
vt 0.765625 0.675000012
vn 0.848534465 -0.0835733488 -0.522498548
vt 0.78125 0.675000012
vn 0.836256921 -0.166341841 -0.522498548
vt 0.796875 0.675000012
vn 0.815925777 -0.247508377 -0.522498548
vt 0.8125 0.675000012
vn 0.787736773 -0.326291263 -0.522498548
vt 0.828125 0.675000012
vn 0.75196147 -0.401931792 -0.522498548
vt 0.84375 0.675000012
vn 0.70894438 -0.473701507 -0.522498548
vt 0.859375 0.675000012
vn 0.659099758 -0.540909171 -0.522498548
vt 0.875 0.675000012
vn 0.602907658 -0.602907658 -0.522498548
vt 0.890625 0.675000012
vn 0.540909171 -0.659099758 -0.522498548
vt 0.90625 0.675000012
vn 0.473701507 -0.70894438 -0.522498548
vt 0.921875 0.675000012
vn 0.401931792 -0.75196147 -0.522498548
vt 0.9375 0.675000012
vn 0.326291263 -0.787736773 -0.522498548
vt 0.953125 0.675000012
vn 0.247508377 -0.815925777 -0.522498548
vt 0.96875 0.675000012
vn 0.166341841 -0.836256921 -0.522498548
vt 0.984375 0.675000012
vn 0.0835733488 -0.848534465 -0.522498548
vt 1.0 0.675000012
vn 2.08836608e-16 -0.852640152 -0.522498548
vt 0.0 0.699999988
vn 0.0 -0.809017003 -0.587785244
vt 0.015625 0.699999988
vn -0.0792975351 -0.805121362 -0.587785244
vt 0.03125 0.699999988
vn -0.157831386 -0.793471932 -0.587785244
vt 0.046875 0.699999988
vn -0.234845236 -0.774181008 -0.587785244
vt 0.0625 0.699999988
vn -0.309597403 -0.747434258 -0.587785244
vt 0.078125 0.699999988
vn -0.381367981 -0.713489294 -0.587785244
vt 0.09375 0.699999988
vn -0.449465752 -0.672673047 -0.587785244
vt 0.109375 0.699999988
vn -0.513234973 -0.625378609 -0.587785244
vt 0.125 0.699999988
vn -0.572061419 -0.572061419 -0.587785244
vt 0.140625 0.699999988
vn -0.625378609 -0.513234973 -0.587785244
vt 0.15625 0.699999988
vn -0.672673047 -0.449465752 -0.587785244
vt 0.171875 0.699999988
vn -0.713489294 -0.381367981 -0.587785244
vt 0.1875 0.699999988
vn -0.747434258 -0.309597403 -0.587785244
vt 0.203125 0.699999988
vn -0.774181008 -0.234845236 -0.587785244
vt 0.21875 0.699999988
vn -0.793471932 -0.157831386 -0.587785244
vt 0.234375 0.699999988
vn -0.805121362 -0.0792975351 -0.587785244
vt 0.25 0.699999988
vn -0.809017003 -4.95380039e-17 -0.587785244
vt 0.265625 0.699999988
vn -0.805121362 0.0792975351 -0.587785244
vt 0.28125 0.699999988
vn -0.793471932 0.157831386 -0.587785244
vt 0.296875 0.699999988
vn -0.774181008 0.234845236 -0.587785244
vt 0.3125 0.699999988
vn -0.747434258 0.309597403 -0.587785244
vt 0.328125 0.699999988
vn -0.713489294 0.381367981 -0.587785244
vt 0.34375 0.699999988
vn -0.672673047 0.449465752 -0.587785244
vt 0.359375 0.699999988
vn -0.625378609 0.513234973 -0.587785244
vt 0.375 0.699999988
vn -0.572061419 0.572061419 -0.587785244
vt 0.390625 0.699999988
vn -0.513234973 0.625378609 -0.587785244
vt 0.40625 0.699999988
vn -0.449465752 0.672673047 -0.587785244
vt 0.421875 0.699999988
vn -0.381367981 0.713489294 -0.587785244
vt 0.4375 0.699999988
vn -0.309597403 0.747434258 -0.587785244
vt 0.453125 0.699999988
vn -0.234845236 0.774181008 -0.587785244
vt 0.46875 0.699999988
vn -0.157831386 0.793471932 -0.587785244
vt 0.484375 0.699999988
vn -0.0792975351 0.805121362 -0.587785244
vt 0.5 0.699999988
vn -9.90760079e-17 0.809017003 -0.587785244
vt 0.515625 0.699999988
vn 0.0792975351 0.805121362 -0.587785244
vt 0.53125 0.699999988
vn 0.157831386 0.793471932 -0.587785244
vt 0.546875 0.699999988
vn 0.234845236 0.774181008 -0.587785244
vt 0.5625 0.699999988
vn 0.309597403 0.747434258 -0.587785244
vt 0.578125 0.699999988
vn 0.381367981 0.713489294 -0.587785244
vt 0.59375 0.699999988
vn 0.449465752 0.672673047 -0.587785244
vt 0.609375 0.699999988
vn 0.513234973 0.625378609 -0.587785244
vt 0.625 0.699999988
vn 0.572061419 0.572061419 -0.587785244
vt 0.640625 0.699999988
vn 0.625378609 0.513234973 -0.587785244
vt 0.65625 0.699999988
vn 0.672673047 0.449465752 -0.587785244
vt 0.671875 0.699999988
vn 0.713489294 0.381367981 -0.587785244
vt 0.6875 0.699999988
vn 0.747434258 0.309597403 -0.587785244
vt 0.703125 0.699999988
vn 0.774181008 0.234845236 -0.587785244
vt 0.71875 0.699999988
vn 0.793471932 0.157831386 -0.587785244
vt 0.734375 0.699999988
vn 0.805121362 0.0792975351 -0.587785244
vt 0.75 0.699999988
vn 0.809017003 1.48614008e-16 -0.587785244
vt 0.765625 0.699999988
vn 0.805121362 -0.0792975351 -0.587785244
vt 0.78125 0.699999988
vn 0.793471932 -0.157831386 -0.587785244
vt 0.796875 0.699999988
vn 0.774181008 -0.234845236 -0.587785244
vt 0.8125 0.699999988
vn 0.747434258 -0.309597403 -0.587785244
vt 0.828125 0.699999988
vn 0.713489294 -0.381367981 -0.587785244
vt 0.84375 0.699999988
vn 0.672673047 -0.449465752 -0.587785244
vt 0.859375 0.699999988
vn 0.625378609 -0.513234973 -0.587785244
vt 0.875 0.699999988
vn 0.572061419 -0.572061419 -0.587785244
vt 0.890625 0.699999988
vn 0.513234973 -0.625378609 -0.587785244
vt 0.90625 0.699999988
vn 0.449465752 -0.672673047 -0.587785244
vt 0.921875 0.699999988
vn 0.381367981 -0.713489294 -0.587785244
vt 0.9375 0.699999988
vn 0.309597403 -0.747434258 -0.587785244
vt 0.953125 0.699999988
vn 0.234845236 -0.774181008 -0.587785244
vt 0.96875 0.699999988
vn 0.157831386 -0.793471932 -0.587785244
vt 0.984375 0.699999988
vn 0.0792975351 -0.805121362 -0.587785244
vt 1.0 0.699999988
vn 1.98152016e-16 -0.809017003 -0.587785244
vt 0.0 0.724999994
vn 0.0 -0.760405958 -0.649448037
vt 0.015625 0.724999994
vn -0.0745328218 -0.756744385 -0.649448037
vt 0.03125 0.724999994
vn -0.14834784 -0.745794952 -0.649448037
vt 0.046875 0.724999994
vn -0.220734194 -0.727663159 -0.649448037
vt 0.0625 0.724999994
vn -0.290994763 -0.70252353 -0.649448037
vt 0.078125 0.724999994
vn -0.358452886 -0.670618176 -0.649448037
vt 0.09375 0.724999994
vn -0.422458917 -0.632254481 -0.649448037
vt 0.109375 0.724999994
vn -0.482396424 -0.587801754 -0.649448037
vt 0.125 0.724999994
vn -0.537688196 -0.537688196 -0.649448037
vt 0.140625 0.724999994
vn -0.587801754 -0.482396424 -0.649448037
vt 0.15625 0.724999994
vn -0.632254481 -0.422458917 -0.649448037
vt 0.171875 0.724999994
vn -0.670618176 -0.358452886 -0.649448037
vt 0.1875 0.724999994
vn -0.70252353 -0.290994763 -0.649448037
vt 0.203125 0.724999994
vn -0.727663159 -0.220734194 -0.649448037
vt 0.21875 0.724999994
vn -0.745794952 -0.14834784 -0.649448037
vt 0.234375 0.724999994
vn -0.756744385 -0.0745328218 -0.649448037
vt 0.25 0.724999994
vn -0.760405958 -4.65614375e-17 -0.649448037
vt 0.265625 0.724999994
vn -0.756744385 0.0745328218 -0.649448037
vt 0.28125 0.724999994
vn -0.745794952 0.14834784 -0.649448037
vt 0.296875 0.724999994
vn -0.727663159 0.220734194 -0.649448037
vt 0.3125 0.724999994
vn -0.70252353 0.290994763 -0.649448037
vt 0.328125 0.724999994
vn -0.670618176 0.358452886 -0.649448037
vt 0.34375 0.724999994
vn -0.632254481 0.422458917 -0.649448037
vt 0.359375 0.724999994
vn -0.587801754 0.482396424 -0.649448037
vt 0.375 0.724999994
vn -0.537688196 0.537688196 -0.649448037
vt 0.390625 0.724999994
vn -0.482396424 0.587801754 -0.649448037
vt 0.40625 0.724999994
vn -0.422458917 0.632254481 -0.649448037
vt 0.421875 0.724999994
vn -0.358452886 0.670618176 -0.649448037
vt 0.4375 0.724999994
vn -0.290994763 0.70252353 -0.649448037
vt 0.453125 0.724999994
vn -0.220734194 0.727663159 -0.649448037
vt 0.46875 0.724999994
vn -0.14834784 0.745794952 -0.649448037
vt 0.484375 0.724999994
vn -0.0745328218 0.756744385 -0.649448037
vt 0.5 0.724999994
vn -9.3122875e-17 0.760405958 -0.649448037
vt 0.515625 0.724999994
vn 0.0745328218 0.756744385 -0.649448037
vt 0.53125 0.724999994
vn 0.14834784 0.745794952 -0.649448037
vt 0.546875 0.724999994
vn 0.220734194 0.727663159 -0.649448037
vt 0.5625 0.724999994
vn 0.290994763 0.70252353 -0.649448037
vt 0.578125 0.724999994
vn 0.358452886 0.670618176 -0.649448037
vt 0.59375 0.724999994
vn 0.422458917 0.632254481 -0.649448037
vt 0.609375 0.724999994
vn 0.482396424 0.587801754 -0.649448037
vt 0.625 0.724999994
vn 0.537688196 0.537688196 -0.649448037
vt 0.640625 0.724999994
vn 0.587801754 0.482396424 -0.649448037
vt 0.65625 0.724999994
vn 0.632254481 0.422458917 -0.649448037
vt 0.671875 0.724999994
vn 0.670618176 0.358452886 -0.649448037
vt 0.6875 0.724999994
vn 0.70252353 0.290994763 -0.649448037
vt 0.703125 0.724999994
vn 0.727663159 0.220734194 -0.649448037
vt 0.71875 0.724999994
vn 0.745794952 0.14834784 -0.649448037
vt 0.734375 0.724999994
vn 0.756744385 0.0745328218 -0.649448037
vt 0.75 0.724999994
vn 0.760405958 1.39684309e-16 -0.649448037
vt 0.765625 0.724999994
vn 0.756744385 -0.0745328218 -0.649448037
vt 0.78125 0.724999994
vn 0.745794952 -0.14834784 -0.649448037
vt 0.796875 0.724999994
vn 0.727663159 -0.220734194 -0.649448037
vt 0.8125 0.724999994
vn 0.70252353 -0.290994763 -0.649448037
vt 0.828125 0.724999994
vn 0.670618176 -0.358452886 -0.649448037
vt 0.84375 0.724999994
vn 0.632254481 -0.422458917 -0.649448037
vt 0.859375 0.724999994
vn 0.587801754 -0.482396424 -0.649448037
vt 0.875 0.724999994
vn 0.537688196 -0.537688196 -0.649448037
vt 0.890625 0.724999994
vn 0.482396424 -0.587801754 -0.649448037
vt 0.90625 0.724999994
vn 0.422458917 -0.632254481 -0.649448037
vt 0.921875 0.724999994
vn 0.358452886 -0.670618176 -0.649448037
vt 0.9375 0.724999994
vn 0.290994763 -0.70252353 -0.649448037
vt 0.953125 0.724999994
vn 0.220734194 -0.727663159 -0.649448037
vt 0.96875 0.724999994
vn 0.14834784 -0.745794952 -0.649448037
vt 0.984375 0.724999994
vn 0.0745328218 -0.756744385 -0.649448037
vt 1.0 0.724999994
vn 1.8624575e-16 -0.760405958 -0.649448037
vt 0.0 0.75
vn 0.0 -0.707106769 -0.707106769
vt 0.015625 0.75
vn -0.0693085864 -0.703701854 -0.707106769
vt 0.03125 0.75
vn -0.13794969 -0.69351995 -0.707106769
vt 0.046875 0.75
vn -0.205262259 -0.676658988 -0.707106769
vt 0.0625 0.75
vn -0.270598054 -0.65328151 -0.707106769
vt 0.078125 0.75
vn -0.33332783 -0.623612523 -0.707106769
vt 0.09375 0.75
vn -0.392847478 -0.587937772 -0.707106769
vt 0.109375 0.75
vn -0.448583782 -0.546600938 -0.707106769
vt 0.125 0.75
vn -0.5 -0.5 -0.707106769
vt 0.140625 0.75
vn -0.546600938 -0.448583782 -0.707106769
vt 0.15625 0.75
vn -0.587937772 -0.392847478 -0.707106769
vt 0.171875 0.75
vn -0.623612523 -0.33332783 -0.707106769
vt 0.1875 0.75
vn -0.65328151 -0.270598054 -0.707106769
vt 0.203125 0.75
vn -0.676658988 -0.205262259 -0.707106769
vt 0.21875 0.75
vn -0.69351995 -0.13794969 -0.707106769
vt 0.234375 0.75
vn -0.703701854 -0.0693085864 -0.707106769
vt 0.25 0.75
vn -0.707106769 -4.3297803e-17 -0.707106769
vt 0.265625 0.75
vn -0.703701854 0.0693085864 -0.707106769
vt 0.28125 0.75
vn -0.69351995 0.13794969 -0.707106769
vt 0.296875 0.75
vn -0.676658988 0.205262259 -0.707106769
vt 0.3125 0.75
vn -0.65328151 0.270598054 -0.707106769
vt 0.328125 0.75
vn -0.623612523 0.33332783 -0.707106769
vt 0.34375 0.75
vn -0.587937772 0.392847478 -0.707106769
vt 0.359375 0.75
vn -0.546600938 0.448583782 -0.707106769
vt 0.375 0.75
vn -0.5 0.5 -0.707106769
vt 0.390625 0.75
vn -0.448583782 0.546600938 -0.707106769
vt 0.40625 0.75
vn -0.392847478 0.587937772 -0.707106769
vt 0.421875 0.75
vn -0.33332783 0.623612523 -0.707106769
vt 0.4375 0.75
vn -0.270598054 0.65328151 -0.707106769
vt 0.453125 0.75
vn -0.205262259 0.676658988 -0.707106769
vt 0.46875 0.75
vn -0.13794969 0.69351995 -0.707106769
vt 0.484375 0.75
vn -0.0693085864 0.703701854 -0.707106769
vt 0.5 0.75
vn -8.6595606e-17 0.707106769 -0.707106769
vt 0.515625 0.75
vn 0.0693085864 0.703701854 -0.707106769
vt 0.53125 0.75
vn 0.13794969 0.69351995 -0.707106769
vt 0.546875 0.75
vn 0.205262259 0.676658988 -0.707106769
vt 0.5625 0.75
vn 0.270598054 0.65328151 -0.707106769
vt 0.578125 0.75
vn 0.33332783 0.623612523 -0.707106769
vt 0.59375 0.75
vn 0.392847478 0.587937772 -0.707106769
vt 0.609375 0.75
vn 0.448583782 0.546600938 -0.707106769
vt 0.625 0.75
vn 0.5 0.5 -0.707106769
vt 0.640625 0.75
vn 0.546600938 0.448583782 -0.707106769
vt 0.65625 0.75
vn 0.587937772 0.392847478 -0.707106769
vt 0.671875 0.75
vn 0.623612523 0.33332783 -0.707106769
vt 0.6875 0.75
vn 0.65328151 0.270598054 -0.707106769
vt 0.703125 0.75
vn 0.676658988 0.205262259 -0.707106769
vt 0.71875 0.75
vn 0.69351995 0.13794969 -0.707106769
vt 0.734375 0.75
vn 0.703701854 0.0693085864 -0.707106769
vt 0.75 0.75
vn 0.707106769 1.29893402e-16 -0.707106769
vt 0.765625 0.75
vn 0.703701854 -0.0693085864 -0.707106769
vt 0.78125 0.75
vn 0.69351995 -0.13794969 -0.707106769
vt 0.796875 0.75
vn 0.676658988 -0.205262259 -0.707106769
vt 0.8125 0.75
vn 0.65328151 -0.270598054 -0.707106769
vt 0.828125 0.75
vn 0.623612523 -0.33332783 -0.707106769
vt 0.84375 0.75
vn 0.587937772 -0.392847478 -0.707106769
vt 0.859375 0.75
vn 0.546600938 -0.448583782 -0.707106769
vt 0.875 0.75
vn 0.5 -0.5 -0.707106769
vt 0.890625 0.75
vn 0.448583782 -0.546600938 -0.707106769
vt 0.90625 0.75
vn 0.392847478 -0.587937772 -0.707106769
vt 0.921875 0.75
vn 0.33332783 -0.623612523 -0.707106769
vt 0.9375 0.75
vn 0.270598054 -0.65328151 -0.707106769
vt 0.953125 0.75
vn 0.205262259 -0.676658988 -0.707106769
vt 0.96875 0.75
vn 0.13794969 -0.69351995 -0.707106769
vt 0.984375 0.75
vn 0.0693085864 -0.703701854 -0.707106769
vt 1.0 0.75
vn 1.73191212e-16 -0.707106769 -0.707106769
vt 0.0 0.775000006
vn 0.0 -0.649448037 -0.760405958
vt 0.015625 0.775000006
vn -0.0636570379 -0.64632076 -0.760405958
vt 0.03125 0.775000006
vn -0.126701027 -0.63696909 -0.760405958
vt 0.046875 0.775000006
vn -0.188524812 -0.621483028 -0.760405958
vt 0.0625 0.775000006
vn -0.24853301 -0.600011766 -0.760405958
vt 0.078125 0.775000006
vn -0.306147695 -0.572762072 -0.760405958
vt 0.09375 0.775000006
vn -0.360814005 -0.539996326 -0.760405958
vt 0.109375 0.775000006
vn -0.412005484 -0.502030134 -0.760405958
vt 0.125 0.775000006
vn -0.459229112 -0.459229112 -0.760405958
vt 0.140625 0.775000006
vn -0.502030134 -0.412005484 -0.760405958
vt 0.15625 0.775000006
vn -0.539996326 -0.360814005 -0.760405958
vt 0.171875 0.775000006
vn -0.572762072 -0.306147695 -0.760405958
vt 0.1875 0.775000006
vn -0.600011766 -0.24853301 -0.760405958
vt 0.203125 0.775000006
vn -0.621483028 -0.188524812 -0.760405958
vt 0.21875 0.775000006
vn -0.63696909 -0.126701027 -0.760405958
vt 0.234375 0.775000006
vn -0.64632076 -0.0636570379 -0.760405958
vt 0.25 0.775000006
vn -0.649448037 -3.97672241e-17 -0.760405958
vt 0.265625 0.775000006
vn -0.64632076 0.0636570379 -0.760405958
vt 0.28125 0.775000006
vn -0.63696909 0.126701027 -0.760405958
vt 0.296875 0.775000006
vn -0.621483028 0.188524812 -0.760405958
vt 0.3125 0.775000006
vn -0.600011766 0.24853301 -0.760405958
vt 0.328125 0.775000006
vn -0.572762072 0.306147695 -0.760405958
vt 0.34375 0.775000006
vn -0.539996326 0.360814005 -0.760405958
vt 0.359375 0.775000006
vn -0.502030134 0.412005484 -0.760405958
vt 0.375 0.775000006
vn -0.459229112 0.459229112 -0.760405958
vt 0.390625 0.775000006
vn -0.412005484 0.502030134 -0.760405958
vt 0.40625 0.775000006
vn -0.360814005 0.539996326 -0.760405958
vt 0.421875 0.775000006
vn -0.306147695 0.572762072 -0.760405958
vt 0.4375 0.775000006
vn -0.24853301 0.600011766 -0.760405958
vt 0.453125 0.775000006
vn -0.188524812 0.621483028 -0.760405958
vt 0.46875 0.775000006
vn -0.126701027 0.63696909 -0.760405958
vt 0.484375 0.775000006
vn -0.0636570379 0.64632076 -0.760405958
vt 0.5 0.775000006
vn -7.95344482e-17 0.649448037 -0.760405958
vt 0.515625 0.775000006
vn 0.0636570379 0.64632076 -0.760405958
vt 0.53125 0.775000006
vn 0.126701027 0.63696909 -0.760405958
vt 0.546875 0.775000006
vn 0.188524812 0.621483028 -0.760405958
vt 0.5625 0.775000006
vn 0.24853301 0.600011766 -0.760405958
vt 0.578125 0.775000006
vn 0.306147695 0.572762072 -0.760405958
vt 0.59375 0.775000006
vn 0.360814005 0.539996326 -0.760405958
vt 0.609375 0.775000006
vn 0.412005484 0.502030134 -0.760405958
vt 0.625 0.775000006
vn 0.459229112 0.459229112 -0.760405958
vt 0.640625 0.775000006
vn 0.502030134 0.412005484 -0.760405958
vt 0.65625 0.775000006
vn 0.539996326 0.360814005 -0.760405958
vt 0.671875 0.775000006
vn 0.572762072 0.306147695 -0.760405958
vt 0.6875 0.775000006
vn 0.600011766 0.24853301 -0.760405958
vt 0.703125 0.775000006
vn 0.621483028 0.188524812 -0.760405958
vt 0.71875 0.775000006
vn 0.63696909 0.126701027 -0.760405958
vt 0.734375 0.775000006
vn 0.64632076 0.0636570379 -0.760405958
vt 0.75 0.775000006
vn 0.649448037 1.19301666e-16 -0.760405958
vt 0.765625 0.775000006
vn 0.64632076 -0.0636570379 -0.760405958
vt 0.78125 0.775000006
vn 0.63696909 -0.126701027 -0.760405958
vt 0.796875 0.775000006
vn 0.621483028 -0.188524812 -0.760405958
vt 0.8125 0.775000006
vn 0.600011766 -0.24853301 -0.760405958
vt 0.828125 0.775000006
vn 0.572762072 -0.306147695 -0.760405958
vt 0.84375 0.775000006
vn 0.539996326 -0.360814005 -0.760405958
vt 0.859375 0.775000006
vn 0.502030134 -0.412005484 -0.760405958
vt 0.875 0.775000006
vn 0.459229112 -0.459229112 -0.760405958
vt 0.890625 0.775000006
vn 0.412005484 -0.502030134 -0.760405958
vt 0.90625 0.775000006
vn 0.360814005 -0.539996326 -0.760405958
vt 0.921875 0.775000006
vn 0.306147695 -0.572762072 -0.760405958
vt 0.9375 0.775000006
vn 0.24853301 -0.600011766 -0.760405958
vt 0.953125 0.775000006
vn 0.188524812 -0.621483028 -0.760405958
vt 0.96875 0.775000006
vn 0.126701027 -0.63696909 -0.760405958
vt 0.984375 0.775000006
vn 0.0636570379 -0.64632076 -0.760405958
vt 1.0 0.775000006
vn 1.59068896e-16 -0.649448037 -0.760405958
vt 0.0 0.799999997
vn 0.0 -0.587785244 -0.809017003
vt 0.015625 0.799999997
vn -0.0576130301 -0.584954917 -0.809017003
vt 0.03125 0.799999997
vn -0.114671215 -0.576491117 -0.809017003
vt 0.046875 0.799999997
vn -0.170625046 -0.562475443 -0.809017003
vt 0.0625 0.799999997
vn -0.224935681 -0.543042779 -0.809017003
vt 0.078125 0.799999997
vn -0.277080059 -0.518380284 -0.809017003
vt 0.09375 0.799999997
vn -0.326555997 -0.488725573 -0.809017003
vt 0.109375 0.799999997
vn -0.372887015 -0.454364151 -0.809017003
vt 0.125 0.799999997
vn -0.415626943 -0.415626943 -0.809017003
vt 0.140625 0.799999997
vn -0.454364151 -0.372887015 -0.809017003
vt 0.15625 0.799999997
vn -0.488725573 -0.326555997 -0.809017003
vt 0.171875 0.799999997
vn -0.518380284 -0.277080059 -0.809017003
vt 0.1875 0.799999997
vn -0.543042779 -0.224935681 -0.809017003
vt 0.203125 0.799999997
vn -0.562475443 -0.170625046 -0.809017003
vt 0.21875 0.799999997
vn -0.576491117 -0.114671215 -0.809017003
vt 0.234375 0.799999997
vn -0.584954917 -0.0576130301 -0.809017003
vt 0.25 0.799999997
vn -0.587785244 -3.59914656e-17 -0.809017003
vt 0.265625 0.799999997
vn -0.584954917 0.0576130301 -0.809017003
vt 0.28125 0.799999997
vn -0.576491117 0.114671215 -0.809017003
vt 0.296875 0.799999997
vn -0.562475443 0.170625046 -0.809017003
vt 0.3125 0.799999997
vn -0.543042779 0.224935681 -0.809017003
vt 0.328125 0.799999997
vn -0.518380284 0.277080059 -0.809017003
vt 0.34375 0.799999997
vn -0.488725573 0.326555997 -0.809017003
vt 0.359375 0.799999997
vn -0.454364151 0.372887015 -0.809017003
vt 0.375 0.799999997
vn -0.415626943 0.415626943 -0.809017003
vt 0.390625 0.799999997
vn -0.372887015 0.454364151 -0.809017003
vt 0.40625 0.799999997
vn -0.326555997 0.488725573 -0.809017003
vt 0.421875 0.799999997
vn -0.277080059 0.518380284 -0.809017003
vt 0.4375 0.799999997
vn -0.224935681 0.543042779 -0.809017003
vt 0.453125 0.799999997
vn -0.170625046 0.562475443 -0.809017003
vt 0.46875 0.799999997
vn -0.114671215 0.576491117 -0.809017003
vt 0.484375 0.799999997
vn -0.0576130301 0.584954917 -0.809017003
vt 0.5 0.799999997
vn -7.19829311e-17 0.587785244 -0.809017003
vt 0.515625 0.799999997
vn 0.0576130301 0.584954917 -0.809017003
vt 0.53125 0.799999997
vn 0.114671215 0.576491117 -0.809017003
vt 0.546875 0.799999997
vn 0.170625046 0.562475443 -0.809017003
vt 0.5625 0.799999997
vn 0.224935681 0.543042779 -0.809017003
vt 0.578125 0.799999997
vn 0.277080059 0.518380284 -0.809017003
vt 0.59375 0.799999997
vn 0.326555997 0.488725573 -0.809017003
vt 0.609375 0.799999997
vn 0.372887015 0.454364151 -0.809017003
vt 0.625 0.799999997
vn 0.415626943 0.415626943 -0.809017003
vt 0.640625 0.799999997
vn 0.454364151 0.372887015 -0.809017003
vt 0.65625 0.799999997
vn 0.488725573 0.326555997 -0.809017003
vt 0.671875 0.799999997
vn 0.518380284 0.277080059 -0.809017003
vt 0.6875 0.799999997
vn 0.543042779 0.224935681 -0.809017003
vt 0.703125 0.799999997
vn 0.562475443 0.170625046 -0.809017003
vt 0.71875 0.799999997
vn 0.576491117 0.114671215 -0.809017003
vt 0.734375 0.799999997
vn 0.584954917 0.0576130301 -0.809017003
vt 0.75 0.799999997
vn 0.587785244 1.079744e-16 -0.809017003
vt 0.765625 0.799999997
vn 0.584954917 -0.0576130301 -0.809017003
vt 0.78125 0.799999997
vn 0.576491117 -0.114671215 -0.809017003
vt 0.796875 0.799999997
vn 0.562475443 -0.170625046 -0.809017003
vt 0.8125 0.799999997
vn 0.543042779 -0.224935681 -0.809017003
vt 0.828125 0.799999997
vn 0.518380284 -0.277080059 -0.809017003
vt 0.84375 0.799999997
vn 0.488725573 -0.326555997 -0.809017003
vt 0.859375 0.799999997
vn 0.454364151 -0.372887015 -0.809017003
vt 0.875 0.799999997
vn 0.415626943 -0.415626943 -0.809017003
vt 0.890625 0.799999997
vn 0.372887015 -0.454364151 -0.809017003
vt 0.90625 0.799999997
vn 0.326555997 -0.488725573 -0.809017003
vt 0.921875 0.799999997
vn 0.277080059 -0.518380284 -0.809017003
vt 0.9375 0.799999997
vn 0.224935681 -0.543042779 -0.809017003
vt 0.953125 0.799999997
vn 0.170625046 -0.562475443 -0.809017003
vt 0.96875 0.799999997
vn 0.114671215 -0.576491117 -0.809017003
vt 0.984375 0.799999997
vn 0.0576130301 -0.584954917 -0.809017003
vt 1.0 0.799999997
vn 1.43965862e-16 -0.587785244 -0.809017003
vt 0.0 0.825000003
vn 0.0 -0.522498548 -0.852640152
vt 0.015625 0.825000003
vn -0.0512138158 -0.519982576 -0.852640152
vt 0.03125 0.825000003
vn -0.101934411 -0.51245892 -0.852640152
vt 0.046875 0.825000003
vn -0.151673332 -0.49999994 -0.852640152
vt 0.0625 0.825000003
vn -0.199951544 -0.482725739 -0.852640152
vt 0.078125 0.825000003
vn -0.246304125 -0.460802585 -0.852640152
vt 0.09375 0.825000003
vn -0.290284663 -0.434441686 -0.852640152
vt 0.109375 0.825000003
vn -0.331469566 -0.403896838 -0.852640152
vt 0.125 0.825000003
vn -0.369462281 -0.369462281 -0.852640152
vt 0.140625 0.825000003
vn -0.403896838 -0.331469566 -0.852640152
vt 0.15625 0.825000003
vn -0.434441686 -0.290284663 -0.852640152
vt 0.171875 0.825000003
vn -0.460802585 -0.246304125 -0.852640152
vt 0.1875 0.825000003
vn -0.482725739 -0.199951544 -0.852640152
vt 0.203125 0.825000003
vn -0.49999994 -0.151673332 -0.852640152
vt 0.21875 0.825000003
vn -0.51245892 -0.101934411 -0.852640152
vt 0.234375 0.825000003
vn -0.519982576 -0.0512138158 -0.852640152
vt 0.25 0.825000003
vn -0.522498548 -3.19938108e-17 -0.852640152
vt 0.265625 0.825000003
vn -0.519982576 0.0512138158 -0.852640152
vt 0.28125 0.825000003
vn -0.51245892 0.101934411 -0.852640152
vt 0.296875 0.825000003
vn -0.49999994 0.151673332 -0.852640152
vt 0.3125 0.825000003
vn -0.482725739 0.199951544 -0.852640152
vt 0.328125 0.825000003
vn -0.460802585 0.246304125 -0.852640152
vt 0.34375 0.825000003
vn -0.434441686 0.290284663 -0.852640152
vt 0.359375 0.825000003
vn -0.403896838 0.331469566 -0.852640152
vt 0.375 0.825000003
vn -0.369462281 0.369462281 -0.852640152
vt 0.390625 0.825000003
vn -0.331469566 0.403896838 -0.852640152
vt 0.40625 0.825000003
vn -0.290284663 0.434441686 -0.852640152
vt 0.421875 0.825000003
vn -0.246304125 0.460802585 -0.852640152
vt 0.4375 0.825000003
vn -0.199951544 0.482725739 -0.852640152
vt 0.453125 0.825000003
vn -0.151673332 0.49999994 -0.852640152
vt 0.46875 0.825000003
vn -0.101934411 0.51245892 -0.852640152
vt 0.484375 0.825000003
vn -0.0512138158 0.519982576 -0.852640152
vt 0.5 0.825000003
vn -6.39876217e-17 0.522498548 -0.852640152
vt 0.515625 0.825000003
vn 0.0512138158 0.519982576 -0.852640152
vt 0.53125 0.825000003
vn 0.101934411 0.51245892 -0.852640152
vt 0.546875 0.825000003
vn 0.151673332 0.49999994 -0.852640152
vt 0.5625 0.825000003
vn 0.199951544 0.482725739 -0.852640152
vt 0.578125 0.825000003
vn 0.246304125 0.460802585 -0.852640152
vt 0.59375 0.825000003
vn 0.290284663 0.434441686 -0.852640152
vt 0.609375 0.825000003
vn 0.331469566 0.403896838 -0.852640152
vt 0.625 0.825000003
vn 0.369462281 0.369462281 -0.852640152
vt 0.640625 0.825000003
vn 0.403896838 0.331469566 -0.852640152
vt 0.65625 0.825000003
vn 0.434441686 0.290284663 -0.852640152
vt 0.671875 0.825000003
vn 0.460802585 0.246304125 -0.852640152
vt 0.6875 0.825000003
vn 0.482725739 0.199951544 -0.852640152
vt 0.703125 0.825000003
vn 0.49999994 0.151673332 -0.852640152
vt 0.71875 0.825000003
vn 0.51245892 0.101934411 -0.852640152
vt 0.734375 0.825000003
vn 0.519982576 0.0512138158 -0.852640152
vt 0.75 0.825000003
vn 0.522498548 9.59814259e-17 -0.852640152
vt 0.765625 0.825000003
vn 0.519982576 -0.0512138158 -0.852640152
vt 0.78125 0.825000003
vn 0.51245892 -0.101934411 -0.852640152
vt 0.796875 0.825000003
vn 0.49999994 -0.151673332 -0.852640152
vt 0.8125 0.825000003
vn 0.482725739 -0.199951544 -0.852640152
vt 0.828125 0.825000003
vn 0.460802585 -0.246304125 -0.852640152
vt 0.84375 0.825000003
vn 0.434441686 -0.290284663 -0.852640152
vt 0.859375 0.825000003
vn 0.403896838 -0.331469566 -0.852640152
vt 0.875 0.825000003
vn 0.369462281 -0.369462281 -0.852640152
vt 0.890625 0.825000003
vn 0.331469566 -0.403896838 -0.852640152
vt 0.90625 0.825000003
vn 0.290284663 -0.434441686 -0.852640152
vt 0.921875 0.825000003
vn 0.246304125 -0.460802585 -0.852640152
vt 0.9375 0.825000003
vn 0.199951544 -0.482725739 -0.852640152
vt 0.953125 0.825000003
vn 0.151673332 -0.49999994 -0.852640152
vt 0.96875 0.825000003
vn 0.101934411 -0.51245892 -0.852640152
vt 0.984375 0.825000003
vn 0.0512138158 -0.519982576 -0.852640152
vt 1.0 0.825000003
vn 1.27975243e-16 -0.522498548 -0.852640152
vt 0.0 0.849999994
vn 0.0 -0.453990489 -0.891006529
vt 0.015625 0.849999994
vn -0.0444988497 -0.451804399 -0.891006529
vt 0.03125 0.849999994
vn -0.0885691494 -0.4452672 -0.891006529
vt 0.046875 0.849999994
vn -0.131786481 -0.434441835 -0.891006529
vt 0.0625 0.849999994
vn -0.17373465 -0.419432521 -0.891006529
vt 0.078125 0.849999994
vn -0.214009643 -0.40038389 -0.891006529
vt 0.09375 0.849999994
vn -0.252223611 -0.377479315 -0.891006529
vt 0.109375 0.849999994
vn -0.288008511 -0.350939393 -0.891006529
vt 0.125 0.849999994
vn -0.321019769 -0.321019769 -0.891006529
vt 0.140625 0.849999994
vn -0.350939393 -0.288008511 -0.891006529
vt 0.15625 0.849999994
vn -0.377479315 -0.252223611 -0.891006529
vt 0.171875 0.849999994
vn -0.40038389 -0.214009643 -0.891006529
vt 0.1875 0.849999994
vn -0.419432521 -0.17373465 -0.891006529
vt 0.203125 0.849999994
vn -0.434441835 -0.131786481 -0.891006529
vt 0.21875 0.849999994
vn -0.4452672 -0.0885691494 -0.891006529
vt 0.234375 0.849999994
vn -0.451804399 -0.0444988497 -0.891006529
vt 0.25 0.849999994
vn -0.453990489 -2.77989e-17 -0.891006529
vt 0.265625 0.849999994
vn -0.451804399 0.0444988497 -0.891006529
vt 0.28125 0.849999994
vn -0.4452672 0.0885691494 -0.891006529
vt 0.296875 0.849999994
vn -0.434441835 0.131786481 -0.891006529
vt 0.3125 0.849999994
vn -0.419432521 0.17373465 -0.891006529
vt 0.328125 0.849999994
vn -0.40038389 0.214009643 -0.891006529
vt 0.34375 0.849999994
vn -0.377479315 0.252223611 -0.891006529
vt 0.359375 0.849999994
vn -0.350939393 0.288008511 -0.891006529
vt 0.375 0.849999994
vn -0.321019769 0.321019769 -0.891006529
vt 0.390625 0.849999994
vn -0.288008511 0.350939393 -0.891006529
vt 0.40625 0.849999994
vn -0.252223611 0.377479315 -0.891006529
vt 0.421875 0.849999994
vn -0.214009643 0.40038389 -0.891006529
vt 0.4375 0.849999994
vn -0.17373465 0.419432521 -0.891006529
vt 0.453125 0.849999994
vn -0.131786481 0.434441835 -0.891006529
vt 0.46875 0.849999994
vn -0.0885691494 0.4452672 -0.891006529
vt 0.484375 0.849999994
vn -0.0444988497 0.451804399 -0.891006529
vt 0.5 0.849999994
vn -5.55978001e-17 0.453990489 -0.891006529
vt 0.515625 0.849999994
vn 0.0444988497 0.451804399 -0.891006529
vt 0.53125 0.849999994
vn 0.0885691494 0.4452672 -0.891006529
vt 0.546875 0.849999994
vn 0.131786481 0.434441835 -0.891006529
vt 0.5625 0.849999994
vn 0.17373465 0.419432521 -0.891006529
vt 0.578125 0.849999994
vn 0.214009643 0.40038389 -0.891006529
vt 0.59375 0.849999994
vn 0.252223611 0.377479315 -0.891006529
vt 0.609375 0.849999994
vn 0.288008511 0.350939393 -0.891006529
vt 0.625 0.849999994
vn 0.321019769 0.321019769 -0.891006529
vt 0.640625 0.849999994
vn 0.350939393 0.288008511 -0.891006529
vt 0.65625 0.849999994
vn 0.377479315 0.252223611 -0.891006529
vt 0.671875 0.849999994
vn 0.40038389 0.214009643 -0.891006529
vt 0.6875 0.849999994
vn 0.419432521 0.17373465 -0.891006529
vt 0.703125 0.849999994
vn 0.434441835 0.131786481 -0.891006529
vt 0.71875 0.849999994
vn 0.4452672 0.0885691494 -0.891006529
vt 0.734375 0.849999994
vn 0.451804399 0.0444988497 -0.891006529
vt 0.75 0.849999994
vn 0.453990489 8.33967001e-17 -0.891006529
vt 0.765625 0.849999994
vn 0.451804399 -0.0444988497 -0.891006529
vt 0.78125 0.849999994
vn 0.4452672 -0.0885691494 -0.891006529
vt 0.796875 0.849999994
vn 0.434441835 -0.131786481 -0.891006529
vt 0.8125 0.849999994
vn 0.419432521 -0.17373465 -0.891006529
vt 0.828125 0.849999994
vn 0.40038389 -0.214009643 -0.891006529
vt 0.84375 0.849999994
vn 0.377479315 -0.252223611 -0.891006529
vt 0.859375 0.849999994
vn 0.350939393 -0.288008511 -0.891006529
vt 0.875 0.849999994
vn 0.321019769 -0.321019769 -0.891006529
vt 0.890625 0.849999994
vn 0.288008511 -0.350939393 -0.891006529
vt 0.90625 0.849999994
vn 0.252223611 -0.377479315 -0.891006529
vt 0.921875 0.849999994
vn 0.214009643 -0.40038389 -0.891006529
vt 0.9375 0.849999994
vn 0.17373465 -0.419432521 -0.891006529
vt 0.953125 0.849999994
vn 0.131786481 -0.434441835 -0.891006529
vt 0.96875 0.849999994
vn 0.0885691494 -0.4452672 -0.891006529
vt 0.984375 0.849999994
vn 0.0444988497 -0.451804399 -0.891006529
vt 1.0 0.849999994
vn 1.111956e-16 -0.453990489 -0.891006529
vt 0.0 0.875
vn 0.0 -0.382683426 -0.923879504
vt 0.015625 0.875
vn -0.0375095345 -0.380840719 -0.923879504
vt 0.03125 0.875
vn -0.0746578351 -0.375330269 -0.923879504
vt 0.046875 0.875
vn -0.111087136 -0.366205215 -0.923879504
vt 0.0625 0.875
vn -0.146446615 -0.353553385 -0.923879504
vt 0.078125 0.875
vn -0.180395722 -0.337496668 -0.923879504
vt 0.09375 0.875
vn -0.212607518 -0.318189651 -0.923879504
vt 0.109375 0.875
vn -0.242771804 -0.295818299 -0.923879504
vt 0.125 0.875
vn -0.270598054 -0.270598054 -0.923879504
vt 0.140625 0.875
vn -0.295818299 -0.242771804 -0.923879504
vt 0.15625 0.875
vn -0.318189651 -0.212607518 -0.923879504
vt 0.171875 0.875
vn -0.337496668 -0.180395722 -0.923879504
vt 0.1875 0.875
vn -0.353553385 -0.146446615 -0.923879504
vt 0.203125 0.875
vn -0.366205215 -0.111087136 -0.923879504
vt 0.21875 0.875
vn -0.375330269 -0.0746578351 -0.923879504
vt 0.234375 0.875
vn -0.380840719 -0.0375095345 -0.923879504
vt 0.25 0.875
vn -0.382683426 -2.34326023e-17 -0.923879504
vt 0.265625 0.875
vn -0.380840719 0.0375095345 -0.923879504
vt 0.28125 0.875
vn -0.375330269 0.0746578351 -0.923879504
vt 0.296875 0.875
vn -0.366205215 0.111087136 -0.923879504
vt 0.3125 0.875
vn -0.353553385 0.146446615 -0.923879504
vt 0.328125 0.875
vn -0.337496668 0.180395722 -0.923879504
vt 0.34375 0.875
vn -0.318189651 0.212607518 -0.923879504
vt 0.359375 0.875
vn -0.295818299 0.242771804 -0.923879504
vt 0.375 0.875
vn -0.270598054 0.270598054 -0.923879504
vt 0.390625 0.875
vn -0.242771804 0.295818299 -0.923879504
vt 0.40625 0.875
vn -0.212607518 0.318189651 -0.923879504
vt 0.421875 0.875
vn -0.180395722 0.337496668 -0.923879504
vt 0.4375 0.875
vn -0.146446615 0.353553385 -0.923879504
vt 0.453125 0.875
vn -0.111087136 0.366205215 -0.923879504
vt 0.46875 0.875
vn -0.0746578351 0.375330269 -0.923879504
vt 0.484375 0.875
vn -0.0375095345 0.380840719 -0.923879504
vt 0.5 0.875
vn -4.68652047e-17 0.382683426 -0.923879504
vt 0.515625 0.875
vn 0.0375095345 0.380840719 -0.923879504
vt 0.53125 0.875
vn 0.0746578351 0.375330269 -0.923879504
vt 0.546875 0.875
vn 0.111087136 0.366205215 -0.923879504
vt 0.5625 0.875
vn 0.146446615 0.353553385 -0.923879504
vt 0.578125 0.875
vn 0.180395722 0.337496668 -0.923879504
vt 0.59375 0.875
vn 0.212607518 0.318189651 -0.923879504
vt 0.609375 0.875
vn 0.242771804 0.295818299 -0.923879504
vt 0.625 0.875
vn 0.270598054 0.270598054 -0.923879504
vt 0.640625 0.875
vn 0.295818299 0.242771804 -0.923879504
vt 0.65625 0.875
vn 0.318189651 0.212607518 -0.923879504
vt 0.671875 0.875
vn 0.337496668 0.180395722 -0.923879504
vt 0.6875 0.875
vn 0.353553385 0.146446615 -0.923879504
vt 0.703125 0.875
vn 0.366205215 0.111087136 -0.923879504
vt 0.71875 0.875
vn 0.375330269 0.0746578351 -0.923879504
vt 0.734375 0.875
vn 0.380840719 0.0375095345 -0.923879504
vt 0.75 0.875
vn 0.382683426 7.02978054e-17 -0.923879504
vt 0.765625 0.875
vn 0.380840719 -0.0375095345 -0.923879504
vt 0.78125 0.875
vn 0.375330269 -0.0746578351 -0.923879504
vt 0.796875 0.875
vn 0.366205215 -0.111087136 -0.923879504
vt 0.8125 0.875
vn 0.353553385 -0.146446615 -0.923879504
vt 0.828125 0.875
vn 0.337496668 -0.180395722 -0.923879504
vt 0.84375 0.875
vn 0.318189651 -0.212607518 -0.923879504
vt 0.859375 0.875
vn 0.295818299 -0.242771804 -0.923879504
vt 0.875 0.875
vn 0.270598054 -0.270598054 -0.923879504
vt 0.890625 0.875
vn 0.242771804 -0.295818299 -0.923879504
vt 0.90625 0.875
vn 0.212607518 -0.318189651 -0.923879504
vt 0.921875 0.875
vn 0.180395722 -0.337496668 -0.923879504
vt 0.9375 0.875
vn 0.146446615 -0.353553385 -0.923879504
vt 0.953125 0.875
vn 0.111087136 -0.366205215 -0.923879504
vt 0.96875 0.875
vn 0.0746578351 -0.375330269 -0.923879504
vt 0.984375 0.875
vn 0.0375095345 -0.380840719 -0.923879504
vt 1.0 0.875
vn 9.37304094e-17 -0.382683426 -0.923879504
vt 0.0 0.899999999
vn 0.0 -0.309017003 -0.95105654
vt 0.015625 0.899999999
vn -0.0302889626 -0.307529002 -0.95105654
vt 0.03125 0.899999999
vn -0.0602862239 -0.303079307 -0.95105654
vt 0.046875 0.899999999
vn -0.0897028968 -0.295710832 -0.95105654
vt 0.0625 0.899999999
vn -0.118255682 -0.285494477 -0.95105654
vt 0.078125 0.899999999
vn -0.145669609 -0.272528648 -0.95105654
vt 0.09375 0.899999999
vn -0.171680644 -0.256938249 -0.95105654
vt 0.109375 0.899999999
vn -0.196038306 -0.238873363 -0.95105654
vt 0.125 0.899999999
vn -0.218508005 -0.218508005 -0.95105654
vt 0.140625 0.899999999
vn -0.238873363 -0.196038306 -0.95105654
vt 0.15625 0.899999999
vn -0.256938249 -0.171680644 -0.95105654
vt 0.171875 0.899999999
vn -0.272528648 -0.145669609 -0.95105654
vt 0.1875 0.899999999
vn -0.285494477 -0.118255682 -0.95105654
vt 0.203125 0.899999999
vn -0.295710832 -0.0897028968 -0.95105654
vt 0.21875 0.899999999
vn -0.303079307 -0.0602862239 -0.95105654
vt 0.234375 0.899999999
vn -0.307529002 -0.0302889626 -0.95105654
vt 0.25 0.899999999
vn -0.309017003 -1.89218343e-17 -0.95105654
vt 0.265625 0.899999999
vn -0.307529002 0.0302889626 -0.95105654
vt 0.28125 0.899999999
vn -0.303079307 0.0602862239 -0.95105654
vt 0.296875 0.899999999
vn -0.295710832 0.0897028968 -0.95105654
vt 0.3125 0.899999999
vn -0.285494477 0.118255682 -0.95105654
vt 0.328125 0.899999999
vn -0.272528648 0.145669609 -0.95105654
vt 0.34375 0.899999999
vn -0.256938249 0.171680644 -0.95105654
vt 0.359375 0.899999999
vn -0.238873363 0.196038306 -0.95105654
vt 0.375 0.899999999
vn -0.218508005 0.218508005 -0.95105654
vt 0.390625 0.899999999
vn -0.196038306 0.238873363 -0.95105654
vt 0.40625 0.899999999
vn -0.171680644 0.256938249 -0.95105654
vt 0.421875 0.899999999
vn -0.145669609 0.272528648 -0.95105654
vt 0.4375 0.899999999
vn -0.118255682 0.285494477 -0.95105654
vt 0.453125 0.899999999
vn -0.0897028968 0.295710832 -0.95105654
vt 0.46875 0.899999999
vn -0.0602862239 0.303079307 -0.95105654
vt 0.484375 0.899999999
vn -0.0302889626 0.307529002 -0.95105654
vt 0.5 0.899999999
vn -3.78436685e-17 0.309017003 -0.95105654
vt 0.515625 0.899999999
vn 0.0302889626 0.307529002 -0.95105654
vt 0.53125 0.899999999
vn 0.0602862239 0.303079307 -0.95105654
vt 0.546875 0.899999999
vn 0.0897028968 0.295710832 -0.95105654
vt 0.5625 0.899999999
vn 0.118255682 0.285494477 -0.95105654
vt 0.578125 0.899999999
vn 0.145669609 0.272528648 -0.95105654
vt 0.59375 0.899999999
vn 0.171680644 0.256938249 -0.95105654
vt 0.609375 0.899999999
vn 0.196038306 0.238873363 -0.95105654
vt 0.625 0.899999999
vn 0.218508005 0.218508005 -0.95105654
vt 0.640625 0.899999999
vn 0.238873363 0.196038306 -0.95105654
vt 0.65625 0.899999999
vn 0.256938249 0.171680644 -0.95105654
vt 0.671875 0.899999999
vn 0.272528648 0.145669609 -0.95105654
vt 0.6875 0.899999999
vn 0.285494477 0.118255682 -0.95105654
vt 0.703125 0.899999999
vn 0.295710832 0.0897028968 -0.95105654
vt 0.71875 0.899999999
vn 0.303079307 0.0602862239 -0.95105654
vt 0.734375 0.899999999
vn 0.307529002 0.0302889626 -0.95105654
vt 0.75 0.899999999
vn 0.309017003 5.67655011e-17 -0.95105654
vt 0.765625 0.899999999
vn 0.307529002 -0.0302889626 -0.95105654
vt 0.78125 0.899999999
vn 0.303079307 -0.0602862239 -0.95105654
vt 0.796875 0.899999999
vn 0.295710832 -0.0897028968 -0.95105654
vt 0.8125 0.899999999
vn 0.285494477 -0.118255682 -0.95105654
vt 0.828125 0.899999999
vn 0.272528648 -0.145669609 -0.95105654
vt 0.84375 0.899999999
vn 0.256938249 -0.171680644 -0.95105654
vt 0.859375 0.899999999
vn 0.238873363 -0.196038306 -0.95105654
vt 0.875 0.899999999
vn 0.218508005 -0.218508005 -0.95105654
vt 0.890625 0.899999999
vn 0.196038306 -0.238873363 -0.95105654
vt 0.90625 0.899999999
vn 0.171680644 -0.256938249 -0.95105654
vt 0.921875 0.899999999
vn 0.145669609 -0.272528648 -0.95105654
vt 0.9375 0.899999999
vn 0.118255682 -0.285494477 -0.95105654
vt 0.953125 0.899999999
vn 0.0897028968 -0.295710832 -0.95105654
vt 0.96875 0.899999999
vn 0.0602862239 -0.303079307 -0.95105654
vt 0.984375 0.899999999
vn 0.0302889626 -0.307529002 -0.95105654
vt 1.0 0.899999999
vn 7.56873371e-17 -0.309017003 -0.95105654
vt 0.0 0.924999997
vn 0.0 -0.233445361 -0.972369909
vt 0.015625 0.924999997
vn -0.0228816476 -0.232321262 -0.972369909
vt 0.03125 0.924999997
vn -0.045542933 -0.228959784 -0.972369909
vt 0.046875 0.924999997
vn -0.0677656084 -0.223393291 -0.972369909
vt 0.0625 0.924999997
vn -0.0893356726 -0.215675399 -0.972369909
vt 0.078125 0.924999997
vn -0.110045381 -0.205880433 -0.972369909
vt 0.09375 0.924999997
vn -0.129695296 -0.194102719 -0.972369909
vt 0.109375 0.924999997
vn -0.148096174 -0.1804557 -0.972369909
vt 0.125 0.924999997
vn -0.165070802 -0.165070802 -0.972369909
vt 0.140625 0.924999997
vn -0.1804557 -0.148096174 -0.972369909
vt 0.15625 0.924999997
vn -0.194102719 -0.129695296 -0.972369909
vt 0.171875 0.924999997
vn -0.205880433 -0.110045381 -0.972369909
vt 0.1875 0.924999997
vn -0.215675399 -0.0893356726 -0.972369909
vt 0.203125 0.924999997
vn -0.223393291 -0.0677656084 -0.972369909
vt 0.21875 0.924999997
vn -0.228959784 -0.045542933 -0.972369909
vt 0.234375 0.924999997
vn -0.232321262 -0.0228816476 -0.972369909
vt 0.25 0.924999997
vn -0.233445361 -1.42944056e-17 -0.972369909
vt 0.265625 0.924999997
vn -0.232321262 0.0228816476 -0.972369909
vt 0.28125 0.924999997
vn -0.228959784 0.045542933 -0.972369909
vt 0.296875 0.924999997
vn -0.223393291 0.0677656084 -0.972369909
vt 0.3125 0.924999997
vn -0.215675399 0.0893356726 -0.972369909
vt 0.328125 0.924999997
vn -0.205880433 0.110045381 -0.972369909
vt 0.34375 0.924999997
vn -0.194102719 0.129695296 -0.972369909
vt 0.359375 0.924999997
vn -0.1804557 0.148096174 -0.972369909
vt 0.375 0.924999997
vn -0.165070802 0.165070802 -0.972369909
vt 0.390625 0.924999997
vn -0.148096174 0.1804557 -0.972369909
vt 0.40625 0.924999997
vn -0.129695296 0.194102719 -0.972369909
vt 0.421875 0.924999997
vn -0.110045381 0.205880433 -0.972369909
vt 0.4375 0.924999997
vn -0.0893356726 0.215675399 -0.972369909
vt 0.453125 0.924999997
vn -0.0677656084 0.223393291 -0.972369909
vt 0.46875 0.924999997
vn -0.045542933 0.228959784 -0.972369909
vt 0.484375 0.924999997
vn -0.0228816476 0.232321262 -0.972369909
vt 0.5 0.924999997
vn -2.85888112e-17 0.233445361 -0.972369909
vt 0.515625 0.924999997
vn 0.0228816476 0.232321262 -0.972369909
vt 0.53125 0.924999997
vn 0.045542933 0.228959784 -0.972369909
vt 0.546875 0.924999997
vn 0.0677656084 0.223393291 -0.972369909
vt 0.5625 0.924999997
vn 0.0893356726 0.215675399 -0.972369909
vt 0.578125 0.924999997
vn 0.110045381 0.205880433 -0.972369909
vt 0.59375 0.924999997
vn 0.129695296 0.194102719 -0.972369909
vt 0.609375 0.924999997
vn 0.148096174 0.1804557 -0.972369909
vt 0.625 0.924999997
vn 0.165070802 0.165070802 -0.972369909
vt 0.640625 0.924999997
vn 0.1804557 0.148096174 -0.972369909
vt 0.65625 0.924999997
vn 0.194102719 0.129695296 -0.972369909
vt 0.671875 0.924999997
vn 0.205880433 0.110045381 -0.972369909
vt 0.6875 0.924999997
vn 0.215675399 0.0893356726 -0.972369909
vt 0.703125 0.924999997
vn 0.223393291 0.0677656084 -0.972369909
vt 0.71875 0.924999997
vn 0.228959784 0.045542933 -0.972369909
vt 0.734375 0.924999997
vn 0.232321262 0.0228816476 -0.972369909
vt 0.75 0.924999997
vn 0.233445361 4.28832168e-17 -0.972369909
vt 0.765625 0.924999997
vn 0.232321262 -0.0228816476 -0.972369909
vt 0.78125 0.924999997
vn 0.228959784 -0.045542933 -0.972369909
vt 0.796875 0.924999997
vn 0.223393291 -0.0677656084 -0.972369909
vt 0.8125 0.924999997
vn 0.215675399 -0.0893356726 -0.972369909
vt 0.828125 0.924999997
vn 0.205880433 -0.110045381 -0.972369909
vt 0.84375 0.924999997
vn 0.194102719 -0.129695296 -0.972369909
vt 0.859375 0.924999997
vn 0.1804557 -0.148096174 -0.972369909
vt 0.875 0.924999997
vn 0.165070802 -0.165070802 -0.972369909
vt 0.890625 0.924999997
vn 0.148096174 -0.1804557 -0.972369909
vt 0.90625 0.924999997
vn 0.129695296 -0.194102719 -0.972369909
vt 0.921875 0.924999997
vn 0.110045381 -0.205880433 -0.972369909
vt 0.9375 0.924999997
vn 0.0893356726 -0.215675399 -0.972369909
vt 0.953125 0.924999997
vn 0.0677656084 -0.223393291 -0.972369909
vt 0.96875 0.924999997
vn 0.045542933 -0.228959784 -0.972369909
vt 0.984375 0.924999997
vn 0.0228816476 -0.232321262 -0.972369909
vt 1.0 0.924999997
vn 5.71776224e-17 -0.233445361 -0.972369909
vt 0.0 0.949999999
vn 0.0 -0.156434461 -0.987688363
vt 0.015625 0.949999999
vn -0.0153332585 -0.155681193 -0.987688363
vt 0.03125 0.949999999
vn -0.0305188503 -0.153428614 -0.987688363
vt 0.046875 0.949999999
vn -0.0454105288 -0.149698451 -0.987688363
vt 0.0625 0.949999999
vn -0.0598648787 -0.144526601 -0.987688363
vt 0.078125 0.949999999
vn -0.0737426952 -0.137962878 -0.987688363
vt 0.09375 0.949999999
vn -0.0869103298 -0.130070508 -0.987688363
vt 0.109375 0.949999999
vn -0.0992409736 -0.120925479 -0.987688363
vt 0.125 0.949999999
vn -0.110615872 -0.110615872 -0.987688363
vt 0.140625 0.949999999
vn -0.120925479 -0.0992409736 -0.987688363
vt 0.15625 0.949999999
vn -0.130070508 -0.0869103298 -0.987688363
vt 0.171875 0.949999999
vn -0.137962878 -0.0737426952 -0.987688363
vt 0.1875 0.949999999
vn -0.144526601 -0.0598648787 -0.987688363
vt 0.203125 0.949999999
vn -0.149698451 -0.0454105288 -0.987688363
vt 0.21875 0.949999999
vn -0.153428614 -0.0305188503 -0.987688363
vt 0.234375 0.949999999
vn -0.155681193 -0.0153332585 -0.987688363
vt 0.25 0.949999999
vn -0.156434461 -9.57884827e-18 -0.987688363
vt 0.265625 0.949999999
vn -0.155681193 0.0153332585 -0.987688363
vt 0.28125 0.949999999
vn -0.153428614 0.0305188503 -0.987688363
vt 0.296875 0.949999999
vn -0.149698451 0.0454105288 -0.987688363
vt 0.3125 0.949999999
vn -0.144526601 0.0598648787 -0.987688363
vt 0.328125 0.949999999
vn -0.137962878 0.0737426952 -0.987688363
vt 0.34375 0.949999999
vn -0.130070508 0.0869103298 -0.987688363
vt 0.359375 0.949999999
vn -0.120925479 0.0992409736 -0.987688363
vt 0.375 0.949999999
vn -0.110615872 0.110615872 -0.987688363
vt 0.390625 0.949999999
vn -0.0992409736 0.120925479 -0.987688363
vt 0.40625 0.949999999
vn -0.0869103298 0.130070508 -0.987688363
vt 0.421875 0.949999999
vn -0.0737426952 0.137962878 -0.987688363
vt 0.4375 0.949999999
vn -0.0598648787 0.144526601 -0.987688363
vt 0.453125 0.949999999
vn -0.0454105288 0.149698451 -0.987688363
vt 0.46875 0.949999999
vn -0.0305188503 0.153428614 -0.987688363
vt 0.484375 0.949999999
vn -0.0153332585 0.155681193 -0.987688363
vt 0.5 0.949999999
vn -1.91576965e-17 0.156434461 -0.987688363
vt 0.515625 0.949999999
vn 0.0153332585 0.155681193 -0.987688363
vt 0.53125 0.949999999
vn 0.0305188503 0.153428614 -0.987688363
vt 0.546875 0.949999999
vn 0.0454105288 0.149698451 -0.987688363
vt 0.5625 0.949999999
vn 0.0598648787 0.144526601 -0.987688363
vt 0.578125 0.949999999
vn 0.0737426952 0.137962878 -0.987688363
vt 0.59375 0.949999999
vn 0.0869103298 0.130070508 -0.987688363
vt 0.609375 0.949999999
vn 0.0992409736 0.120925479 -0.987688363
vt 0.625 0.949999999
vn 0.110615872 0.110615872 -0.987688363
vt 0.640625 0.949999999
vn 0.120925479 0.0992409736 -0.987688363
vt 0.65625 0.949999999
vn 0.130070508 0.0869103298 -0.987688363
vt 0.671875 0.949999999
vn 0.137962878 0.0737426952 -0.987688363
vt 0.6875 0.949999999
vn 0.144526601 0.0598648787 -0.987688363
vt 0.703125 0.949999999
vn 0.149698451 0.0454105288 -0.987688363
vt 0.71875 0.949999999
vn 0.153428614 0.0305188503 -0.987688363
vt 0.734375 0.949999999
vn 0.155681193 0.0153332585 -0.987688363
vt 0.75 0.949999999
vn 0.156434461 2.87365456e-17 -0.987688363
vt 0.765625 0.949999999
vn 0.155681193 -0.0153332585 -0.987688363
vt 0.78125 0.949999999
vn 0.153428614 -0.0305188503 -0.987688363
vt 0.796875 0.949999999
vn 0.149698451 -0.0454105288 -0.987688363
vt 0.8125 0.949999999
vn 0.144526601 -0.0598648787 -0.987688363
vt 0.828125 0.949999999
vn 0.137962878 -0.0737426952 -0.987688363
vt 0.84375 0.949999999
vn 0.130070508 -0.0869103298 -0.987688363
vt 0.859375 0.949999999
vn 0.120925479 -0.0992409736 -0.987688363
vt 0.875 0.949999999
vn 0.110615872 -0.110615872 -0.987688363
vt 0.890625 0.949999999
vn 0.0992409736 -0.120925479 -0.987688363
vt 0.90625 0.949999999
vn 0.0869103298 -0.130070508 -0.987688363
vt 0.921875 0.949999999
vn 0.0737426952 -0.137962878 -0.987688363
vt 0.9375 0.949999999
vn 0.0598648787 -0.144526601 -0.987688363
vt 0.953125 0.949999999
vn 0.0454105288 -0.149698451 -0.987688363
vt 0.96875 0.949999999
vn 0.0305188503 -0.153428614 -0.987688363
vt 0.984375 0.949999999
vn 0.0153332585 -0.155681193 -0.987688363
vt 1.0 0.949999999
vn 3.83153931e-17 -0.156434461 -0.987688363
vt 0.0 0.975
vn 0.0 -0.0784590989 -0.996917307
vt 0.015625 0.975
vn -0.00769033609 -0.0780812949 -0.996917307
vt 0.03125 0.975
vn -0.0153066106 -0.0769515261 -0.996917307
vt 0.046875 0.975
vn -0.0227754731 -0.0750806704 -0.996917307
vt 0.0625 0.975
vn -0.030024996 -0.0724867508 -0.996917307
vt 0.078125 0.975
vn -0.0369853601 -0.0691947415 -0.996917307
vt 0.09375 0.975
vn -0.0435895398 -0.0652363524 -0.996917307
vt 0.109375 0.975
vn -0.0497739241 -0.0606497005 -0.996917307
vt 0.125 0.975
vn -0.0554789603 -0.0554789603 -0.996917307
vt 0.140625 0.975
vn -0.0606497005 -0.0497739241 -0.996917307
vt 0.15625 0.975
vn -0.0652363524 -0.0435895398 -0.996917307
vt 0.171875 0.975
vn -0.0691947415 -0.0369853601 -0.996917307
vt 0.1875 0.975
vn -0.0724867508 -0.030024996 -0.996917307
vt 0.203125 0.975
vn -0.0750806704 -0.0227754731 -0.996917307
vt 0.21875 0.975
vn -0.0769515261 -0.0153066106 -0.996917307
vt 0.234375 0.975
vn -0.0780812949 -0.00769033609 -0.996917307
vt 0.25 0.975
vn -0.0784590989 -4.80423398e-18 -0.996917307
vt 0.265625 0.975
vn -0.0780812949 0.00769033609 -0.996917307
vt 0.28125 0.975
vn -0.0769515261 0.0153066106 -0.996917307
vt 0.296875 0.975
vn -0.0750806704 0.0227754731 -0.996917307
vt 0.3125 0.975
vn -0.0724867508 0.030024996 -0.996917307
vt 0.328125 0.975
vn -0.0691947415 0.0369853601 -0.996917307
vt 0.34375 0.975
vn -0.0652363524 0.0435895398 -0.996917307
vt 0.359375 0.975
vn -0.0606497005 0.0497739241 -0.996917307
vt 0.375 0.975
vn -0.0554789603 0.0554789603 -0.996917307
vt 0.390625 0.975
vn -0.0497739241 0.0606497005 -0.996917307
vt 0.40625 0.975
vn -0.0435895398 0.0652363524 -0.996917307
vt 0.421875 0.975
vn -0.0369853601 0.0691947415 -0.996917307
vt 0.4375 0.975
vn -0.030024996 0.0724867508 -0.996917307
vt 0.453125 0.975
vn -0.0227754731 0.0750806704 -0.996917307
vt 0.46875 0.975
vn -0.0153066106 0.0769515261 -0.996917307
vt 0.484375 0.975
vn -0.00769033609 0.0780812949 -0.996917307
vt 0.5 0.975
vn -9.60846796e-18 0.0784590989 -0.996917307
vt 0.515625 0.975
vn 0.00769033609 0.0780812949 -0.996917307
vt 0.53125 0.975
vn 0.0153066106 0.0769515261 -0.996917307
vt 0.546875 0.975
vn 0.0227754731 0.0750806704 -0.996917307
vt 0.5625 0.975
vn 0.030024996 0.0724867508 -0.996917307
vt 0.578125 0.975
vn 0.0369853601 0.0691947415 -0.996917307
vt 0.59375 0.975
vn 0.0435895398 0.0652363524 -0.996917307
vt 0.609375 0.975
vn 0.0497739241 0.0606497005 -0.996917307
vt 0.625 0.975
vn 0.0554789603 0.0554789603 -0.996917307
vt 0.640625 0.975
vn 0.0606497005 0.0497739241 -0.996917307
vt 0.65625 0.975
vn 0.0652363524 0.0435895398 -0.996917307
vt 0.671875 0.975
vn 0.0691947415 0.0369853601 -0.996917307
vt 0.6875 0.975
vn 0.0724867508 0.030024996 -0.996917307
vt 0.703125 0.975
vn 0.0750806704 0.0227754731 -0.996917307
vt 0.71875 0.975
vn 0.0769515261 0.0153066106 -0.996917307
vt 0.734375 0.975
vn 0.0780812949 0.00769033609 -0.996917307
vt 0.75 0.975
vn 0.0784590989 1.44127023e-17 -0.996917307
vt 0.765625 0.975
vn 0.0780812949 -0.00769033609 -0.996917307
vt 0.78125 0.975
vn 0.0769515261 -0.0153066106 -0.996917307
vt 0.796875 0.975
vn 0.0750806704 -0.0227754731 -0.996917307
vt 0.8125 0.975
vn 0.0724867508 -0.030024996 -0.996917307
vt 0.828125 0.975
vn 0.0691947415 -0.0369853601 -0.996917307
vt 0.84375 0.975
vn 0.0652363524 -0.0435895398 -0.996917307
vt 0.859375 0.975
vn 0.0606497005 -0.0497739241 -0.996917307
vt 0.875 0.975
vn 0.0554789603 -0.0554789603 -0.996917307
vt 0.890625 0.975
vn 0.0497739241 -0.0606497005 -0.996917307
vt 0.90625 0.975
vn 0.0435895398 -0.0652363524 -0.996917307
vt 0.921875 0.975
vn 0.0369853601 -0.0691947415 -0.996917307
vt 0.9375 0.975
vn 0.030024996 -0.0724867508 -0.996917307
vt 0.953125 0.975
vn 0.0227754731 -0.0750806704 -0.996917307
vt 0.96875 0.975
vn 0.0153066106 -0.0769515261 -0.996917307
vt 0.984375 0.975
vn 0.00769033609 -0.0780812949 -0.996917307
vt 1.0 0.975
vn 1.92169359e-17 -0.0784590989 -0.996917307
vt -0.0078125 1.0
vn 0.0 -1.22464685e-16 -1.0
vt 0.0078125 1.0
vn -1.20036381e-17 -1.21874978e-16 -1.0
vt 0.0234375 1.0
vn -2.38916744e-17 -1.20111562e-16 -1.0
vt 0.0390625 1.0
vn -3.55496188e-17 -1.17191389e-16 -1.0
vt 0.0546875 1.0
vn -4.68652047e-17 -1.13142611e-16 -1.0
vt 0.0703125 1.0
vn -5.77294511e-17 -1.08004205e-16 -1.0
vt 0.0859375 1.0
vn -6.80377296e-17 -1.01825662e-16 -1.0
vt 0.1015625 1.0
vn -7.76907685e-17 -9.46664801e-17 -1.0
vt 0.1171875 1.0
vn -8.6595606e-17 -8.6595606e-17 -1.0
vt 0.1328125 1.0
vn -9.46664801e-17 -7.76907685e-17 -1.0
vt 0.1484375 1.0
vn -1.01825662e-16 -6.80377296e-17 -1.0
vt 0.1640625 1.0
vn -1.08004205e-16 -5.77294511e-17 -1.0
vt 0.1796875 1.0
vn -1.13142611e-16 -4.68652047e-17 -1.0
vt 0.1953125 1.0
vn -1.17191389e-16 -3.55496188e-17 -1.0
vt 0.2109375 1.0
vn -1.20111562e-16 -2.38916744e-17 -1.0
vt 0.2265625 1.0
vn -1.21874978e-16 -1.20036381e-17 -1.0
vt 0.2421875 1.0
vn -1.22464685e-16 -7.49879879e-33 -1.0
vt 0.2578125 1.0
vn -1.21874978e-16 1.20036381e-17 -1.0
vt 0.2734375 1.0
vn -1.20111562e-16 2.38916744e-17 -1.0
vt 0.2890625 1.0
vn -1.17191389e-16 3.55496188e-17 -1.0
vt 0.3046875 1.0
vn -1.13142611e-16 4.68652047e-17 -1.0
vt 0.3203125 1.0
vn -1.08004205e-16 5.77294511e-17 -1.0
vt 0.3359375 1.0
vn -1.01825662e-16 6.80377296e-17 -1.0
vt 0.3515625 1.0
vn -9.46664801e-17 7.76907685e-17 -1.0
vt 0.3671875 1.0
vn -8.6595606e-17 8.6595606e-17 -1.0
vt 0.3828125 1.0
vn -7.76907685e-17 9.46664801e-17 -1.0
vt 0.3984375 1.0
vn -6.80377296e-17 1.01825662e-16 -1.0
vt 0.4140625 1.0
vn -5.77294511e-17 1.08004205e-16 -1.0
vt 0.4296875 1.0
vn -4.68652047e-17 1.13142611e-16 -1.0
vt 0.4453125 1.0
vn -3.55496188e-17 1.17191389e-16 -1.0
vt 0.4609375 1.0
vn -2.38916744e-17 1.20111562e-16 -1.0
vt 0.4765625 1.0
vn -1.20036381e-17 1.21874978e-16 -1.0
vt 0.4921875 1.0
vn -1.49975976e-32 1.22464685e-16 -1.0
vt 0.5078125 1.0
vn 1.20036381e-17 1.21874978e-16 -1.0
vt 0.5234375 1.0
vn 2.38916744e-17 1.20111562e-16 -1.0
vt 0.5390625 1.0
vn 3.55496188e-17 1.17191389e-16 -1.0
vt 0.5546875 1.0
vn 4.68652047e-17 1.13142611e-16 -1.0
vt 0.5703125 1.0
vn 5.77294511e-17 1.08004205e-16 -1.0
vt 0.5859375 1.0
vn 6.80377296e-17 1.01825662e-16 -1.0
vt 0.6015625 1.0
vn 7.76907685e-17 9.46664801e-17 -1.0
vt 0.6171875 1.0
vn 8.6595606e-17 8.6595606e-17 -1.0
vt 0.6328125 1.0
vn 9.46664801e-17 7.76907685e-17 -1.0
vt 0.6484375 1.0
vn 1.01825662e-16 6.80377296e-17 -1.0
vt 0.6640625 1.0
vn 1.08004205e-16 5.77294511e-17 -1.0
vt 0.6796875 1.0
vn 1.13142611e-16 4.68652047e-17 -1.0
vt 0.6953125 1.0
vn 1.17191389e-16 3.55496188e-17 -1.0
vt 0.7109375 1.0
vn 1.20111562e-16 2.38916744e-17 -1.0
vt 0.7265625 1.0
vn 1.21874978e-16 1.20036381e-17 -1.0
vt 0.7421875 1.0
vn 1.22464685e-16 2.24963964e-32 -1.0
vt 0.7578125 1.0
vn 1.21874978e-16 -1.20036381e-17 -1.0
vt 0.7734375 1.0
vn 1.20111562e-16 -2.38916744e-17 -1.0
vt 0.7890625 1.0
vn 1.17191389e-16 -3.55496188e-17 -1.0
vt 0.8046875 1.0
vn 1.13142611e-16 -4.68652047e-17 -1.0
vt 0.8203125 1.0
vn 1.08004205e-16 -5.77294511e-17 -1.0
vt 0.8359375 1.0
vn 1.01825662e-16 -6.80377296e-17 -1.0
vt 0.8515625 1.0
vn 9.46664801e-17 -7.76907685e-17 -1.0
vt 0.8671875 1.0
vn 8.6595606e-17 -8.6595606e-17 -1.0
vt 0.8828125 1.0
vn 7.76907685e-17 -9.46664801e-17 -1.0
vt 0.8984375 1.0
vn 6.80377296e-17 -1.01825662e-16 -1.0
vt 0.9140625 1.0
vn 5.77294511e-17 -1.08004205e-16 -1.0
vt 0.9296875 1.0
vn 4.68652047e-17 -1.13142611e-16 -1.0
vt 0.9453125 1.0
vn 3.55496188e-17 -1.17191389e-16 -1.0
vt 0.9609375 1.0
vn 2.38916744e-17 -1.20111562e-16 -1.0
vt 0.9765625 1.0
vn 1.20036381e-17 -1.21874978e-16 -1.0
vt 0.9921875 1.0
vn 2.99951951e-32 -1.22464685e-16 -1.0
f 1/1/1 67/67/67 66/66/66
f 2/2/2 68/68/68 67/67/67
f 3/3/3 69/69/69 68/68/68
f 4/4/4 70/70/70 69/69/69
f 5/5/5 71/71/71 70/70/70
f 6/6/6 72/72/72 71/71/71
f 7/7/7 73/73/73 72/72/72
f 8/8/8 74/74/74 73/73/73
f 9/9/9 75/75/75 74/74/74
f 10/10/10 76/76/76 75/75/75
f 11/11/11 77/77/77 76/76/76
f 12/12/12 78/78/78 77/77/77
f 13/13/13 79/79/79 78/78/78
f 14/14/14 80/80/80 79/79/79
f 15/15/15 81/81/81 80/80/80
f 16/16/16 82/82/82 81/81/81
f 17/17/17 83/83/83 82/82/82
f 18/18/18 84/84/84 83/83/83
f 19/19/19 85/85/85 84/84/84
f 20/20/20 86/86/86 85/85/85
f 21/21/21 87/87/87 86/86/86
f 22/22/22 88/88/88 87/87/87
f 23/23/23 89/89/89 88/88/88
f 24/24/24 90/90/90 89/89/89
f 25/25/25 91/91/91 90/90/90
f 26/26/26 92/92/92 91/91/91
f 27/27/27 93/93/93 92/92/92
f 28/28/28 94/94/94 93/93/93
f 29/29/29 95/95/95 94/94/94
f 30/30/30 96/96/96 95/95/95
f 31/31/31 97/97/97 96/96/96
f 32/32/32 98/98/98 97/97/97
f 33/33/33 99/99/99 98/98/98
f 34/34/34 100/100/100 99/99/99
f 35/35/35 101/101/101 100/100/100
f 36/36/36 102/102/102 101/101/101
f 37/37/37 103/103/103 102/102/102
f 38/38/38 104/104/104 103/103/103
f 39/39/39 105/105/105 104/104/104
f 40/40/40 106/106/106 105/105/105
f 41/41/41 107/107/107 106/106/106
f 42/42/42 108/108/108 107/107/107
f 43/43/43 109/109/109 108/108/108
f 44/44/44 110/110/110 109/109/109
f 45/45/45 111/111/111 110/110/110
f 46/46/46 112/112/112 111/111/111
f 47/47/47 113/113/113 112/112/112
f 48/48/48 114/114/114 113/113/113
f 49/49/49 115/115/115 114/114/114
f 50/50/50 116/116/116 115/115/115
f 51/51/51 117/117/117 116/116/116
f 52/52/52 118/118/118 117/117/117
f 53/53/53 119/119/119 118/118/118
f 54/54/54 120/120/120 119/119/119
f 55/55/55 121/121/121 120/120/120
f 56/56/56 122/122/122 121/121/121
f 57/57/57 123/123/123 122/122/122
f 58/58/58 124/124/124 123/123/123
f 59/59/59 125/125/125 124/124/124
f 60/60/60 126/126/126 125/125/125
f 61/61/61 127/127/127 126/126/126
f 62/62/62 128/128/128 127/127/127
f 63/63/63 129/129/129 128/128/128
f 64/64/64 130/130/130 129/129/129
f 67/67/67 132/132/132 66/66/66
f 66/66/66 132/132/132 131/131/131
f 68/68/68 133/133/133 67/67/67
f 67/67/67 133/133/133 132/132/132
f 69/69/69 134/134/134 68/68/68
f 68/68/68 134/134/134 133/133/133
f 70/70/70 135/135/135 69/69/69
f 69/69/69 135/135/135 134/134/134
f 71/71/71 136/136/136 70/70/70
f 70/70/70 136/136/136 135/135/135
f 72/72/72 137/137/137 71/71/71
f 71/71/71 137/137/137 136/136/136
f 73/73/73 138/138/138 72/72/72
f 72/72/72 138/138/138 137/137/137
f 74/74/74 139/139/139 73/73/73
f 73/73/73 139/139/139 138/138/138
f 75/75/75 140/140/140 74/74/74
f 74/74/74 140/140/140 139/139/139
f 76/76/76 141/141/141 75/75/75
f 75/75/75 141/141/141 140/140/140
f 77/77/77 142/142/142 76/76/76
f 76/76/76 142/142/142 141/141/141
f 78/78/78 143/143/143 77/77/77
f 77/77/77 143/143/143 142/142/142
f 79/79/79 144/144/144 78/78/78
f 78/78/78 144/144/144 143/143/143
f 80/80/80 145/145/145 79/79/79
f 79/79/79 145/145/145 144/144/144
f 81/81/81 146/146/146 80/80/80
f 80/80/80 146/146/146 145/145/145
f 82/82/82 147/147/147 81/81/81
f 81/81/81 147/147/147 146/146/146
f 83/83/83 148/148/148 82/82/82
f 82/82/82 148/148/148 147/147/147
f 84/84/84 149/149/149 83/83/83
f 83/83/83 149/149/149 148/148/148
f 85/85/85 150/150/150 84/84/84
f 84/84/84 150/150/150 149/149/149
f 86/86/86 151/151/151 85/85/85
f 85/85/85 151/151/151 150/150/150
f 87/87/87 152/152/152 86/86/86
f 86/86/86 152/152/152 151/151/151
f 88/88/88 153/153/153 87/87/87
f 87/87/87 153/153/153 152/152/152
f 89/89/89 154/154/154 88/88/88
f 88/88/88 154/154/154 153/153/153
f 90/90/90 155/155/155 89/89/89
f 89/89/89 155/155/155 154/154/154
f 91/91/91 156/156/156 90/90/90
f 90/90/90 156/156/156 155/155/155
f 92/92/92 157/157/157 91/91/91
f 91/91/91 157/157/157 156/156/156
f 93/93/93 158/158/158 92/92/92
f 92/92/92 158/158/158 157/157/157
f 94/94/94 159/159/159 93/93/93
f 93/93/93 159/159/159 158/158/158
f 95/95/95 160/160/160 94/94/94
f 94/94/94 160/160/160 159/159/159
f 96/96/96 161/161/161 95/95/95
f 95/95/95 161/161/161 160/160/160
f 97/97/97 162/162/162 96/96/96
f 96/96/96 162/162/162 161/161/161
f 98/98/98 163/163/163 97/97/97
f 97/97/97 163/163/163 162/162/162
f 99/99/99 164/164/164 98/98/98
f 98/98/98 164/164/164 163/163/163
f 100/100/100 165/165/165 99/99/99
f 99/99/99 165/165/165 164/164/164
f 101/101/101 166/166/166 100/100/100
f 100/100/100 166/166/166 165/165/165
f 102/102/102 167/167/167 101/101/101
f 101/101/101 167/167/167 166/166/166
f 103/103/103 168/168/168 102/102/102
f 102/102/102 168/168/168 167/167/167
f 104/104/104 169/169/169 103/103/103
f 103/103/103 169/169/169 168/168/168
f 105/105/105 170/170/170 104/104/104
f 104/104/104 170/170/170 169/169/169
f 106/106/106 171/171/171 105/105/105
f 105/105/105 171/171/171 170/170/170
f 107/107/107 172/172/172 106/106/106
f 106/106/106 172/172/172 171/171/171
f 108/108/108 173/173/173 107/107/107
f 107/107/107 173/173/173 172/172/172
f 109/109/109 174/174/174 108/108/108
f 108/108/108 174/174/174 173/173/173
f 110/110/110 175/175/175 109/109/109
f 109/109/109 175/175/175 174/174/174
f 111/111/111 176/176/176 110/110/110
f 110/110/110 176/176/176 175/175/175
f 112/112/112 177/177/177 111/111/111
f 111/111/111 177/177/177 176/176/176
f 113/113/113 178/178/178 112/112/112
f 112/112/112 178/178/178 177/177/177
f 114/114/114 179/179/179 113/113/113
f 113/113/113 179/179/179 178/178/178
f 115/115/115 180/180/180 114/114/114
f 114/114/114 180/180/180 179/179/179
f 116/116/116 181/181/181 115/115/115
f 115/115/115 181/181/181 180/180/180
f 117/117/117 182/182/182 116/116/116
f 116/116/116 182/182/182 181/181/181
f 118/118/118 183/183/183 117/117/117
f 117/117/117 183/183/183 182/182/182
f 119/119/119 184/184/184 118/118/118
f 118/118/118 184/184/184 183/183/183
f 120/120/120 185/185/185 119/119/119
f 119/119/119 185/185/185 184/184/184
f 121/121/121 186/186/186 120/120/120
f 120/120/120 186/186/186 185/185/185
f 122/122/122 187/187/187 121/121/121
f 121/121/121 187/187/187 186/186/186
f 123/123/123 188/188/188 122/122/122
f 122/122/122 188/188/188 187/187/187
f 124/124/124 189/189/189 123/123/123
f 123/123/123 189/189/189 188/188/188
f 125/125/125 190/190/190 124/124/124
f 124/124/124 190/190/190 189/189/189
f 126/126/126 191/191/191 125/125/125
f 125/125/125 191/191/191 190/190/190
f 127/127/127 192/192/192 126/126/126
f 126/126/126 192/192/192 191/191/191
f 128/128/128 193/193/193 127/127/127
f 127/127/127 193/193/193 192/192/192
f 129/129/129 194/194/194 128/128/128
f 128/128/128 194/194/194 193/193/193
f 130/130/130 195/195/195 129/129/129
f 129/129/129 195/195/195 194/194/194
f 132/132/132 197/197/197 131/131/131
f 131/131/131 197/197/197 196/196/196
f 133/133/133 198/198/198 132/132/132
f 132/132/132 198/198/198 197/197/197
f 134/134/134 199/199/199 133/133/133
f 133/133/133 199/199/199 198/198/198
f 135/135/135 200/200/200 134/134/134
f 134/134/134 200/200/200 199/199/199
f 136/136/136 201/201/201 135/135/135
f 135/135/135 201/201/201 200/200/200
f 137/137/137 202/202/202 136/136/136
f 136/136/136 202/202/202 201/201/201
f 138/138/138 203/203/203 137/137/137
f 137/137/137 203/203/203 202/202/202
f 139/139/139 204/204/204 138/138/138
f 138/138/138 204/204/204 203/203/203
f 140/140/140 205/205/205 139/139/139
f 139/139/139 205/205/205 204/204/204
f 141/141/141 206/206/206 140/140/140
f 140/140/140 206/206/206 205/205/205
f 142/142/142 207/207/207 141/141/141
f 141/141/141 207/207/207 206/206/206
f 143/143/143 208/208/208 142/142/142
f 142/142/142 208/208/208 207/207/207
f 144/144/144 209/209/209 143/143/143
f 143/143/143 209/209/209 208/208/208
f 145/145/145 210/210/210 144/144/144
f 144/144/144 210/210/210 209/209/209
f 146/146/146 211/211/211 145/145/145
f 145/145/145 211/211/211 210/210/210
f 147/147/147 212/212/212 146/146/146
f 146/146/146 212/212/212 211/211/211
f 148/148/148 213/213/213 147/147/147
f 147/147/147 213/213/213 212/212/212
f 149/149/149 214/214/214 148/148/148
f 148/148/148 214/214/214 213/213/213
f 150/150/150 215/215/215 149/149/149
f 149/149/149 215/215/215 214/214/214
f 151/151/151 216/216/216 150/150/150
f 150/150/150 216/216/216 215/215/215
f 152/152/152 217/217/217 151/151/151
f 151/151/151 217/217/217 216/216/216
f 153/153/153 218/218/218 152/152/152
f 152/152/152 218/218/218 217/217/217
f 154/154/154 219/219/219 153/153/153
f 153/153/153 219/219/219 218/218/218
f 155/155/155 220/220/220 154/154/154
f 154/154/154 220/220/220 219/219/219
f 156/156/156 221/221/221 155/155/155
f 155/155/155 221/221/221 220/220/220
f 157/157/157 222/222/222 156/156/156
f 156/156/156 222/222/222 221/221/221
f 158/158/158 223/223/223 157/157/157
f 157/157/157 223/223/223 222/222/222
f 159/159/159 224/224/224 158/158/158
f 158/158/158 224/224/224 223/223/223
f 160/160/160 225/225/225 159/159/159
f 159/159/159 225/225/225 224/224/224
f 161/161/161 226/226/226 160/160/160
f 160/160/160 226/226/226 225/225/225
f 162/162/162 227/227/227 161/161/161
f 161/161/161 227/227/227 226/226/226
f 163/163/163 228/228/228 162/162/162
f 162/162/162 228/228/228 227/227/227
f 164/164/164 229/229/229 163/163/163
f 163/163/163 229/229/229 228/228/228
f 165/165/165 230/230/230 164/164/164
f 164/164/164 230/230/230 229/229/229
f 166/166/166 231/231/231 165/165/165
f 165/165/165 231/231/231 230/230/230
f 167/167/167 232/232/232 166/166/166
f 166/166/166 232/232/232 231/231/231
f 168/168/168 233/233/233 167/167/167
f 167/167/167 233/233/233 232/232/232
f 169/169/169 234/234/234 168/168/168
f 168/168/168 234/234/234 233/233/233
f 170/170/170 235/235/235 169/169/169
f 169/169/169 235/235/235 234/234/234
f 171/171/171 236/236/236 170/170/170
f 170/170/170 236/236/236 235/235/235
f 172/172/172 237/237/237 171/171/171
f 171/171/171 237/237/237 236/236/236
f 173/173/173 238/238/238 172/172/172
f 172/172/172 238/238/238 237/237/237
f 174/174/174 239/239/239 173/173/173
f 173/173/173 239/239/239 238/238/238
f 175/175/175 240/240/240 174/174/174
f 174/174/174 240/240/240 239/239/239
f 176/176/176 241/241/241 175/175/175
f 175/175/175 241/241/241 240/240/240
f 177/177/177 242/242/242 176/176/176
f 176/176/176 242/242/242 241/241/241
f 178/178/178 243/243/243 177/177/177
f 177/177/177 243/243/243 242/242/242
f 179/179/179 244/244/244 178/178/178
f 178/178/178 244/244/244 243/243/243
f 180/180/180 245/245/245 179/179/179
f 179/179/179 245/245/245 244/244/244
f 181/181/181 246/246/246 180/180/180
f 180/180/180 246/246/246 245/245/245
f 182/182/182 247/247/247 181/181/181
f 181/181/181 247/247/247 246/246/246
f 183/183/183 248/248/248 182/182/182
f 182/182/182 248/248/248 247/247/247
f 184/184/184 249/249/249 183/183/183
f 183/183/183 249/249/249 248/248/248
f 185/185/185 250/250/250 184/184/184
f 184/184/184 250/250/250 249/249/249
f 186/186/186 251/251/251 185/185/185
f 185/185/185 251/251/251 250/250/250
f 187/187/187 252/252/252 186/186/186
f 186/186/186 252/252/252 251/251/251
f 188/188/188 253/253/253 187/187/187
f 187/187/187 253/253/253 252/252/252
f 189/189/189 254/254/254 188/188/188
f 188/188/188 254/254/254 253/253/253
f 190/190/190 255/255/255 189/189/189
f 189/189/189 255/255/255 254/254/254
f 191/191/191 256/256/256 190/190/190
f 190/190/190 256/256/256 255/255/255
f 192/192/192 257/257/257 191/191/191
f 191/191/191 257/257/257 256/256/256
f 193/193/193 258/258/258 192/192/192
f 192/192/192 258/258/258 257/257/257
f 194/194/194 259/259/259 193/193/193
f 193/193/193 259/259/259 258/258/258
f 195/195/195 260/260/260 194/194/194
f 194/194/194 260/260/260 259/259/259
f 197/197/197 262/262/262 196/196/196
f 196/196/196 262/262/262 261/261/261
f 198/198/198 263/263/263 197/197/197
f 197/197/197 263/263/263 262/262/262
f 199/199/199 264/264/264 198/198/198
f 198/198/198 264/264/264 263/263/263
f 200/200/200 265/265/265 199/199/199
f 199/199/199 265/265/265 264/264/264
f 201/201/201 266/266/266 200/200/200
f 200/200/200 266/266/266 265/265/265
f 202/202/202 267/267/267 201/201/201
f 201/201/201 267/267/267 266/266/266
f 203/203/203 268/268/268 202/202/202
f 202/202/202 268/268/268 267/267/267
f 204/204/204 269/269/269 203/203/203
f 203/203/203 269/269/269 268/268/268
f 205/205/205 270/270/270 204/204/204
f 204/204/204 270/270/270 269/269/269
f 206/206/206 271/271/271 205/205/205
f 205/205/205 271/271/271 270/270/270
f 207/207/207 272/272/272 206/206/206
f 206/206/206 272/272/272 271/271/271
f 208/208/208 273/273/273 207/207/207
f 207/207/207 273/273/273 272/272/272
f 209/209/209 274/274/274 208/208/208
f 208/208/208 274/274/274 273/273/273
f 210/210/210 275/275/275 209/209/209
f 209/209/209 275/275/275 274/274/274
f 211/211/211 276/276/276 210/210/210
f 210/210/210 276/276/276 275/275/275
f 212/212/212 277/277/277 211/211/211
f 211/211/211 277/277/277 276/276/276
f 213/213/213 278/278/278 212/212/212
f 212/212/212 278/278/278 277/277/277
f 214/214/214 279/279/279 213/213/213
f 213/213/213 279/279/279 278/278/278
f 215/215/215 280/280/280 214/214/214
f 214/214/214 280/280/280 279/279/279
f 216/216/216 281/281/281 215/215/215
f 215/215/215 281/281/281 280/280/280
f 217/217/217 282/282/282 216/216/216
f 216/216/216 282/282/282 281/281/281
f 218/218/218 283/283/283 217/217/217
f 217/217/217 283/283/283 282/282/282
f 219/219/219 284/284/284 218/218/218
f 218/218/218 284/284/284 283/283/283
f 220/220/220 285/285/285 219/219/219
f 219/219/219 285/285/285 284/284/284
f 221/221/221 286/286/286 220/220/220
f 220/220/220 286/286/286 285/285/285
f 222/222/222 287/287/287 221/221/221
f 221/221/221 287/287/287 286/286/286
f 223/223/223 288/288/288 222/222/222
f 222/222/222 288/288/288 287/287/287
f 224/224/224 289/289/289 223/223/223
f 223/223/223 289/289/289 288/288/288
f 225/225/225 290/290/290 224/224/224
f 224/224/224 290/290/290 289/289/289
f 226/226/226 291/291/291 225/225/225
f 225/225/225 291/291/291 290/290/290
f 227/227/227 292/292/292 226/226/226
f 226/226/226 292/292/292 291/291/291
f 228/228/228 293/293/293 227/227/227
f 227/227/227 293/293/293 292/292/292
f 229/229/229 294/294/294 228/228/228
f 228/228/228 294/294/294 293/293/293
f 230/230/230 295/295/295 229/229/229
f 229/229/229 295/295/295 294/294/294
f 231/231/231 296/296/296 230/230/230
f 230/230/230 296/296/296 295/295/295
f 232/232/232 297/297/297 231/231/231
f 231/231/231 297/297/297 296/296/296
f 233/233/233 298/298/298 232/232/232
f 232/232/232 298/298/298 297/297/297
f 234/234/234 299/299/299 233/233/233
f 233/233/233 299/299/299 298/298/298
f 235/235/235 300/300/300 234/234/234
f 234/234/234 300/300/300 299/299/299
f 236/236/236 301/301/301 235/235/235
f 235/235/235 301/301/301 300/300/300
f 237/237/237 302/302/302 236/236/236
f 236/236/236 302/302/302 301/301/301
f 238/238/238 303/303/303 237/237/237
f 237/237/237 303/303/303 302/302/302
f 239/239/239 304/304/304 238/238/238
f 238/238/238 304/304/304 303/303/303
f 240/240/240 305/305/305 239/239/239
f 239/239/239 305/305/305 304/304/304
f 241/241/241 306/306/306 240/240/240
f 240/240/240 306/306/306 305/305/305
f 242/242/242 307/307/307 241/241/241
f 241/241/241 307/307/307 306/306/306
f 243/243/243 308/308/308 242/242/242
f 242/242/242 308/308/308 307/307/307
f 244/244/244 309/309/309 243/243/243
f 243/243/243 309/309/309 308/308/308
f 245/245/245 310/310/310 244/244/244
f 244/244/244 310/310/310 309/309/309
f 246/246/246 311/311/311 245/245/245
f 245/245/245 311/311/311 310/310/310
f 247/247/247 312/312/312 246/246/246
f 246/246/246 312/312/312 311/311/311
f 248/248/248 313/313/313 247/247/247
f 247/247/247 313/313/313 312/312/312
f 249/249/249 314/314/314 248/248/248
f 248/248/248 314/314/314 313/313/313
f 250/250/250 315/315/315 249/249/249
f 249/249/249 315/315/315 314/314/314
f 251/251/251 316/316/316 250/250/250
f 250/250/250 316/316/316 315/315/315
f 252/252/252 317/317/317 251/251/251
f 251/251/251 317/317/317 316/316/316
f 253/253/253 318/318/318 252/252/252
f 252/252/252 318/318/318 317/317/317
f 254/254/254 319/319/319 253/253/253
f 253/253/253 319/319/319 318/318/318
f 255/255/255 320/320/320 254/254/254
f 254/254/254 320/320/320 319/319/319
f 256/256/256 321/321/321 255/255/255
f 255/255/255 321/321/321 320/320/320
f 257/257/257 322/322/322 256/256/256
f 256/256/256 322/322/322 321/321/321
f 258/258/258 323/323/323 257/257/257
f 257/257/257 323/323/323 322/322/322
f 259/259/259 324/324/324 258/258/258
f 258/258/258 324/324/324 323/323/323
f 260/260/260 325/325/325 259/259/259
f 259/259/259 325/325/325 324/324/324
f 262/262/262 327/327/327 261/261/261
f 261/261/261 327/327/327 326/326/326
f 263/263/263 328/328/328 262/262/262
f 262/262/262 328/328/328 327/327/327
f 264/264/264 329/329/329 263/263/263
f 263/263/263 329/329/329 328/328/328
f 265/265/265 330/330/330 264/264/264
f 264/264/264 330/330/330 329/329/329
f 266/266/266 331/331/331 265/265/265
f 265/265/265 331/331/331 330/330/330
f 267/267/267 332/332/332 266/266/266
f 266/266/266 332/332/332 331/331/331
f 268/268/268 333/333/333 267/267/267
f 267/267/267 333/333/333 332/332/332
f 269/269/269 334/334/334 268/268/268
f 268/268/268 334/334/334 333/333/333
f 270/270/270 335/335/335 269/269/269
f 269/269/269 335/335/335 334/334/334
f 271/271/271 336/336/336 270/270/270
f 270/270/270 336/336/336 335/335/335
f 272/272/272 337/337/337 271/271/271
f 271/271/271 337/337/337 336/336/336
f 273/273/273 338/338/338 272/272/272
f 272/272/272 338/338/338 337/337/337
f 274/274/274 339/339/339 273/273/273
f 273/273/273 339/339/339 338/338/338
f 275/275/275 340/340/340 274/274/274
f 274/274/274 340/340/340 339/339/339
f 276/276/276 341/341/341 275/275/275
f 275/275/275 341/341/341 340/340/340
f 277/277/277 342/342/342 276/276/276
f 276/276/276 342/342/342 341/341/341
f 278/278/278 343/343/343 277/277/277
f 277/277/277 343/343/343 342/342/342
f 279/279/279 344/344/344 278/278/278
f 278/278/278 344/344/344 343/343/343
f 280/280/280 345/345/345 279/279/279
f 279/279/279 345/345/345 344/344/344
f 281/281/281 346/346/346 280/280/280
f 280/280/280 346/346/346 345/345/345
f 282/282/282 347/347/347 281/281/281
f 281/281/281 347/347/347 346/346/346
f 283/283/283 348/348/348 282/282/282
f 282/282/282 348/348/348 347/347/347
f 284/284/284 349/349/349 283/283/283
f 283/283/283 349/349/349 348/348/348
f 285/285/285 350/350/350 284/284/284
f 284/284/284 350/350/350 349/349/349
f 286/286/286 351/351/351 285/285/285
f 285/285/285 351/351/351 350/350/350
f 287/287/287 352/352/352 286/286/286
f 286/286/286 352/352/352 351/351/351
f 288/288/288 353/353/353 287/287/287
f 287/287/287 353/353/353 352/352/352
f 289/289/289 354/354/354 288/288/288
f 288/288/288 354/354/354 353/353/353
f 290/290/290 355/355/355 289/289/289
f 289/289/289 355/355/355 354/354/354
f 291/291/291 356/356/356 290/290/290
f 290/290/290 356/356/356 355/355/355
f 292/292/292 357/357/357 291/291/291
f 291/291/291 357/357/357 356/356/356
f 293/293/293 358/358/358 292/292/292
f 292/292/292 358/358/358 357/357/357
f 294/294/294 359/359/359 293/293/293
f 293/293/293 359/359/359 358/358/358
f 295/295/295 360/360/360 294/294/294
f 294/294/294 360/360/360 359/359/359
f 296/296/296 361/361/361 295/295/295
f 295/295/295 361/361/361 360/360/360
f 297/297/297 362/362/362 296/296/296
f 296/296/296 362/362/362 361/361/361
f 298/298/298 363/363/363 297/297/297
f 297/297/297 363/363/363 362/362/362
f 299/299/299 364/364/364 298/298/298
f 298/298/298 364/364/364 363/363/363
f 300/300/300 365/365/365 299/299/299
f 299/299/299 365/365/365 364/364/364
f 301/301/301 366/366/366 300/300/300
f 300/300/300 366/366/366 365/365/365
f 302/302/302 367/367/367 301/301/301
f 301/301/301 367/367/367 366/366/366
f 303/303/303 368/368/368 302/302/302
f 302/302/302 368/368/368 367/367/367
f 304/304/304 369/369/369 303/303/303
f 303/303/303 369/369/369 368/368/368
f 305/305/305 370/370/370 304/304/304
f 304/304/304 370/370/370 369/369/369
f 306/306/306 371/371/371 305/305/305
f 305/305/305 371/371/371 370/370/370
f 307/307/307 372/372/372 306/306/306
f 306/306/306 372/372/372 371/371/371
f 308/308/308 373/373/373 307/307/307
f 307/307/307 373/373/373 372/372/372
f 309/309/309 374/374/374 308/308/308
f 308/308/308 374/374/374 373/373/373
f 310/310/310 375/375/375 309/309/309
f 309/309/309 375/375/375 374/374/374
f 311/311/311 376/376/376 310/310/310
f 310/310/310 376/376/376 375/375/375
f 312/312/312 377/377/377 311/311/311
f 311/311/311 377/377/377 376/376/376
f 313/313/313 378/378/378 312/312/312
f 312/312/312 378/378/378 377/377/377
f 314/314/314 379/379/379 313/313/313
f 313/313/313 379/379/379 378/378/378
f 315/315/315 380/380/380 314/314/314
f 314/314/314 380/380/380 379/379/379
f 316/316/316 381/381/381 315/315/315
f 315/315/315 381/381/381 380/380/380
f 317/317/317 382/382/382 316/316/316
f 316/316/316 382/382/382 381/381/381
f 318/318/318 383/383/383 317/317/317
f 317/317/317 383/383/383 382/382/382
f 319/319/319 384/384/384 318/318/318
f 318/318/318 384/384/384 383/383/383
f 320/320/320 385/385/385 319/319/319
f 319/319/319 385/385/385 384/384/384
f 321/321/321 386/386/386 320/320/320
f 320/320/320 386/386/386 385/385/385
f 322/322/322 387/387/387 321/321/321
f 321/321/321 387/387/387 386/386/386
f 323/323/323 388/388/388 322/322/322
f 322/322/322 388/388/388 387/387/387
f 324/324/324 389/389/389 323/323/323
f 323/323/323 389/389/389 388/388/388
f 325/325/325 390/390/390 324/324/324
f 324/324/324 390/390/390 389/389/389
f 327/327/327 392/392/392 326/326/326
f 326/326/326 392/392/392 391/391/391
f 328/328/328 393/393/393 327/327/327
f 327/327/327 393/393/393 392/392/392
f 329/329/329 394/394/394 328/328/328
f 328/328/328 394/394/394 393/393/393
f 330/330/330 395/395/395 329/329/329
f 329/329/329 395/395/395 394/394/394
f 331/331/331 396/396/396 330/330/330
f 330/330/330 396/396/396 395/395/395
f 332/332/332 397/397/397 331/331/331
f 331/331/331 397/397/397 396/396/396
f 333/333/333 398/398/398 332/332/332
f 332/332/332 398/398/398 397/397/397
f 334/334/334 399/399/399 333/333/333
f 333/333/333 399/399/399 398/398/398
f 335/335/335 400/400/400 334/334/334
f 334/334/334 400/400/400 399/399/399
f 336/336/336 401/401/401 335/335/335
f 335/335/335 401/401/401 400/400/400
f 337/337/337 402/402/402 336/336/336
f 336/336/336 402/402/402 401/401/401
f 338/338/338 403/403/403 337/337/337
f 337/337/337 403/403/403 402/402/402
f 339/339/339 404/404/404 338/338/338
f 338/338/338 404/404/404 403/403/403
f 340/340/340 405/405/405 339/339/339
f 339/339/339 405/405/405 404/404/404
f 341/341/341 406/406/406 340/340/340
f 340/340/340 406/406/406 405/405/405
f 342/342/342 407/407/407 341/341/341
f 341/341/341 407/407/407 406/406/406
f 343/343/343 408/408/408 342/342/342
f 342/342/342 408/408/408 407/407/407
f 344/344/344 409/409/409 343/343/343
f 343/343/343 409/409/409 408/408/408
f 345/345/345 410/410/410 344/344/344
f 344/344/344 410/410/410 409/409/409
f 346/346/346 411/411/411 345/345/345
f 345/345/345 411/411/411 410/410/410
f 347/347/347 412/412/412 346/346/346
f 346/346/346 412/412/412 411/411/411
f 348/348/348 413/413/413 347/347/347
f 347/347/347 413/413/413 412/412/412
f 349/349/349 414/414/414 348/348/348
f 348/348/348 414/414/414 413/413/413
f 350/350/350 415/415/415 349/349/349
f 349/349/349 415/415/415 414/414/414
f 351/351/351 416/416/416 350/350/350
f 350/350/350 416/416/416 415/415/415
f 352/352/352 417/417/417 351/351/351
f 351/351/351 417/417/417 416/416/416
f 353/353/353 418/418/418 352/352/352
f 352/352/352 418/418/418 417/417/417
f 354/354/354 419/419/419 353/353/353
f 353/353/353 419/419/419 418/418/418
f 355/355/355 420/420/420 354/354/354
f 354/354/354 420/420/420 419/419/419
f 356/356/356 421/421/421 355/355/355
f 355/355/355 421/421/421 420/420/420
f 357/357/357 422/422/422 356/356/356
f 356/356/356 422/422/422 421/421/421
f 358/358/358 423/423/423 357/357/357
f 357/357/357 423/423/423 422/422/422
f 359/359/359 424/424/424 358/358/358
f 358/358/358 424/424/424 423/423/423
f 360/360/360 425/425/425 359/359/359
f 359/359/359 425/425/425 424/424/424
f 361/361/361 426/426/426 360/360/360
f 360/360/360 426/426/426 425/425/425
f 362/362/362 427/427/427 361/361/361
f 361/361/361 427/427/427 426/426/426
f 363/363/363 428/428/428 362/362/362
f 362/362/362 428/428/428 427/427/427
f 364/364/364 429/429/429 363/363/363
f 363/363/363 429/429/429 428/428/428
f 365/365/365 430/430/430 364/364/364
f 364/364/364 430/430/430 429/429/429
f 366/366/366 431/431/431 365/365/365
f 365/365/365 431/431/431 430/430/430
f 367/367/367 432/432/432 366/366/366
f 366/366/366 432/432/432 431/431/431
f 368/368/368 433/433/433 367/367/367
f 367/367/367 433/433/433 432/432/432
f 369/369/369 434/434/434 368/368/368
f 368/368/368 434/434/434 433/433/433
f 370/370/370 435/435/435 369/369/369
f 369/369/369 435/435/435 434/434/434
f 371/371/371 436/436/436 370/370/370
f 370/370/370 436/436/436 435/435/435
f 372/372/372 437/437/437 371/371/371
f 371/371/371 437/437/437 436/436/436
f 373/373/373 438/438/438 372/372/372
f 372/372/372 438/438/438 437/437/437
f 374/374/374 439/439/439 373/373/373
f 373/373/373 439/439/439 438/438/438
f 375/375/375 440/440/440 374/374/374
f 374/374/374 440/440/440 439/439/439
f 376/376/376 441/441/441 375/375/375
f 375/375/375 441/441/441 440/440/440
f 377/377/377 442/442/442 376/376/376
f 376/376/376 442/442/442 441/441/441
f 378/378/378 443/443/443 377/377/377
f 377/377/377 443/443/443 442/442/442
f 379/379/379 444/444/444 378/378/378
f 378/378/378 444/444/444 443/443/443
f 380/380/380 445/445/445 379/379/379
f 379/379/379 445/445/445 444/444/444
f 381/381/381 446/446/446 380/380/380
f 380/380/380 446/446/446 445/445/445
f 382/382/382 447/447/447 381/381/381
f 381/381/381 447/447/447 446/446/446
f 383/383/383 448/448/448 382/382/382
f 382/382/382 448/448/448 447/447/447
f 384/384/384 449/449/449 383/383/383
f 383/383/383 449/449/449 448/448/448
f 385/385/385 450/450/450 384/384/384
f 384/384/384 450/450/450 449/449/449
f 386/386/386 451/451/451 385/385/385
f 385/385/385 451/451/451 450/450/450
f 387/387/387 452/452/452 386/386/386
f 386/386/386 452/452/452 451/451/451
f 388/388/388 453/453/453 387/387/387
f 387/387/387 453/453/453 452/452/452
f 389/389/389 454/454/454 388/388/388
f 388/388/388 454/454/454 453/453/453
f 390/390/390 455/455/455 389/389/389
f 389/389/389 455/455/455 454/454/454
f 392/392/392 457/457/457 391/391/391
f 391/391/391 457/457/457 456/456/456
f 393/393/393 458/458/458 392/392/392
f 392/392/392 458/458/458 457/457/457
f 394/394/394 459/459/459 393/393/393
f 393/393/393 459/459/459 458/458/458
f 395/395/395 460/460/460 394/394/394
f 394/394/394 460/460/460 459/459/459
f 396/396/396 461/461/461 395/395/395
f 395/395/395 461/461/461 460/460/460
f 397/397/397 462/462/462 396/396/396
f 396/396/396 462/462/462 461/461/461
f 398/398/398 463/463/463 397/397/397
f 397/397/397 463/463/463 462/462/462
f 399/399/399 464/464/464 398/398/398
f 398/398/398 464/464/464 463/463/463
f 400/400/400 465/465/465 399/399/399
f 399/399/399 465/465/465 464/464/464
f 401/401/401 466/466/466 400/400/400
f 400/400/400 466/466/466 465/465/465
f 402/402/402 467/467/467 401/401/401
f 401/401/401 467/467/467 466/466/466
f 403/403/403 468/468/468 402/402/402
f 402/402/402 468/468/468 467/467/467
f 404/404/404 469/469/469 403/403/403
f 403/403/403 469/469/469 468/468/468
f 405/405/405 470/470/470 404/404/404
f 404/404/404 470/470/470 469/469/469
f 406/406/406 471/471/471 405/405/405
f 405/405/405 471/471/471 470/470/470
f 407/407/407 472/472/472 406/406/406
f 406/406/406 472/472/472 471/471/471
f 408/408/408 473/473/473 407/407/407
f 407/407/407 473/473/473 472/472/472
f 409/409/409 474/474/474 408/408/408
f 408/408/408 474/474/474 473/473/473
f 410/410/410 475/475/475 409/409/409
f 409/409/409 475/475/475 474/474/474
f 411/411/411 476/476/476 410/410/410
f 410/410/410 476/476/476 475/475/475
f 412/412/412 477/477/477 411/411/411
f 411/411/411 477/477/477 476/476/476
f 413/413/413 478/478/478 412/412/412
f 412/412/412 478/478/478 477/477/477
f 414/414/414 479/479/479 413/413/413
f 413/413/413 479/479/479 478/478/478
f 415/415/415 480/480/480 414/414/414
f 414/414/414 480/480/480 479/479/479
f 416/416/416 481/481/481 415/415/415
f 415/415/415 481/481/481 480/480/480
f 417/417/417 482/482/482 416/416/416
f 416/416/416 482/482/482 481/481/481
f 418/418/418 483/483/483 417/417/417
f 417/417/417 483/483/483 482/482/482
f 419/419/419 484/484/484 418/418/418
f 418/418/418 484/484/484 483/483/483
f 420/420/420 485/485/485 419/419/419
f 419/419/419 485/485/485 484/484/484
f 421/421/421 486/486/486 420/420/420
f 420/420/420 486/486/486 485/485/485
f 422/422/422 487/487/487 421/421/421
f 421/421/421 487/487/487 486/486/486
f 423/423/423 488/488/488 422/422/422
f 422/422/422 488/488/488 487/487/487
f 424/424/424 489/489/489 423/423/423
f 423/423/423 489/489/489 488/488/488
f 425/425/425 490/490/490 424/424/424
f 424/424/424 490/490/490 489/489/489
f 426/426/426 491/491/491 425/425/425
f 425/425/425 491/491/491 490/490/490
f 427/427/427 492/492/492 426/426/426
f 426/426/426 492/492/492 491/491/491
f 428/428/428 493/493/493 427/427/427
f 427/427/427 493/493/493 492/492/492
f 429/429/429 494/494/494 428/428/428
f 428/428/428 494/494/494 493/493/493
f 430/430/430 495/495/495 429/429/429
f 429/429/429 495/495/495 494/494/494
f 431/431/431 496/496/496 430/430/430
f 430/430/430 496/496/496 495/495/495
f 432/432/432 497/497/497 431/431/431
f 431/431/431 497/497/497 496/496/496
f 433/433/433 498/498/498 432/432/432
f 432/432/432 498/498/498 497/497/497
f 434/434/434 499/499/499 433/433/433
f 433/433/433 499/499/499 498/498/498
f 435/435/435 500/500/500 434/434/434
f 434/434/434 500/500/500 499/499/499
f 436/436/436 501/501/501 435/435/435
f 435/435/435 501/501/501 500/500/500
f 437/437/437 502/502/502 436/436/436
f 436/436/436 502/502/502 501/501/501
f 438/438/438 503/503/503 437/437/437
f 437/437/437 503/503/503 502/502/502
f 439/439/439 504/504/504 438/438/438
f 438/438/438 504/504/504 503/503/503
f 440/440/440 505/505/505 439/439/439
f 439/439/439 505/505/505 504/504/504
f 441/441/441 506/506/506 440/440/440
f 440/440/440 506/506/506 505/505/505
f 442/442/442 507/507/507 441/441/441
f 441/441/441 507/507/507 506/506/506
f 443/443/443 508/508/508 442/442/442
f 442/442/442 508/508/508 507/507/507
f 444/444/444 509/509/509 443/443/443
f 443/443/443 509/509/509 508/508/508
f 445/445/445 510/510/510 444/444/444
f 444/444/444 510/510/510 509/509/509
f 446/446/446 511/511/511 445/445/445
f 445/445/445 511/511/511 510/510/510
f 447/447/447 512/512/512 446/446/446
f 446/446/446 512/512/512 511/511/511
f 448/448/448 513/513/513 447/447/447
f 447/447/447 513/513/513 512/512/512
f 449/449/449 514/514/514 448/448/448
f 448/448/448 514/514/514 513/513/513
f 450/450/450 515/515/515 449/449/449
f 449/449/449 515/515/515 514/514/514
f 451/451/451 516/516/516 450/450/450
f 450/450/450 516/516/516 515/515/515
f 452/452/452 517/517/517 451/451/451
f 451/451/451 517/517/517 516/516/516
f 453/453/453 518/518/518 452/452/452
f 452/452/452 518/518/518 517/517/517
f 454/454/454 519/519/519 453/453/453
f 453/453/453 519/519/519 518/518/518
f 455/455/455 520/520/520 454/454/454
f 454/454/454 520/520/520 519/519/519
f 457/457/457 522/522/522 456/456/456
f 456/456/456 522/522/522 521/521/521
f 458/458/458 523/523/523 457/457/457
f 457/457/457 523/523/523 522/522/522
f 459/459/459 524/524/524 458/458/458
f 458/458/458 524/524/524 523/523/523
f 460/460/460 525/525/525 459/459/459
f 459/459/459 525/525/525 524/524/524
f 461/461/461 526/526/526 460/460/460
f 460/460/460 526/526/526 525/525/525
f 462/462/462 527/527/527 461/461/461
f 461/461/461 527/527/527 526/526/526
f 463/463/463 528/528/528 462/462/462
f 462/462/462 528/528/528 527/527/527
f 464/464/464 529/529/529 463/463/463
f 463/463/463 529/529/529 528/528/528
f 465/465/465 530/530/530 464/464/464
f 464/464/464 530/530/530 529/529/529
f 466/466/466 531/531/531 465/465/465
f 465/465/465 531/531/531 530/530/530
f 467/467/467 532/532/532 466/466/466
f 466/466/466 532/532/532 531/531/531
f 468/468/468 533/533/533 467/467/467
f 467/467/467 533/533/533 532/532/532
f 469/469/469 534/534/534 468/468/468
f 468/468/468 534/534/534 533/533/533
f 470/470/470 535/535/535 469/469/469
f 469/469/469 535/535/535 534/534/534
f 471/471/471 536/536/536 470/470/470
f 470/470/470 536/536/536 535/535/535
f 472/472/472 537/537/537 471/471/471
f 471/471/471 537/537/537 536/536/536
f 473/473/473 538/538/538 472/472/472
f 472/472/472 538/538/538 537/537/537
f 474/474/474 539/539/539 473/473/473
f 473/473/473 539/539/539 538/538/538
f 475/475/475 540/540/540 474/474/474
f 474/474/474 540/540/540 539/539/539
f 476/476/476 541/541/541 475/475/475
f 475/475/475 541/541/541 540/540/540
f 477/477/477 542/542/542 476/476/476
f 476/476/476 542/542/542 541/541/541
f 478/478/478 543/543/543 477/477/477
f 477/477/477 543/543/543 542/542/542
f 479/479/479 544/544/544 478/478/478
f 478/478/478 544/544/544 543/543/543
f 480/480/480 545/545/545 479/479/479
f 479/479/479 545/545/545 544/544/544
f 481/481/481 546/546/546 480/480/480
f 480/480/480 546/546/546 545/545/545
f 482/482/482 547/547/547 481/481/481
f 481/481/481 547/547/547 546/546/546
f 483/483/483 548/548/548 482/482/482
f 482/482/482 548/548/548 547/547/547
f 484/484/484 549/549/549 483/483/483
f 483/483/483 549/549/549 548/548/548
f 485/485/485 550/550/550 484/484/484
f 484/484/484 550/550/550 549/549/549
f 486/486/486 551/551/551 485/485/485
f 485/485/485 551/551/551 550/550/550
f 487/487/487 552/552/552 486/486/486
f 486/486/486 552/552/552 551/551/551
f 488/488/488 553/553/553 487/487/487
f 487/487/487 553/553/553 552/552/552
f 489/489/489 554/554/554 488/488/488
f 488/488/488 554/554/554 553/553/553
f 490/490/490 555/555/555 489/489/489
f 489/489/489 555/555/555 554/554/554
f 491/491/491 556/556/556 490/490/490
f 490/490/490 556/556/556 555/555/555
f 492/492/492 557/557/557 491/491/491
f 491/491/491 557/557/557 556/556/556
f 493/493/493 558/558/558 492/492/492
f 492/492/492 558/558/558 557/557/557
f 494/494/494 559/559/559 493/493/493
f 493/493/493 559/559/559 558/558/558
f 495/495/495 560/560/560 494/494/494
f 494/494/494 560/560/560 559/559/559
f 496/496/496 561/561/561 495/495/495
f 495/495/495 561/561/561 560/560/560
f 497/497/497 562/562/562 496/496/496
f 496/496/496 562/562/562 561/561/561
f 498/498/498 563/563/563 497/497/497
f 497/497/497 563/563/563 562/562/562
f 499/499/499 564/564/564 498/498/498
f 498/498/498 564/564/564 563/563/563
f 500/500/500 565/565/565 499/499/499
f 499/499/499 565/565/565 564/564/564
f 501/501/501 566/566/566 500/500/500
f 500/500/500 566/566/566 565/565/565
f 502/502/502 567/567/567 501/501/501
f 501/501/501 567/567/567 566/566/566
f 503/503/503 568/568/568 502/502/502
f 502/502/502 568/568/568 567/567/567
f 504/504/504 569/569/569 503/503/503
f 503/503/503 569/569/569 568/568/568
f 505/505/505 570/570/570 504/504/504
f 504/504/504 570/570/570 569/569/569
f 506/506/506 571/571/571 505/505/505
f 505/505/505 571/571/571 570/570/570
f 507/507/507 572/572/572 506/506/506
f 506/506/506 572/572/572 571/571/571
f 508/508/508 573/573/573 507/507/507
f 507/507/507 573/573/573 572/572/572
f 509/509/509 574/574/574 508/508/508
f 508/508/508 574/574/574 573/573/573
f 510/510/510 575/575/575 509/509/509
f 509/509/509 575/575/575 574/574/574
f 511/511/511 576/576/576 510/510/510
f 510/510/510 576/576/576 575/575/575
f 512/512/512 577/577/577 511/511/511
f 511/511/511 577/577/577 576/576/576
f 513/513/513 578/578/578 512/512/512
f 512/512/512 578/578/578 577/577/577
f 514/514/514 579/579/579 513/513/513
f 513/513/513 579/579/579 578/578/578
f 515/515/515 580/580/580 514/514/514
f 514/514/514 580/580/580 579/579/579
f 516/516/516 581/581/581 515/515/515
f 515/515/515 581/581/581 580/580/580
f 517/517/517 582/582/582 516/516/516
f 516/516/516 582/582/582 581/581/581
f 518/518/518 583/583/583 517/517/517
f 517/517/517 583/583/583 582/582/582
f 519/519/519 584/584/584 518/518/518
f 518/518/518 584/584/584 583/583/583
f 520/520/520 585/585/585 519/519/519
f 519/519/519 585/585/585 584/584/584
f 522/522/522 587/587/587 521/521/521
f 521/521/521 587/587/587 586/586/586
f 523/523/523 588/588/588 522/522/522
f 522/522/522 588/588/588 587/587/587
f 524/524/524 589/589/589 523/523/523
f 523/523/523 589/589/589 588/588/588
f 525/525/525 590/590/590 524/524/524
f 524/524/524 590/590/590 589/589/589
f 526/526/526 591/591/591 525/525/525
f 525/525/525 591/591/591 590/590/590
f 527/527/527 592/592/592 526/526/526
f 526/526/526 592/592/592 591/591/591
f 528/528/528 593/593/593 527/527/527
f 527/527/527 593/593/593 592/592/592
f 529/529/529 594/594/594 528/528/528
f 528/528/528 594/594/594 593/593/593
f 530/530/530 595/595/595 529/529/529
f 529/529/529 595/595/595 594/594/594
f 531/531/531 596/596/596 530/530/530
f 530/530/530 596/596/596 595/595/595
f 532/532/532 597/597/597 531/531/531
f 531/531/531 597/597/597 596/596/596
f 533/533/533 598/598/598 532/532/532
f 532/532/532 598/598/598 597/597/597
f 534/534/534 599/599/599 533/533/533
f 533/533/533 599/599/599 598/598/598
f 535/535/535 600/600/600 534/534/534
f 534/534/534 600/600/600 599/599/599
f 536/536/536 601/601/601 535/535/535
f 535/535/535 601/601/601 600/600/600
f 537/537/537 602/602/602 536/536/536
f 536/536/536 602/602/602 601/601/601
f 538/538/538 603/603/603 537/537/537
f 537/537/537 603/603/603 602/602/602
f 539/539/539 604/604/604 538/538/538
f 538/538/538 604/604/604 603/603/603
f 540/540/540 605/605/605 539/539/539
f 539/539/539 605/605/605 604/604/604
f 541/541/541 606/606/606 540/540/540
f 540/540/540 606/606/606 605/605/605
f 542/542/542 607/607/607 541/541/541
f 541/541/541 607/607/607 606/606/606
f 543/543/543 608/608/608 542/542/542
f 542/542/542 608/608/608 607/607/607
f 544/544/544 609/609/609 543/543/543
f 543/543/543 609/609/609 608/608/608
f 545/545/545 610/610/610 544/544/544
f 544/544/544 610/610/610 609/609/609
f 546/546/546 611/611/611 545/545/545
f 545/545/545 611/611/611 610/610/610
f 547/547/547 612/612/612 546/546/546
f 546/546/546 612/612/612 611/611/611
f 548/548/548 613/613/613 547/547/547
f 547/547/547 613/613/613 612/612/612
f 549/549/549 614/614/614 548/548/548
f 548/548/548 614/614/614 613/613/613
f 550/550/550 615/615/615 549/549/549
f 549/549/549 615/615/615 614/614/614
f 551/551/551 616/616/616 550/550/550
f 550/550/550 616/616/616 615/615/615
f 552/552/552 617/617/617 551/551/551
f 551/551/551 617/617/617 616/616/616
f 553/553/553 618/618/618 552/552/552
f 552/552/552 618/618/618 617/617/617
f 554/554/554 619/619/619 553/553/553
f 553/553/553 619/619/619 618/618/618
f 555/555/555 620/620/620 554/554/554
f 554/554/554 620/620/620 619/619/619
f 556/556/556 621/621/621 555/555/555
f 555/555/555 621/621/621 620/620/620
f 557/557/557 622/622/622 556/556/556
f 556/556/556 622/622/622 621/621/621
f 558/558/558 623/623/623 557/557/557
f 557/557/557 623/623/623 622/622/622
f 559/559/559 624/624/624 558/558/558
f 558/558/558 624/624/624 623/623/623
f 560/560/560 625/625/625 559/559/559
f 559/559/559 625/625/625 624/624/624
f 561/561/561 626/626/626 560/560/560
f 560/560/560 626/626/626 625/625/625
f 562/562/562 627/627/627 561/561/561
f 561/561/561 627/627/627 626/626/626
f 563/563/563 628/628/628 562/562/562
f 562/562/562 628/628/628 627/627/627
f 564/564/564 629/629/629 563/563/563
f 563/563/563 629/629/629 628/628/628
f 565/565/565 630/630/630 564/564/564
f 564/564/564 630/630/630 629/629/629
f 566/566/566 631/631/631 565/565/565
f 565/565/565 631/631/631 630/630/630
f 567/567/567 632/632/632 566/566/566
f 566/566/566 632/632/632 631/631/631
f 568/568/568 633/633/633 567/567/567
f 567/567/567 633/633/633 632/632/632
f 569/569/569 634/634/634 568/568/568
f 568/568/568 634/634/634 633/633/633
f 570/570/570 635/635/635 569/569/569
f 569/569/569 635/635/635 634/634/634
f 571/571/571 636/636/636 570/570/570
f 570/570/570 636/636/636 635/635/635
f 572/572/572 637/637/637 571/571/571
f 571/571/571 637/637/637 636/636/636
f 573/573/573 638/638/638 572/572/572
f 572/572/572 638/638/638 637/637/637
f 574/574/574 639/639/639 573/573/573
f 573/573/573 639/639/639 638/638/638
f 575/575/575 640/640/640 574/574/574
f 574/574/574 640/640/640 639/639/639
f 576/576/576 641/641/641 575/575/575
f 575/575/575 641/641/641 640/640/640
f 577/577/577 642/642/642 576/576/576
f 576/576/576 642/642/642 641/641/641
f 578/578/578 643/643/643 577/577/577
f 577/577/577 643/643/643 642/642/642
f 579/579/579 644/644/644 578/578/578
f 578/578/578 644/644/644 643/643/643
f 580/580/580 645/645/645 579/579/579
f 579/579/579 645/645/645 644/644/644
f 581/581/581 646/646/646 580/580/580
f 580/580/580 646/646/646 645/645/645
f 582/582/582 647/647/647 581/581/581
f 581/581/581 647/647/647 646/646/646
f 583/583/583 648/648/648 582/582/582
f 582/582/582 648/648/648 647/647/647
f 584/584/584 649/649/649 583/583/583
f 583/583/583 649/649/649 648/648/648
f 585/585/585 650/650/650 584/584/584
f 584/584/584 650/650/650 649/649/649
f 587/587/587 652/652/652 586/586/586
f 586/586/586 652/652/652 651/651/651
f 588/588/588 653/653/653 587/587/587
f 587/587/587 653/653/653 652/652/652
f 589/589/589 654/654/654 588/588/588
f 588/588/588 654/654/654 653/653/653
f 590/590/590 655/655/655 589/589/589
f 589/589/589 655/655/655 654/654/654
f 591/591/591 656/656/656 590/590/590
f 590/590/590 656/656/656 655/655/655
f 592/592/592 657/657/657 591/591/591
f 591/591/591 657/657/657 656/656/656
f 593/593/593 658/658/658 592/592/592
f 592/592/592 658/658/658 657/657/657
f 594/594/594 659/659/659 593/593/593
f 593/593/593 659/659/659 658/658/658
f 595/595/595 660/660/660 594/594/594
f 594/594/594 660/660/660 659/659/659
f 596/596/596 661/661/661 595/595/595
f 595/595/595 661/661/661 660/660/660
f 597/597/597 662/662/662 596/596/596
f 596/596/596 662/662/662 661/661/661
f 598/598/598 663/663/663 597/597/597
f 597/597/597 663/663/663 662/662/662
f 599/599/599 664/664/664 598/598/598
f 598/598/598 664/664/664 663/663/663
f 600/600/600 665/665/665 599/599/599
f 599/599/599 665/665/665 664/664/664
f 601/601/601 666/666/666 600/600/600
f 600/600/600 666/666/666 665/665/665
f 602/602/602 667/667/667 601/601/601
f 601/601/601 667/667/667 666/666/666
f 603/603/603 668/668/668 602/602/602
f 602/602/602 668/668/668 667/667/667
f 604/604/604 669/669/669 603/603/603
f 603/603/603 669/669/669 668/668/668
f 605/605/605 670/670/670 604/604/604
f 604/604/604 670/670/670 669/669/669
f 606/606/606 671/671/671 605/605/605
f 605/605/605 671/671/671 670/670/670
f 607/607/607 672/672/672 606/606/606
f 606/606/606 672/672/672 671/671/671
f 608/608/608 673/673/673 607/607/607
f 607/607/607 673/673/673 672/672/672
f 609/609/609 674/674/674 608/608/608
f 608/608/608 674/674/674 673/673/673
f 610/610/610 675/675/675 609/609/609
f 609/609/609 675/675/675 674/674/674
f 611/611/611 676/676/676 610/610/610
f 610/610/610 676/676/676 675/675/675
f 612/612/612 677/677/677 611/611/611
f 611/611/611 677/677/677 676/676/676
f 613/613/613 678/678/678 612/612/612
f 612/612/612 678/678/678 677/677/677
f 614/614/614 679/679/679 613/613/613
f 613/613/613 679/679/679 678/678/678
f 615/615/615 680/680/680 614/614/614
f 614/614/614 680/680/680 679/679/679
f 616/616/616 681/681/681 615/615/615
f 615/615/615 681/681/681 680/680/680
f 617/617/617 682/682/682 616/616/616
f 616/616/616 682/682/682 681/681/681
f 618/618/618 683/683/683 617/617/617
f 617/617/617 683/683/683 682/682/682
f 619/619/619 684/684/684 618/618/618
f 618/618/618 684/684/684 683/683/683
f 620/620/620 685/685/685 619/619/619
f 619/619/619 685/685/685 684/684/684
f 621/621/621 686/686/686 620/620/620
f 620/620/620 686/686/686 685/685/685
f 622/622/622 687/687/687 621/621/621
f 621/621/621 687/687/687 686/686/686
f 623/623/623 688/688/688 622/622/622
f 622/622/622 688/688/688 687/687/687
f 624/624/624 689/689/689 623/623/623
f 623/623/623 689/689/689 688/688/688
f 625/625/625 690/690/690 624/624/624
f 624/624/624 690/690/690 689/689/689
f 626/626/626 691/691/691 625/625/625
f 625/625/625 691/691/691 690/690/690
f 627/627/627 692/692/692 626/626/626
f 626/626/626 692/692/692 691/691/691
f 628/628/628 693/693/693 627/627/627
f 627/627/627 693/693/693 692/692/692
f 629/629/629 694/694/694 628/628/628
f 628/628/628 694/694/694 693/693/693
f 630/630/630 695/695/695 629/629/629
f 629/629/629 695/695/695 694/694/694
f 631/631/631 696/696/696 630/630/630
f 630/630/630 696/696/696 695/695/695
f 632/632/632 697/697/697 631/631/631
f 631/631/631 697/697/697 696/696/696
f 633/633/633 698/698/698 632/632/632
f 632/632/632 698/698/698 697/697/697
f 634/634/634 699/699/699 633/633/633
f 633/633/633 699/699/699 698/698/698
f 635/635/635 700/700/700 634/634/634
f 634/634/634 700/700/700 699/699/699
f 636/636/636 701/701/701 635/635/635
f 635/635/635 701/701/701 700/700/700
f 637/637/637 702/702/702 636/636/636
f 636/636/636 702/702/702 701/701/701
f 638/638/638 703/703/703 637/637/637
f 637/637/637 703/703/703 702/702/702
f 639/639/639 704/704/704 638/638/638
f 638/638/638 704/704/704 703/703/703
f 640/640/640 705/705/705 639/639/639
f 639/639/639 705/705/705 704/704/704
f 641/641/641 706/706/706 640/640/640
f 640/640/640 706/706/706 705/705/705
f 642/642/642 707/707/707 641/641/641
f 641/641/641 707/707/707 706/706/706
f 643/643/643 708/708/708 642/642/642
f 642/642/642 708/708/708 707/707/707
f 644/644/644 709/709/709 643/643/643
f 643/643/643 709/709/709 708/708/708
f 645/645/645 710/710/710 644/644/644
f 644/644/644 710/710/710 709/709/709
f 646/646/646 711/711/711 645/645/645
f 645/645/645 711/711/711 710/710/710
f 647/647/647 712/712/712 646/646/646
f 646/646/646 712/712/712 711/711/711
f 648/648/648 713/713/713 647/647/647
f 647/647/647 713/713/713 712/712/712
f 649/649/649 714/714/714 648/648/648
f 648/648/648 714/714/714 713/713/713
f 650/650/650 715/715/715 649/649/649
f 649/649/649 715/715/715 714/714/714
f 652/652/652 717/717/717 651/651/651
f 651/651/651 717/717/717 716/716/716
f 653/653/653 718/718/718 652/652/652
f 652/652/652 718/718/718 717/717/717
f 654/654/654 719/719/719 653/653/653
f 653/653/653 719/719/719 718/718/718
f 655/655/655 720/720/720 654/654/654
f 654/654/654 720/720/720 719/719/719
f 656/656/656 721/721/721 655/655/655
f 655/655/655 721/721/721 720/720/720
f 657/657/657 722/722/722 656/656/656
f 656/656/656 722/722/722 721/721/721
f 658/658/658 723/723/723 657/657/657
f 657/657/657 723/723/723 722/722/722
f 659/659/659 724/724/724 658/658/658
f 658/658/658 724/724/724 723/723/723
f 660/660/660 725/725/725 659/659/659
f 659/659/659 725/725/725 724/724/724
f 661/661/661 726/726/726 660/660/660
f 660/660/660 726/726/726 725/725/725
f 662/662/662 727/727/727 661/661/661
f 661/661/661 727/727/727 726/726/726
f 663/663/663 728/728/728 662/662/662
f 662/662/662 728/728/728 727/727/727
f 664/664/664 729/729/729 663/663/663
f 663/663/663 729/729/729 728/728/728
f 665/665/665 730/730/730 664/664/664
f 664/664/664 730/730/730 729/729/729
f 666/666/666 731/731/731 665/665/665
f 665/665/665 731/731/731 730/730/730
f 667/667/667 732/732/732 666/666/666
f 666/666/666 732/732/732 731/731/731
f 668/668/668 733/733/733 667/667/667
f 667/667/667 733/733/733 732/732/732
f 669/669/669 734/734/734 668/668/668
f 668/668/668 734/734/734 733/733/733
f 670/670/670 735/735/735 669/669/669
f 669/669/669 735/735/735 734/734/734
f 671/671/671 736/736/736 670/670/670
f 670/670/670 736/736/736 735/735/735
f 672/672/672 737/737/737 671/671/671
f 671/671/671 737/737/737 736/736/736
f 673/673/673 738/738/738 672/672/672
f 672/672/672 738/738/738 737/737/737
f 674/674/674 739/739/739 673/673/673
f 673/673/673 739/739/739 738/738/738
f 675/675/675 740/740/740 674/674/674
f 674/674/674 740/740/740 739/739/739
f 676/676/676 741/741/741 675/675/675
f 675/675/675 741/741/741 740/740/740
f 677/677/677 742/742/742 676/676/676
f 676/676/676 742/742/742 741/741/741
f 678/678/678 743/743/743 677/677/677
f 677/677/677 743/743/743 742/742/742
f 679/679/679 744/744/744 678/678/678
f 678/678/678 744/744/744 743/743/743
f 680/680/680 745/745/745 679/679/679
f 679/679/679 745/745/745 744/744/744
f 681/681/681 746/746/746 680/680/680
f 680/680/680 746/746/746 745/745/745
f 682/682/682 747/747/747 681/681/681
f 681/681/681 747/747/747 746/746/746
f 683/683/683 748/748/748 682/682/682
f 682/682/682 748/748/748 747/747/747
f 684/684/684 749/749/749 683/683/683
f 683/683/683 749/749/749 748/748/748
f 685/685/685 750/750/750 684/684/684
f 684/684/684 750/750/750 749/749/749
f 686/686/686 751/751/751 685/685/685
f 685/685/685 751/751/751 750/750/750
f 687/687/687 752/752/752 686/686/686
f 686/686/686 752/752/752 751/751/751
f 688/688/688 753/753/753 687/687/687
f 687/687/687 753/753/753 752/752/752
f 689/689/689 754/754/754 688/688/688
f 688/688/688 754/754/754 753/753/753
f 690/690/690 755/755/755 689/689/689
f 689/689/689 755/755/755 754/754/754
f 691/691/691 756/756/756 690/690/690
f 690/690/690 756/756/756 755/755/755
f 692/692/692 757/757/757 691/691/691
f 691/691/691 757/757/757 756/756/756
f 693/693/693 758/758/758 692/692/692
f 692/692/692 758/758/758 757/757/757
f 694/694/694 759/759/759 693/693/693
f 693/693/693 759/759/759 758/758/758
f 695/695/695 760/760/760 694/694/694
f 694/694/694 760/760/760 759/759/759
f 696/696/696 761/761/761 695/695/695
f 695/695/695 761/761/761 760/760/760
f 697/697/697 762/762/762 696/696/696
f 696/696/696 762/762/762 761/761/761
f 698/698/698 763/763/763 697/697/697
f 697/697/697 763/763/763 762/762/762
f 699/699/699 764/764/764 698/698/698
f 698/698/698 764/764/764 763/763/763
f 700/700/700 765/765/765 699/699/699
f 699/699/699 765/765/765 764/764/764
f 701/701/701 766/766/766 700/700/700
f 700/700/700 766/766/766 765/765/765
f 702/702/702 767/767/767 701/701/701
f 701/701/701 767/767/767 766/766/766
f 703/703/703 768/768/768 702/702/702
f 702/702/702 768/768/768 767/767/767
f 704/704/704 769/769/769 703/703/703
f 703/703/703 769/769/769 768/768/768
f 705/705/705 770/770/770 704/704/704
f 704/704/704 770/770/770 769/769/769
f 706/706/706 771/771/771 705/705/705
f 705/705/705 771/771/771 770/770/770
f 707/707/707 772/772/772 706/706/706
f 706/706/706 772/772/772 771/771/771
f 708/708/708 773/773/773 707/707/707
f 707/707/707 773/773/773 772/772/772
f 709/709/709 774/774/774 708/708/708
f 708/708/708 774/774/774 773/773/773
f 710/710/710 775/775/775 709/709/709
f 709/709/709 775/775/775 774/774/774
f 711/711/711 776/776/776 710/710/710
f 710/710/710 776/776/776 775/775/775
f 712/712/712 777/777/777 711/711/711
f 711/711/711 777/777/777 776/776/776
f 713/713/713 778/778/778 712/712/712
f 712/712/712 778/778/778 777/777/777
f 714/714/714 779/779/779 713/713/713
f 713/713/713 779/779/779 778/778/778
f 715/715/715 780/780/780 714/714/714
f 714/714/714 780/780/780 779/779/779
f 717/717/717 782/782/782 716/716/716
f 716/716/716 782/782/782 781/781/781
f 718/718/718 783/783/783 717/717/717
f 717/717/717 783/783/783 782/782/782
f 719/719/719 784/784/784 718/718/718
f 718/718/718 784/784/784 783/783/783
f 720/720/720 785/785/785 719/719/719
f 719/719/719 785/785/785 784/784/784
f 721/721/721 786/786/786 720/720/720
f 720/720/720 786/786/786 785/785/785
f 722/722/722 787/787/787 721/721/721
f 721/721/721 787/787/787 786/786/786
f 723/723/723 788/788/788 722/722/722
f 722/722/722 788/788/788 787/787/787
f 724/724/724 789/789/789 723/723/723
f 723/723/723 789/789/789 788/788/788
f 725/725/725 790/790/790 724/724/724
f 724/724/724 790/790/790 789/789/789
f 726/726/726 791/791/791 725/725/725
f 725/725/725 791/791/791 790/790/790
f 727/727/727 792/792/792 726/726/726
f 726/726/726 792/792/792 791/791/791
f 728/728/728 793/793/793 727/727/727
f 727/727/727 793/793/793 792/792/792
f 729/729/729 794/794/794 728/728/728
f 728/728/728 794/794/794 793/793/793
f 730/730/730 795/795/795 729/729/729
f 729/729/729 795/795/795 794/794/794
f 731/731/731 796/796/796 730/730/730
f 730/730/730 796/796/796 795/795/795
f 732/732/732 797/797/797 731/731/731
f 731/731/731 797/797/797 796/796/796
f 733/733/733 798/798/798 732/732/732
f 732/732/732 798/798/798 797/797/797
f 734/734/734 799/799/799 733/733/733
f 733/733/733 799/799/799 798/798/798
f 735/735/735 800/800/800 734/734/734
f 734/734/734 800/800/800 799/799/799
f 736/736/736 801/801/801 735/735/735
f 735/735/735 801/801/801 800/800/800
f 737/737/737 802/802/802 736/736/736
f 736/736/736 802/802/802 801/801/801
f 738/738/738 803/803/803 737/737/737
f 737/737/737 803/803/803 802/802/802
f 739/739/739 804/804/804 738/738/738
f 738/738/738 804/804/804 803/803/803
f 740/740/740 805/805/805 739/739/739
f 739/739/739 805/805/805 804/804/804
f 741/741/741 806/806/806 740/740/740
f 740/740/740 806/806/806 805/805/805
f 742/742/742 807/807/807 741/741/741
f 741/741/741 807/807/807 806/806/806
f 743/743/743 808/808/808 742/742/742
f 742/742/742 808/808/808 807/807/807
f 744/744/744 809/809/809 743/743/743
f 743/743/743 809/809/809 808/808/808
f 745/745/745 810/810/810 744/744/744
f 744/744/744 810/810/810 809/809/809
f 746/746/746 811/811/811 745/745/745
f 745/745/745 811/811/811 810/810/810
f 747/747/747 812/812/812 746/746/746
f 746/746/746 812/812/812 811/811/811
f 748/748/748 813/813/813 747/747/747
f 747/747/747 813/813/813 812/812/812
f 749/749/749 814/814/814 748/748/748
f 748/748/748 814/814/814 813/813/813
f 750/750/750 815/815/815 749/749/749
f 749/749/749 815/815/815 814/814/814
f 751/751/751 816/816/816 750/750/750
f 750/750/750 816/816/816 815/815/815
f 752/752/752 817/817/817 751/751/751
f 751/751/751 817/817/817 816/816/816
f 753/753/753 818/818/818 752/752/752
f 752/752/752 818/818/818 817/817/817
f 754/754/754 819/819/819 753/753/753
f 753/753/753 819/819/819 818/818/818
f 755/755/755 820/820/820 754/754/754
f 754/754/754 820/820/820 819/819/819
f 756/756/756 821/821/821 755/755/755
f 755/755/755 821/821/821 820/820/820
f 757/757/757 822/822/822 756/756/756
f 756/756/756 822/822/822 821/821/821
f 758/758/758 823/823/823 757/757/757
f 757/757/757 823/823/823 822/822/822
f 759/759/759 824/824/824 758/758/758
f 758/758/758 824/824/824 823/823/823
f 760/760/760 825/825/825 759/759/759
f 759/759/759 825/825/825 824/824/824
f 761/761/761 826/826/826 760/760/760
f 760/760/760 826/826/826 825/825/825
f 762/762/762 827/827/827 761/761/761
f 761/761/761 827/827/827 826/826/826
f 763/763/763 828/828/828 762/762/762
f 762/762/762 828/828/828 827/827/827
f 764/764/764 829/829/829 763/763/763
f 763/763/763 829/829/829 828/828/828
f 765/765/765 830/830/830 764/764/764
f 764/764/764 830/830/830 829/829/829
f 766/766/766 831/831/831 765/765/765
f 765/765/765 831/831/831 830/830/830
f 767/767/767 832/832/832 766/766/766
f 766/766/766 832/832/832 831/831/831
f 768/768/768 833/833/833 767/767/767
f 767/767/767 833/833/833 832/832/832
f 769/769/769 834/834/834 768/768/768
f 768/768/768 834/834/834 833/833/833
f 770/770/770 835/835/835 769/769/769
f 769/769/769 835/835/835 834/834/834
f 771/771/771 836/836/836 770/770/770
f 770/770/770 836/836/836 835/835/835
f 772/772/772 837/837/837 771/771/771
f 771/771/771 837/837/837 836/836/836
f 773/773/773 838/838/838 772/772/772
f 772/772/772 838/838/838 837/837/837
f 774/774/774 839/839/839 773/773/773
f 773/773/773 839/839/839 838/838/838
f 775/775/775 840/840/840 774/774/774
f 774/774/774 840/840/840 839/839/839
f 776/776/776 841/841/841 775/775/775
f 775/775/775 841/841/841 840/840/840
f 777/777/777 842/842/842 776/776/776
f 776/776/776 842/842/842 841/841/841
f 778/778/778 843/843/843 777/777/777
f 777/777/777 843/843/843 842/842/842
f 779/779/779 844/844/844 778/778/778
f 778/778/778 844/844/844 843/843/843
f 780/780/780 845/845/845 779/779/779
f 779/779/779 845/845/845 844/844/844
f 782/782/782 847/847/847 781/781/781
f 781/781/781 847/847/847 846/846/846
f 783/783/783 848/848/848 782/782/782
f 782/782/782 848/848/848 847/847/847
f 784/784/784 849/849/849 783/783/783
f 783/783/783 849/849/849 848/848/848
f 785/785/785 850/850/850 784/784/784
f 784/784/784 850/850/850 849/849/849
f 786/786/786 851/851/851 785/785/785
f 785/785/785 851/851/851 850/850/850
f 787/787/787 852/852/852 786/786/786
f 786/786/786 852/852/852 851/851/851
f 788/788/788 853/853/853 787/787/787
f 787/787/787 853/853/853 852/852/852
f 789/789/789 854/854/854 788/788/788
f 788/788/788 854/854/854 853/853/853
f 790/790/790 855/855/855 789/789/789
f 789/789/789 855/855/855 854/854/854
f 791/791/791 856/856/856 790/790/790
f 790/790/790 856/856/856 855/855/855
f 792/792/792 857/857/857 791/791/791
f 791/791/791 857/857/857 856/856/856
f 793/793/793 858/858/858 792/792/792
f 792/792/792 858/858/858 857/857/857
f 794/794/794 859/859/859 793/793/793
f 793/793/793 859/859/859 858/858/858
f 795/795/795 860/860/860 794/794/794
f 794/794/794 860/860/860 859/859/859
f 796/796/796 861/861/861 795/795/795
f 795/795/795 861/861/861 860/860/860
f 797/797/797 862/862/862 796/796/796
f 796/796/796 862/862/862 861/861/861
f 798/798/798 863/863/863 797/797/797
f 797/797/797 863/863/863 862/862/862
f 799/799/799 864/864/864 798/798/798
f 798/798/798 864/864/864 863/863/863
f 800/800/800 865/865/865 799/799/799
f 799/799/799 865/865/865 864/864/864
f 801/801/801 866/866/866 800/800/800
f 800/800/800 866/866/866 865/865/865
f 802/802/802 867/867/867 801/801/801
f 801/801/801 867/867/867 866/866/866
f 803/803/803 868/868/868 802/802/802
f 802/802/802 868/868/868 867/867/867
f 804/804/804 869/869/869 803/803/803
f 803/803/803 869/869/869 868/868/868
f 805/805/805 870/870/870 804/804/804
f 804/804/804 870/870/870 869/869/869
f 806/806/806 871/871/871 805/805/805
f 805/805/805 871/871/871 870/870/870
f 807/807/807 872/872/872 806/806/806
f 806/806/806 872/872/872 871/871/871
f 808/808/808 873/873/873 807/807/807
f 807/807/807 873/873/873 872/872/872
f 809/809/809 874/874/874 808/808/808
f 808/808/808 874/874/874 873/873/873
f 810/810/810 875/875/875 809/809/809
f 809/809/809 875/875/875 874/874/874
f 811/811/811 876/876/876 810/810/810
f 810/810/810 876/876/876 875/875/875
f 812/812/812 877/877/877 811/811/811
f 811/811/811 877/877/877 876/876/876
f 813/813/813 878/878/878 812/812/812
f 812/812/812 878/878/878 877/877/877
f 814/814/814 879/879/879 813/813/813
f 813/813/813 879/879/879 878/878/878
f 815/815/815 880/880/880 814/814/814
f 814/814/814 880/880/880 879/879/879
f 816/816/816 881/881/881 815/815/815
f 815/815/815 881/881/881 880/880/880
f 817/817/817 882/882/882 816/816/816
f 816/816/816 882/882/882 881/881/881
f 818/818/818 883/883/883 817/817/817
f 817/817/817 883/883/883 882/882/882
f 819/819/819 884/884/884 818/818/818
f 818/818/818 884/884/884 883/883/883
f 820/820/820 885/885/885 819/819/819
f 819/819/819 885/885/885 884/884/884
f 821/821/821 886/886/886 820/820/820
f 820/820/820 886/886/886 885/885/885
f 822/822/822 887/887/887 821/821/821
f 821/821/821 887/887/887 886/886/886
f 823/823/823 888/888/888 822/822/822
f 822/822/822 888/888/888 887/887/887
f 824/824/824 889/889/889 823/823/823
f 823/823/823 889/889/889 888/888/888
f 825/825/825 890/890/890 824/824/824
f 824/824/824 890/890/890 889/889/889
f 826/826/826 891/891/891 825/825/825
f 825/825/825 891/891/891 890/890/890
f 827/827/827 892/892/892 826/826/826
f 826/826/826 892/892/892 891/891/891
f 828/828/828 893/893/893 827/827/827
f 827/827/827 893/893/893 892/892/892
f 829/829/829 894/894/894 828/828/828
f 828/828/828 894/894/894 893/893/893
f 830/830/830 895/895/895 829/829/829
f 829/829/829 895/895/895 894/894/894
f 831/831/831 896/896/896 830/830/830
f 830/830/830 896/896/896 895/895/895
f 832/832/832 897/897/897 831/831/831
f 831/831/831 897/897/897 896/896/896
f 833/833/833 898/898/898 832/832/832
f 832/832/832 898/898/898 897/897/897
f 834/834/834 899/899/899 833/833/833
f 833/833/833 899/899/899 898/898/898
f 835/835/835 900/900/900 834/834/834
f 834/834/834 900/900/900 899/899/899
f 836/836/836 901/901/901 835/835/835
f 835/835/835 901/901/901 900/900/900
f 837/837/837 902/902/902 836/836/836
f 836/836/836 902/902/902 901/901/901
f 838/838/838 903/903/903 837/837/837
f 837/837/837 903/903/903 902/902/902
f 839/839/839 904/904/904 838/838/838
f 838/838/838 904/904/904 903/903/903
f 840/840/840 905/905/905 839/839/839
f 839/839/839 905/905/905 904/904/904
f 841/841/841 906/906/906 840/840/840
f 840/840/840 906/906/906 905/905/905
f 842/842/842 907/907/907 841/841/841
f 841/841/841 907/907/907 906/906/906
f 843/843/843 908/908/908 842/842/842
f 842/842/842 908/908/908 907/907/907
f 844/844/844 909/909/909 843/843/843
f 843/843/843 909/909/909 908/908/908
f 845/845/845 910/910/910 844/844/844
f 844/844/844 910/910/910 909/909/909
f 847/847/847 912/912/912 846/846/846
f 846/846/846 912/912/912 911/911/911
f 848/848/848 913/913/913 847/847/847
f 847/847/847 913/913/913 912/912/912
f 849/849/849 914/914/914 848/848/848
f 848/848/848 914/914/914 913/913/913
f 850/850/850 915/915/915 849/849/849
f 849/849/849 915/915/915 914/914/914
f 851/851/851 916/916/916 850/850/850
f 850/850/850 916/916/916 915/915/915
f 852/852/852 917/917/917 851/851/851
f 851/851/851 917/917/917 916/916/916
f 853/853/853 918/918/918 852/852/852
f 852/852/852 918/918/918 917/917/917
f 854/854/854 919/919/919 853/853/853
f 853/853/853 919/919/919 918/918/918
f 855/855/855 920/920/920 854/854/854
f 854/854/854 920/920/920 919/919/919
f 856/856/856 921/921/921 855/855/855
f 855/855/855 921/921/921 920/920/920
f 857/857/857 922/922/922 856/856/856
f 856/856/856 922/922/922 921/921/921
f 858/858/858 923/923/923 857/857/857
f 857/857/857 923/923/923 922/922/922
f 859/859/859 924/924/924 858/858/858
f 858/858/858 924/924/924 923/923/923
f 860/860/860 925/925/925 859/859/859
f 859/859/859 925/925/925 924/924/924
f 861/861/861 926/926/926 860/860/860
f 860/860/860 926/926/926 925/925/925
f 862/862/862 927/927/927 861/861/861
f 861/861/861 927/927/927 926/926/926
f 863/863/863 928/928/928 862/862/862
f 862/862/862 928/928/928 927/927/927
f 864/864/864 929/929/929 863/863/863
f 863/863/863 929/929/929 928/928/928
f 865/865/865 930/930/930 864/864/864
f 864/864/864 930/930/930 929/929/929
f 866/866/866 931/931/931 865/865/865
f 865/865/865 931/931/931 930/930/930
f 867/867/867 932/932/932 866/866/866
f 866/866/866 932/932/932 931/931/931
f 868/868/868 933/933/933 867/867/867
f 867/867/867 933/933/933 932/932/932
f 869/869/869 934/934/934 868/868/868
f 868/868/868 934/934/934 933/933/933
f 870/870/870 935/935/935 869/869/869
f 869/869/869 935/935/935 934/934/934
f 871/871/871 936/936/936 870/870/870
f 870/870/870 936/936/936 935/935/935
f 872/872/872 937/937/937 871/871/871
f 871/871/871 937/937/937 936/936/936
f 873/873/873 938/938/938 872/872/872
f 872/872/872 938/938/938 937/937/937
f 874/874/874 939/939/939 873/873/873
f 873/873/873 939/939/939 938/938/938
f 875/875/875 940/940/940 874/874/874
f 874/874/874 940/940/940 939/939/939
f 876/876/876 941/941/941 875/875/875
f 875/875/875 941/941/941 940/940/940
f 877/877/877 942/942/942 876/876/876
f 876/876/876 942/942/942 941/941/941
f 878/878/878 943/943/943 877/877/877
f 877/877/877 943/943/943 942/942/942
f 879/879/879 944/944/944 878/878/878
f 878/878/878 944/944/944 943/943/943
f 880/880/880 945/945/945 879/879/879
f 879/879/879 945/945/945 944/944/944
f 881/881/881 946/946/946 880/880/880
f 880/880/880 946/946/946 945/945/945
f 882/882/882 947/947/947 881/881/881
f 881/881/881 947/947/947 946/946/946
f 883/883/883 948/948/948 882/882/882
f 882/882/882 948/948/948 947/947/947
f 884/884/884 949/949/949 883/883/883
f 883/883/883 949/949/949 948/948/948
f 885/885/885 950/950/950 884/884/884
f 884/884/884 950/950/950 949/949/949
f 886/886/886 951/951/951 885/885/885
f 885/885/885 951/951/951 950/950/950
f 887/887/887 952/952/952 886/886/886
f 886/886/886 952/952/952 951/951/951
f 888/888/888 953/953/953 887/887/887
f 887/887/887 953/953/953 952/952/952
f 889/889/889 954/954/954 888/888/888
f 888/888/888 954/954/954 953/953/953
f 890/890/890 955/955/955 889/889/889
f 889/889/889 955/955/955 954/954/954
f 891/891/891 956/956/956 890/890/890
f 890/890/890 956/956/956 955/955/955
f 892/892/892 957/957/957 891/891/891
f 891/891/891 957/957/957 956/956/956
f 893/893/893 958/958/958 892/892/892
f 892/892/892 958/958/958 957/957/957
f 894/894/894 959/959/959 893/893/893
f 893/893/893 959/959/959 958/958/958
f 895/895/895 960/960/960 894/894/894
f 894/894/894 960/960/960 959/959/959
f 896/896/896 961/961/961 895/895/895
f 895/895/895 961/961/961 960/960/960
f 897/897/897 962/962/962 896/896/896
f 896/896/896 962/962/962 961/961/961
f 898/898/898 963/963/963 897/897/897
f 897/897/897 963/963/963 962/962/962
f 899/899/899 964/964/964 898/898/898
f 898/898/898 964/964/964 963/963/963
f 900/900/900 965/965/965 899/899/899
f 899/899/899 965/965/965 964/964/964
f 901/901/901 966/966/966 900/900/900
f 900/900/900 966/966/966 965/965/965
f 902/902/902 967/967/967 901/901/901
f 901/901/901 967/967/967 966/966/966
f 903/903/903 968/968/968 902/902/902
f 902/902/902 968/968/968 967/967/967
f 904/904/904 969/969/969 903/903/903
f 903/903/903 969/969/969 968/968/968
f 905/905/905 970/970/970 904/904/904
f 904/904/904 970/970/970 969/969/969
f 906/906/906 971/971/971 905/905/905
f 905/905/905 971/971/971 970/970/970
f 907/907/907 972/972/972 906/906/906
f 906/906/906 972/972/972 971/971/971
f 908/908/908 973/973/973 907/907/907
f 907/907/907 973/973/973 972/972/972
f 909/909/909 974/974/974 908/908/908
f 908/908/908 974/974/974 973/973/973
f 910/910/910 975/975/975 909/909/909
f 909/909/909 975/975/975 974/974/974
f 912/912/912 977/977/977 911/911/911
f 911/911/911 977/977/977 976/976/976
f 913/913/913 978/978/978 912/912/912
f 912/912/912 978/978/978 977/977/977
f 914/914/914 979/979/979 913/913/913
f 913/913/913 979/979/979 978/978/978
f 915/915/915 980/980/980 914/914/914
f 914/914/914 980/980/980 979/979/979
f 916/916/916 981/981/981 915/915/915
f 915/915/915 981/981/981 980/980/980
f 917/917/917 982/982/982 916/916/916
f 916/916/916 982/982/982 981/981/981
f 918/918/918 983/983/983 917/917/917
f 917/917/917 983/983/983 982/982/982
f 919/919/919 984/984/984 918/918/918
f 918/918/918 984/984/984 983/983/983
f 920/920/920 985/985/985 919/919/919
f 919/919/919 985/985/985 984/984/984
f 921/921/921 986/986/986 920/920/920
f 920/920/920 986/986/986 985/985/985
f 922/922/922 987/987/987 921/921/921
f 921/921/921 987/987/987 986/986/986
f 923/923/923 988/988/988 922/922/922
f 922/922/922 988/988/988 987/987/987
f 924/924/924 989/989/989 923/923/923
f 923/923/923 989/989/989 988/988/988
f 925/925/925 990/990/990 924/924/924
f 924/924/924 990/990/990 989/989/989
f 926/926/926 991/991/991 925/925/925
f 925/925/925 991/991/991 990/990/990
f 927/927/927 992/992/992 926/926/926
f 926/926/926 992/992/992 991/991/991
f 928/928/928 993/993/993 927/927/927
f 927/927/927 993/993/993 992/992/992
f 929/929/929 994/994/994 928/928/928
f 928/928/928 994/994/994 993/993/993
f 930/930/930 995/995/995 929/929/929
f 929/929/929 995/995/995 994/994/994
f 931/931/931 996/996/996 930/930/930
f 930/930/930 996/996/996 995/995/995
f 932/932/932 997/997/997 931/931/931
f 931/931/931 997/997/997 996/996/996
f 933/933/933 998/998/998 932/932/932
f 932/932/932 998/998/998 997/997/997
f 934/934/934 999/999/999 933/933/933
f 933/933/933 999/999/999 998/998/998
f 935/935/935 1000/1000/1000 934/934/934
f 934/934/934 1000/1000/1000 999/999/999
f 936/936/936 1001/1001/1001 935/935/935
f 935/935/935 1001/1001/1001 1000/1000/1000
f 937/937/937 1002/1002/1002 936/936/936
f 936/936/936 1002/1002/1002 1001/1001/1001
f 938/938/938 1003/1003/1003 937/937/937
f 937/937/937 1003/1003/1003 1002/1002/1002
f 939/939/939 1004/1004/1004 938/938/938
f 938/938/938 1004/1004/1004 1003/1003/1003
f 940/940/940 1005/1005/1005 939/939/939
f 939/939/939 1005/1005/1005 1004/1004/1004
f 941/941/941 1006/1006/1006 940/940/940
f 940/940/940 1006/1006/1006 1005/1005/1005
f 942/942/942 1007/1007/1007 941/941/941
f 941/941/941 1007/1007/1007 1006/1006/1006
f 943/943/943 1008/1008/1008 942/942/942
f 942/942/942 1008/1008/1008 1007/1007/1007
f 944/944/944 1009/1009/1009 943/943/943
f 943/943/943 1009/1009/1009 1008/1008/1008
f 945/945/945 1010/1010/1010 944/944/944
f 944/944/944 1010/1010/1010 1009/1009/1009
f 946/946/946 1011/1011/1011 945/945/945
f 945/945/945 1011/1011/1011 1010/1010/1010
f 947/947/947 1012/1012/1012 946/946/946
f 946/946/946 1012/1012/1012 1011/1011/1011
f 948/948/948 1013/1013/1013 947/947/947
f 947/947/947 1013/1013/1013 1012/1012/1012
f 949/949/949 1014/1014/1014 948/948/948
f 948/948/948 1014/1014/1014 1013/1013/1013
f 950/950/950 1015/1015/1015 949/949/949
f 949/949/949 1015/1015/1015 1014/1014/1014
f 951/951/951 1016/1016/1016 950/950/950
f 950/950/950 1016/1016/1016 1015/1015/1015
f 952/952/952 1017/1017/1017 951/951/951
f 951/951/951 1017/1017/1017 1016/1016/1016
f 953/953/953 1018/1018/1018 952/952/952
f 952/952/952 1018/1018/1018 1017/1017/1017
f 954/954/954 1019/1019/1019 953/953/953
f 953/953/953 1019/1019/1019 1018/1018/1018
f 955/955/955 1020/1020/1020 954/954/954
f 954/954/954 1020/1020/1020 1019/1019/1019
f 956/956/956 1021/1021/1021 955/955/955
f 955/955/955 1021/1021/1021 1020/1020/1020
f 957/957/957 1022/1022/1022 956/956/956
f 956/956/956 1022/1022/1022 1021/1021/1021
f 958/958/958 1023/1023/1023 957/957/957
f 957/957/957 1023/1023/1023 1022/1022/1022
f 959/959/959 1024/1024/1024 958/958/958
f 958/958/958 1024/1024/1024 1023/1023/1023
f 960/960/960 1025/1025/1025 959/959/959
f 959/959/959 1025/1025/1025 1024/1024/1024
f 961/961/961 1026/1026/1026 960/960/960
f 960/960/960 1026/1026/1026 1025/1025/1025
f 962/962/962 1027/1027/1027 961/961/961
f 961/961/961 1027/1027/1027 1026/1026/1026
f 963/963/963 1028/1028/1028 962/962/962
f 962/962/962 1028/1028/1028 1027/1027/1027
f 964/964/964 1029/1029/1029 963/963/963
f 963/963/963 1029/1029/1029 1028/1028/1028
f 965/965/965 1030/1030/1030 964/964/964
f 964/964/964 1030/1030/1030 1029/1029/1029
f 966/966/966 1031/1031/1031 965/965/965
f 965/965/965 1031/1031/1031 1030/1030/1030
f 967/967/967 1032/1032/1032 966/966/966
f 966/966/966 1032/1032/1032 1031/1031/1031
f 968/968/968 1033/1033/1033 967/967/967
f 967/967/967 1033/1033/1033 1032/1032/1032
f 969/969/969 1034/1034/1034 968/968/968
f 968/968/968 1034/1034/1034 1033/1033/1033
f 970/970/970 1035/1035/1035 969/969/969
f 969/969/969 1035/1035/1035 1034/1034/1034
f 971/971/971 1036/1036/1036 970/970/970
f 970/970/970 1036/1036/1036 1035/1035/1035
f 972/972/972 1037/1037/1037 971/971/971
f 971/971/971 1037/1037/1037 1036/1036/1036
f 973/973/973 1038/1038/1038 972/972/972
f 972/972/972 1038/1038/1038 1037/1037/1037
f 974/974/974 1039/1039/1039 973/973/973
f 973/973/973 1039/1039/1039 1038/1038/1038
f 975/975/975 1040/1040/1040 974/974/974
f 974/974/974 1040/1040/1040 1039/1039/1039
f 977/977/977 1042/1042/1042 976/976/976
f 976/976/976 1042/1042/1042 1041/1041/1041
f 978/978/978 1043/1043/1043 977/977/977
f 977/977/977 1043/1043/1043 1042/1042/1042
f 979/979/979 1044/1044/1044 978/978/978
f 978/978/978 1044/1044/1044 1043/1043/1043
f 980/980/980 1045/1045/1045 979/979/979
f 979/979/979 1045/1045/1045 1044/1044/1044
f 981/981/981 1046/1046/1046 980/980/980
f 980/980/980 1046/1046/1046 1045/1045/1045
f 982/982/982 1047/1047/1047 981/981/981
f 981/981/981 1047/1047/1047 1046/1046/1046
f 983/983/983 1048/1048/1048 982/982/982
f 982/982/982 1048/1048/1048 1047/1047/1047
f 984/984/984 1049/1049/1049 983/983/983
f 983/983/983 1049/1049/1049 1048/1048/1048
f 985/985/985 1050/1050/1050 984/984/984
f 984/984/984 1050/1050/1050 1049/1049/1049
f 986/986/986 1051/1051/1051 985/985/985
f 985/985/985 1051/1051/1051 1050/1050/1050
f 987/987/987 1052/1052/1052 986/986/986
f 986/986/986 1052/1052/1052 1051/1051/1051
f 988/988/988 1053/1053/1053 987/987/987
f 987/987/987 1053/1053/1053 1052/1052/1052
f 989/989/989 1054/1054/1054 988/988/988
f 988/988/988 1054/1054/1054 1053/1053/1053
f 990/990/990 1055/1055/1055 989/989/989
f 989/989/989 1055/1055/1055 1054/1054/1054
f 991/991/991 1056/1056/1056 990/990/990
f 990/990/990 1056/1056/1056 1055/1055/1055
f 992/992/992 1057/1057/1057 991/991/991
f 991/991/991 1057/1057/1057 1056/1056/1056
f 993/993/993 1058/1058/1058 992/992/992
f 992/992/992 1058/1058/1058 1057/1057/1057
f 994/994/994 1059/1059/1059 993/993/993
f 993/993/993 1059/1059/1059 1058/1058/1058
f 995/995/995 1060/1060/1060 994/994/994
f 994/994/994 1060/1060/1060 1059/1059/1059
f 996/996/996 1061/1061/1061 995/995/995
f 995/995/995 1061/1061/1061 1060/1060/1060
f 997/997/997 1062/1062/1062 996/996/996
f 996/996/996 1062/1062/1062 1061/1061/1061
f 998/998/998 1063/1063/1063 997/997/997
f 997/997/997 1063/1063/1063 1062/1062/1062
f 999/999/999 1064/1064/1064 998/998/998
f 998/998/998 1064/1064/1064 1063/1063/1063
f 1000/1000/1000 1065/1065/1065 999/999/999
f 999/999/999 1065/1065/1065 1064/1064/1064
f 1001/1001/1001 1066/1066/1066 1000/1000/1000
f 1000/1000/1000 1066/1066/1066 1065/1065/1065
f 1002/1002/1002 1067/1067/1067 1001/1001/1001
f 1001/1001/1001 1067/1067/1067 1066/1066/1066
f 1003/1003/1003 1068/1068/1068 1002/1002/1002
f 1002/1002/1002 1068/1068/1068 1067/1067/1067
f 1004/1004/1004 1069/1069/1069 1003/1003/1003
f 1003/1003/1003 1069/1069/1069 1068/1068/1068
f 1005/1005/1005 1070/1070/1070 1004/1004/1004
f 1004/1004/1004 1070/1070/1070 1069/1069/1069
f 1006/1006/1006 1071/1071/1071 1005/1005/1005
f 1005/1005/1005 1071/1071/1071 1070/1070/1070
f 1007/1007/1007 1072/1072/1072 1006/1006/1006
f 1006/1006/1006 1072/1072/1072 1071/1071/1071
f 1008/1008/1008 1073/1073/1073 1007/1007/1007
f 1007/1007/1007 1073/1073/1073 1072/1072/1072
f 1009/1009/1009 1074/1074/1074 1008/1008/1008
f 1008/1008/1008 1074/1074/1074 1073/1073/1073
f 1010/1010/1010 1075/1075/1075 1009/1009/1009
f 1009/1009/1009 1075/1075/1075 1074/1074/1074
f 1011/1011/1011 1076/1076/1076 1010/1010/1010
f 1010/1010/1010 1076/1076/1076 1075/1075/1075
f 1012/1012/1012 1077/1077/1077 1011/1011/1011
f 1011/1011/1011 1077/1077/1077 1076/1076/1076
f 1013/1013/1013 1078/1078/1078 1012/1012/1012
f 1012/1012/1012 1078/1078/1078 1077/1077/1077
f 1014/1014/1014 1079/1079/1079 1013/1013/1013
f 1013/1013/1013 1079/1079/1079 1078/1078/1078
f 1015/1015/1015 1080/1080/1080 1014/1014/1014
f 1014/1014/1014 1080/1080/1080 1079/1079/1079
f 1016/1016/1016 1081/1081/1081 1015/1015/1015
f 1015/1015/1015 1081/1081/1081 1080/1080/1080
f 1017/1017/1017 1082/1082/1082 1016/1016/1016
f 1016/1016/1016 1082/1082/1082 1081/1081/1081
f 1018/1018/1018 1083/1083/1083 1017/1017/1017
f 1017/1017/1017 1083/1083/1083 1082/1082/1082
f 1019/1019/1019 1084/1084/1084 1018/1018/1018
f 1018/1018/1018 1084/1084/1084 1083/1083/1083
f 1020/1020/1020 1085/1085/1085 1019/1019/1019
f 1019/1019/1019 1085/1085/1085 1084/1084/1084
f 1021/1021/1021 1086/1086/1086 1020/1020/1020
f 1020/1020/1020 1086/1086/1086 1085/1085/1085
f 1022/1022/1022 1087/1087/1087 1021/1021/1021
f 1021/1021/1021 1087/1087/1087 1086/1086/1086
f 1023/1023/1023 1088/1088/1088 1022/1022/1022
f 1022/1022/1022 1088/1088/1088 1087/1087/1087
f 1024/1024/1024 1089/1089/1089 1023/1023/1023
f 1023/1023/1023 1089/1089/1089 1088/1088/1088
f 1025/1025/1025 1090/1090/1090 1024/1024/1024
f 1024/1024/1024 1090/1090/1090 1089/1089/1089
f 1026/1026/1026 1091/1091/1091 1025/1025/1025
f 1025/1025/1025 1091/1091/1091 1090/1090/1090
f 1027/1027/1027 1092/1092/1092 1026/1026/1026
f 1026/1026/1026 1092/1092/1092 1091/1091/1091
f 1028/1028/1028 1093/1093/1093 1027/1027/1027
f 1027/1027/1027 1093/1093/1093 1092/1092/1092
f 1029/1029/1029 1094/1094/1094 1028/1028/1028
f 1028/1028/1028 1094/1094/1094 1093/1093/1093
f 1030/1030/1030 1095/1095/1095 1029/1029/1029
f 1029/1029/1029 1095/1095/1095 1094/1094/1094
f 1031/1031/1031 1096/1096/1096 1030/1030/1030
f 1030/1030/1030 1096/1096/1096 1095/1095/1095
f 1032/1032/1032 1097/1097/1097 1031/1031/1031
f 1031/1031/1031 1097/1097/1097 1096/1096/1096
f 1033/1033/1033 1098/1098/1098 1032/1032/1032
f 1032/1032/1032 1098/1098/1098 1097/1097/1097
f 1034/1034/1034 1099/1099/1099 1033/1033/1033
f 1033/1033/1033 1099/1099/1099 1098/1098/1098
f 1035/1035/1035 1100/1100/1100 1034/1034/1034
f 1034/1034/1034 1100/1100/1100 1099/1099/1099
f 1036/1036/1036 1101/1101/1101 1035/1035/1035
f 1035/1035/1035 1101/1101/1101 1100/1100/1100
f 1037/1037/1037 1102/1102/1102 1036/1036/1036
f 1036/1036/1036 1102/1102/1102 1101/1101/1101
f 1038/1038/1038 1103/1103/1103 1037/1037/1037
f 1037/1037/1037 1103/1103/1103 1102/1102/1102
f 1039/1039/1039 1104/1104/1104 1038/1038/1038
f 1038/1038/1038 1104/1104/1104 1103/1103/1103
f 1040/1040/1040 1105/1105/1105 1039/1039/1039
f 1039/1039/1039 1105/1105/1105 1104/1104/1104
f 1042/1042/1042 1107/1107/1107 1041/1041/1041
f 1041/1041/1041 1107/1107/1107 1106/1106/1106
f 1043/1043/1043 1108/1108/1108 1042/1042/1042
f 1042/1042/1042 1108/1108/1108 1107/1107/1107
f 1044/1044/1044 1109/1109/1109 1043/1043/1043
f 1043/1043/1043 1109/1109/1109 1108/1108/1108
f 1045/1045/1045 1110/1110/1110 1044/1044/1044
f 1044/1044/1044 1110/1110/1110 1109/1109/1109
f 1046/1046/1046 1111/1111/1111 1045/1045/1045
f 1045/1045/1045 1111/1111/1111 1110/1110/1110
f 1047/1047/1047 1112/1112/1112 1046/1046/1046
f 1046/1046/1046 1112/1112/1112 1111/1111/1111
f 1048/1048/1048 1113/1113/1113 1047/1047/1047
f 1047/1047/1047 1113/1113/1113 1112/1112/1112
f 1049/1049/1049 1114/1114/1114 1048/1048/1048
f 1048/1048/1048 1114/1114/1114 1113/1113/1113
f 1050/1050/1050 1115/1115/1115 1049/1049/1049
f 1049/1049/1049 1115/1115/1115 1114/1114/1114
f 1051/1051/1051 1116/1116/1116 1050/1050/1050
f 1050/1050/1050 1116/1116/1116 1115/1115/1115
f 1052/1052/1052 1117/1117/1117 1051/1051/1051
f 1051/1051/1051 1117/1117/1117 1116/1116/1116
f 1053/1053/1053 1118/1118/1118 1052/1052/1052
f 1052/1052/1052 1118/1118/1118 1117/1117/1117
f 1054/1054/1054 1119/1119/1119 1053/1053/1053
f 1053/1053/1053 1119/1119/1119 1118/1118/1118
f 1055/1055/1055 1120/1120/1120 1054/1054/1054
f 1054/1054/1054 1120/1120/1120 1119/1119/1119
f 1056/1056/1056 1121/1121/1121 1055/1055/1055
f 1055/1055/1055 1121/1121/1121 1120/1120/1120
f 1057/1057/1057 1122/1122/1122 1056/1056/1056
f 1056/1056/1056 1122/1122/1122 1121/1121/1121
f 1058/1058/1058 1123/1123/1123 1057/1057/1057
f 1057/1057/1057 1123/1123/1123 1122/1122/1122
f 1059/1059/1059 1124/1124/1124 1058/1058/1058
f 1058/1058/1058 1124/1124/1124 1123/1123/1123
f 1060/1060/1060 1125/1125/1125 1059/1059/1059
f 1059/1059/1059 1125/1125/1125 1124/1124/1124
f 1061/1061/1061 1126/1126/1126 1060/1060/1060
f 1060/1060/1060 1126/1126/1126 1125/1125/1125
f 1062/1062/1062 1127/1127/1127 1061/1061/1061
f 1061/1061/1061 1127/1127/1127 1126/1126/1126
f 1063/1063/1063 1128/1128/1128 1062/1062/1062
f 1062/1062/1062 1128/1128/1128 1127/1127/1127
f 1064/1064/1064 1129/1129/1129 1063/1063/1063
f 1063/1063/1063 1129/1129/1129 1128/1128/1128
f 1065/1065/1065 1130/1130/1130 1064/1064/1064
f 1064/1064/1064 1130/1130/1130 1129/1129/1129
f 1066/1066/1066 1131/1131/1131 1065/1065/1065
f 1065/1065/1065 1131/1131/1131 1130/1130/1130
f 1067/1067/1067 1132/1132/1132 1066/1066/1066
f 1066/1066/1066 1132/1132/1132 1131/1131/1131
f 1068/1068/1068 1133/1133/1133 1067/1067/1067
f 1067/1067/1067 1133/1133/1133 1132/1132/1132
f 1069/1069/1069 1134/1134/1134 1068/1068/1068
f 1068/1068/1068 1134/1134/1134 1133/1133/1133
f 1070/1070/1070 1135/1135/1135 1069/1069/1069
f 1069/1069/1069 1135/1135/1135 1134/1134/1134
f 1071/1071/1071 1136/1136/1136 1070/1070/1070
f 1070/1070/1070 1136/1136/1136 1135/1135/1135
f 1072/1072/1072 1137/1137/1137 1071/1071/1071
f 1071/1071/1071 1137/1137/1137 1136/1136/1136
f 1073/1073/1073 1138/1138/1138 1072/1072/1072
f 1072/1072/1072 1138/1138/1138 1137/1137/1137
f 1074/1074/1074 1139/1139/1139 1073/1073/1073
f 1073/1073/1073 1139/1139/1139 1138/1138/1138
f 1075/1075/1075 1140/1140/1140 1074/1074/1074
f 1074/1074/1074 1140/1140/1140 1139/1139/1139
f 1076/1076/1076 1141/1141/1141 1075/1075/1075
f 1075/1075/1075 1141/1141/1141 1140/1140/1140
f 1077/1077/1077 1142/1142/1142 1076/1076/1076
f 1076/1076/1076 1142/1142/1142 1141/1141/1141
f 1078/1078/1078 1143/1143/1143 1077/1077/1077
f 1077/1077/1077 1143/1143/1143 1142/1142/1142
f 1079/1079/1079 1144/1144/1144 1078/1078/1078
f 1078/1078/1078 1144/1144/1144 1143/1143/1143
f 1080/1080/1080 1145/1145/1145 1079/1079/1079
f 1079/1079/1079 1145/1145/1145 1144/1144/1144
f 1081/1081/1081 1146/1146/1146 1080/1080/1080
f 1080/1080/1080 1146/1146/1146 1145/1145/1145
f 1082/1082/1082 1147/1147/1147 1081/1081/1081
f 1081/1081/1081 1147/1147/1147 1146/1146/1146
f 1083/1083/1083 1148/1148/1148 1082/1082/1082
f 1082/1082/1082 1148/1148/1148 1147/1147/1147
f 1084/1084/1084 1149/1149/1149 1083/1083/1083
f 1083/1083/1083 1149/1149/1149 1148/1148/1148
f 1085/1085/1085 1150/1150/1150 1084/1084/1084
f 1084/1084/1084 1150/1150/1150 1149/1149/1149
f 1086/1086/1086 1151/1151/1151 1085/1085/1085
f 1085/1085/1085 1151/1151/1151 1150/1150/1150
f 1087/1087/1087 1152/1152/1152 1086/1086/1086
f 1086/1086/1086 1152/1152/1152 1151/1151/1151
f 1088/1088/1088 1153/1153/1153 1087/1087/1087
f 1087/1087/1087 1153/1153/1153 1152/1152/1152
f 1089/1089/1089 1154/1154/1154 1088/1088/1088
f 1088/1088/1088 1154/1154/1154 1153/1153/1153
f 1090/1090/1090 1155/1155/1155 1089/1089/1089
f 1089/1089/1089 1155/1155/1155 1154/1154/1154
f 1091/1091/1091 1156/1156/1156 1090/1090/1090
f 1090/1090/1090 1156/1156/1156 1155/1155/1155
f 1092/1092/1092 1157/1157/1157 1091/1091/1091
f 1091/1091/1091 1157/1157/1157 1156/1156/1156
f 1093/1093/1093 1158/1158/1158 1092/1092/1092
f 1092/1092/1092 1158/1158/1158 1157/1157/1157
f 1094/1094/1094 1159/1159/1159 1093/1093/1093
f 1093/1093/1093 1159/1159/1159 1158/1158/1158
f 1095/1095/1095 1160/1160/1160 1094/1094/1094
f 1094/1094/1094 1160/1160/1160 1159/1159/1159
f 1096/1096/1096 1161/1161/1161 1095/1095/1095
f 1095/1095/1095 1161/1161/1161 1160/1160/1160
f 1097/1097/1097 1162/1162/1162 1096/1096/1096
f 1096/1096/1096 1162/1162/1162 1161/1161/1161
f 1098/1098/1098 1163/1163/1163 1097/1097/1097
f 1097/1097/1097 1163/1163/1163 1162/1162/1162
f 1099/1099/1099 1164/1164/1164 1098/1098/1098
f 1098/1098/1098 1164/1164/1164 1163/1163/1163
f 1100/1100/1100 1165/1165/1165 1099/1099/1099
f 1099/1099/1099 1165/1165/1165 1164/1164/1164
f 1101/1101/1101 1166/1166/1166 1100/1100/1100
f 1100/1100/1100 1166/1166/1166 1165/1165/1165
f 1102/1102/1102 1167/1167/1167 1101/1101/1101
f 1101/1101/1101 1167/1167/1167 1166/1166/1166
f 1103/1103/1103 1168/1168/1168 1102/1102/1102
f 1102/1102/1102 1168/1168/1168 1167/1167/1167
f 1104/1104/1104 1169/1169/1169 1103/1103/1103
f 1103/1103/1103 1169/1169/1169 1168/1168/1168
f 1105/1105/1105 1170/1170/1170 1104/1104/1104
f 1104/1104/1104 1170/1170/1170 1169/1169/1169
f 1107/1107/1107 1172/1172/1172 1106/1106/1106
f 1106/1106/1106 1172/1172/1172 1171/1171/1171
f 1108/1108/1108 1173/1173/1173 1107/1107/1107
f 1107/1107/1107 1173/1173/1173 1172/1172/1172
f 1109/1109/1109 1174/1174/1174 1108/1108/1108
f 1108/1108/1108 1174/1174/1174 1173/1173/1173
f 1110/1110/1110 1175/1175/1175 1109/1109/1109
f 1109/1109/1109 1175/1175/1175 1174/1174/1174
f 1111/1111/1111 1176/1176/1176 1110/1110/1110
f 1110/1110/1110 1176/1176/1176 1175/1175/1175
f 1112/1112/1112 1177/1177/1177 1111/1111/1111
f 1111/1111/1111 1177/1177/1177 1176/1176/1176
f 1113/1113/1113 1178/1178/1178 1112/1112/1112
f 1112/1112/1112 1178/1178/1178 1177/1177/1177
f 1114/1114/1114 1179/1179/1179 1113/1113/1113
f 1113/1113/1113 1179/1179/1179 1178/1178/1178
f 1115/1115/1115 1180/1180/1180 1114/1114/1114
f 1114/1114/1114 1180/1180/1180 1179/1179/1179
f 1116/1116/1116 1181/1181/1181 1115/1115/1115
f 1115/1115/1115 1181/1181/1181 1180/1180/1180
f 1117/1117/1117 1182/1182/1182 1116/1116/1116
f 1116/1116/1116 1182/1182/1182 1181/1181/1181
f 1118/1118/1118 1183/1183/1183 1117/1117/1117
f 1117/1117/1117 1183/1183/1183 1182/1182/1182
f 1119/1119/1119 1184/1184/1184 1118/1118/1118
f 1118/1118/1118 1184/1184/1184 1183/1183/1183
f 1120/1120/1120 1185/1185/1185 1119/1119/1119
f 1119/1119/1119 1185/1185/1185 1184/1184/1184
f 1121/1121/1121 1186/1186/1186 1120/1120/1120
f 1120/1120/1120 1186/1186/1186 1185/1185/1185
f 1122/1122/1122 1187/1187/1187 1121/1121/1121
f 1121/1121/1121 1187/1187/1187 1186/1186/1186
f 1123/1123/1123 1188/1188/1188 1122/1122/1122
f 1122/1122/1122 1188/1188/1188 1187/1187/1187
f 1124/1124/1124 1189/1189/1189 1123/1123/1123
f 1123/1123/1123 1189/1189/1189 1188/1188/1188
f 1125/1125/1125 1190/1190/1190 1124/1124/1124
f 1124/1124/1124 1190/1190/1190 1189/1189/1189
f 1126/1126/1126 1191/1191/1191 1125/1125/1125
f 1125/1125/1125 1191/1191/1191 1190/1190/1190
f 1127/1127/1127 1192/1192/1192 1126/1126/1126
f 1126/1126/1126 1192/1192/1192 1191/1191/1191
f 1128/1128/1128 1193/1193/1193 1127/1127/1127
f 1127/1127/1127 1193/1193/1193 1192/1192/1192
f 1129/1129/1129 1194/1194/1194 1128/1128/1128
f 1128/1128/1128 1194/1194/1194 1193/1193/1193
f 1130/1130/1130 1195/1195/1195 1129/1129/1129
f 1129/1129/1129 1195/1195/1195 1194/1194/1194
f 1131/1131/1131 1196/1196/1196 1130/1130/1130
f 1130/1130/1130 1196/1196/1196 1195/1195/1195
f 1132/1132/1132 1197/1197/1197 1131/1131/1131
f 1131/1131/1131 1197/1197/1197 1196/1196/1196
f 1133/1133/1133 1198/1198/1198 1132/1132/1132
f 1132/1132/1132 1198/1198/1198 1197/1197/1197
f 1134/1134/1134 1199/1199/1199 1133/1133/1133
f 1133/1133/1133 1199/1199/1199 1198/1198/1198
f 1135/1135/1135 1200/1200/1200 1134/1134/1134
f 1134/1134/1134 1200/1200/1200 1199/1199/1199
f 1136/1136/1136 1201/1201/1201 1135/1135/1135
f 1135/1135/1135 1201/1201/1201 1200/1200/1200
f 1137/1137/1137 1202/1202/1202 1136/1136/1136
f 1136/1136/1136 1202/1202/1202 1201/1201/1201
f 1138/1138/1138 1203/1203/1203 1137/1137/1137
f 1137/1137/1137 1203/1203/1203 1202/1202/1202
f 1139/1139/1139 1204/1204/1204 1138/1138/1138
f 1138/1138/1138 1204/1204/1204 1203/1203/1203
f 1140/1140/1140 1205/1205/1205 1139/1139/1139
f 1139/1139/1139 1205/1205/1205 1204/1204/1204
f 1141/1141/1141 1206/1206/1206 1140/1140/1140
f 1140/1140/1140 1206/1206/1206 1205/1205/1205
f 1142/1142/1142 1207/1207/1207 1141/1141/1141
f 1141/1141/1141 1207/1207/1207 1206/1206/1206
f 1143/1143/1143 1208/1208/1208 1142/1142/1142
f 1142/1142/1142 1208/1208/1208 1207/1207/1207
f 1144/1144/1144 1209/1209/1209 1143/1143/1143
f 1143/1143/1143 1209/1209/1209 1208/1208/1208
f 1145/1145/1145 1210/1210/1210 1144/1144/1144
f 1144/1144/1144 1210/1210/1210 1209/1209/1209
f 1146/1146/1146 1211/1211/1211 1145/1145/1145
f 1145/1145/1145 1211/1211/1211 1210/1210/1210
f 1147/1147/1147 1212/1212/1212 1146/1146/1146
f 1146/1146/1146 1212/1212/1212 1211/1211/1211
f 1148/1148/1148 1213/1213/1213 1147/1147/1147
f 1147/1147/1147 1213/1213/1213 1212/1212/1212
f 1149/1149/1149 1214/1214/1214 1148/1148/1148
f 1148/1148/1148 1214/1214/1214 1213/1213/1213
f 1150/1150/1150 1215/1215/1215 1149/1149/1149
f 1149/1149/1149 1215/1215/1215 1214/1214/1214
f 1151/1151/1151 1216/1216/1216 1150/1150/1150
f 1150/1150/1150 1216/1216/1216 1215/1215/1215
f 1152/1152/1152 1217/1217/1217 1151/1151/1151
f 1151/1151/1151 1217/1217/1217 1216/1216/1216
f 1153/1153/1153 1218/1218/1218 1152/1152/1152
f 1152/1152/1152 1218/1218/1218 1217/1217/1217
f 1154/1154/1154 1219/1219/1219 1153/1153/1153
f 1153/1153/1153 1219/1219/1219 1218/1218/1218
f 1155/1155/1155 1220/1220/1220 1154/1154/1154
f 1154/1154/1154 1220/1220/1220 1219/1219/1219
f 1156/1156/1156 1221/1221/1221 1155/1155/1155
f 1155/1155/1155 1221/1221/1221 1220/1220/1220
f 1157/1157/1157 1222/1222/1222 1156/1156/1156
f 1156/1156/1156 1222/1222/1222 1221/1221/1221
f 1158/1158/1158 1223/1223/1223 1157/1157/1157
f 1157/1157/1157 1223/1223/1223 1222/1222/1222
f 1159/1159/1159 1224/1224/1224 1158/1158/1158
f 1158/1158/1158 1224/1224/1224 1223/1223/1223
f 1160/1160/1160 1225/1225/1225 1159/1159/1159
f 1159/1159/1159 1225/1225/1225 1224/1224/1224
f 1161/1161/1161 1226/1226/1226 1160/1160/1160
f 1160/1160/1160 1226/1226/1226 1225/1225/1225
f 1162/1162/1162 1227/1227/1227 1161/1161/1161
f 1161/1161/1161 1227/1227/1227 1226/1226/1226
f 1163/1163/1163 1228/1228/1228 1162/1162/1162
f 1162/1162/1162 1228/1228/1228 1227/1227/1227
f 1164/1164/1164 1229/1229/1229 1163/1163/1163
f 1163/1163/1163 1229/1229/1229 1228/1228/1228
f 1165/1165/1165 1230/1230/1230 1164/1164/1164
f 1164/1164/1164 1230/1230/1230 1229/1229/1229
f 1166/1166/1166 1231/1231/1231 1165/1165/1165
f 1165/1165/1165 1231/1231/1231 1230/1230/1230
f 1167/1167/1167 1232/1232/1232 1166/1166/1166
f 1166/1166/1166 1232/1232/1232 1231/1231/1231
f 1168/1168/1168 1233/1233/1233 1167/1167/1167
f 1167/1167/1167 1233/1233/1233 1232/1232/1232
f 1169/1169/1169 1234/1234/1234 1168/1168/1168
f 1168/1168/1168 1234/1234/1234 1233/1233/1233
f 1170/1170/1170 1235/1235/1235 1169/1169/1169
f 1169/1169/1169 1235/1235/1235 1234/1234/1234
f 1172/1172/1172 1237/1237/1237 1171/1171/1171
f 1171/1171/1171 1237/1237/1237 1236/1236/1236
f 1173/1173/1173 1238/1238/1238 1172/1172/1172
f 1172/1172/1172 1238/1238/1238 1237/1237/1237
f 1174/1174/1174 1239/1239/1239 1173/1173/1173
f 1173/1173/1173 1239/1239/1239 1238/1238/1238
f 1175/1175/1175 1240/1240/1240 1174/1174/1174
f 1174/1174/1174 1240/1240/1240 1239/1239/1239
f 1176/1176/1176 1241/1241/1241 1175/1175/1175
f 1175/1175/1175 1241/1241/1241 1240/1240/1240
f 1177/1177/1177 1242/1242/1242 1176/1176/1176
f 1176/1176/1176 1242/1242/1242 1241/1241/1241
f 1178/1178/1178 1243/1243/1243 1177/1177/1177
f 1177/1177/1177 1243/1243/1243 1242/1242/1242
f 1179/1179/1179 1244/1244/1244 1178/1178/1178
f 1178/1178/1178 1244/1244/1244 1243/1243/1243
f 1180/1180/1180 1245/1245/1245 1179/1179/1179
f 1179/1179/1179 1245/1245/1245 1244/1244/1244
f 1181/1181/1181 1246/1246/1246 1180/1180/1180
f 1180/1180/1180 1246/1246/1246 1245/1245/1245
f 1182/1182/1182 1247/1247/1247 1181/1181/1181
f 1181/1181/1181 1247/1247/1247 1246/1246/1246
f 1183/1183/1183 1248/1248/1248 1182/1182/1182
f 1182/1182/1182 1248/1248/1248 1247/1247/1247
f 1184/1184/1184 1249/1249/1249 1183/1183/1183
f 1183/1183/1183 1249/1249/1249 1248/1248/1248
f 1185/1185/1185 1250/1250/1250 1184/1184/1184
f 1184/1184/1184 1250/1250/1250 1249/1249/1249
f 1186/1186/1186 1251/1251/1251 1185/1185/1185
f 1185/1185/1185 1251/1251/1251 1250/1250/1250
f 1187/1187/1187 1252/1252/1252 1186/1186/1186
f 1186/1186/1186 1252/1252/1252 1251/1251/1251
f 1188/1188/1188 1253/1253/1253 1187/1187/1187
f 1187/1187/1187 1253/1253/1253 1252/1252/1252
f 1189/1189/1189 1254/1254/1254 1188/1188/1188
f 1188/1188/1188 1254/1254/1254 1253/1253/1253
f 1190/1190/1190 1255/1255/1255 1189/1189/1189
f 1189/1189/1189 1255/1255/1255 1254/1254/1254
f 1191/1191/1191 1256/1256/1256 1190/1190/1190
f 1190/1190/1190 1256/1256/1256 1255/1255/1255
f 1192/1192/1192 1257/1257/1257 1191/1191/1191
f 1191/1191/1191 1257/1257/1257 1256/1256/1256
f 1193/1193/1193 1258/1258/1258 1192/1192/1192
f 1192/1192/1192 1258/1258/1258 1257/1257/1257
f 1194/1194/1194 1259/1259/1259 1193/1193/1193
f 1193/1193/1193 1259/1259/1259 1258/1258/1258
f 1195/1195/1195 1260/1260/1260 1194/1194/1194
f 1194/1194/1194 1260/1260/1260 1259/1259/1259
f 1196/1196/1196 1261/1261/1261 1195/1195/1195
f 1195/1195/1195 1261/1261/1261 1260/1260/1260
f 1197/1197/1197 1262/1262/1262 1196/1196/1196
f 1196/1196/1196 1262/1262/1262 1261/1261/1261
f 1198/1198/1198 1263/1263/1263 1197/1197/1197
f 1197/1197/1197 1263/1263/1263 1262/1262/1262
f 1199/1199/1199 1264/1264/1264 1198/1198/1198
f 1198/1198/1198 1264/1264/1264 1263/1263/1263
f 1200/1200/1200 1265/1265/1265 1199/1199/1199
f 1199/1199/1199 1265/1265/1265 1264/1264/1264
f 1201/1201/1201 1266/1266/1266 1200/1200/1200
f 1200/1200/1200 1266/1266/1266 1265/1265/1265
f 1202/1202/1202 1267/1267/1267 1201/1201/1201
f 1201/1201/1201 1267/1267/1267 1266/1266/1266
f 1203/1203/1203 1268/1268/1268 1202/1202/1202
f 1202/1202/1202 1268/1268/1268 1267/1267/1267
f 1204/1204/1204 1269/1269/1269 1203/1203/1203
f 1203/1203/1203 1269/1269/1269 1268/1268/1268
f 1205/1205/1205 1270/1270/1270 1204/1204/1204
f 1204/1204/1204 1270/1270/1270 1269/1269/1269
f 1206/1206/1206 1271/1271/1271 1205/1205/1205
f 1205/1205/1205 1271/1271/1271 1270/1270/1270
f 1207/1207/1207 1272/1272/1272 1206/1206/1206
f 1206/1206/1206 1272/1272/1272 1271/1271/1271
f 1208/1208/1208 1273/1273/1273 1207/1207/1207
f 1207/1207/1207 1273/1273/1273 1272/1272/1272
f 1209/1209/1209 1274/1274/1274 1208/1208/1208
f 1208/1208/1208 1274/1274/1274 1273/1273/1273
f 1210/1210/1210 1275/1275/1275 1209/1209/1209
f 1209/1209/1209 1275/1275/1275 1274/1274/1274
f 1211/1211/1211 1276/1276/1276 1210/1210/1210
f 1210/1210/1210 1276/1276/1276 1275/1275/1275
f 1212/1212/1212 1277/1277/1277 1211/1211/1211
f 1211/1211/1211 1277/1277/1277 1276/1276/1276
f 1213/1213/1213 1278/1278/1278 1212/1212/1212
f 1212/1212/1212 1278/1278/1278 1277/1277/1277
f 1214/1214/1214 1279/1279/1279 1213/1213/1213
f 1213/1213/1213 1279/1279/1279 1278/1278/1278
f 1215/1215/1215 1280/1280/1280 1214/1214/1214
f 1214/1214/1214 1280/1280/1280 1279/1279/1279
f 1216/1216/1216 1281/1281/1281 1215/1215/1215
f 1215/1215/1215 1281/1281/1281 1280/1280/1280
f 1217/1217/1217 1282/1282/1282 1216/1216/1216
f 1216/1216/1216 1282/1282/1282 1281/1281/1281
f 1218/1218/1218 1283/1283/1283 1217/1217/1217
f 1217/1217/1217 1283/1283/1283 1282/1282/1282
f 1219/1219/1219 1284/1284/1284 1218/1218/1218
f 1218/1218/1218 1284/1284/1284 1283/1283/1283
f 1220/1220/1220 1285/1285/1285 1219/1219/1219
f 1219/1219/1219 1285/1285/1285 1284/1284/1284
f 1221/1221/1221 1286/1286/1286 1220/1220/1220
f 1220/1220/1220 1286/1286/1286 1285/1285/1285
f 1222/1222/1222 1287/1287/1287 1221/1221/1221
f 1221/1221/1221 1287/1287/1287 1286/1286/1286
f 1223/1223/1223 1288/1288/1288 1222/1222/1222
f 1222/1222/1222 1288/1288/1288 1287/1287/1287
f 1224/1224/1224 1289/1289/1289 1223/1223/1223
f 1223/1223/1223 1289/1289/1289 1288/1288/1288
f 1225/1225/1225 1290/1290/1290 1224/1224/1224
f 1224/1224/1224 1290/1290/1290 1289/1289/1289
f 1226/1226/1226 1291/1291/1291 1225/1225/1225
f 1225/1225/1225 1291/1291/1291 1290/1290/1290
f 1227/1227/1227 1292/1292/1292 1226/1226/1226
f 1226/1226/1226 1292/1292/1292 1291/1291/1291
f 1228/1228/1228 1293/1293/1293 1227/1227/1227
f 1227/1227/1227 1293/1293/1293 1292/1292/1292
f 1229/1229/1229 1294/1294/1294 1228/1228/1228
f 1228/1228/1228 1294/1294/1294 1293/1293/1293
f 1230/1230/1230 1295/1295/1295 1229/1229/1229
f 1229/1229/1229 1295/1295/1295 1294/1294/1294
f 1231/1231/1231 1296/1296/1296 1230/1230/1230
f 1230/1230/1230 1296/1296/1296 1295/1295/1295
f 1232/1232/1232 1297/1297/1297 1231/1231/1231
f 1231/1231/1231 1297/1297/1297 1296/1296/1296
f 1233/1233/1233 1298/1298/1298 1232/1232/1232
f 1232/1232/1232 1298/1298/1298 1297/1297/1297
f 1234/1234/1234 1299/1299/1299 1233/1233/1233
f 1233/1233/1233 1299/1299/1299 1298/1298/1298
f 1235/1235/1235 1300/1300/1300 1234/1234/1234
f 1234/1234/1234 1300/1300/1300 1299/1299/1299
f 1237/1237/1237 1302/1302/1302 1236/1236/1236
f 1236/1236/1236 1302/1302/1302 1301/1301/1301
f 1238/1238/1238 1303/1303/1303 1237/1237/1237
f 1237/1237/1237 1303/1303/1303 1302/1302/1302
f 1239/1239/1239 1304/1304/1304 1238/1238/1238
f 1238/1238/1238 1304/1304/1304 1303/1303/1303
f 1240/1240/1240 1305/1305/1305 1239/1239/1239
f 1239/1239/1239 1305/1305/1305 1304/1304/1304
f 1241/1241/1241 1306/1306/1306 1240/1240/1240
f 1240/1240/1240 1306/1306/1306 1305/1305/1305
f 1242/1242/1242 1307/1307/1307 1241/1241/1241
f 1241/1241/1241 1307/1307/1307 1306/1306/1306
f 1243/1243/1243 1308/1308/1308 1242/1242/1242
f 1242/1242/1242 1308/1308/1308 1307/1307/1307
f 1244/1244/1244 1309/1309/1309 1243/1243/1243
f 1243/1243/1243 1309/1309/1309 1308/1308/1308
f 1245/1245/1245 1310/1310/1310 1244/1244/1244
f 1244/1244/1244 1310/1310/1310 1309/1309/1309
f 1246/1246/1246 1311/1311/1311 1245/1245/1245
f 1245/1245/1245 1311/1311/1311 1310/1310/1310
f 1247/1247/1247 1312/1312/1312 1246/1246/1246
f 1246/1246/1246 1312/1312/1312 1311/1311/1311
f 1248/1248/1248 1313/1313/1313 1247/1247/1247
f 1247/1247/1247 1313/1313/1313 1312/1312/1312
f 1249/1249/1249 1314/1314/1314 1248/1248/1248
f 1248/1248/1248 1314/1314/1314 1313/1313/1313
f 1250/1250/1250 1315/1315/1315 1249/1249/1249
f 1249/1249/1249 1315/1315/1315 1314/1314/1314
f 1251/1251/1251 1316/1316/1316 1250/1250/1250
f 1250/1250/1250 1316/1316/1316 1315/1315/1315
f 1252/1252/1252 1317/1317/1317 1251/1251/1251
f 1251/1251/1251 1317/1317/1317 1316/1316/1316
f 1253/1253/1253 1318/1318/1318 1252/1252/1252
f 1252/1252/1252 1318/1318/1318 1317/1317/1317
f 1254/1254/1254 1319/1319/1319 1253/1253/1253
f 1253/1253/1253 1319/1319/1319 1318/1318/1318
f 1255/1255/1255 1320/1320/1320 1254/1254/1254
f 1254/1254/1254 1320/1320/1320 1319/1319/1319
f 1256/1256/1256 1321/1321/1321 1255/1255/1255
f 1255/1255/1255 1321/1321/1321 1320/1320/1320
f 1257/1257/1257 1322/1322/1322 1256/1256/1256
f 1256/1256/1256 1322/1322/1322 1321/1321/1321
f 1258/1258/1258 1323/1323/1323 1257/1257/1257
f 1257/1257/1257 1323/1323/1323 1322/1322/1322
f 1259/1259/1259 1324/1324/1324 1258/1258/1258
f 1258/1258/1258 1324/1324/1324 1323/1323/1323
f 1260/1260/1260 1325/1325/1325 1259/1259/1259
f 1259/1259/1259 1325/1325/1325 1324/1324/1324
f 1261/1261/1261 1326/1326/1326 1260/1260/1260
f 1260/1260/1260 1326/1326/1326 1325/1325/1325
f 1262/1262/1262 1327/1327/1327 1261/1261/1261
f 1261/1261/1261 1327/1327/1327 1326/1326/1326
f 1263/1263/1263 1328/1328/1328 1262/1262/1262
f 1262/1262/1262 1328/1328/1328 1327/1327/1327
f 1264/1264/1264 1329/1329/1329 1263/1263/1263
f 1263/1263/1263 1329/1329/1329 1328/1328/1328
f 1265/1265/1265 1330/1330/1330 1264/1264/1264
f 1264/1264/1264 1330/1330/1330 1329/1329/1329
f 1266/1266/1266 1331/1331/1331 1265/1265/1265
f 1265/1265/1265 1331/1331/1331 1330/1330/1330
f 1267/1267/1267 1332/1332/1332 1266/1266/1266
f 1266/1266/1266 1332/1332/1332 1331/1331/1331
f 1268/1268/1268 1333/1333/1333 1267/1267/1267
f 1267/1267/1267 1333/1333/1333 1332/1332/1332
f 1269/1269/1269 1334/1334/1334 1268/1268/1268
f 1268/1268/1268 1334/1334/1334 1333/1333/1333
f 1270/1270/1270 1335/1335/1335 1269/1269/1269
f 1269/1269/1269 1335/1335/1335 1334/1334/1334
f 1271/1271/1271 1336/1336/1336 1270/1270/1270
f 1270/1270/1270 1336/1336/1336 1335/1335/1335
f 1272/1272/1272 1337/1337/1337 1271/1271/1271
f 1271/1271/1271 1337/1337/1337 1336/1336/1336
f 1273/1273/1273 1338/1338/1338 1272/1272/1272
f 1272/1272/1272 1338/1338/1338 1337/1337/1337
f 1274/1274/1274 1339/1339/1339 1273/1273/1273
f 1273/1273/1273 1339/1339/1339 1338/1338/1338
f 1275/1275/1275 1340/1340/1340 1274/1274/1274
f 1274/1274/1274 1340/1340/1340 1339/1339/1339
f 1276/1276/1276 1341/1341/1341 1275/1275/1275
f 1275/1275/1275 1341/1341/1341 1340/1340/1340
f 1277/1277/1277 1342/1342/1342 1276/1276/1276
f 1276/1276/1276 1342/1342/1342 1341/1341/1341
f 1278/1278/1278 1343/1343/1343 1277/1277/1277
f 1277/1277/1277 1343/1343/1343 1342/1342/1342
f 1279/1279/1279 1344/1344/1344 1278/1278/1278
f 1278/1278/1278 1344/1344/1344 1343/1343/1343
f 1280/1280/1280 1345/1345/1345 1279/1279/1279
f 1279/1279/1279 1345/1345/1345 1344/1344/1344
f 1281/1281/1281 1346/1346/1346 1280/1280/1280
f 1280/1280/1280 1346/1346/1346 1345/1345/1345
f 1282/1282/1282 1347/1347/1347 1281/1281/1281
f 1281/1281/1281 1347/1347/1347 1346/1346/1346
f 1283/1283/1283 1348/1348/1348 1282/1282/1282
f 1282/1282/1282 1348/1348/1348 1347/1347/1347
f 1284/1284/1284 1349/1349/1349 1283/1283/1283
f 1283/1283/1283 1349/1349/1349 1348/1348/1348
f 1285/1285/1285 1350/1350/1350 1284/1284/1284
f 1284/1284/1284 1350/1350/1350 1349/1349/1349
f 1286/1286/1286 1351/1351/1351 1285/1285/1285
f 1285/1285/1285 1351/1351/1351 1350/1350/1350
f 1287/1287/1287 1352/1352/1352 1286/1286/1286
f 1286/1286/1286 1352/1352/1352 1351/1351/1351
f 1288/1288/1288 1353/1353/1353 1287/1287/1287
f 1287/1287/1287 1353/1353/1353 1352/1352/1352
f 1289/1289/1289 1354/1354/1354 1288/1288/1288
f 1288/1288/1288 1354/1354/1354 1353/1353/1353
f 1290/1290/1290 1355/1355/1355 1289/1289/1289
f 1289/1289/1289 1355/1355/1355 1354/1354/1354
f 1291/1291/1291 1356/1356/1356 1290/1290/1290
f 1290/1290/1290 1356/1356/1356 1355/1355/1355
f 1292/1292/1292 1357/1357/1357 1291/1291/1291
f 1291/1291/1291 1357/1357/1357 1356/1356/1356
f 1293/1293/1293 1358/1358/1358 1292/1292/1292
f 1292/1292/1292 1358/1358/1358 1357/1357/1357
f 1294/1294/1294 1359/1359/1359 1293/1293/1293
f 1293/1293/1293 1359/1359/1359 1358/1358/1358
f 1295/1295/1295 1360/1360/1360 1294/1294/1294
f 1294/1294/1294 1360/1360/1360 1359/1359/1359
f 1296/1296/1296 1361/1361/1361 1295/1295/1295
f 1295/1295/1295 1361/1361/1361 1360/1360/1360
f 1297/1297/1297 1362/1362/1362 1296/1296/1296
f 1296/1296/1296 1362/1362/1362 1361/1361/1361
f 1298/1298/1298 1363/1363/1363 1297/1297/1297
f 1297/1297/1297 1363/1363/1363 1362/1362/1362
f 1299/1299/1299 1364/1364/1364 1298/1298/1298
f 1298/1298/1298 1364/1364/1364 1363/1363/1363
f 1300/1300/1300 1365/1365/1365 1299/1299/1299
f 1299/1299/1299 1365/1365/1365 1364/1364/1364
f 1302/1302/1302 1367/1367/1367 1301/1301/1301
f 1301/1301/1301 1367/1367/1367 1366/1366/1366
f 1303/1303/1303 1368/1368/1368 1302/1302/1302
f 1302/1302/1302 1368/1368/1368 1367/1367/1367
f 1304/1304/1304 1369/1369/1369 1303/1303/1303
f 1303/1303/1303 1369/1369/1369 1368/1368/1368
f 1305/1305/1305 1370/1370/1370 1304/1304/1304
f 1304/1304/1304 1370/1370/1370 1369/1369/1369
f 1306/1306/1306 1371/1371/1371 1305/1305/1305
f 1305/1305/1305 1371/1371/1371 1370/1370/1370
f 1307/1307/1307 1372/1372/1372 1306/1306/1306
f 1306/1306/1306 1372/1372/1372 1371/1371/1371
f 1308/1308/1308 1373/1373/1373 1307/1307/1307
f 1307/1307/1307 1373/1373/1373 1372/1372/1372
f 1309/1309/1309 1374/1374/1374 1308/1308/1308
f 1308/1308/1308 1374/1374/1374 1373/1373/1373
f 1310/1310/1310 1375/1375/1375 1309/1309/1309
f 1309/1309/1309 1375/1375/1375 1374/1374/1374
f 1311/1311/1311 1376/1376/1376 1310/1310/1310
f 1310/1310/1310 1376/1376/1376 1375/1375/1375
f 1312/1312/1312 1377/1377/1377 1311/1311/1311
f 1311/1311/1311 1377/1377/1377 1376/1376/1376
f 1313/1313/1313 1378/1378/1378 1312/1312/1312
f 1312/1312/1312 1378/1378/1378 1377/1377/1377
f 1314/1314/1314 1379/1379/1379 1313/1313/1313
f 1313/1313/1313 1379/1379/1379 1378/1378/1378
f 1315/1315/1315 1380/1380/1380 1314/1314/1314
f 1314/1314/1314 1380/1380/1380 1379/1379/1379
f 1316/1316/1316 1381/1381/1381 1315/1315/1315
f 1315/1315/1315 1381/1381/1381 1380/1380/1380
f 1317/1317/1317 1382/1382/1382 1316/1316/1316
f 1316/1316/1316 1382/1382/1382 1381/1381/1381
f 1318/1318/1318 1383/1383/1383 1317/1317/1317
f 1317/1317/1317 1383/1383/1383 1382/1382/1382
f 1319/1319/1319 1384/1384/1384 1318/1318/1318
f 1318/1318/1318 1384/1384/1384 1383/1383/1383
f 1320/1320/1320 1385/1385/1385 1319/1319/1319
f 1319/1319/1319 1385/1385/1385 1384/1384/1384
f 1321/1321/1321 1386/1386/1386 1320/1320/1320
f 1320/1320/1320 1386/1386/1386 1385/1385/1385
f 1322/1322/1322 1387/1387/1387 1321/1321/1321
f 1321/1321/1321 1387/1387/1387 1386/1386/1386
f 1323/1323/1323 1388/1388/1388 1322/1322/1322
f 1322/1322/1322 1388/1388/1388 1387/1387/1387
f 1324/1324/1324 1389/1389/1389 1323/1323/1323
f 1323/1323/1323 1389/1389/1389 1388/1388/1388
f 1325/1325/1325 1390/1390/1390 1324/1324/1324
f 1324/1324/1324 1390/1390/1390 1389/1389/1389
f 1326/1326/1326 1391/1391/1391 1325/1325/1325
f 1325/1325/1325 1391/1391/1391 1390/1390/1390
f 1327/1327/1327 1392/1392/1392 1326/1326/1326
f 1326/1326/1326 1392/1392/1392 1391/1391/1391
f 1328/1328/1328 1393/1393/1393 1327/1327/1327
f 1327/1327/1327 1393/1393/1393 1392/1392/1392
f 1329/1329/1329 1394/1394/1394 1328/1328/1328
f 1328/1328/1328 1394/1394/1394 1393/1393/1393
f 1330/1330/1330 1395/1395/1395 1329/1329/1329
f 1329/1329/1329 1395/1395/1395 1394/1394/1394
f 1331/1331/1331 1396/1396/1396 1330/1330/1330
f 1330/1330/1330 1396/1396/1396 1395/1395/1395
f 1332/1332/1332 1397/1397/1397 1331/1331/1331
f 1331/1331/1331 1397/1397/1397 1396/1396/1396
f 1333/1333/1333 1398/1398/1398 1332/1332/1332
f 1332/1332/1332 1398/1398/1398 1397/1397/1397
f 1334/1334/1334 1399/1399/1399 1333/1333/1333
f 1333/1333/1333 1399/1399/1399 1398/1398/1398
f 1335/1335/1335 1400/1400/1400 1334/1334/1334
f 1334/1334/1334 1400/1400/1400 1399/1399/1399
f 1336/1336/1336 1401/1401/1401 1335/1335/1335
f 1335/1335/1335 1401/1401/1401 1400/1400/1400
f 1337/1337/1337 1402/1402/1402 1336/1336/1336
f 1336/1336/1336 1402/1402/1402 1401/1401/1401
f 1338/1338/1338 1403/1403/1403 1337/1337/1337
f 1337/1337/1337 1403/1403/1403 1402/1402/1402
f 1339/1339/1339 1404/1404/1404 1338/1338/1338
f 1338/1338/1338 1404/1404/1404 1403/1403/1403
f 1340/1340/1340 1405/1405/1405 1339/1339/1339
f 1339/1339/1339 1405/1405/1405 1404/1404/1404
f 1341/1341/1341 1406/1406/1406 1340/1340/1340
f 1340/1340/1340 1406/1406/1406 1405/1405/1405
f 1342/1342/1342 1407/1407/1407 1341/1341/1341
f 1341/1341/1341 1407/1407/1407 1406/1406/1406
f 1343/1343/1343 1408/1408/1408 1342/1342/1342
f 1342/1342/1342 1408/1408/1408 1407/1407/1407
f 1344/1344/1344 1409/1409/1409 1343/1343/1343
f 1343/1343/1343 1409/1409/1409 1408/1408/1408
f 1345/1345/1345 1410/1410/1410 1344/1344/1344
f 1344/1344/1344 1410/1410/1410 1409/1409/1409
f 1346/1346/1346 1411/1411/1411 1345/1345/1345
f 1345/1345/1345 1411/1411/1411 1410/1410/1410
f 1347/1347/1347 1412/1412/1412 1346/1346/1346
f 1346/1346/1346 1412/1412/1412 1411/1411/1411
f 1348/1348/1348 1413/1413/1413 1347/1347/1347
f 1347/1347/1347 1413/1413/1413 1412/1412/1412
f 1349/1349/1349 1414/1414/1414 1348/1348/1348
f 1348/1348/1348 1414/1414/1414 1413/1413/1413
f 1350/1350/1350 1415/1415/1415 1349/1349/1349
f 1349/1349/1349 1415/1415/1415 1414/1414/1414
f 1351/1351/1351 1416/1416/1416 1350/1350/1350
f 1350/1350/1350 1416/1416/1416 1415/1415/1415
f 1352/1352/1352 1417/1417/1417 1351/1351/1351
f 1351/1351/1351 1417/1417/1417 1416/1416/1416
f 1353/1353/1353 1418/1418/1418 1352/1352/1352
f 1352/1352/1352 1418/1418/1418 1417/1417/1417
f 1354/1354/1354 1419/1419/1419 1353/1353/1353
f 1353/1353/1353 1419/1419/1419 1418/1418/1418
f 1355/1355/1355 1420/1420/1420 1354/1354/1354
f 1354/1354/1354 1420/1420/1420 1419/1419/1419
f 1356/1356/1356 1421/1421/1421 1355/1355/1355
f 1355/1355/1355 1421/1421/1421 1420/1420/1420
f 1357/1357/1357 1422/1422/1422 1356/1356/1356
f 1356/1356/1356 1422/1422/1422 1421/1421/1421
f 1358/1358/1358 1423/1423/1423 1357/1357/1357
f 1357/1357/1357 1423/1423/1423 1422/1422/1422
f 1359/1359/1359 1424/1424/1424 1358/1358/1358
f 1358/1358/1358 1424/1424/1424 1423/1423/1423
f 1360/1360/1360 1425/1425/1425 1359/1359/1359
f 1359/1359/1359 1425/1425/1425 1424/1424/1424
f 1361/1361/1361 1426/1426/1426 1360/1360/1360
f 1360/1360/1360 1426/1426/1426 1425/1425/1425
f 1362/1362/1362 1427/1427/1427 1361/1361/1361
f 1361/1361/1361 1427/1427/1427 1426/1426/1426
f 1363/1363/1363 1428/1428/1428 1362/1362/1362
f 1362/1362/1362 1428/1428/1428 1427/1427/1427
f 1364/1364/1364 1429/1429/1429 1363/1363/1363
f 1363/1363/1363 1429/1429/1429 1428/1428/1428
f 1365/1365/1365 1430/1430/1430 1364/1364/1364
f 1364/1364/1364 1430/1430/1430 1429/1429/1429
f 1367/1367/1367 1432/1432/1432 1366/1366/1366
f 1366/1366/1366 1432/1432/1432 1431/1431/1431
f 1368/1368/1368 1433/1433/1433 1367/1367/1367
f 1367/1367/1367 1433/1433/1433 1432/1432/1432
f 1369/1369/1369 1434/1434/1434 1368/1368/1368
f 1368/1368/1368 1434/1434/1434 1433/1433/1433
f 1370/1370/1370 1435/1435/1435 1369/1369/1369
f 1369/1369/1369 1435/1435/1435 1434/1434/1434
f 1371/1371/1371 1436/1436/1436 1370/1370/1370
f 1370/1370/1370 1436/1436/1436 1435/1435/1435
f 1372/1372/1372 1437/1437/1437 1371/1371/1371
f 1371/1371/1371 1437/1437/1437 1436/1436/1436
f 1373/1373/1373 1438/1438/1438 1372/1372/1372
f 1372/1372/1372 1438/1438/1438 1437/1437/1437
f 1374/1374/1374 1439/1439/1439 1373/1373/1373
f 1373/1373/1373 1439/1439/1439 1438/1438/1438
f 1375/1375/1375 1440/1440/1440 1374/1374/1374
f 1374/1374/1374 1440/1440/1440 1439/1439/1439
f 1376/1376/1376 1441/1441/1441 1375/1375/1375
f 1375/1375/1375 1441/1441/1441 1440/1440/1440
f 1377/1377/1377 1442/1442/1442 1376/1376/1376
f 1376/1376/1376 1442/1442/1442 1441/1441/1441
f 1378/1378/1378 1443/1443/1443 1377/1377/1377
f 1377/1377/1377 1443/1443/1443 1442/1442/1442
f 1379/1379/1379 1444/1444/1444 1378/1378/1378
f 1378/1378/1378 1444/1444/1444 1443/1443/1443
f 1380/1380/1380 1445/1445/1445 1379/1379/1379
f 1379/1379/1379 1445/1445/1445 1444/1444/1444
f 1381/1381/1381 1446/1446/1446 1380/1380/1380
f 1380/1380/1380 1446/1446/1446 1445/1445/1445
f 1382/1382/1382 1447/1447/1447 1381/1381/1381
f 1381/1381/1381 1447/1447/1447 1446/1446/1446
f 1383/1383/1383 1448/1448/1448 1382/1382/1382
f 1382/1382/1382 1448/1448/1448 1447/1447/1447
f 1384/1384/1384 1449/1449/1449 1383/1383/1383
f 1383/1383/1383 1449/1449/1449 1448/1448/1448
f 1385/1385/1385 1450/1450/1450 1384/1384/1384
f 1384/1384/1384 1450/1450/1450 1449/1449/1449
f 1386/1386/1386 1451/1451/1451 1385/1385/1385
f 1385/1385/1385 1451/1451/1451 1450/1450/1450
f 1387/1387/1387 1452/1452/1452 1386/1386/1386
f 1386/1386/1386 1452/1452/1452 1451/1451/1451
f 1388/1388/1388 1453/1453/1453 1387/1387/1387
f 1387/1387/1387 1453/1453/1453 1452/1452/1452
f 1389/1389/1389 1454/1454/1454 1388/1388/1388
f 1388/1388/1388 1454/1454/1454 1453/1453/1453
f 1390/1390/1390 1455/1455/1455 1389/1389/1389
f 1389/1389/1389 1455/1455/1455 1454/1454/1454
f 1391/1391/1391 1456/1456/1456 1390/1390/1390
f 1390/1390/1390 1456/1456/1456 1455/1455/1455
f 1392/1392/1392 1457/1457/1457 1391/1391/1391
f 1391/1391/1391 1457/1457/1457 1456/1456/1456
f 1393/1393/1393 1458/1458/1458 1392/1392/1392
f 1392/1392/1392 1458/1458/1458 1457/1457/1457
f 1394/1394/1394 1459/1459/1459 1393/1393/1393
f 1393/1393/1393 1459/1459/1459 1458/1458/1458
f 1395/1395/1395 1460/1460/1460 1394/1394/1394
f 1394/1394/1394 1460/1460/1460 1459/1459/1459
f 1396/1396/1396 1461/1461/1461 1395/1395/1395
f 1395/1395/1395 1461/1461/1461 1460/1460/1460
f 1397/1397/1397 1462/1462/1462 1396/1396/1396
f 1396/1396/1396 1462/1462/1462 1461/1461/1461
f 1398/1398/1398 1463/1463/1463 1397/1397/1397
f 1397/1397/1397 1463/1463/1463 1462/1462/1462
f 1399/1399/1399 1464/1464/1464 1398/1398/1398
f 1398/1398/1398 1464/1464/1464 1463/1463/1463
f 1400/1400/1400 1465/1465/1465 1399/1399/1399
f 1399/1399/1399 1465/1465/1465 1464/1464/1464
f 1401/1401/1401 1466/1466/1466 1400/1400/1400
f 1400/1400/1400 1466/1466/1466 1465/1465/1465
f 1402/1402/1402 1467/1467/1467 1401/1401/1401
f 1401/1401/1401 1467/1467/1467 1466/1466/1466
f 1403/1403/1403 1468/1468/1468 1402/1402/1402
f 1402/1402/1402 1468/1468/1468 1467/1467/1467
f 1404/1404/1404 1469/1469/1469 1403/1403/1403
f 1403/1403/1403 1469/1469/1469 1468/1468/1468
f 1405/1405/1405 1470/1470/1470 1404/1404/1404
f 1404/1404/1404 1470/1470/1470 1469/1469/1469
f 1406/1406/1406 1471/1471/1471 1405/1405/1405
f 1405/1405/1405 1471/1471/1471 1470/1470/1470
f 1407/1407/1407 1472/1472/1472 1406/1406/1406
f 1406/1406/1406 1472/1472/1472 1471/1471/1471
f 1408/1408/1408 1473/1473/1473 1407/1407/1407
f 1407/1407/1407 1473/1473/1473 1472/1472/1472
f 1409/1409/1409 1474/1474/1474 1408/1408/1408
f 1408/1408/1408 1474/1474/1474 1473/1473/1473
f 1410/1410/1410 1475/1475/1475 1409/1409/1409
f 1409/1409/1409 1475/1475/1475 1474/1474/1474
f 1411/1411/1411 1476/1476/1476 1410/1410/1410
f 1410/1410/1410 1476/1476/1476 1475/1475/1475
f 1412/1412/1412 1477/1477/1477 1411/1411/1411
f 1411/1411/1411 1477/1477/1477 1476/1476/1476
f 1413/1413/1413 1478/1478/1478 1412/1412/1412
f 1412/1412/1412 1478/1478/1478 1477/1477/1477
f 1414/1414/1414 1479/1479/1479 1413/1413/1413
f 1413/1413/1413 1479/1479/1479 1478/1478/1478
f 1415/1415/1415 1480/1480/1480 1414/1414/1414
f 1414/1414/1414 1480/1480/1480 1479/1479/1479
f 1416/1416/1416 1481/1481/1481 1415/1415/1415
f 1415/1415/1415 1481/1481/1481 1480/1480/1480
f 1417/1417/1417 1482/1482/1482 1416/1416/1416
f 1416/1416/1416 1482/1482/1482 1481/1481/1481
f 1418/1418/1418 1483/1483/1483 1417/1417/1417
f 1417/1417/1417 1483/1483/1483 1482/1482/1482
f 1419/1419/1419 1484/1484/1484 1418/1418/1418
f 1418/1418/1418 1484/1484/1484 1483/1483/1483
f 1420/1420/1420 1485/1485/1485 1419/1419/1419
f 1419/1419/1419 1485/1485/1485 1484/1484/1484
f 1421/1421/1421 1486/1486/1486 1420/1420/1420
f 1420/1420/1420 1486/1486/1486 1485/1485/1485
f 1422/1422/1422 1487/1487/1487 1421/1421/1421
f 1421/1421/1421 1487/1487/1487 1486/1486/1486
f 1423/1423/1423 1488/1488/1488 1422/1422/1422
f 1422/1422/1422 1488/1488/1488 1487/1487/1487
f 1424/1424/1424 1489/1489/1489 1423/1423/1423
f 1423/1423/1423 1489/1489/1489 1488/1488/1488
f 1425/1425/1425 1490/1490/1490 1424/1424/1424
f 1424/1424/1424 1490/1490/1490 1489/1489/1489
f 1426/1426/1426 1491/1491/1491 1425/1425/1425
f 1425/1425/1425 1491/1491/1491 1490/1490/1490
f 1427/1427/1427 1492/1492/1492 1426/1426/1426
f 1426/1426/1426 1492/1492/1492 1491/1491/1491
f 1428/1428/1428 1493/1493/1493 1427/1427/1427
f 1427/1427/1427 1493/1493/1493 1492/1492/1492
f 1429/1429/1429 1494/1494/1494 1428/1428/1428
f 1428/1428/1428 1494/1494/1494 1493/1493/1493
f 1430/1430/1430 1495/1495/1495 1429/1429/1429
f 1429/1429/1429 1495/1495/1495 1494/1494/1494
f 1432/1432/1432 1497/1497/1497 1431/1431/1431
f 1431/1431/1431 1497/1497/1497 1496/1496/1496
f 1433/1433/1433 1498/1498/1498 1432/1432/1432
f 1432/1432/1432 1498/1498/1498 1497/1497/1497
f 1434/1434/1434 1499/1499/1499 1433/1433/1433
f 1433/1433/1433 1499/1499/1499 1498/1498/1498
f 1435/1435/1435 1500/1500/1500 1434/1434/1434
f 1434/1434/1434 1500/1500/1500 1499/1499/1499
f 1436/1436/1436 1501/1501/1501 1435/1435/1435
f 1435/1435/1435 1501/1501/1501 1500/1500/1500
f 1437/1437/1437 1502/1502/1502 1436/1436/1436
f 1436/1436/1436 1502/1502/1502 1501/1501/1501
f 1438/1438/1438 1503/1503/1503 1437/1437/1437
f 1437/1437/1437 1503/1503/1503 1502/1502/1502
f 1439/1439/1439 1504/1504/1504 1438/1438/1438
f 1438/1438/1438 1504/1504/1504 1503/1503/1503
f 1440/1440/1440 1505/1505/1505 1439/1439/1439
f 1439/1439/1439 1505/1505/1505 1504/1504/1504
f 1441/1441/1441 1506/1506/1506 1440/1440/1440
f 1440/1440/1440 1506/1506/1506 1505/1505/1505
f 1442/1442/1442 1507/1507/1507 1441/1441/1441
f 1441/1441/1441 1507/1507/1507 1506/1506/1506
f 1443/1443/1443 1508/1508/1508 1442/1442/1442
f 1442/1442/1442 1508/1508/1508 1507/1507/1507
f 1444/1444/1444 1509/1509/1509 1443/1443/1443
f 1443/1443/1443 1509/1509/1509 1508/1508/1508
f 1445/1445/1445 1510/1510/1510 1444/1444/1444
f 1444/1444/1444 1510/1510/1510 1509/1509/1509
f 1446/1446/1446 1511/1511/1511 1445/1445/1445
f 1445/1445/1445 1511/1511/1511 1510/1510/1510
f 1447/1447/1447 1512/1512/1512 1446/1446/1446
f 1446/1446/1446 1512/1512/1512 1511/1511/1511
f 1448/1448/1448 1513/1513/1513 1447/1447/1447
f 1447/1447/1447 1513/1513/1513 1512/1512/1512
f 1449/1449/1449 1514/1514/1514 1448/1448/1448
f 1448/1448/1448 1514/1514/1514 1513/1513/1513
f 1450/1450/1450 1515/1515/1515 1449/1449/1449
f 1449/1449/1449 1515/1515/1515 1514/1514/1514
f 1451/1451/1451 1516/1516/1516 1450/1450/1450
f 1450/1450/1450 1516/1516/1516 1515/1515/1515
f 1452/1452/1452 1517/1517/1517 1451/1451/1451
f 1451/1451/1451 1517/1517/1517 1516/1516/1516
f 1453/1453/1453 1518/1518/1518 1452/1452/1452
f 1452/1452/1452 1518/1518/1518 1517/1517/1517
f 1454/1454/1454 1519/1519/1519 1453/1453/1453
f 1453/1453/1453 1519/1519/1519 1518/1518/1518
f 1455/1455/1455 1520/1520/1520 1454/1454/1454
f 1454/1454/1454 1520/1520/1520 1519/1519/1519
f 1456/1456/1456 1521/1521/1521 1455/1455/1455
f 1455/1455/1455 1521/1521/1521 1520/1520/1520
f 1457/1457/1457 1522/1522/1522 1456/1456/1456
f 1456/1456/1456 1522/1522/1522 1521/1521/1521
f 1458/1458/1458 1523/1523/1523 1457/1457/1457
f 1457/1457/1457 1523/1523/1523 1522/1522/1522
f 1459/1459/1459 1524/1524/1524 1458/1458/1458
f 1458/1458/1458 1524/1524/1524 1523/1523/1523
f 1460/1460/1460 1525/1525/1525 1459/1459/1459
f 1459/1459/1459 1525/1525/1525 1524/1524/1524
f 1461/1461/1461 1526/1526/1526 1460/1460/1460
f 1460/1460/1460 1526/1526/1526 1525/1525/1525
f 1462/1462/1462 1527/1527/1527 1461/1461/1461
f 1461/1461/1461 1527/1527/1527 1526/1526/1526
f 1463/1463/1463 1528/1528/1528 1462/1462/1462
f 1462/1462/1462 1528/1528/1528 1527/1527/1527
f 1464/1464/1464 1529/1529/1529 1463/1463/1463
f 1463/1463/1463 1529/1529/1529 1528/1528/1528
f 1465/1465/1465 1530/1530/1530 1464/1464/1464
f 1464/1464/1464 1530/1530/1530 1529/1529/1529
f 1466/1466/1466 1531/1531/1531 1465/1465/1465
f 1465/1465/1465 1531/1531/1531 1530/1530/1530
f 1467/1467/1467 1532/1532/1532 1466/1466/1466
f 1466/1466/1466 1532/1532/1532 1531/1531/1531
f 1468/1468/1468 1533/1533/1533 1467/1467/1467
f 1467/1467/1467 1533/1533/1533 1532/1532/1532
f 1469/1469/1469 1534/1534/1534 1468/1468/1468
f 1468/1468/1468 1534/1534/1534 1533/1533/1533
f 1470/1470/1470 1535/1535/1535 1469/1469/1469
f 1469/1469/1469 1535/1535/1535 1534/1534/1534
f 1471/1471/1471 1536/1536/1536 1470/1470/1470
f 1470/1470/1470 1536/1536/1536 1535/1535/1535
f 1472/1472/1472 1537/1537/1537 1471/1471/1471
f 1471/1471/1471 1537/1537/1537 1536/1536/1536
f 1473/1473/1473 1538/1538/1538 1472/1472/1472
f 1472/1472/1472 1538/1538/1538 1537/1537/1537
f 1474/1474/1474 1539/1539/1539 1473/1473/1473
f 1473/1473/1473 1539/1539/1539 1538/1538/1538
f 1475/1475/1475 1540/1540/1540 1474/1474/1474
f 1474/1474/1474 1540/1540/1540 1539/1539/1539
f 1476/1476/1476 1541/1541/1541 1475/1475/1475
f 1475/1475/1475 1541/1541/1541 1540/1540/1540
f 1477/1477/1477 1542/1542/1542 1476/1476/1476
f 1476/1476/1476 1542/1542/1542 1541/1541/1541
f 1478/1478/1478 1543/1543/1543 1477/1477/1477
f 1477/1477/1477 1543/1543/1543 1542/1542/1542
f 1479/1479/1479 1544/1544/1544 1478/1478/1478
f 1478/1478/1478 1544/1544/1544 1543/1543/1543
f 1480/1480/1480 1545/1545/1545 1479/1479/1479
f 1479/1479/1479 1545/1545/1545 1544/1544/1544
f 1481/1481/1481 1546/1546/1546 1480/1480/1480
f 1480/1480/1480 1546/1546/1546 1545/1545/1545
f 1482/1482/1482 1547/1547/1547 1481/1481/1481
f 1481/1481/1481 1547/1547/1547 1546/1546/1546
f 1483/1483/1483 1548/1548/1548 1482/1482/1482
f 1482/1482/1482 1548/1548/1548 1547/1547/1547
f 1484/1484/1484 1549/1549/1549 1483/1483/1483
f 1483/1483/1483 1549/1549/1549 1548/1548/1548
f 1485/1485/1485 1550/1550/1550 1484/1484/1484
f 1484/1484/1484 1550/1550/1550 1549/1549/1549
f 1486/1486/1486 1551/1551/1551 1485/1485/1485
f 1485/1485/1485 1551/1551/1551 1550/1550/1550
f 1487/1487/1487 1552/1552/1552 1486/1486/1486
f 1486/1486/1486 1552/1552/1552 1551/1551/1551
f 1488/1488/1488 1553/1553/1553 1487/1487/1487
f 1487/1487/1487 1553/1553/1553 1552/1552/1552
f 1489/1489/1489 1554/1554/1554 1488/1488/1488
f 1488/1488/1488 1554/1554/1554 1553/1553/1553
f 1490/1490/1490 1555/1555/1555 1489/1489/1489
f 1489/1489/1489 1555/1555/1555 1554/1554/1554
f 1491/1491/1491 1556/1556/1556 1490/1490/1490
f 1490/1490/1490 1556/1556/1556 1555/1555/1555
f 1492/1492/1492 1557/1557/1557 1491/1491/1491
f 1491/1491/1491 1557/1557/1557 1556/1556/1556
f 1493/1493/1493 1558/1558/1558 1492/1492/1492
f 1492/1492/1492 1558/1558/1558 1557/1557/1557
f 1494/1494/1494 1559/1559/1559 1493/1493/1493
f 1493/1493/1493 1559/1559/1559 1558/1558/1558
f 1495/1495/1495 1560/1560/1560 1494/1494/1494
f 1494/1494/1494 1560/1560/1560 1559/1559/1559
f 1497/1497/1497 1562/1562/1562 1496/1496/1496
f 1496/1496/1496 1562/1562/1562 1561/1561/1561
f 1498/1498/1498 1563/1563/1563 1497/1497/1497
f 1497/1497/1497 1563/1563/1563 1562/1562/1562
f 1499/1499/1499 1564/1564/1564 1498/1498/1498
f 1498/1498/1498 1564/1564/1564 1563/1563/1563
f 1500/1500/1500 1565/1565/1565 1499/1499/1499
f 1499/1499/1499 1565/1565/1565 1564/1564/1564
f 1501/1501/1501 1566/1566/1566 1500/1500/1500
f 1500/1500/1500 1566/1566/1566 1565/1565/1565
f 1502/1502/1502 1567/1567/1567 1501/1501/1501
f 1501/1501/1501 1567/1567/1567 1566/1566/1566
f 1503/1503/1503 1568/1568/1568 1502/1502/1502
f 1502/1502/1502 1568/1568/1568 1567/1567/1567
f 1504/1504/1504 1569/1569/1569 1503/1503/1503
f 1503/1503/1503 1569/1569/1569 1568/1568/1568
f 1505/1505/1505 1570/1570/1570 1504/1504/1504
f 1504/1504/1504 1570/1570/1570 1569/1569/1569
f 1506/1506/1506 1571/1571/1571 1505/1505/1505
f 1505/1505/1505 1571/1571/1571 1570/1570/1570
f 1507/1507/1507 1572/1572/1572 1506/1506/1506
f 1506/1506/1506 1572/1572/1572 1571/1571/1571
f 1508/1508/1508 1573/1573/1573 1507/1507/1507
f 1507/1507/1507 1573/1573/1573 1572/1572/1572
f 1509/1509/1509 1574/1574/1574 1508/1508/1508
f 1508/1508/1508 1574/1574/1574 1573/1573/1573
f 1510/1510/1510 1575/1575/1575 1509/1509/1509
f 1509/1509/1509 1575/1575/1575 1574/1574/1574
f 1511/1511/1511 1576/1576/1576 1510/1510/1510
f 1510/1510/1510 1576/1576/1576 1575/1575/1575
f 1512/1512/1512 1577/1577/1577 1511/1511/1511
f 1511/1511/1511 1577/1577/1577 1576/1576/1576
f 1513/1513/1513 1578/1578/1578 1512/1512/1512
f 1512/1512/1512 1578/1578/1578 1577/1577/1577
f 1514/1514/1514 1579/1579/1579 1513/1513/1513
f 1513/1513/1513 1579/1579/1579 1578/1578/1578
f 1515/1515/1515 1580/1580/1580 1514/1514/1514
f 1514/1514/1514 1580/1580/1580 1579/1579/1579
f 1516/1516/1516 1581/1581/1581 1515/1515/1515
f 1515/1515/1515 1581/1581/1581 1580/1580/1580
f 1517/1517/1517 1582/1582/1582 1516/1516/1516
f 1516/1516/1516 1582/1582/1582 1581/1581/1581
f 1518/1518/1518 1583/1583/1583 1517/1517/1517
f 1517/1517/1517 1583/1583/1583 1582/1582/1582
f 1519/1519/1519 1584/1584/1584 1518/1518/1518
f 1518/1518/1518 1584/1584/1584 1583/1583/1583
f 1520/1520/1520 1585/1585/1585 1519/1519/1519
f 1519/1519/1519 1585/1585/1585 1584/1584/1584
f 1521/1521/1521 1586/1586/1586 1520/1520/1520
f 1520/1520/1520 1586/1586/1586 1585/1585/1585
f 1522/1522/1522 1587/1587/1587 1521/1521/1521
f 1521/1521/1521 1587/1587/1587 1586/1586/1586
f 1523/1523/1523 1588/1588/1588 1522/1522/1522
f 1522/1522/1522 1588/1588/1588 1587/1587/1587
f 1524/1524/1524 1589/1589/1589 1523/1523/1523
f 1523/1523/1523 1589/1589/1589 1588/1588/1588
f 1525/1525/1525 1590/1590/1590 1524/1524/1524
f 1524/1524/1524 1590/1590/1590 1589/1589/1589
f 1526/1526/1526 1591/1591/1591 1525/1525/1525
f 1525/1525/1525 1591/1591/1591 1590/1590/1590
f 1527/1527/1527 1592/1592/1592 1526/1526/1526
f 1526/1526/1526 1592/1592/1592 1591/1591/1591
f 1528/1528/1528 1593/1593/1593 1527/1527/1527
f 1527/1527/1527 1593/1593/1593 1592/1592/1592
f 1529/1529/1529 1594/1594/1594 1528/1528/1528
f 1528/1528/1528 1594/1594/1594 1593/1593/1593
f 1530/1530/1530 1595/1595/1595 1529/1529/1529
f 1529/1529/1529 1595/1595/1595 1594/1594/1594
f 1531/1531/1531 1596/1596/1596 1530/1530/1530
f 1530/1530/1530 1596/1596/1596 1595/1595/1595
f 1532/1532/1532 1597/1597/1597 1531/1531/1531
f 1531/1531/1531 1597/1597/1597 1596/1596/1596
f 1533/1533/1533 1598/1598/1598 1532/1532/1532
f 1532/1532/1532 1598/1598/1598 1597/1597/1597
f 1534/1534/1534 1599/1599/1599 1533/1533/1533
f 1533/1533/1533 1599/1599/1599 1598/1598/1598
f 1535/1535/1535 1600/1600/1600 1534/1534/1534
f 1534/1534/1534 1600/1600/1600 1599/1599/1599
f 1536/1536/1536 1601/1601/1601 1535/1535/1535
f 1535/1535/1535 1601/1601/1601 1600/1600/1600
f 1537/1537/1537 1602/1602/1602 1536/1536/1536
f 1536/1536/1536 1602/1602/1602 1601/1601/1601
f 1538/1538/1538 1603/1603/1603 1537/1537/1537
f 1537/1537/1537 1603/1603/1603 1602/1602/1602
f 1539/1539/1539 1604/1604/1604 1538/1538/1538
f 1538/1538/1538 1604/1604/1604 1603/1603/1603
f 1540/1540/1540 1605/1605/1605 1539/1539/1539
f 1539/1539/1539 1605/1605/1605 1604/1604/1604
f 1541/1541/1541 1606/1606/1606 1540/1540/1540
f 1540/1540/1540 1606/1606/1606 1605/1605/1605
f 1542/1542/1542 1607/1607/1607 1541/1541/1541
f 1541/1541/1541 1607/1607/1607 1606/1606/1606
f 1543/1543/1543 1608/1608/1608 1542/1542/1542
f 1542/1542/1542 1608/1608/1608 1607/1607/1607
f 1544/1544/1544 1609/1609/1609 1543/1543/1543
f 1543/1543/1543 1609/1609/1609 1608/1608/1608
f 1545/1545/1545 1610/1610/1610 1544/1544/1544
f 1544/1544/1544 1610/1610/1610 1609/1609/1609
f 1546/1546/1546 1611/1611/1611 1545/1545/1545
f 1545/1545/1545 1611/1611/1611 1610/1610/1610
f 1547/1547/1547 1612/1612/1612 1546/1546/1546
f 1546/1546/1546 1612/1612/1612 1611/1611/1611
f 1548/1548/1548 1613/1613/1613 1547/1547/1547
f 1547/1547/1547 1613/1613/1613 1612/1612/1612
f 1549/1549/1549 1614/1614/1614 1548/1548/1548
f 1548/1548/1548 1614/1614/1614 1613/1613/1613
f 1550/1550/1550 1615/1615/1615 1549/1549/1549
f 1549/1549/1549 1615/1615/1615 1614/1614/1614
f 1551/1551/1551 1616/1616/1616 1550/1550/1550
f 1550/1550/1550 1616/1616/1616 1615/1615/1615
f 1552/1552/1552 1617/1617/1617 1551/1551/1551
f 1551/1551/1551 1617/1617/1617 1616/1616/1616
f 1553/1553/1553 1618/1618/1618 1552/1552/1552
f 1552/1552/1552 1618/1618/1618 1617/1617/1617
f 1554/1554/1554 1619/1619/1619 1553/1553/1553
f 1553/1553/1553 1619/1619/1619 1618/1618/1618
f 1555/1555/1555 1620/1620/1620 1554/1554/1554
f 1554/1554/1554 1620/1620/1620 1619/1619/1619
f 1556/1556/1556 1621/1621/1621 1555/1555/1555
f 1555/1555/1555 1621/1621/1621 1620/1620/1620
f 1557/1557/1557 1622/1622/1622 1556/1556/1556
f 1556/1556/1556 1622/1622/1622 1621/1621/1621
f 1558/1558/1558 1623/1623/1623 1557/1557/1557
f 1557/1557/1557 1623/1623/1623 1622/1622/1622
f 1559/1559/1559 1624/1624/1624 1558/1558/1558
f 1558/1558/1558 1624/1624/1624 1623/1623/1623
f 1560/1560/1560 1625/1625/1625 1559/1559/1559
f 1559/1559/1559 1625/1625/1625 1624/1624/1624
f 1562/1562/1562 1627/1627/1627 1561/1561/1561
f 1561/1561/1561 1627/1627/1627 1626/1626/1626
f 1563/1563/1563 1628/1628/1628 1562/1562/1562
f 1562/1562/1562 1628/1628/1628 1627/1627/1627
f 1564/1564/1564 1629/1629/1629 1563/1563/1563
f 1563/1563/1563 1629/1629/1629 1628/1628/1628
f 1565/1565/1565 1630/1630/1630 1564/1564/1564
f 1564/1564/1564 1630/1630/1630 1629/1629/1629
f 1566/1566/1566 1631/1631/1631 1565/1565/1565
f 1565/1565/1565 1631/1631/1631 1630/1630/1630
f 1567/1567/1567 1632/1632/1632 1566/1566/1566
f 1566/1566/1566 1632/1632/1632 1631/1631/1631
f 1568/1568/1568 1633/1633/1633 1567/1567/1567
f 1567/1567/1567 1633/1633/1633 1632/1632/1632
f 1569/1569/1569 1634/1634/1634 1568/1568/1568
f 1568/1568/1568 1634/1634/1634 1633/1633/1633
f 1570/1570/1570 1635/1635/1635 1569/1569/1569
f 1569/1569/1569 1635/1635/1635 1634/1634/1634
f 1571/1571/1571 1636/1636/1636 1570/1570/1570
f 1570/1570/1570 1636/1636/1636 1635/1635/1635
f 1572/1572/1572 1637/1637/1637 1571/1571/1571
f 1571/1571/1571 1637/1637/1637 1636/1636/1636
f 1573/1573/1573 1638/1638/1638 1572/1572/1572
f 1572/1572/1572 1638/1638/1638 1637/1637/1637
f 1574/1574/1574 1639/1639/1639 1573/1573/1573
f 1573/1573/1573 1639/1639/1639 1638/1638/1638
f 1575/1575/1575 1640/1640/1640 1574/1574/1574
f 1574/1574/1574 1640/1640/1640 1639/1639/1639
f 1576/1576/1576 1641/1641/1641 1575/1575/1575
f 1575/1575/1575 1641/1641/1641 1640/1640/1640
f 1577/1577/1577 1642/1642/1642 1576/1576/1576
f 1576/1576/1576 1642/1642/1642 1641/1641/1641
f 1578/1578/1578 1643/1643/1643 1577/1577/1577
f 1577/1577/1577 1643/1643/1643 1642/1642/1642
f 1579/1579/1579 1644/1644/1644 1578/1578/1578
f 1578/1578/1578 1644/1644/1644 1643/1643/1643
f 1580/1580/1580 1645/1645/1645 1579/1579/1579
f 1579/1579/1579 1645/1645/1645 1644/1644/1644
f 1581/1581/1581 1646/1646/1646 1580/1580/1580
f 1580/1580/1580 1646/1646/1646 1645/1645/1645
f 1582/1582/1582 1647/1647/1647 1581/1581/1581
f 1581/1581/1581 1647/1647/1647 1646/1646/1646
f 1583/1583/1583 1648/1648/1648 1582/1582/1582
f 1582/1582/1582 1648/1648/1648 1647/1647/1647
f 1584/1584/1584 1649/1649/1649 1583/1583/1583
f 1583/1583/1583 1649/1649/1649 1648/1648/1648
f 1585/1585/1585 1650/1650/1650 1584/1584/1584
f 1584/1584/1584 1650/1650/1650 1649/1649/1649
f 1586/1586/1586 1651/1651/1651 1585/1585/1585
f 1585/1585/1585 1651/1651/1651 1650/1650/1650
f 1587/1587/1587 1652/1652/1652 1586/1586/1586
f 1586/1586/1586 1652/1652/1652 1651/1651/1651
f 1588/1588/1588 1653/1653/1653 1587/1587/1587
f 1587/1587/1587 1653/1653/1653 1652/1652/1652
f 1589/1589/1589 1654/1654/1654 1588/1588/1588
f 1588/1588/1588 1654/1654/1654 1653/1653/1653
f 1590/1590/1590 1655/1655/1655 1589/1589/1589
f 1589/1589/1589 1655/1655/1655 1654/1654/1654
f 1591/1591/1591 1656/1656/1656 1590/1590/1590
f 1590/1590/1590 1656/1656/1656 1655/1655/1655
f 1592/1592/1592 1657/1657/1657 1591/1591/1591
f 1591/1591/1591 1657/1657/1657 1656/1656/1656
f 1593/1593/1593 1658/1658/1658 1592/1592/1592
f 1592/1592/1592 1658/1658/1658 1657/1657/1657
f 1594/1594/1594 1659/1659/1659 1593/1593/1593
f 1593/1593/1593 1659/1659/1659 1658/1658/1658
f 1595/1595/1595 1660/1660/1660 1594/1594/1594
f 1594/1594/1594 1660/1660/1660 1659/1659/1659
f 1596/1596/1596 1661/1661/1661 1595/1595/1595
f 1595/1595/1595 1661/1661/1661 1660/1660/1660
f 1597/1597/1597 1662/1662/1662 1596/1596/1596
f 1596/1596/1596 1662/1662/1662 1661/1661/1661
f 1598/1598/1598 1663/1663/1663 1597/1597/1597
f 1597/1597/1597 1663/1663/1663 1662/1662/1662
f 1599/1599/1599 1664/1664/1664 1598/1598/1598
f 1598/1598/1598 1664/1664/1664 1663/1663/1663
f 1600/1600/1600 1665/1665/1665 1599/1599/1599
f 1599/1599/1599 1665/1665/1665 1664/1664/1664
f 1601/1601/1601 1666/1666/1666 1600/1600/1600
f 1600/1600/1600 1666/1666/1666 1665/1665/1665
f 1602/1602/1602 1667/1667/1667 1601/1601/1601
f 1601/1601/1601 1667/1667/1667 1666/1666/1666
f 1603/1603/1603 1668/1668/1668 1602/1602/1602
f 1602/1602/1602 1668/1668/1668 1667/1667/1667
f 1604/1604/1604 1669/1669/1669 1603/1603/1603
f 1603/1603/1603 1669/1669/1669 1668/1668/1668
f 1605/1605/1605 1670/1670/1670 1604/1604/1604
f 1604/1604/1604 1670/1670/1670 1669/1669/1669
f 1606/1606/1606 1671/1671/1671 1605/1605/1605
f 1605/1605/1605 1671/1671/1671 1670/1670/1670
f 1607/1607/1607 1672/1672/1672 1606/1606/1606
f 1606/1606/1606 1672/1672/1672 1671/1671/1671
f 1608/1608/1608 1673/1673/1673 1607/1607/1607
f 1607/1607/1607 1673/1673/1673 1672/1672/1672
f 1609/1609/1609 1674/1674/1674 1608/1608/1608
f 1608/1608/1608 1674/1674/1674 1673/1673/1673
f 1610/1610/1610 1675/1675/1675 1609/1609/1609
f 1609/1609/1609 1675/1675/1675 1674/1674/1674
f 1611/1611/1611 1676/1676/1676 1610/1610/1610
f 1610/1610/1610 1676/1676/1676 1675/1675/1675
f 1612/1612/1612 1677/1677/1677 1611/1611/1611
f 1611/1611/1611 1677/1677/1677 1676/1676/1676
f 1613/1613/1613 1678/1678/1678 1612/1612/1612
f 1612/1612/1612 1678/1678/1678 1677/1677/1677
f 1614/1614/1614 1679/1679/1679 1613/1613/1613
f 1613/1613/1613 1679/1679/1679 1678/1678/1678
f 1615/1615/1615 1680/1680/1680 1614/1614/1614
f 1614/1614/1614 1680/1680/1680 1679/1679/1679
f 1616/1616/1616 1681/1681/1681 1615/1615/1615
f 1615/1615/1615 1681/1681/1681 1680/1680/1680
f 1617/1617/1617 1682/1682/1682 1616/1616/1616
f 1616/1616/1616 1682/1682/1682 1681/1681/1681
f 1618/1618/1618 1683/1683/1683 1617/1617/1617
f 1617/1617/1617 1683/1683/1683 1682/1682/1682
f 1619/1619/1619 1684/1684/1684 1618/1618/1618
f 1618/1618/1618 1684/1684/1684 1683/1683/1683
f 1620/1620/1620 1685/1685/1685 1619/1619/1619
f 1619/1619/1619 1685/1685/1685 1684/1684/1684
f 1621/1621/1621 1686/1686/1686 1620/1620/1620
f 1620/1620/1620 1686/1686/1686 1685/1685/1685
f 1622/1622/1622 1687/1687/1687 1621/1621/1621
f 1621/1621/1621 1687/1687/1687 1686/1686/1686
f 1623/1623/1623 1688/1688/1688 1622/1622/1622
f 1622/1622/1622 1688/1688/1688 1687/1687/1687
f 1624/1624/1624 1689/1689/1689 1623/1623/1623
f 1623/1623/1623 1689/1689/1689 1688/1688/1688
f 1625/1625/1625 1690/1690/1690 1624/1624/1624
f 1624/1624/1624 1690/1690/1690 1689/1689/1689
f 1627/1627/1627 1692/1692/1692 1626/1626/1626
f 1626/1626/1626 1692/1692/1692 1691/1691/1691
f 1628/1628/1628 1693/1693/1693 1627/1627/1627
f 1627/1627/1627 1693/1693/1693 1692/1692/1692
f 1629/1629/1629 1694/1694/1694 1628/1628/1628
f 1628/1628/1628 1694/1694/1694 1693/1693/1693
f 1630/1630/1630 1695/1695/1695 1629/1629/1629
f 1629/1629/1629 1695/1695/1695 1694/1694/1694
f 1631/1631/1631 1696/1696/1696 1630/1630/1630
f 1630/1630/1630 1696/1696/1696 1695/1695/1695
f 1632/1632/1632 1697/1697/1697 1631/1631/1631
f 1631/1631/1631 1697/1697/1697 1696/1696/1696
f 1633/1633/1633 1698/1698/1698 1632/1632/1632
f 1632/1632/1632 1698/1698/1698 1697/1697/1697
f 1634/1634/1634 1699/1699/1699 1633/1633/1633
f 1633/1633/1633 1699/1699/1699 1698/1698/1698
f 1635/1635/1635 1700/1700/1700 1634/1634/1634
f 1634/1634/1634 1700/1700/1700 1699/1699/1699
f 1636/1636/1636 1701/1701/1701 1635/1635/1635
f 1635/1635/1635 1701/1701/1701 1700/1700/1700
f 1637/1637/1637 1702/1702/1702 1636/1636/1636
f 1636/1636/1636 1702/1702/1702 1701/1701/1701
f 1638/1638/1638 1703/1703/1703 1637/1637/1637
f 1637/1637/1637 1703/1703/1703 1702/1702/1702
f 1639/1639/1639 1704/1704/1704 1638/1638/1638
f 1638/1638/1638 1704/1704/1704 1703/1703/1703
f 1640/1640/1640 1705/1705/1705 1639/1639/1639
f 1639/1639/1639 1705/1705/1705 1704/1704/1704
f 1641/1641/1641 1706/1706/1706 1640/1640/1640
f 1640/1640/1640 1706/1706/1706 1705/1705/1705
f 1642/1642/1642 1707/1707/1707 1641/1641/1641
f 1641/1641/1641 1707/1707/1707 1706/1706/1706
f 1643/1643/1643 1708/1708/1708 1642/1642/1642
f 1642/1642/1642 1708/1708/1708 1707/1707/1707
f 1644/1644/1644 1709/1709/1709 1643/1643/1643
f 1643/1643/1643 1709/1709/1709 1708/1708/1708
f 1645/1645/1645 1710/1710/1710 1644/1644/1644
f 1644/1644/1644 1710/1710/1710 1709/1709/1709
f 1646/1646/1646 1711/1711/1711 1645/1645/1645
f 1645/1645/1645 1711/1711/1711 1710/1710/1710
f 1647/1647/1647 1712/1712/1712 1646/1646/1646
f 1646/1646/1646 1712/1712/1712 1711/1711/1711
f 1648/1648/1648 1713/1713/1713 1647/1647/1647
f 1647/1647/1647 1713/1713/1713 1712/1712/1712
f 1649/1649/1649 1714/1714/1714 1648/1648/1648
f 1648/1648/1648 1714/1714/1714 1713/1713/1713
f 1650/1650/1650 1715/1715/1715 1649/1649/1649
f 1649/1649/1649 1715/1715/1715 1714/1714/1714
f 1651/1651/1651 1716/1716/1716 1650/1650/1650
f 1650/1650/1650 1716/1716/1716 1715/1715/1715
f 1652/1652/1652 1717/1717/1717 1651/1651/1651
f 1651/1651/1651 1717/1717/1717 1716/1716/1716
f 1653/1653/1653 1718/1718/1718 1652/1652/1652
f 1652/1652/1652 1718/1718/1718 1717/1717/1717
f 1654/1654/1654 1719/1719/1719 1653/1653/1653
f 1653/1653/1653 1719/1719/1719 1718/1718/1718
f 1655/1655/1655 1720/1720/1720 1654/1654/1654
f 1654/1654/1654 1720/1720/1720 1719/1719/1719
f 1656/1656/1656 1721/1721/1721 1655/1655/1655
f 1655/1655/1655 1721/1721/1721 1720/1720/1720
f 1657/1657/1657 1722/1722/1722 1656/1656/1656
f 1656/1656/1656 1722/1722/1722 1721/1721/1721
f 1658/1658/1658 1723/1723/1723 1657/1657/1657
f 1657/1657/1657 1723/1723/1723 1722/1722/1722
f 1659/1659/1659 1724/1724/1724 1658/1658/1658
f 1658/1658/1658 1724/1724/1724 1723/1723/1723
f 1660/1660/1660 1725/1725/1725 1659/1659/1659
f 1659/1659/1659 1725/1725/1725 1724/1724/1724
f 1661/1661/1661 1726/1726/1726 1660/1660/1660
f 1660/1660/1660 1726/1726/1726 1725/1725/1725
f 1662/1662/1662 1727/1727/1727 1661/1661/1661
f 1661/1661/1661 1727/1727/1727 1726/1726/1726
f 1663/1663/1663 1728/1728/1728 1662/1662/1662
f 1662/1662/1662 1728/1728/1728 1727/1727/1727
f 1664/1664/1664 1729/1729/1729 1663/1663/1663
f 1663/1663/1663 1729/1729/1729 1728/1728/1728
f 1665/1665/1665 1730/1730/1730 1664/1664/1664
f 1664/1664/1664 1730/1730/1730 1729/1729/1729
f 1666/1666/1666 1731/1731/1731 1665/1665/1665
f 1665/1665/1665 1731/1731/1731 1730/1730/1730
f 1667/1667/1667 1732/1732/1732 1666/1666/1666
f 1666/1666/1666 1732/1732/1732 1731/1731/1731
f 1668/1668/1668 1733/1733/1733 1667/1667/1667
f 1667/1667/1667 1733/1733/1733 1732/1732/1732
f 1669/1669/1669 1734/1734/1734 1668/1668/1668
f 1668/1668/1668 1734/1734/1734 1733/1733/1733
f 1670/1670/1670 1735/1735/1735 1669/1669/1669
f 1669/1669/1669 1735/1735/1735 1734/1734/1734
f 1671/1671/1671 1736/1736/1736 1670/1670/1670
f 1670/1670/1670 1736/1736/1736 1735/1735/1735
f 1672/1672/1672 1737/1737/1737 1671/1671/1671
f 1671/1671/1671 1737/1737/1737 1736/1736/1736
f 1673/1673/1673 1738/1738/1738 1672/1672/1672
f 1672/1672/1672 1738/1738/1738 1737/1737/1737
f 1674/1674/1674 1739/1739/1739 1673/1673/1673
f 1673/1673/1673 1739/1739/1739 1738/1738/1738
f 1675/1675/1675 1740/1740/1740 1674/1674/1674
f 1674/1674/1674 1740/1740/1740 1739/1739/1739
f 1676/1676/1676 1741/1741/1741 1675/1675/1675
f 1675/1675/1675 1741/1741/1741 1740/1740/1740
f 1677/1677/1677 1742/1742/1742 1676/1676/1676
f 1676/1676/1676 1742/1742/1742 1741/1741/1741
f 1678/1678/1678 1743/1743/1743 1677/1677/1677
f 1677/1677/1677 1743/1743/1743 1742/1742/1742
f 1679/1679/1679 1744/1744/1744 1678/1678/1678
f 1678/1678/1678 1744/1744/1744 1743/1743/1743
f 1680/1680/1680 1745/1745/1745 1679/1679/1679
f 1679/1679/1679 1745/1745/1745 1744/1744/1744
f 1681/1681/1681 1746/1746/1746 1680/1680/1680
f 1680/1680/1680 1746/1746/1746 1745/1745/1745
f 1682/1682/1682 1747/1747/1747 1681/1681/1681
f 1681/1681/1681 1747/1747/1747 1746/1746/1746
f 1683/1683/1683 1748/1748/1748 1682/1682/1682
f 1682/1682/1682 1748/1748/1748 1747/1747/1747
f 1684/1684/1684 1749/1749/1749 1683/1683/1683
f 1683/1683/1683 1749/1749/1749 1748/1748/1748
f 1685/1685/1685 1750/1750/1750 1684/1684/1684
f 1684/1684/1684 1750/1750/1750 1749/1749/1749
f 1686/1686/1686 1751/1751/1751 1685/1685/1685
f 1685/1685/1685 1751/1751/1751 1750/1750/1750
f 1687/1687/1687 1752/1752/1752 1686/1686/1686
f 1686/1686/1686 1752/1752/1752 1751/1751/1751
f 1688/1688/1688 1753/1753/1753 1687/1687/1687
f 1687/1687/1687 1753/1753/1753 1752/1752/1752
f 1689/1689/1689 1754/1754/1754 1688/1688/1688
f 1688/1688/1688 1754/1754/1754 1753/1753/1753
f 1690/1690/1690 1755/1755/1755 1689/1689/1689
f 1689/1689/1689 1755/1755/1755 1754/1754/1754
f 1692/1692/1692 1757/1757/1757 1691/1691/1691
f 1691/1691/1691 1757/1757/1757 1756/1756/1756
f 1693/1693/1693 1758/1758/1758 1692/1692/1692
f 1692/1692/1692 1758/1758/1758 1757/1757/1757
f 1694/1694/1694 1759/1759/1759 1693/1693/1693
f 1693/1693/1693 1759/1759/1759 1758/1758/1758
f 1695/1695/1695 1760/1760/1760 1694/1694/1694
f 1694/1694/1694 1760/1760/1760 1759/1759/1759
f 1696/1696/1696 1761/1761/1761 1695/1695/1695
f 1695/1695/1695 1761/1761/1761 1760/1760/1760
f 1697/1697/1697 1762/1762/1762 1696/1696/1696
f 1696/1696/1696 1762/1762/1762 1761/1761/1761
f 1698/1698/1698 1763/1763/1763 1697/1697/1697
f 1697/1697/1697 1763/1763/1763 1762/1762/1762
f 1699/1699/1699 1764/1764/1764 1698/1698/1698
f 1698/1698/1698 1764/1764/1764 1763/1763/1763
f 1700/1700/1700 1765/1765/1765 1699/1699/1699
f 1699/1699/1699 1765/1765/1765 1764/1764/1764
f 1701/1701/1701 1766/1766/1766 1700/1700/1700
f 1700/1700/1700 1766/1766/1766 1765/1765/1765
f 1702/1702/1702 1767/1767/1767 1701/1701/1701
f 1701/1701/1701 1767/1767/1767 1766/1766/1766
f 1703/1703/1703 1768/1768/1768 1702/1702/1702
f 1702/1702/1702 1768/1768/1768 1767/1767/1767
f 1704/1704/1704 1769/1769/1769 1703/1703/1703
f 1703/1703/1703 1769/1769/1769 1768/1768/1768
f 1705/1705/1705 1770/1770/1770 1704/1704/1704
f 1704/1704/1704 1770/1770/1770 1769/1769/1769
f 1706/1706/1706 1771/1771/1771 1705/1705/1705
f 1705/1705/1705 1771/1771/1771 1770/1770/1770
f 1707/1707/1707 1772/1772/1772 1706/1706/1706
f 1706/1706/1706 1772/1772/1772 1771/1771/1771
f 1708/1708/1708 1773/1773/1773 1707/1707/1707
f 1707/1707/1707 1773/1773/1773 1772/1772/1772
f 1709/1709/1709 1774/1774/1774 1708/1708/1708
f 1708/1708/1708 1774/1774/1774 1773/1773/1773
f 1710/1710/1710 1775/1775/1775 1709/1709/1709
f 1709/1709/1709 1775/1775/1775 1774/1774/1774
f 1711/1711/1711 1776/1776/1776 1710/1710/1710
f 1710/1710/1710 1776/1776/1776 1775/1775/1775
f 1712/1712/1712 1777/1777/1777 1711/1711/1711
f 1711/1711/1711 1777/1777/1777 1776/1776/1776
f 1713/1713/1713 1778/1778/1778 1712/1712/1712
f 1712/1712/1712 1778/1778/1778 1777/1777/1777
f 1714/1714/1714 1779/1779/1779 1713/1713/1713
f 1713/1713/1713 1779/1779/1779 1778/1778/1778
f 1715/1715/1715 1780/1780/1780 1714/1714/1714
f 1714/1714/1714 1780/1780/1780 1779/1779/1779
f 1716/1716/1716 1781/1781/1781 1715/1715/1715
f 1715/1715/1715 1781/1781/1781 1780/1780/1780
f 1717/1717/1717 1782/1782/1782 1716/1716/1716
f 1716/1716/1716 1782/1782/1782 1781/1781/1781
f 1718/1718/1718 1783/1783/1783 1717/1717/1717
f 1717/1717/1717 1783/1783/1783 1782/1782/1782
f 1719/1719/1719 1784/1784/1784 1718/1718/1718
f 1718/1718/1718 1784/1784/1784 1783/1783/1783
f 1720/1720/1720 1785/1785/1785 1719/1719/1719
f 1719/1719/1719 1785/1785/1785 1784/1784/1784
f 1721/1721/1721 1786/1786/1786 1720/1720/1720
f 1720/1720/1720 1786/1786/1786 1785/1785/1785
f 1722/1722/1722 1787/1787/1787 1721/1721/1721
f 1721/1721/1721 1787/1787/1787 1786/1786/1786
f 1723/1723/1723 1788/1788/1788 1722/1722/1722
f 1722/1722/1722 1788/1788/1788 1787/1787/1787
f 1724/1724/1724 1789/1789/1789 1723/1723/1723
f 1723/1723/1723 1789/1789/1789 1788/1788/1788
f 1725/1725/1725 1790/1790/1790 1724/1724/1724
f 1724/1724/1724 1790/1790/1790 1789/1789/1789
f 1726/1726/1726 1791/1791/1791 1725/1725/1725
f 1725/1725/1725 1791/1791/1791 1790/1790/1790
f 1727/1727/1727 1792/1792/1792 1726/1726/1726
f 1726/1726/1726 1792/1792/1792 1791/1791/1791
f 1728/1728/1728 1793/1793/1793 1727/1727/1727
f 1727/1727/1727 1793/1793/1793 1792/1792/1792
f 1729/1729/1729 1794/1794/1794 1728/1728/1728
f 1728/1728/1728 1794/1794/1794 1793/1793/1793
f 1730/1730/1730 1795/1795/1795 1729/1729/1729
f 1729/1729/1729 1795/1795/1795 1794/1794/1794
f 1731/1731/1731 1796/1796/1796 1730/1730/1730
f 1730/1730/1730 1796/1796/1796 1795/1795/1795
f 1732/1732/1732 1797/1797/1797 1731/1731/1731
f 1731/1731/1731 1797/1797/1797 1796/1796/1796
f 1733/1733/1733 1798/1798/1798 1732/1732/1732
f 1732/1732/1732 1798/1798/1798 1797/1797/1797
f 1734/1734/1734 1799/1799/1799 1733/1733/1733
f 1733/1733/1733 1799/1799/1799 1798/1798/1798
f 1735/1735/1735 1800/1800/1800 1734/1734/1734
f 1734/1734/1734 1800/1800/1800 1799/1799/1799
f 1736/1736/1736 1801/1801/1801 1735/1735/1735
f 1735/1735/1735 1801/1801/1801 1800/1800/1800
f 1737/1737/1737 1802/1802/1802 1736/1736/1736
f 1736/1736/1736 1802/1802/1802 1801/1801/1801
f 1738/1738/1738 1803/1803/1803 1737/1737/1737
f 1737/1737/1737 1803/1803/1803 1802/1802/1802
f 1739/1739/1739 1804/1804/1804 1738/1738/1738
f 1738/1738/1738 1804/1804/1804 1803/1803/1803
f 1740/1740/1740 1805/1805/1805 1739/1739/1739
f 1739/1739/1739 1805/1805/1805 1804/1804/1804
f 1741/1741/1741 1806/1806/1806 1740/1740/1740
f 1740/1740/1740 1806/1806/1806 1805/1805/1805
f 1742/1742/1742 1807/1807/1807 1741/1741/1741
f 1741/1741/1741 1807/1807/1807 1806/1806/1806
f 1743/1743/1743 1808/1808/1808 1742/1742/1742
f 1742/1742/1742 1808/1808/1808 1807/1807/1807
f 1744/1744/1744 1809/1809/1809 1743/1743/1743
f 1743/1743/1743 1809/1809/1809 1808/1808/1808
f 1745/1745/1745 1810/1810/1810 1744/1744/1744
f 1744/1744/1744 1810/1810/1810 1809/1809/1809
f 1746/1746/1746 1811/1811/1811 1745/1745/1745
f 1745/1745/1745 1811/1811/1811 1810/1810/1810
f 1747/1747/1747 1812/1812/1812 1746/1746/1746
f 1746/1746/1746 1812/1812/1812 1811/1811/1811
f 1748/1748/1748 1813/1813/1813 1747/1747/1747
f 1747/1747/1747 1813/1813/1813 1812/1812/1812
f 1749/1749/1749 1814/1814/1814 1748/1748/1748
f 1748/1748/1748 1814/1814/1814 1813/1813/1813
f 1750/1750/1750 1815/1815/1815 1749/1749/1749
f 1749/1749/1749 1815/1815/1815 1814/1814/1814
f 1751/1751/1751 1816/1816/1816 1750/1750/1750
f 1750/1750/1750 1816/1816/1816 1815/1815/1815
f 1752/1752/1752 1817/1817/1817 1751/1751/1751
f 1751/1751/1751 1817/1817/1817 1816/1816/1816
f 1753/1753/1753 1818/1818/1818 1752/1752/1752
f 1752/1752/1752 1818/1818/1818 1817/1817/1817
f 1754/1754/1754 1819/1819/1819 1753/1753/1753
f 1753/1753/1753 1819/1819/1819 1818/1818/1818
f 1755/1755/1755 1820/1820/1820 1754/1754/1754
f 1754/1754/1754 1820/1820/1820 1819/1819/1819
f 1757/1757/1757 1822/1822/1822 1756/1756/1756
f 1756/1756/1756 1822/1822/1822 1821/1821/1821
f 1758/1758/1758 1823/1823/1823 1757/1757/1757
f 1757/1757/1757 1823/1823/1823 1822/1822/1822
f 1759/1759/1759 1824/1824/1824 1758/1758/1758
f 1758/1758/1758 1824/1824/1824 1823/1823/1823
f 1760/1760/1760 1825/1825/1825 1759/1759/1759
f 1759/1759/1759 1825/1825/1825 1824/1824/1824
f 1761/1761/1761 1826/1826/1826 1760/1760/1760
f 1760/1760/1760 1826/1826/1826 1825/1825/1825
f 1762/1762/1762 1827/1827/1827 1761/1761/1761
f 1761/1761/1761 1827/1827/1827 1826/1826/1826
f 1763/1763/1763 1828/1828/1828 1762/1762/1762
f 1762/1762/1762 1828/1828/1828 1827/1827/1827
f 1764/1764/1764 1829/1829/1829 1763/1763/1763
f 1763/1763/1763 1829/1829/1829 1828/1828/1828
f 1765/1765/1765 1830/1830/1830 1764/1764/1764
f 1764/1764/1764 1830/1830/1830 1829/1829/1829
f 1766/1766/1766 1831/1831/1831 1765/1765/1765
f 1765/1765/1765 1831/1831/1831 1830/1830/1830
f 1767/1767/1767 1832/1832/1832 1766/1766/1766
f 1766/1766/1766 1832/1832/1832 1831/1831/1831
f 1768/1768/1768 1833/1833/1833 1767/1767/1767
f 1767/1767/1767 1833/1833/1833 1832/1832/1832
f 1769/1769/1769 1834/1834/1834 1768/1768/1768
f 1768/1768/1768 1834/1834/1834 1833/1833/1833
f 1770/1770/1770 1835/1835/1835 1769/1769/1769
f 1769/1769/1769 1835/1835/1835 1834/1834/1834
f 1771/1771/1771 1836/1836/1836 1770/1770/1770
f 1770/1770/1770 1836/1836/1836 1835/1835/1835
f 1772/1772/1772 1837/1837/1837 1771/1771/1771
f 1771/1771/1771 1837/1837/1837 1836/1836/1836
f 1773/1773/1773 1838/1838/1838 1772/1772/1772
f 1772/1772/1772 1838/1838/1838 1837/1837/1837
f 1774/1774/1774 1839/1839/1839 1773/1773/1773
f 1773/1773/1773 1839/1839/1839 1838/1838/1838
f 1775/1775/1775 1840/1840/1840 1774/1774/1774
f 1774/1774/1774 1840/1840/1840 1839/1839/1839
f 1776/1776/1776 1841/1841/1841 1775/1775/1775
f 1775/1775/1775 1841/1841/1841 1840/1840/1840
f 1777/1777/1777 1842/1842/1842 1776/1776/1776
f 1776/1776/1776 1842/1842/1842 1841/1841/1841
f 1778/1778/1778 1843/1843/1843 1777/1777/1777
f 1777/1777/1777 1843/1843/1843 1842/1842/1842
f 1779/1779/1779 1844/1844/1844 1778/1778/1778
f 1778/1778/1778 1844/1844/1844 1843/1843/1843
f 1780/1780/1780 1845/1845/1845 1779/1779/1779
f 1779/1779/1779 1845/1845/1845 1844/1844/1844
f 1781/1781/1781 1846/1846/1846 1780/1780/1780
f 1780/1780/1780 1846/1846/1846 1845/1845/1845
f 1782/1782/1782 1847/1847/1847 1781/1781/1781
f 1781/1781/1781 1847/1847/1847 1846/1846/1846
f 1783/1783/1783 1848/1848/1848 1782/1782/1782
f 1782/1782/1782 1848/1848/1848 1847/1847/1847
f 1784/1784/1784 1849/1849/1849 1783/1783/1783
f 1783/1783/1783 1849/1849/1849 1848/1848/1848
f 1785/1785/1785 1850/1850/1850 1784/1784/1784
f 1784/1784/1784 1850/1850/1850 1849/1849/1849
f 1786/1786/1786 1851/1851/1851 1785/1785/1785
f 1785/1785/1785 1851/1851/1851 1850/1850/1850
f 1787/1787/1787 1852/1852/1852 1786/1786/1786
f 1786/1786/1786 1852/1852/1852 1851/1851/1851
f 1788/1788/1788 1853/1853/1853 1787/1787/1787
f 1787/1787/1787 1853/1853/1853 1852/1852/1852
f 1789/1789/1789 1854/1854/1854 1788/1788/1788
f 1788/1788/1788 1854/1854/1854 1853/1853/1853
f 1790/1790/1790 1855/1855/1855 1789/1789/1789
f 1789/1789/1789 1855/1855/1855 1854/1854/1854
f 1791/1791/1791 1856/1856/1856 1790/1790/1790
f 1790/1790/1790 1856/1856/1856 1855/1855/1855
f 1792/1792/1792 1857/1857/1857 1791/1791/1791
f 1791/1791/1791 1857/1857/1857 1856/1856/1856
f 1793/1793/1793 1858/1858/1858 1792/1792/1792
f 1792/1792/1792 1858/1858/1858 1857/1857/1857
f 1794/1794/1794 1859/1859/1859 1793/1793/1793
f 1793/1793/1793 1859/1859/1859 1858/1858/1858
f 1795/1795/1795 1860/1860/1860 1794/1794/1794
f 1794/1794/1794 1860/1860/1860 1859/1859/1859
f 1796/1796/1796 1861/1861/1861 1795/1795/1795
f 1795/1795/1795 1861/1861/1861 1860/1860/1860
f 1797/1797/1797 1862/1862/1862 1796/1796/1796
f 1796/1796/1796 1862/1862/1862 1861/1861/1861
f 1798/1798/1798 1863/1863/1863 1797/1797/1797
f 1797/1797/1797 1863/1863/1863 1862/1862/1862
f 1799/1799/1799 1864/1864/1864 1798/1798/1798
f 1798/1798/1798 1864/1864/1864 1863/1863/1863
f 1800/1800/1800 1865/1865/1865 1799/1799/1799
f 1799/1799/1799 1865/1865/1865 1864/1864/1864
f 1801/1801/1801 1866/1866/1866 1800/1800/1800
f 1800/1800/1800 1866/1866/1866 1865/1865/1865
f 1802/1802/1802 1867/1867/1867 1801/1801/1801
f 1801/1801/1801 1867/1867/1867 1866/1866/1866
f 1803/1803/1803 1868/1868/1868 1802/1802/1802
f 1802/1802/1802 1868/1868/1868 1867/1867/1867
f 1804/1804/1804 1869/1869/1869 1803/1803/1803
f 1803/1803/1803 1869/1869/1869 1868/1868/1868
f 1805/1805/1805 1870/1870/1870 1804/1804/1804
f 1804/1804/1804 1870/1870/1870 1869/1869/1869
f 1806/1806/1806 1871/1871/1871 1805/1805/1805
f 1805/1805/1805 1871/1871/1871 1870/1870/1870
f 1807/1807/1807 1872/1872/1872 1806/1806/1806
f 1806/1806/1806 1872/1872/1872 1871/1871/1871
f 1808/1808/1808 1873/1873/1873 1807/1807/1807
f 1807/1807/1807 1873/1873/1873 1872/1872/1872
f 1809/1809/1809 1874/1874/1874 1808/1808/1808
f 1808/1808/1808 1874/1874/1874 1873/1873/1873
f 1810/1810/1810 1875/1875/1875 1809/1809/1809
f 1809/1809/1809 1875/1875/1875 1874/1874/1874
f 1811/1811/1811 1876/1876/1876 1810/1810/1810
f 1810/1810/1810 1876/1876/1876 1875/1875/1875
f 1812/1812/1812 1877/1877/1877 1811/1811/1811
f 1811/1811/1811 1877/1877/1877 1876/1876/1876
f 1813/1813/1813 1878/1878/1878 1812/1812/1812
f 1812/1812/1812 1878/1878/1878 1877/1877/1877
f 1814/1814/1814 1879/1879/1879 1813/1813/1813
f 1813/1813/1813 1879/1879/1879 1878/1878/1878
f 1815/1815/1815 1880/1880/1880 1814/1814/1814
f 1814/1814/1814 1880/1880/1880 1879/1879/1879
f 1816/1816/1816 1881/1881/1881 1815/1815/1815
f 1815/1815/1815 1881/1881/1881 1880/1880/1880
f 1817/1817/1817 1882/1882/1882 1816/1816/1816
f 1816/1816/1816 1882/1882/1882 1881/1881/1881
f 1818/1818/1818 1883/1883/1883 1817/1817/1817
f 1817/1817/1817 1883/1883/1883 1882/1882/1882
f 1819/1819/1819 1884/1884/1884 1818/1818/1818
f 1818/1818/1818 1884/1884/1884 1883/1883/1883
f 1820/1820/1820 1885/1885/1885 1819/1819/1819
f 1819/1819/1819 1885/1885/1885 1884/1884/1884
f 1822/1822/1822 1887/1887/1887 1821/1821/1821
f 1821/1821/1821 1887/1887/1887 1886/1886/1886
f 1823/1823/1823 1888/1888/1888 1822/1822/1822
f 1822/1822/1822 1888/1888/1888 1887/1887/1887
f 1824/1824/1824 1889/1889/1889 1823/1823/1823
f 1823/1823/1823 1889/1889/1889 1888/1888/1888
f 1825/1825/1825 1890/1890/1890 1824/1824/1824
f 1824/1824/1824 1890/1890/1890 1889/1889/1889
f 1826/1826/1826 1891/1891/1891 1825/1825/1825
f 1825/1825/1825 1891/1891/1891 1890/1890/1890
f 1827/1827/1827 1892/1892/1892 1826/1826/1826
f 1826/1826/1826 1892/1892/1892 1891/1891/1891
f 1828/1828/1828 1893/1893/1893 1827/1827/1827
f 1827/1827/1827 1893/1893/1893 1892/1892/1892
f 1829/1829/1829 1894/1894/1894 1828/1828/1828
f 1828/1828/1828 1894/1894/1894 1893/1893/1893
f 1830/1830/1830 1895/1895/1895 1829/1829/1829
f 1829/1829/1829 1895/1895/1895 1894/1894/1894
f 1831/1831/1831 1896/1896/1896 1830/1830/1830
f 1830/1830/1830 1896/1896/1896 1895/1895/1895
f 1832/1832/1832 1897/1897/1897 1831/1831/1831
f 1831/1831/1831 1897/1897/1897 1896/1896/1896
f 1833/1833/1833 1898/1898/1898 1832/1832/1832
f 1832/1832/1832 1898/1898/1898 1897/1897/1897
f 1834/1834/1834 1899/1899/1899 1833/1833/1833
f 1833/1833/1833 1899/1899/1899 1898/1898/1898
f 1835/1835/1835 1900/1900/1900 1834/1834/1834
f 1834/1834/1834 1900/1900/1900 1899/1899/1899
f 1836/1836/1836 1901/1901/1901 1835/1835/1835
f 1835/1835/1835 1901/1901/1901 1900/1900/1900
f 1837/1837/1837 1902/1902/1902 1836/1836/1836
f 1836/1836/1836 1902/1902/1902 1901/1901/1901
f 1838/1838/1838 1903/1903/1903 1837/1837/1837
f 1837/1837/1837 1903/1903/1903 1902/1902/1902
f 1839/1839/1839 1904/1904/1904 1838/1838/1838
f 1838/1838/1838 1904/1904/1904 1903/1903/1903
f 1840/1840/1840 1905/1905/1905 1839/1839/1839
f 1839/1839/1839 1905/1905/1905 1904/1904/1904
f 1841/1841/1841 1906/1906/1906 1840/1840/1840
f 1840/1840/1840 1906/1906/1906 1905/1905/1905
f 1842/1842/1842 1907/1907/1907 1841/1841/1841
f 1841/1841/1841 1907/1907/1907 1906/1906/1906
f 1843/1843/1843 1908/1908/1908 1842/1842/1842
f 1842/1842/1842 1908/1908/1908 1907/1907/1907
f 1844/1844/1844 1909/1909/1909 1843/1843/1843
f 1843/1843/1843 1909/1909/1909 1908/1908/1908
f 1845/1845/1845 1910/1910/1910 1844/1844/1844
f 1844/1844/1844 1910/1910/1910 1909/1909/1909
f 1846/1846/1846 1911/1911/1911 1845/1845/1845
f 1845/1845/1845 1911/1911/1911 1910/1910/1910
f 1847/1847/1847 1912/1912/1912 1846/1846/1846
f 1846/1846/1846 1912/1912/1912 1911/1911/1911
f 1848/1848/1848 1913/1913/1913 1847/1847/1847
f 1847/1847/1847 1913/1913/1913 1912/1912/1912
f 1849/1849/1849 1914/1914/1914 1848/1848/1848
f 1848/1848/1848 1914/1914/1914 1913/1913/1913
f 1850/1850/1850 1915/1915/1915 1849/1849/1849
f 1849/1849/1849 1915/1915/1915 1914/1914/1914
f 1851/1851/1851 1916/1916/1916 1850/1850/1850
f 1850/1850/1850 1916/1916/1916 1915/1915/1915
f 1852/1852/1852 1917/1917/1917 1851/1851/1851
f 1851/1851/1851 1917/1917/1917 1916/1916/1916
f 1853/1853/1853 1918/1918/1918 1852/1852/1852
f 1852/1852/1852 1918/1918/1918 1917/1917/1917
f 1854/1854/1854 1919/1919/1919 1853/1853/1853
f 1853/1853/1853 1919/1919/1919 1918/1918/1918
f 1855/1855/1855 1920/1920/1920 1854/1854/1854
f 1854/1854/1854 1920/1920/1920 1919/1919/1919
f 1856/1856/1856 1921/1921/1921 1855/1855/1855
f 1855/1855/1855 1921/1921/1921 1920/1920/1920
f 1857/1857/1857 1922/1922/1922 1856/1856/1856
f 1856/1856/1856 1922/1922/1922 1921/1921/1921
f 1858/1858/1858 1923/1923/1923 1857/1857/1857
f 1857/1857/1857 1923/1923/1923 1922/1922/1922
f 1859/1859/1859 1924/1924/1924 1858/1858/1858
f 1858/1858/1858 1924/1924/1924 1923/1923/1923
f 1860/1860/1860 1925/1925/1925 1859/1859/1859
f 1859/1859/1859 1925/1925/1925 1924/1924/1924
f 1861/1861/1861 1926/1926/1926 1860/1860/1860
f 1860/1860/1860 1926/1926/1926 1925/1925/1925
f 1862/1862/1862 1927/1927/1927 1861/1861/1861
f 1861/1861/1861 1927/1927/1927 1926/1926/1926
f 1863/1863/1863 1928/1928/1928 1862/1862/1862
f 1862/1862/1862 1928/1928/1928 1927/1927/1927
f 1864/1864/1864 1929/1929/1929 1863/1863/1863
f 1863/1863/1863 1929/1929/1929 1928/1928/1928
f 1865/1865/1865 1930/1930/1930 1864/1864/1864
f 1864/1864/1864 1930/1930/1930 1929/1929/1929
f 1866/1866/1866 1931/1931/1931 1865/1865/1865
f 1865/1865/1865 1931/1931/1931 1930/1930/1930
f 1867/1867/1867 1932/1932/1932 1866/1866/1866
f 1866/1866/1866 1932/1932/1932 1931/1931/1931
f 1868/1868/1868 1933/1933/1933 1867/1867/1867
f 1867/1867/1867 1933/1933/1933 1932/1932/1932
f 1869/1869/1869 1934/1934/1934 1868/1868/1868
f 1868/1868/1868 1934/1934/1934 1933/1933/1933
f 1870/1870/1870 1935/1935/1935 1869/1869/1869
f 1869/1869/1869 1935/1935/1935 1934/1934/1934
f 1871/1871/1871 1936/1936/1936 1870/1870/1870
f 1870/1870/1870 1936/1936/1936 1935/1935/1935
f 1872/1872/1872 1937/1937/1937 1871/1871/1871
f 1871/1871/1871 1937/1937/1937 1936/1936/1936
f 1873/1873/1873 1938/1938/1938 1872/1872/1872
f 1872/1872/1872 1938/1938/1938 1937/1937/1937
f 1874/1874/1874 1939/1939/1939 1873/1873/1873
f 1873/1873/1873 1939/1939/1939 1938/1938/1938
f 1875/1875/1875 1940/1940/1940 1874/1874/1874
f 1874/1874/1874 1940/1940/1940 1939/1939/1939
f 1876/1876/1876 1941/1941/1941 1875/1875/1875
f 1875/1875/1875 1941/1941/1941 1940/1940/1940
f 1877/1877/1877 1942/1942/1942 1876/1876/1876
f 1876/1876/1876 1942/1942/1942 1941/1941/1941
f 1878/1878/1878 1943/1943/1943 1877/1877/1877
f 1877/1877/1877 1943/1943/1943 1942/1942/1942
f 1879/1879/1879 1944/1944/1944 1878/1878/1878
f 1878/1878/1878 1944/1944/1944 1943/1943/1943
f 1880/1880/1880 1945/1945/1945 1879/1879/1879
f 1879/1879/1879 1945/1945/1945 1944/1944/1944
f 1881/1881/1881 1946/1946/1946 1880/1880/1880
f 1880/1880/1880 1946/1946/1946 1945/1945/1945
f 1882/1882/1882 1947/1947/1947 1881/1881/1881
f 1881/1881/1881 1947/1947/1947 1946/1946/1946
f 1883/1883/1883 1948/1948/1948 1882/1882/1882
f 1882/1882/1882 1948/1948/1948 1947/1947/1947
f 1884/1884/1884 1949/1949/1949 1883/1883/1883
f 1883/1883/1883 1949/1949/1949 1948/1948/1948
f 1885/1885/1885 1950/1950/1950 1884/1884/1884
f 1884/1884/1884 1950/1950/1950 1949/1949/1949
f 1887/1887/1887 1952/1952/1952 1886/1886/1886
f 1886/1886/1886 1952/1952/1952 1951/1951/1951
f 1888/1888/1888 1953/1953/1953 1887/1887/1887
f 1887/1887/1887 1953/1953/1953 1952/1952/1952
f 1889/1889/1889 1954/1954/1954 1888/1888/1888
f 1888/1888/1888 1954/1954/1954 1953/1953/1953
f 1890/1890/1890 1955/1955/1955 1889/1889/1889
f 1889/1889/1889 1955/1955/1955 1954/1954/1954
f 1891/1891/1891 1956/1956/1956 1890/1890/1890
f 1890/1890/1890 1956/1956/1956 1955/1955/1955
f 1892/1892/1892 1957/1957/1957 1891/1891/1891
f 1891/1891/1891 1957/1957/1957 1956/1956/1956
f 1893/1893/1893 1958/1958/1958 1892/1892/1892
f 1892/1892/1892 1958/1958/1958 1957/1957/1957
f 1894/1894/1894 1959/1959/1959 1893/1893/1893
f 1893/1893/1893 1959/1959/1959 1958/1958/1958
f 1895/1895/1895 1960/1960/1960 1894/1894/1894
f 1894/1894/1894 1960/1960/1960 1959/1959/1959
f 1896/1896/1896 1961/1961/1961 1895/1895/1895
f 1895/1895/1895 1961/1961/1961 1960/1960/1960
f 1897/1897/1897 1962/1962/1962 1896/1896/1896
f 1896/1896/1896 1962/1962/1962 1961/1961/1961
f 1898/1898/1898 1963/1963/1963 1897/1897/1897
f 1897/1897/1897 1963/1963/1963 1962/1962/1962
f 1899/1899/1899 1964/1964/1964 1898/1898/1898
f 1898/1898/1898 1964/1964/1964 1963/1963/1963
f 1900/1900/1900 1965/1965/1965 1899/1899/1899
f 1899/1899/1899 1965/1965/1965 1964/1964/1964
f 1901/1901/1901 1966/1966/1966 1900/1900/1900
f 1900/1900/1900 1966/1966/1966 1965/1965/1965
f 1902/1902/1902 1967/1967/1967 1901/1901/1901
f 1901/1901/1901 1967/1967/1967 1966/1966/1966
f 1903/1903/1903 1968/1968/1968 1902/1902/1902
f 1902/1902/1902 1968/1968/1968 1967/1967/1967
f 1904/1904/1904 1969/1969/1969 1903/1903/1903
f 1903/1903/1903 1969/1969/1969 1968/1968/1968
f 1905/1905/1905 1970/1970/1970 1904/1904/1904
f 1904/1904/1904 1970/1970/1970 1969/1969/1969
f 1906/1906/1906 1971/1971/1971 1905/1905/1905
f 1905/1905/1905 1971/1971/1971 1970/1970/1970
f 1907/1907/1907 1972/1972/1972 1906/1906/1906
f 1906/1906/1906 1972/1972/1972 1971/1971/1971
f 1908/1908/1908 1973/1973/1973 1907/1907/1907
f 1907/1907/1907 1973/1973/1973 1972/1972/1972
f 1909/1909/1909 1974/1974/1974 1908/1908/1908
f 1908/1908/1908 1974/1974/1974 1973/1973/1973
f 1910/1910/1910 1975/1975/1975 1909/1909/1909
f 1909/1909/1909 1975/1975/1975 1974/1974/1974
f 1911/1911/1911 1976/1976/1976 1910/1910/1910
f 1910/1910/1910 1976/1976/1976 1975/1975/1975
f 1912/1912/1912 1977/1977/1977 1911/1911/1911
f 1911/1911/1911 1977/1977/1977 1976/1976/1976
f 1913/1913/1913 1978/1978/1978 1912/1912/1912
f 1912/1912/1912 1978/1978/1978 1977/1977/1977
f 1914/1914/1914 1979/1979/1979 1913/1913/1913
f 1913/1913/1913 1979/1979/1979 1978/1978/1978
f 1915/1915/1915 1980/1980/1980 1914/1914/1914
f 1914/1914/1914 1980/1980/1980 1979/1979/1979
f 1916/1916/1916 1981/1981/1981 1915/1915/1915
f 1915/1915/1915 1981/1981/1981 1980/1980/1980
f 1917/1917/1917 1982/1982/1982 1916/1916/1916
f 1916/1916/1916 1982/1982/1982 1981/1981/1981
f 1918/1918/1918 1983/1983/1983 1917/1917/1917
f 1917/1917/1917 1983/1983/1983 1982/1982/1982
f 1919/1919/1919 1984/1984/1984 1918/1918/1918
f 1918/1918/1918 1984/1984/1984 1983/1983/1983
f 1920/1920/1920 1985/1985/1985 1919/1919/1919
f 1919/1919/1919 1985/1985/1985 1984/1984/1984
f 1921/1921/1921 1986/1986/1986 1920/1920/1920
f 1920/1920/1920 1986/1986/1986 1985/1985/1985
f 1922/1922/1922 1987/1987/1987 1921/1921/1921
f 1921/1921/1921 1987/1987/1987 1986/1986/1986
f 1923/1923/1923 1988/1988/1988 1922/1922/1922
f 1922/1922/1922 1988/1988/1988 1987/1987/1987
f 1924/1924/1924 1989/1989/1989 1923/1923/1923
f 1923/1923/1923 1989/1989/1989 1988/1988/1988
f 1925/1925/1925 1990/1990/1990 1924/1924/1924
f 1924/1924/1924 1990/1990/1990 1989/1989/1989
f 1926/1926/1926 1991/1991/1991 1925/1925/1925
f 1925/1925/1925 1991/1991/1991 1990/1990/1990
f 1927/1927/1927 1992/1992/1992 1926/1926/1926
f 1926/1926/1926 1992/1992/1992 1991/1991/1991
f 1928/1928/1928 1993/1993/1993 1927/1927/1927
f 1927/1927/1927 1993/1993/1993 1992/1992/1992
f 1929/1929/1929 1994/1994/1994 1928/1928/1928
f 1928/1928/1928 1994/1994/1994 1993/1993/1993
f 1930/1930/1930 1995/1995/1995 1929/1929/1929
f 1929/1929/1929 1995/1995/1995 1994/1994/1994
f 1931/1931/1931 1996/1996/1996 1930/1930/1930
f 1930/1930/1930 1996/1996/1996 1995/1995/1995
f 1932/1932/1932 1997/1997/1997 1931/1931/1931
f 1931/1931/1931 1997/1997/1997 1996/1996/1996
f 1933/1933/1933 1998/1998/1998 1932/1932/1932
f 1932/1932/1932 1998/1998/1998 1997/1997/1997
f 1934/1934/1934 1999/1999/1999 1933/1933/1933
f 1933/1933/1933 1999/1999/1999 1998/1998/1998
f 1935/1935/1935 2000/2000/2000 1934/1934/1934
f 1934/1934/1934 2000/2000/2000 1999/1999/1999
f 1936/1936/1936 2001/2001/2001 1935/1935/1935
f 1935/1935/1935 2001/2001/2001 2000/2000/2000
f 1937/1937/1937 2002/2002/2002 1936/1936/1936
f 1936/1936/1936 2002/2002/2002 2001/2001/2001
f 1938/1938/1938 2003/2003/2003 1937/1937/1937
f 1937/1937/1937 2003/2003/2003 2002/2002/2002
f 1939/1939/1939 2004/2004/2004 1938/1938/1938
f 1938/1938/1938 2004/2004/2004 2003/2003/2003
f 1940/1940/1940 2005/2005/2005 1939/1939/1939
f 1939/1939/1939 2005/2005/2005 2004/2004/2004
f 1941/1941/1941 2006/2006/2006 1940/1940/1940
f 1940/1940/1940 2006/2006/2006 2005/2005/2005
f 1942/1942/1942 2007/2007/2007 1941/1941/1941
f 1941/1941/1941 2007/2007/2007 2006/2006/2006
f 1943/1943/1943 2008/2008/2008 1942/1942/1942
f 1942/1942/1942 2008/2008/2008 2007/2007/2007
f 1944/1944/1944 2009/2009/2009 1943/1943/1943
f 1943/1943/1943 2009/2009/2009 2008/2008/2008
f 1945/1945/1945 2010/2010/2010 1944/1944/1944
f 1944/1944/1944 2010/2010/2010 2009/2009/2009
f 1946/1946/1946 2011/2011/2011 1945/1945/1945
f 1945/1945/1945 2011/2011/2011 2010/2010/2010
f 1947/1947/1947 2012/2012/2012 1946/1946/1946
f 1946/1946/1946 2012/2012/2012 2011/2011/2011
f 1948/1948/1948 2013/2013/2013 1947/1947/1947
f 1947/1947/1947 2013/2013/2013 2012/2012/2012
f 1949/1949/1949 2014/2014/2014 1948/1948/1948
f 1948/1948/1948 2014/2014/2014 2013/2013/2013
f 1950/1950/1950 2015/2015/2015 1949/1949/1949
f 1949/1949/1949 2015/2015/2015 2014/2014/2014
f 1952/1952/1952 2017/2017/2017 1951/1951/1951
f 1951/1951/1951 2017/2017/2017 2016/2016/2016
f 1953/1953/1953 2018/2018/2018 1952/1952/1952
f 1952/1952/1952 2018/2018/2018 2017/2017/2017
f 1954/1954/1954 2019/2019/2019 1953/1953/1953
f 1953/1953/1953 2019/2019/2019 2018/2018/2018
f 1955/1955/1955 2020/2020/2020 1954/1954/1954
f 1954/1954/1954 2020/2020/2020 2019/2019/2019
f 1956/1956/1956 2021/2021/2021 1955/1955/1955
f 1955/1955/1955 2021/2021/2021 2020/2020/2020
f 1957/1957/1957 2022/2022/2022 1956/1956/1956
f 1956/1956/1956 2022/2022/2022 2021/2021/2021
f 1958/1958/1958 2023/2023/2023 1957/1957/1957
f 1957/1957/1957 2023/2023/2023 2022/2022/2022
f 1959/1959/1959 2024/2024/2024 1958/1958/1958
f 1958/1958/1958 2024/2024/2024 2023/2023/2023
f 1960/1960/1960 2025/2025/2025 1959/1959/1959
f 1959/1959/1959 2025/2025/2025 2024/2024/2024
f 1961/1961/1961 2026/2026/2026 1960/1960/1960
f 1960/1960/1960 2026/2026/2026 2025/2025/2025
f 1962/1962/1962 2027/2027/2027 1961/1961/1961
f 1961/1961/1961 2027/2027/2027 2026/2026/2026
f 1963/1963/1963 2028/2028/2028 1962/1962/1962
f 1962/1962/1962 2028/2028/2028 2027/2027/2027
f 1964/1964/1964 2029/2029/2029 1963/1963/1963
f 1963/1963/1963 2029/2029/2029 2028/2028/2028
f 1965/1965/1965 2030/2030/2030 1964/1964/1964
f 1964/1964/1964 2030/2030/2030 2029/2029/2029
f 1966/1966/1966 2031/2031/2031 1965/1965/1965
f 1965/1965/1965 2031/2031/2031 2030/2030/2030
f 1967/1967/1967 2032/2032/2032 1966/1966/1966
f 1966/1966/1966 2032/2032/2032 2031/2031/2031
f 1968/1968/1968 2033/2033/2033 1967/1967/1967
f 1967/1967/1967 2033/2033/2033 2032/2032/2032
f 1969/1969/1969 2034/2034/2034 1968/1968/1968
f 1968/1968/1968 2034/2034/2034 2033/2033/2033
f 1970/1970/1970 2035/2035/2035 1969/1969/1969
f 1969/1969/1969 2035/2035/2035 2034/2034/2034
f 1971/1971/1971 2036/2036/2036 1970/1970/1970
f 1970/1970/1970 2036/2036/2036 2035/2035/2035
f 1972/1972/1972 2037/2037/2037 1971/1971/1971
f 1971/1971/1971 2037/2037/2037 2036/2036/2036
f 1973/1973/1973 2038/2038/2038 1972/1972/1972
f 1972/1972/1972 2038/2038/2038 2037/2037/2037
f 1974/1974/1974 2039/2039/2039 1973/1973/1973
f 1973/1973/1973 2039/2039/2039 2038/2038/2038
f 1975/1975/1975 2040/2040/2040 1974/1974/1974
f 1974/1974/1974 2040/2040/2040 2039/2039/2039
f 1976/1976/1976 2041/2041/2041 1975/1975/1975
f 1975/1975/1975 2041/2041/2041 2040/2040/2040
f 1977/1977/1977 2042/2042/2042 1976/1976/1976
f 1976/1976/1976 2042/2042/2042 2041/2041/2041
f 1978/1978/1978 2043/2043/2043 1977/1977/1977
f 1977/1977/1977 2043/2043/2043 2042/2042/2042
f 1979/1979/1979 2044/2044/2044 1978/1978/1978
f 1978/1978/1978 2044/2044/2044 2043/2043/2043
f 1980/1980/1980 2045/2045/2045 1979/1979/1979
f 1979/1979/1979 2045/2045/2045 2044/2044/2044
f 1981/1981/1981 2046/2046/2046 1980/1980/1980
f 1980/1980/1980 2046/2046/2046 2045/2045/2045
f 1982/1982/1982 2047/2047/2047 1981/1981/1981
f 1981/1981/1981 2047/2047/2047 2046/2046/2046
f 1983/1983/1983 2048/2048/2048 1982/1982/1982
f 1982/1982/1982 2048/2048/2048 2047/2047/2047
f 1984/1984/1984 2049/2049/2049 1983/1983/1983
f 1983/1983/1983 2049/2049/2049 2048/2048/2048
f 1985/1985/1985 2050/2050/2050 1984/1984/1984
f 1984/1984/1984 2050/2050/2050 2049/2049/2049
f 1986/1986/1986 2051/2051/2051 1985/1985/1985
f 1985/1985/1985 2051/2051/2051 2050/2050/2050
f 1987/1987/1987 2052/2052/2052 1986/1986/1986
f 1986/1986/1986 2052/2052/2052 2051/2051/2051
f 1988/1988/1988 2053/2053/2053 1987/1987/1987
f 1987/1987/1987 2053/2053/2053 2052/2052/2052
f 1989/1989/1989 2054/2054/2054 1988/1988/1988
f 1988/1988/1988 2054/2054/2054 2053/2053/2053
f 1990/1990/1990 2055/2055/2055 1989/1989/1989
f 1989/1989/1989 2055/2055/2055 2054/2054/2054
f 1991/1991/1991 2056/2056/2056 1990/1990/1990
f 1990/1990/1990 2056/2056/2056 2055/2055/2055
f 1992/1992/1992 2057/2057/2057 1991/1991/1991
f 1991/1991/1991 2057/2057/2057 2056/2056/2056
f 1993/1993/1993 2058/2058/2058 1992/1992/1992
f 1992/1992/1992 2058/2058/2058 2057/2057/2057
f 1994/1994/1994 2059/2059/2059 1993/1993/1993
f 1993/1993/1993 2059/2059/2059 2058/2058/2058
f 1995/1995/1995 2060/2060/2060 1994/1994/1994
f 1994/1994/1994 2060/2060/2060 2059/2059/2059
f 1996/1996/1996 2061/2061/2061 1995/1995/1995
f 1995/1995/1995 2061/2061/2061 2060/2060/2060
f 1997/1997/1997 2062/2062/2062 1996/1996/1996
f 1996/1996/1996 2062/2062/2062 2061/2061/2061
f 1998/1998/1998 2063/2063/2063 1997/1997/1997
f 1997/1997/1997 2063/2063/2063 2062/2062/2062
f 1999/1999/1999 2064/2064/2064 1998/1998/1998
f 1998/1998/1998 2064/2064/2064 2063/2063/2063
f 2000/2000/2000 2065/2065/2065 1999/1999/1999
f 1999/1999/1999 2065/2065/2065 2064/2064/2064
f 2001/2001/2001 2066/2066/2066 2000/2000/2000
f 2000/2000/2000 2066/2066/2066 2065/2065/2065
f 2002/2002/2002 2067/2067/2067 2001/2001/2001
f 2001/2001/2001 2067/2067/2067 2066/2066/2066
f 2003/2003/2003 2068/2068/2068 2002/2002/2002
f 2002/2002/2002 2068/2068/2068 2067/2067/2067
f 2004/2004/2004 2069/2069/2069 2003/2003/2003
f 2003/2003/2003 2069/2069/2069 2068/2068/2068
f 2005/2005/2005 2070/2070/2070 2004/2004/2004
f 2004/2004/2004 2070/2070/2070 2069/2069/2069
f 2006/2006/2006 2071/2071/2071 2005/2005/2005
f 2005/2005/2005 2071/2071/2071 2070/2070/2070
f 2007/2007/2007 2072/2072/2072 2006/2006/2006
f 2006/2006/2006 2072/2072/2072 2071/2071/2071
f 2008/2008/2008 2073/2073/2073 2007/2007/2007
f 2007/2007/2007 2073/2073/2073 2072/2072/2072
f 2009/2009/2009 2074/2074/2074 2008/2008/2008
f 2008/2008/2008 2074/2074/2074 2073/2073/2073
f 2010/2010/2010 2075/2075/2075 2009/2009/2009
f 2009/2009/2009 2075/2075/2075 2074/2074/2074
f 2011/2011/2011 2076/2076/2076 2010/2010/2010
f 2010/2010/2010 2076/2076/2076 2075/2075/2075
f 2012/2012/2012 2077/2077/2077 2011/2011/2011
f 2011/2011/2011 2077/2077/2077 2076/2076/2076
f 2013/2013/2013 2078/2078/2078 2012/2012/2012
f 2012/2012/2012 2078/2078/2078 2077/2077/2077
f 2014/2014/2014 2079/2079/2079 2013/2013/2013
f 2013/2013/2013 2079/2079/2079 2078/2078/2078
f 2015/2015/2015 2080/2080/2080 2014/2014/2014
f 2014/2014/2014 2080/2080/2080 2079/2079/2079
f 2017/2017/2017 2082/2082/2082 2016/2016/2016
f 2016/2016/2016 2082/2082/2082 2081/2081/2081
f 2018/2018/2018 2083/2083/2083 2017/2017/2017
f 2017/2017/2017 2083/2083/2083 2082/2082/2082
f 2019/2019/2019 2084/2084/2084 2018/2018/2018
f 2018/2018/2018 2084/2084/2084 2083/2083/2083
f 2020/2020/2020 2085/2085/2085 2019/2019/2019
f 2019/2019/2019 2085/2085/2085 2084/2084/2084
f 2021/2021/2021 2086/2086/2086 2020/2020/2020
f 2020/2020/2020 2086/2086/2086 2085/2085/2085
f 2022/2022/2022 2087/2087/2087 2021/2021/2021
f 2021/2021/2021 2087/2087/2087 2086/2086/2086
f 2023/2023/2023 2088/2088/2088 2022/2022/2022
f 2022/2022/2022 2088/2088/2088 2087/2087/2087
f 2024/2024/2024 2089/2089/2089 2023/2023/2023
f 2023/2023/2023 2089/2089/2089 2088/2088/2088
f 2025/2025/2025 2090/2090/2090 2024/2024/2024
f 2024/2024/2024 2090/2090/2090 2089/2089/2089
f 2026/2026/2026 2091/2091/2091 2025/2025/2025
f 2025/2025/2025 2091/2091/2091 2090/2090/2090
f 2027/2027/2027 2092/2092/2092 2026/2026/2026
f 2026/2026/2026 2092/2092/2092 2091/2091/2091
f 2028/2028/2028 2093/2093/2093 2027/2027/2027
f 2027/2027/2027 2093/2093/2093 2092/2092/2092
f 2029/2029/2029 2094/2094/2094 2028/2028/2028
f 2028/2028/2028 2094/2094/2094 2093/2093/2093
f 2030/2030/2030 2095/2095/2095 2029/2029/2029
f 2029/2029/2029 2095/2095/2095 2094/2094/2094
f 2031/2031/2031 2096/2096/2096 2030/2030/2030
f 2030/2030/2030 2096/2096/2096 2095/2095/2095
f 2032/2032/2032 2097/2097/2097 2031/2031/2031
f 2031/2031/2031 2097/2097/2097 2096/2096/2096
f 2033/2033/2033 2098/2098/2098 2032/2032/2032
f 2032/2032/2032 2098/2098/2098 2097/2097/2097
f 2034/2034/2034 2099/2099/2099 2033/2033/2033
f 2033/2033/2033 2099/2099/2099 2098/2098/2098
f 2035/2035/2035 2100/2100/2100 2034/2034/2034
f 2034/2034/2034 2100/2100/2100 2099/2099/2099
f 2036/2036/2036 2101/2101/2101 2035/2035/2035
f 2035/2035/2035 2101/2101/2101 2100/2100/2100
f 2037/2037/2037 2102/2102/2102 2036/2036/2036
f 2036/2036/2036 2102/2102/2102 2101/2101/2101
f 2038/2038/2038 2103/2103/2103 2037/2037/2037
f 2037/2037/2037 2103/2103/2103 2102/2102/2102
f 2039/2039/2039 2104/2104/2104 2038/2038/2038
f 2038/2038/2038 2104/2104/2104 2103/2103/2103
f 2040/2040/2040 2105/2105/2105 2039/2039/2039
f 2039/2039/2039 2105/2105/2105 2104/2104/2104
f 2041/2041/2041 2106/2106/2106 2040/2040/2040
f 2040/2040/2040 2106/2106/2106 2105/2105/2105
f 2042/2042/2042 2107/2107/2107 2041/2041/2041
f 2041/2041/2041 2107/2107/2107 2106/2106/2106
f 2043/2043/2043 2108/2108/2108 2042/2042/2042
f 2042/2042/2042 2108/2108/2108 2107/2107/2107
f 2044/2044/2044 2109/2109/2109 2043/2043/2043
f 2043/2043/2043 2109/2109/2109 2108/2108/2108
f 2045/2045/2045 2110/2110/2110 2044/2044/2044
f 2044/2044/2044 2110/2110/2110 2109/2109/2109
f 2046/2046/2046 2111/2111/2111 2045/2045/2045
f 2045/2045/2045 2111/2111/2111 2110/2110/2110
f 2047/2047/2047 2112/2112/2112 2046/2046/2046
f 2046/2046/2046 2112/2112/2112 2111/2111/2111
f 2048/2048/2048 2113/2113/2113 2047/2047/2047
f 2047/2047/2047 2113/2113/2113 2112/2112/2112
f 2049/2049/2049 2114/2114/2114 2048/2048/2048
f 2048/2048/2048 2114/2114/2114 2113/2113/2113
f 2050/2050/2050 2115/2115/2115 2049/2049/2049
f 2049/2049/2049 2115/2115/2115 2114/2114/2114
f 2051/2051/2051 2116/2116/2116 2050/2050/2050
f 2050/2050/2050 2116/2116/2116 2115/2115/2115
f 2052/2052/2052 2117/2117/2117 2051/2051/2051
f 2051/2051/2051 2117/2117/2117 2116/2116/2116
f 2053/2053/2053 2118/2118/2118 2052/2052/2052
f 2052/2052/2052 2118/2118/2118 2117/2117/2117
f 2054/2054/2054 2119/2119/2119 2053/2053/2053
f 2053/2053/2053 2119/2119/2119 2118/2118/2118
f 2055/2055/2055 2120/2120/2120 2054/2054/2054
f 2054/2054/2054 2120/2120/2120 2119/2119/2119
f 2056/2056/2056 2121/2121/2121 2055/2055/2055
f 2055/2055/2055 2121/2121/2121 2120/2120/2120
f 2057/2057/2057 2122/2122/2122 2056/2056/2056
f 2056/2056/2056 2122/2122/2122 2121/2121/2121
f 2058/2058/2058 2123/2123/2123 2057/2057/2057
f 2057/2057/2057 2123/2123/2123 2122/2122/2122
f 2059/2059/2059 2124/2124/2124 2058/2058/2058
f 2058/2058/2058 2124/2124/2124 2123/2123/2123
f 2060/2060/2060 2125/2125/2125 2059/2059/2059
f 2059/2059/2059 2125/2125/2125 2124/2124/2124
f 2061/2061/2061 2126/2126/2126 2060/2060/2060
f 2060/2060/2060 2126/2126/2126 2125/2125/2125
f 2062/2062/2062 2127/2127/2127 2061/2061/2061
f 2061/2061/2061 2127/2127/2127 2126/2126/2126
f 2063/2063/2063 2128/2128/2128 2062/2062/2062
f 2062/2062/2062 2128/2128/2128 2127/2127/2127
f 2064/2064/2064 2129/2129/2129 2063/2063/2063
f 2063/2063/2063 2129/2129/2129 2128/2128/2128
f 2065/2065/2065 2130/2130/2130 2064/2064/2064
f 2064/2064/2064 2130/2130/2130 2129/2129/2129
f 2066/2066/2066 2131/2131/2131 2065/2065/2065
f 2065/2065/2065 2131/2131/2131 2130/2130/2130
f 2067/2067/2067 2132/2132/2132 2066/2066/2066
f 2066/2066/2066 2132/2132/2132 2131/2131/2131
f 2068/2068/2068 2133/2133/2133 2067/2067/2067
f 2067/2067/2067 2133/2133/2133 2132/2132/2132
f 2069/2069/2069 2134/2134/2134 2068/2068/2068
f 2068/2068/2068 2134/2134/2134 2133/2133/2133
f 2070/2070/2070 2135/2135/2135 2069/2069/2069
f 2069/2069/2069 2135/2135/2135 2134/2134/2134
f 2071/2071/2071 2136/2136/2136 2070/2070/2070
f 2070/2070/2070 2136/2136/2136 2135/2135/2135
f 2072/2072/2072 2137/2137/2137 2071/2071/2071
f 2071/2071/2071 2137/2137/2137 2136/2136/2136
f 2073/2073/2073 2138/2138/2138 2072/2072/2072
f 2072/2072/2072 2138/2138/2138 2137/2137/2137
f 2074/2074/2074 2139/2139/2139 2073/2073/2073
f 2073/2073/2073 2139/2139/2139 2138/2138/2138
f 2075/2075/2075 2140/2140/2140 2074/2074/2074
f 2074/2074/2074 2140/2140/2140 2139/2139/2139
f 2076/2076/2076 2141/2141/2141 2075/2075/2075
f 2075/2075/2075 2141/2141/2141 2140/2140/2140
f 2077/2077/2077 2142/2142/2142 2076/2076/2076
f 2076/2076/2076 2142/2142/2142 2141/2141/2141
f 2078/2078/2078 2143/2143/2143 2077/2077/2077
f 2077/2077/2077 2143/2143/2143 2142/2142/2142
f 2079/2079/2079 2144/2144/2144 2078/2078/2078
f 2078/2078/2078 2144/2144/2144 2143/2143/2143
f 2080/2080/2080 2145/2145/2145 2079/2079/2079
f 2079/2079/2079 2145/2145/2145 2144/2144/2144
f 2082/2082/2082 2147/2147/2147 2081/2081/2081
f 2081/2081/2081 2147/2147/2147 2146/2146/2146
f 2083/2083/2083 2148/2148/2148 2082/2082/2082
f 2082/2082/2082 2148/2148/2148 2147/2147/2147
f 2084/2084/2084 2149/2149/2149 2083/2083/2083
f 2083/2083/2083 2149/2149/2149 2148/2148/2148
f 2085/2085/2085 2150/2150/2150 2084/2084/2084
f 2084/2084/2084 2150/2150/2150 2149/2149/2149
f 2086/2086/2086 2151/2151/2151 2085/2085/2085
f 2085/2085/2085 2151/2151/2151 2150/2150/2150
f 2087/2087/2087 2152/2152/2152 2086/2086/2086
f 2086/2086/2086 2152/2152/2152 2151/2151/2151
f 2088/2088/2088 2153/2153/2153 2087/2087/2087
f 2087/2087/2087 2153/2153/2153 2152/2152/2152
f 2089/2089/2089 2154/2154/2154 2088/2088/2088
f 2088/2088/2088 2154/2154/2154 2153/2153/2153
f 2090/2090/2090 2155/2155/2155 2089/2089/2089
f 2089/2089/2089 2155/2155/2155 2154/2154/2154
f 2091/2091/2091 2156/2156/2156 2090/2090/2090
f 2090/2090/2090 2156/2156/2156 2155/2155/2155
f 2092/2092/2092 2157/2157/2157 2091/2091/2091
f 2091/2091/2091 2157/2157/2157 2156/2156/2156
f 2093/2093/2093 2158/2158/2158 2092/2092/2092
f 2092/2092/2092 2158/2158/2158 2157/2157/2157
f 2094/2094/2094 2159/2159/2159 2093/2093/2093
f 2093/2093/2093 2159/2159/2159 2158/2158/2158
f 2095/2095/2095 2160/2160/2160 2094/2094/2094
f 2094/2094/2094 2160/2160/2160 2159/2159/2159
f 2096/2096/2096 2161/2161/2161 2095/2095/2095
f 2095/2095/2095 2161/2161/2161 2160/2160/2160
f 2097/2097/2097 2162/2162/2162 2096/2096/2096
f 2096/2096/2096 2162/2162/2162 2161/2161/2161
f 2098/2098/2098 2163/2163/2163 2097/2097/2097
f 2097/2097/2097 2163/2163/2163 2162/2162/2162
f 2099/2099/2099 2164/2164/2164 2098/2098/2098
f 2098/2098/2098 2164/2164/2164 2163/2163/2163
f 2100/2100/2100 2165/2165/2165 2099/2099/2099
f 2099/2099/2099 2165/2165/2165 2164/2164/2164
f 2101/2101/2101 2166/2166/2166 2100/2100/2100
f 2100/2100/2100 2166/2166/2166 2165/2165/2165
f 2102/2102/2102 2167/2167/2167 2101/2101/2101
f 2101/2101/2101 2167/2167/2167 2166/2166/2166
f 2103/2103/2103 2168/2168/2168 2102/2102/2102
f 2102/2102/2102 2168/2168/2168 2167/2167/2167
f 2104/2104/2104 2169/2169/2169 2103/2103/2103
f 2103/2103/2103 2169/2169/2169 2168/2168/2168
f 2105/2105/2105 2170/2170/2170 2104/2104/2104
f 2104/2104/2104 2170/2170/2170 2169/2169/2169
f 2106/2106/2106 2171/2171/2171 2105/2105/2105
f 2105/2105/2105 2171/2171/2171 2170/2170/2170
f 2107/2107/2107 2172/2172/2172 2106/2106/2106
f 2106/2106/2106 2172/2172/2172 2171/2171/2171
f 2108/2108/2108 2173/2173/2173 2107/2107/2107
f 2107/2107/2107 2173/2173/2173 2172/2172/2172
f 2109/2109/2109 2174/2174/2174 2108/2108/2108
f 2108/2108/2108 2174/2174/2174 2173/2173/2173
f 2110/2110/2110 2175/2175/2175 2109/2109/2109
f 2109/2109/2109 2175/2175/2175 2174/2174/2174
f 2111/2111/2111 2176/2176/2176 2110/2110/2110
f 2110/2110/2110 2176/2176/2176 2175/2175/2175
f 2112/2112/2112 2177/2177/2177 2111/2111/2111
f 2111/2111/2111 2177/2177/2177 2176/2176/2176
f 2113/2113/2113 2178/2178/2178 2112/2112/2112
f 2112/2112/2112 2178/2178/2178 2177/2177/2177
f 2114/2114/2114 2179/2179/2179 2113/2113/2113
f 2113/2113/2113 2179/2179/2179 2178/2178/2178
f 2115/2115/2115 2180/2180/2180 2114/2114/2114
f 2114/2114/2114 2180/2180/2180 2179/2179/2179
f 2116/2116/2116 2181/2181/2181 2115/2115/2115
f 2115/2115/2115 2181/2181/2181 2180/2180/2180
f 2117/2117/2117 2182/2182/2182 2116/2116/2116
f 2116/2116/2116 2182/2182/2182 2181/2181/2181
f 2118/2118/2118 2183/2183/2183 2117/2117/2117
f 2117/2117/2117 2183/2183/2183 2182/2182/2182
f 2119/2119/2119 2184/2184/2184 2118/2118/2118
f 2118/2118/2118 2184/2184/2184 2183/2183/2183
f 2120/2120/2120 2185/2185/2185 2119/2119/2119
f 2119/2119/2119 2185/2185/2185 2184/2184/2184
f 2121/2121/2121 2186/2186/2186 2120/2120/2120
f 2120/2120/2120 2186/2186/2186 2185/2185/2185
f 2122/2122/2122 2187/2187/2187 2121/2121/2121
f 2121/2121/2121 2187/2187/2187 2186/2186/2186
f 2123/2123/2123 2188/2188/2188 2122/2122/2122
f 2122/2122/2122 2188/2188/2188 2187/2187/2187
f 2124/2124/2124 2189/2189/2189 2123/2123/2123
f 2123/2123/2123 2189/2189/2189 2188/2188/2188
f 2125/2125/2125 2190/2190/2190 2124/2124/2124
f 2124/2124/2124 2190/2190/2190 2189/2189/2189
f 2126/2126/2126 2191/2191/2191 2125/2125/2125
f 2125/2125/2125 2191/2191/2191 2190/2190/2190
f 2127/2127/2127 2192/2192/2192 2126/2126/2126
f 2126/2126/2126 2192/2192/2192 2191/2191/2191
f 2128/2128/2128 2193/2193/2193 2127/2127/2127
f 2127/2127/2127 2193/2193/2193 2192/2192/2192
f 2129/2129/2129 2194/2194/2194 2128/2128/2128
f 2128/2128/2128 2194/2194/2194 2193/2193/2193
f 2130/2130/2130 2195/2195/2195 2129/2129/2129
f 2129/2129/2129 2195/2195/2195 2194/2194/2194
f 2131/2131/2131 2196/2196/2196 2130/2130/2130
f 2130/2130/2130 2196/2196/2196 2195/2195/2195
f 2132/2132/2132 2197/2197/2197 2131/2131/2131
f 2131/2131/2131 2197/2197/2197 2196/2196/2196
f 2133/2133/2133 2198/2198/2198 2132/2132/2132
f 2132/2132/2132 2198/2198/2198 2197/2197/2197
f 2134/2134/2134 2199/2199/2199 2133/2133/2133
f 2133/2133/2133 2199/2199/2199 2198/2198/2198
f 2135/2135/2135 2200/2200/2200 2134/2134/2134
f 2134/2134/2134 2200/2200/2200 2199/2199/2199
f 2136/2136/2136 2201/2201/2201 2135/2135/2135
f 2135/2135/2135 2201/2201/2201 2200/2200/2200
f 2137/2137/2137 2202/2202/2202 2136/2136/2136
f 2136/2136/2136 2202/2202/2202 2201/2201/2201
f 2138/2138/2138 2203/2203/2203 2137/2137/2137
f 2137/2137/2137 2203/2203/2203 2202/2202/2202
f 2139/2139/2139 2204/2204/2204 2138/2138/2138
f 2138/2138/2138 2204/2204/2204 2203/2203/2203
f 2140/2140/2140 2205/2205/2205 2139/2139/2139
f 2139/2139/2139 2205/2205/2205 2204/2204/2204
f 2141/2141/2141 2206/2206/2206 2140/2140/2140
f 2140/2140/2140 2206/2206/2206 2205/2205/2205
f 2142/2142/2142 2207/2207/2207 2141/2141/2141
f 2141/2141/2141 2207/2207/2207 2206/2206/2206
f 2143/2143/2143 2208/2208/2208 2142/2142/2142
f 2142/2142/2142 2208/2208/2208 2207/2207/2207
f 2144/2144/2144 2209/2209/2209 2143/2143/2143
f 2143/2143/2143 2209/2209/2209 2208/2208/2208
f 2145/2145/2145 2210/2210/2210 2144/2144/2144
f 2144/2144/2144 2210/2210/2210 2209/2209/2209
f 2147/2147/2147 2212/2212/2212 2146/2146/2146
f 2146/2146/2146 2212/2212/2212 2211/2211/2211
f 2148/2148/2148 2213/2213/2213 2147/2147/2147
f 2147/2147/2147 2213/2213/2213 2212/2212/2212
f 2149/2149/2149 2214/2214/2214 2148/2148/2148
f 2148/2148/2148 2214/2214/2214 2213/2213/2213
f 2150/2150/2150 2215/2215/2215 2149/2149/2149
f 2149/2149/2149 2215/2215/2215 2214/2214/2214
f 2151/2151/2151 2216/2216/2216 2150/2150/2150
f 2150/2150/2150 2216/2216/2216 2215/2215/2215
f 2152/2152/2152 2217/2217/2217 2151/2151/2151
f 2151/2151/2151 2217/2217/2217 2216/2216/2216
f 2153/2153/2153 2218/2218/2218 2152/2152/2152
f 2152/2152/2152 2218/2218/2218 2217/2217/2217
f 2154/2154/2154 2219/2219/2219 2153/2153/2153
f 2153/2153/2153 2219/2219/2219 2218/2218/2218
f 2155/2155/2155 2220/2220/2220 2154/2154/2154
f 2154/2154/2154 2220/2220/2220 2219/2219/2219
f 2156/2156/2156 2221/2221/2221 2155/2155/2155
f 2155/2155/2155 2221/2221/2221 2220/2220/2220
f 2157/2157/2157 2222/2222/2222 2156/2156/2156
f 2156/2156/2156 2222/2222/2222 2221/2221/2221
f 2158/2158/2158 2223/2223/2223 2157/2157/2157
f 2157/2157/2157 2223/2223/2223 2222/2222/2222
f 2159/2159/2159 2224/2224/2224 2158/2158/2158
f 2158/2158/2158 2224/2224/2224 2223/2223/2223
f 2160/2160/2160 2225/2225/2225 2159/2159/2159
f 2159/2159/2159 2225/2225/2225 2224/2224/2224
f 2161/2161/2161 2226/2226/2226 2160/2160/2160
f 2160/2160/2160 2226/2226/2226 2225/2225/2225
f 2162/2162/2162 2227/2227/2227 2161/2161/2161
f 2161/2161/2161 2227/2227/2227 2226/2226/2226
f 2163/2163/2163 2228/2228/2228 2162/2162/2162
f 2162/2162/2162 2228/2228/2228 2227/2227/2227
f 2164/2164/2164 2229/2229/2229 2163/2163/2163
f 2163/2163/2163 2229/2229/2229 2228/2228/2228
f 2165/2165/2165 2230/2230/2230 2164/2164/2164
f 2164/2164/2164 2230/2230/2230 2229/2229/2229
f 2166/2166/2166 2231/2231/2231 2165/2165/2165
f 2165/2165/2165 2231/2231/2231 2230/2230/2230
f 2167/2167/2167 2232/2232/2232 2166/2166/2166
f 2166/2166/2166 2232/2232/2232 2231/2231/2231
f 2168/2168/2168 2233/2233/2233 2167/2167/2167
f 2167/2167/2167 2233/2233/2233 2232/2232/2232
f 2169/2169/2169 2234/2234/2234 2168/2168/2168
f 2168/2168/2168 2234/2234/2234 2233/2233/2233
f 2170/2170/2170 2235/2235/2235 2169/2169/2169
f 2169/2169/2169 2235/2235/2235 2234/2234/2234
f 2171/2171/2171 2236/2236/2236 2170/2170/2170
f 2170/2170/2170 2236/2236/2236 2235/2235/2235
f 2172/2172/2172 2237/2237/2237 2171/2171/2171
f 2171/2171/2171 2237/2237/2237 2236/2236/2236
f 2173/2173/2173 2238/2238/2238 2172/2172/2172
f 2172/2172/2172 2238/2238/2238 2237/2237/2237
f 2174/2174/2174 2239/2239/2239 2173/2173/2173
f 2173/2173/2173 2239/2239/2239 2238/2238/2238
f 2175/2175/2175 2240/2240/2240 2174/2174/2174
f 2174/2174/2174 2240/2240/2240 2239/2239/2239
f 2176/2176/2176 2241/2241/2241 2175/2175/2175
f 2175/2175/2175 2241/2241/2241 2240/2240/2240
f 2177/2177/2177 2242/2242/2242 2176/2176/2176
f 2176/2176/2176 2242/2242/2242 2241/2241/2241
f 2178/2178/2178 2243/2243/2243 2177/2177/2177
f 2177/2177/2177 2243/2243/2243 2242/2242/2242
f 2179/2179/2179 2244/2244/2244 2178/2178/2178
f 2178/2178/2178 2244/2244/2244 2243/2243/2243
f 2180/2180/2180 2245/2245/2245 2179/2179/2179
f 2179/2179/2179 2245/2245/2245 2244/2244/2244
f 2181/2181/2181 2246/2246/2246 2180/2180/2180
f 2180/2180/2180 2246/2246/2246 2245/2245/2245
f 2182/2182/2182 2247/2247/2247 2181/2181/2181
f 2181/2181/2181 2247/2247/2247 2246/2246/2246
f 2183/2183/2183 2248/2248/2248 2182/2182/2182
f 2182/2182/2182 2248/2248/2248 2247/2247/2247
f 2184/2184/2184 2249/2249/2249 2183/2183/2183
f 2183/2183/2183 2249/2249/2249 2248/2248/2248
f 2185/2185/2185 2250/2250/2250 2184/2184/2184
f 2184/2184/2184 2250/2250/2250 2249/2249/2249
f 2186/2186/2186 2251/2251/2251 2185/2185/2185
f 2185/2185/2185 2251/2251/2251 2250/2250/2250
f 2187/2187/2187 2252/2252/2252 2186/2186/2186
f 2186/2186/2186 2252/2252/2252 2251/2251/2251
f 2188/2188/2188 2253/2253/2253 2187/2187/2187
f 2187/2187/2187 2253/2253/2253 2252/2252/2252
f 2189/2189/2189 2254/2254/2254 2188/2188/2188
f 2188/2188/2188 2254/2254/2254 2253/2253/2253
f 2190/2190/2190 2255/2255/2255 2189/2189/2189
f 2189/2189/2189 2255/2255/2255 2254/2254/2254
f 2191/2191/2191 2256/2256/2256 2190/2190/2190
f 2190/2190/2190 2256/2256/2256 2255/2255/2255
f 2192/2192/2192 2257/2257/2257 2191/2191/2191
f 2191/2191/2191 2257/2257/2257 2256/2256/2256
f 2193/2193/2193 2258/2258/2258 2192/2192/2192
f 2192/2192/2192 2258/2258/2258 2257/2257/2257
f 2194/2194/2194 2259/2259/2259 2193/2193/2193
f 2193/2193/2193 2259/2259/2259 2258/2258/2258
f 2195/2195/2195 2260/2260/2260 2194/2194/2194
f 2194/2194/2194 2260/2260/2260 2259/2259/2259
f 2196/2196/2196 2261/2261/2261 2195/2195/2195
f 2195/2195/2195 2261/2261/2261 2260/2260/2260
f 2197/2197/2197 2262/2262/2262 2196/2196/2196
f 2196/2196/2196 2262/2262/2262 2261/2261/2261
f 2198/2198/2198 2263/2263/2263 2197/2197/2197
f 2197/2197/2197 2263/2263/2263 2262/2262/2262
f 2199/2199/2199 2264/2264/2264 2198/2198/2198
f 2198/2198/2198 2264/2264/2264 2263/2263/2263
f 2200/2200/2200 2265/2265/2265 2199/2199/2199
f 2199/2199/2199 2265/2265/2265 2264/2264/2264
f 2201/2201/2201 2266/2266/2266 2200/2200/2200
f 2200/2200/2200 2266/2266/2266 2265/2265/2265
f 2202/2202/2202 2267/2267/2267 2201/2201/2201
f 2201/2201/2201 2267/2267/2267 2266/2266/2266
f 2203/2203/2203 2268/2268/2268 2202/2202/2202
f 2202/2202/2202 2268/2268/2268 2267/2267/2267
f 2204/2204/2204 2269/2269/2269 2203/2203/2203
f 2203/2203/2203 2269/2269/2269 2268/2268/2268
f 2205/2205/2205 2270/2270/2270 2204/2204/2204
f 2204/2204/2204 2270/2270/2270 2269/2269/2269
f 2206/2206/2206 2271/2271/2271 2205/2205/2205
f 2205/2205/2205 2271/2271/2271 2270/2270/2270
f 2207/2207/2207 2272/2272/2272 2206/2206/2206
f 2206/2206/2206 2272/2272/2272 2271/2271/2271
f 2208/2208/2208 2273/2273/2273 2207/2207/2207
f 2207/2207/2207 2273/2273/2273 2272/2272/2272
f 2209/2209/2209 2274/2274/2274 2208/2208/2208
f 2208/2208/2208 2274/2274/2274 2273/2273/2273
f 2210/2210/2210 2275/2275/2275 2209/2209/2209
f 2209/2209/2209 2275/2275/2275 2274/2274/2274
f 2212/2212/2212 2277/2277/2277 2211/2211/2211
f 2211/2211/2211 2277/2277/2277 2276/2276/2276
f 2213/2213/2213 2278/2278/2278 2212/2212/2212
f 2212/2212/2212 2278/2278/2278 2277/2277/2277
f 2214/2214/2214 2279/2279/2279 2213/2213/2213
f 2213/2213/2213 2279/2279/2279 2278/2278/2278
f 2215/2215/2215 2280/2280/2280 2214/2214/2214
f 2214/2214/2214 2280/2280/2280 2279/2279/2279
f 2216/2216/2216 2281/2281/2281 2215/2215/2215
f 2215/2215/2215 2281/2281/2281 2280/2280/2280
f 2217/2217/2217 2282/2282/2282 2216/2216/2216
f 2216/2216/2216 2282/2282/2282 2281/2281/2281
f 2218/2218/2218 2283/2283/2283 2217/2217/2217
f 2217/2217/2217 2283/2283/2283 2282/2282/2282
f 2219/2219/2219 2284/2284/2284 2218/2218/2218
f 2218/2218/2218 2284/2284/2284 2283/2283/2283
f 2220/2220/2220 2285/2285/2285 2219/2219/2219
f 2219/2219/2219 2285/2285/2285 2284/2284/2284
f 2221/2221/2221 2286/2286/2286 2220/2220/2220
f 2220/2220/2220 2286/2286/2286 2285/2285/2285
f 2222/2222/2222 2287/2287/2287 2221/2221/2221
f 2221/2221/2221 2287/2287/2287 2286/2286/2286
f 2223/2223/2223 2288/2288/2288 2222/2222/2222
f 2222/2222/2222 2288/2288/2288 2287/2287/2287
f 2224/2224/2224 2289/2289/2289 2223/2223/2223
f 2223/2223/2223 2289/2289/2289 2288/2288/2288
f 2225/2225/2225 2290/2290/2290 2224/2224/2224
f 2224/2224/2224 2290/2290/2290 2289/2289/2289
f 2226/2226/2226 2291/2291/2291 2225/2225/2225
f 2225/2225/2225 2291/2291/2291 2290/2290/2290
f 2227/2227/2227 2292/2292/2292 2226/2226/2226
f 2226/2226/2226 2292/2292/2292 2291/2291/2291
f 2228/2228/2228 2293/2293/2293 2227/2227/2227
f 2227/2227/2227 2293/2293/2293 2292/2292/2292
f 2229/2229/2229 2294/2294/2294 2228/2228/2228
f 2228/2228/2228 2294/2294/2294 2293/2293/2293
f 2230/2230/2230 2295/2295/2295 2229/2229/2229
f 2229/2229/2229 2295/2295/2295 2294/2294/2294
f 2231/2231/2231 2296/2296/2296 2230/2230/2230
f 2230/2230/2230 2296/2296/2296 2295/2295/2295
f 2232/2232/2232 2297/2297/2297 2231/2231/2231
f 2231/2231/2231 2297/2297/2297 2296/2296/2296
f 2233/2233/2233 2298/2298/2298 2232/2232/2232
f 2232/2232/2232 2298/2298/2298 2297/2297/2297
f 2234/2234/2234 2299/2299/2299 2233/2233/2233
f 2233/2233/2233 2299/2299/2299 2298/2298/2298
f 2235/2235/2235 2300/2300/2300 2234/2234/2234
f 2234/2234/2234 2300/2300/2300 2299/2299/2299
f 2236/2236/2236 2301/2301/2301 2235/2235/2235
f 2235/2235/2235 2301/2301/2301 2300/2300/2300
f 2237/2237/2237 2302/2302/2302 2236/2236/2236
f 2236/2236/2236 2302/2302/2302 2301/2301/2301
f 2238/2238/2238 2303/2303/2303 2237/2237/2237
f 2237/2237/2237 2303/2303/2303 2302/2302/2302
f 2239/2239/2239 2304/2304/2304 2238/2238/2238
f 2238/2238/2238 2304/2304/2304 2303/2303/2303
f 2240/2240/2240 2305/2305/2305 2239/2239/2239
f 2239/2239/2239 2305/2305/2305 2304/2304/2304
f 2241/2241/2241 2306/2306/2306 2240/2240/2240
f 2240/2240/2240 2306/2306/2306 2305/2305/2305
f 2242/2242/2242 2307/2307/2307 2241/2241/2241
f 2241/2241/2241 2307/2307/2307 2306/2306/2306
f 2243/2243/2243 2308/2308/2308 2242/2242/2242
f 2242/2242/2242 2308/2308/2308 2307/2307/2307
f 2244/2244/2244 2309/2309/2309 2243/2243/2243
f 2243/2243/2243 2309/2309/2309 2308/2308/2308
f 2245/2245/2245 2310/2310/2310 2244/2244/2244
f 2244/2244/2244 2310/2310/2310 2309/2309/2309
f 2246/2246/2246 2311/2311/2311 2245/2245/2245
f 2245/2245/2245 2311/2311/2311 2310/2310/2310
f 2247/2247/2247 2312/2312/2312 2246/2246/2246
f 2246/2246/2246 2312/2312/2312 2311/2311/2311
f 2248/2248/2248 2313/2313/2313 2247/2247/2247
f 2247/2247/2247 2313/2313/2313 2312/2312/2312
f 2249/2249/2249 2314/2314/2314 2248/2248/2248
f 2248/2248/2248 2314/2314/2314 2313/2313/2313
f 2250/2250/2250 2315/2315/2315 2249/2249/2249
f 2249/2249/2249 2315/2315/2315 2314/2314/2314
f 2251/2251/2251 2316/2316/2316 2250/2250/2250
f 2250/2250/2250 2316/2316/2316 2315/2315/2315
f 2252/2252/2252 2317/2317/2317 2251/2251/2251
f 2251/2251/2251 2317/2317/2317 2316/2316/2316
f 2253/2253/2253 2318/2318/2318 2252/2252/2252
f 2252/2252/2252 2318/2318/2318 2317/2317/2317
f 2254/2254/2254 2319/2319/2319 2253/2253/2253
f 2253/2253/2253 2319/2319/2319 2318/2318/2318
f 2255/2255/2255 2320/2320/2320 2254/2254/2254
f 2254/2254/2254 2320/2320/2320 2319/2319/2319
f 2256/2256/2256 2321/2321/2321 2255/2255/2255
f 2255/2255/2255 2321/2321/2321 2320/2320/2320
f 2257/2257/2257 2322/2322/2322 2256/2256/2256
f 2256/2256/2256 2322/2322/2322 2321/2321/2321
f 2258/2258/2258 2323/2323/2323 2257/2257/2257
f 2257/2257/2257 2323/2323/2323 2322/2322/2322
f 2259/2259/2259 2324/2324/2324 2258/2258/2258
f 2258/2258/2258 2324/2324/2324 2323/2323/2323
f 2260/2260/2260 2325/2325/2325 2259/2259/2259
f 2259/2259/2259 2325/2325/2325 2324/2324/2324
f 2261/2261/2261 2326/2326/2326 2260/2260/2260
f 2260/2260/2260 2326/2326/2326 2325/2325/2325
f 2262/2262/2262 2327/2327/2327 2261/2261/2261
f 2261/2261/2261 2327/2327/2327 2326/2326/2326
f 2263/2263/2263 2328/2328/2328 2262/2262/2262
f 2262/2262/2262 2328/2328/2328 2327/2327/2327
f 2264/2264/2264 2329/2329/2329 2263/2263/2263
f 2263/2263/2263 2329/2329/2329 2328/2328/2328
f 2265/2265/2265 2330/2330/2330 2264/2264/2264
f 2264/2264/2264 2330/2330/2330 2329/2329/2329
f 2266/2266/2266 2331/2331/2331 2265/2265/2265
f 2265/2265/2265 2331/2331/2331 2330/2330/2330
f 2267/2267/2267 2332/2332/2332 2266/2266/2266
f 2266/2266/2266 2332/2332/2332 2331/2331/2331
f 2268/2268/2268 2333/2333/2333 2267/2267/2267
f 2267/2267/2267 2333/2333/2333 2332/2332/2332
f 2269/2269/2269 2334/2334/2334 2268/2268/2268
f 2268/2268/2268 2334/2334/2334 2333/2333/2333
f 2270/2270/2270 2335/2335/2335 2269/2269/2269
f 2269/2269/2269 2335/2335/2335 2334/2334/2334
f 2271/2271/2271 2336/2336/2336 2270/2270/2270
f 2270/2270/2270 2336/2336/2336 2335/2335/2335
f 2272/2272/2272 2337/2337/2337 2271/2271/2271
f 2271/2271/2271 2337/2337/2337 2336/2336/2336
f 2273/2273/2273 2338/2338/2338 2272/2272/2272
f 2272/2272/2272 2338/2338/2338 2337/2337/2337
f 2274/2274/2274 2339/2339/2339 2273/2273/2273
f 2273/2273/2273 2339/2339/2339 2338/2338/2338
f 2275/2275/2275 2340/2340/2340 2274/2274/2274
f 2274/2274/2274 2340/2340/2340 2339/2339/2339
f 2277/2277/2277 2342/2342/2342 2276/2276/2276
f 2276/2276/2276 2342/2342/2342 2341/2341/2341
f 2278/2278/2278 2343/2343/2343 2277/2277/2277
f 2277/2277/2277 2343/2343/2343 2342/2342/2342
f 2279/2279/2279 2344/2344/2344 2278/2278/2278
f 2278/2278/2278 2344/2344/2344 2343/2343/2343
f 2280/2280/2280 2345/2345/2345 2279/2279/2279
f 2279/2279/2279 2345/2345/2345 2344/2344/2344
f 2281/2281/2281 2346/2346/2346 2280/2280/2280
f 2280/2280/2280 2346/2346/2346 2345/2345/2345
f 2282/2282/2282 2347/2347/2347 2281/2281/2281
f 2281/2281/2281 2347/2347/2347 2346/2346/2346
f 2283/2283/2283 2348/2348/2348 2282/2282/2282
f 2282/2282/2282 2348/2348/2348 2347/2347/2347
f 2284/2284/2284 2349/2349/2349 2283/2283/2283
f 2283/2283/2283 2349/2349/2349 2348/2348/2348
f 2285/2285/2285 2350/2350/2350 2284/2284/2284
f 2284/2284/2284 2350/2350/2350 2349/2349/2349
f 2286/2286/2286 2351/2351/2351 2285/2285/2285
f 2285/2285/2285 2351/2351/2351 2350/2350/2350
f 2287/2287/2287 2352/2352/2352 2286/2286/2286
f 2286/2286/2286 2352/2352/2352 2351/2351/2351
f 2288/2288/2288 2353/2353/2353 2287/2287/2287
f 2287/2287/2287 2353/2353/2353 2352/2352/2352
f 2289/2289/2289 2354/2354/2354 2288/2288/2288
f 2288/2288/2288 2354/2354/2354 2353/2353/2353
f 2290/2290/2290 2355/2355/2355 2289/2289/2289
f 2289/2289/2289 2355/2355/2355 2354/2354/2354
f 2291/2291/2291 2356/2356/2356 2290/2290/2290
f 2290/2290/2290 2356/2356/2356 2355/2355/2355
f 2292/2292/2292 2357/2357/2357 2291/2291/2291
f 2291/2291/2291 2357/2357/2357 2356/2356/2356
f 2293/2293/2293 2358/2358/2358 2292/2292/2292
f 2292/2292/2292 2358/2358/2358 2357/2357/2357
f 2294/2294/2294 2359/2359/2359 2293/2293/2293
f 2293/2293/2293 2359/2359/2359 2358/2358/2358
f 2295/2295/2295 2360/2360/2360 2294/2294/2294
f 2294/2294/2294 2360/2360/2360 2359/2359/2359
f 2296/2296/2296 2361/2361/2361 2295/2295/2295
f 2295/2295/2295 2361/2361/2361 2360/2360/2360
f 2297/2297/2297 2362/2362/2362 2296/2296/2296
f 2296/2296/2296 2362/2362/2362 2361/2361/2361
f 2298/2298/2298 2363/2363/2363 2297/2297/2297
f 2297/2297/2297 2363/2363/2363 2362/2362/2362
f 2299/2299/2299 2364/2364/2364 2298/2298/2298
f 2298/2298/2298 2364/2364/2364 2363/2363/2363
f 2300/2300/2300 2365/2365/2365 2299/2299/2299
f 2299/2299/2299 2365/2365/2365 2364/2364/2364
f 2301/2301/2301 2366/2366/2366 2300/2300/2300
f 2300/2300/2300 2366/2366/2366 2365/2365/2365
f 2302/2302/2302 2367/2367/2367 2301/2301/2301
f 2301/2301/2301 2367/2367/2367 2366/2366/2366
f 2303/2303/2303 2368/2368/2368 2302/2302/2302
f 2302/2302/2302 2368/2368/2368 2367/2367/2367
f 2304/2304/2304 2369/2369/2369 2303/2303/2303
f 2303/2303/2303 2369/2369/2369 2368/2368/2368
f 2305/2305/2305 2370/2370/2370 2304/2304/2304
f 2304/2304/2304 2370/2370/2370 2369/2369/2369
f 2306/2306/2306 2371/2371/2371 2305/2305/2305
f 2305/2305/2305 2371/2371/2371 2370/2370/2370
f 2307/2307/2307 2372/2372/2372 2306/2306/2306
f 2306/2306/2306 2372/2372/2372 2371/2371/2371
f 2308/2308/2308 2373/2373/2373 2307/2307/2307
f 2307/2307/2307 2373/2373/2373 2372/2372/2372
f 2309/2309/2309 2374/2374/2374 2308/2308/2308
f 2308/2308/2308 2374/2374/2374 2373/2373/2373
f 2310/2310/2310 2375/2375/2375 2309/2309/2309
f 2309/2309/2309 2375/2375/2375 2374/2374/2374
f 2311/2311/2311 2376/2376/2376 2310/2310/2310
f 2310/2310/2310 2376/2376/2376 2375/2375/2375
f 2312/2312/2312 2377/2377/2377 2311/2311/2311
f 2311/2311/2311 2377/2377/2377 2376/2376/2376
f 2313/2313/2313 2378/2378/2378 2312/2312/2312
f 2312/2312/2312 2378/2378/2378 2377/2377/2377
f 2314/2314/2314 2379/2379/2379 2313/2313/2313
f 2313/2313/2313 2379/2379/2379 2378/2378/2378
f 2315/2315/2315 2380/2380/2380 2314/2314/2314
f 2314/2314/2314 2380/2380/2380 2379/2379/2379
f 2316/2316/2316 2381/2381/2381 2315/2315/2315
f 2315/2315/2315 2381/2381/2381 2380/2380/2380
f 2317/2317/2317 2382/2382/2382 2316/2316/2316
f 2316/2316/2316 2382/2382/2382 2381/2381/2381
f 2318/2318/2318 2383/2383/2383 2317/2317/2317
f 2317/2317/2317 2383/2383/2383 2382/2382/2382
f 2319/2319/2319 2384/2384/2384 2318/2318/2318
f 2318/2318/2318 2384/2384/2384 2383/2383/2383
f 2320/2320/2320 2385/2385/2385 2319/2319/2319
f 2319/2319/2319 2385/2385/2385 2384/2384/2384
f 2321/2321/2321 2386/2386/2386 2320/2320/2320
f 2320/2320/2320 2386/2386/2386 2385/2385/2385
f 2322/2322/2322 2387/2387/2387 2321/2321/2321
f 2321/2321/2321 2387/2387/2387 2386/2386/2386
f 2323/2323/2323 2388/2388/2388 2322/2322/2322
f 2322/2322/2322 2388/2388/2388 2387/2387/2387
f 2324/2324/2324 2389/2389/2389 2323/2323/2323
f 2323/2323/2323 2389/2389/2389 2388/2388/2388
f 2325/2325/2325 2390/2390/2390 2324/2324/2324
f 2324/2324/2324 2390/2390/2390 2389/2389/2389
f 2326/2326/2326 2391/2391/2391 2325/2325/2325
f 2325/2325/2325 2391/2391/2391 2390/2390/2390
f 2327/2327/2327 2392/2392/2392 2326/2326/2326
f 2326/2326/2326 2392/2392/2392 2391/2391/2391
f 2328/2328/2328 2393/2393/2393 2327/2327/2327
f 2327/2327/2327 2393/2393/2393 2392/2392/2392
f 2329/2329/2329 2394/2394/2394 2328/2328/2328
f 2328/2328/2328 2394/2394/2394 2393/2393/2393
f 2330/2330/2330 2395/2395/2395 2329/2329/2329
f 2329/2329/2329 2395/2395/2395 2394/2394/2394
f 2331/2331/2331 2396/2396/2396 2330/2330/2330
f 2330/2330/2330 2396/2396/2396 2395/2395/2395
f 2332/2332/2332 2397/2397/2397 2331/2331/2331
f 2331/2331/2331 2397/2397/2397 2396/2396/2396
f 2333/2333/2333 2398/2398/2398 2332/2332/2332
f 2332/2332/2332 2398/2398/2398 2397/2397/2397
f 2334/2334/2334 2399/2399/2399 2333/2333/2333
f 2333/2333/2333 2399/2399/2399 2398/2398/2398
f 2335/2335/2335 2400/2400/2400 2334/2334/2334
f 2334/2334/2334 2400/2400/2400 2399/2399/2399
f 2336/2336/2336 2401/2401/2401 2335/2335/2335
f 2335/2335/2335 2401/2401/2401 2400/2400/2400
f 2337/2337/2337 2402/2402/2402 2336/2336/2336
f 2336/2336/2336 2402/2402/2402 2401/2401/2401
f 2338/2338/2338 2403/2403/2403 2337/2337/2337
f 2337/2337/2337 2403/2403/2403 2402/2402/2402
f 2339/2339/2339 2404/2404/2404 2338/2338/2338
f 2338/2338/2338 2404/2404/2404 2403/2403/2403
f 2340/2340/2340 2405/2405/2405 2339/2339/2339
f 2339/2339/2339 2405/2405/2405 2404/2404/2404
f 2342/2342/2342 2407/2407/2407 2341/2341/2341
f 2341/2341/2341 2407/2407/2407 2406/2406/2406
f 2343/2343/2343 2408/2408/2408 2342/2342/2342
f 2342/2342/2342 2408/2408/2408 2407/2407/2407
f 2344/2344/2344 2409/2409/2409 2343/2343/2343
f 2343/2343/2343 2409/2409/2409 2408/2408/2408
f 2345/2345/2345 2410/2410/2410 2344/2344/2344
f 2344/2344/2344 2410/2410/2410 2409/2409/2409
f 2346/2346/2346 2411/2411/2411 2345/2345/2345
f 2345/2345/2345 2411/2411/2411 2410/2410/2410
f 2347/2347/2347 2412/2412/2412 2346/2346/2346
f 2346/2346/2346 2412/2412/2412 2411/2411/2411
f 2348/2348/2348 2413/2413/2413 2347/2347/2347
f 2347/2347/2347 2413/2413/2413 2412/2412/2412
f 2349/2349/2349 2414/2414/2414 2348/2348/2348
f 2348/2348/2348 2414/2414/2414 2413/2413/2413
f 2350/2350/2350 2415/2415/2415 2349/2349/2349
f 2349/2349/2349 2415/2415/2415 2414/2414/2414
f 2351/2351/2351 2416/2416/2416 2350/2350/2350
f 2350/2350/2350 2416/2416/2416 2415/2415/2415
f 2352/2352/2352 2417/2417/2417 2351/2351/2351
f 2351/2351/2351 2417/2417/2417 2416/2416/2416
f 2353/2353/2353 2418/2418/2418 2352/2352/2352
f 2352/2352/2352 2418/2418/2418 2417/2417/2417
f 2354/2354/2354 2419/2419/2419 2353/2353/2353
f 2353/2353/2353 2419/2419/2419 2418/2418/2418
f 2355/2355/2355 2420/2420/2420 2354/2354/2354
f 2354/2354/2354 2420/2420/2420 2419/2419/2419
f 2356/2356/2356 2421/2421/2421 2355/2355/2355
f 2355/2355/2355 2421/2421/2421 2420/2420/2420
f 2357/2357/2357 2422/2422/2422 2356/2356/2356
f 2356/2356/2356 2422/2422/2422 2421/2421/2421
f 2358/2358/2358 2423/2423/2423 2357/2357/2357
f 2357/2357/2357 2423/2423/2423 2422/2422/2422
f 2359/2359/2359 2424/2424/2424 2358/2358/2358
f 2358/2358/2358 2424/2424/2424 2423/2423/2423
f 2360/2360/2360 2425/2425/2425 2359/2359/2359
f 2359/2359/2359 2425/2425/2425 2424/2424/2424
f 2361/2361/2361 2426/2426/2426 2360/2360/2360
f 2360/2360/2360 2426/2426/2426 2425/2425/2425
f 2362/2362/2362 2427/2427/2427 2361/2361/2361
f 2361/2361/2361 2427/2427/2427 2426/2426/2426
f 2363/2363/2363 2428/2428/2428 2362/2362/2362
f 2362/2362/2362 2428/2428/2428 2427/2427/2427
f 2364/2364/2364 2429/2429/2429 2363/2363/2363
f 2363/2363/2363 2429/2429/2429 2428/2428/2428
f 2365/2365/2365 2430/2430/2430 2364/2364/2364
f 2364/2364/2364 2430/2430/2430 2429/2429/2429
f 2366/2366/2366 2431/2431/2431 2365/2365/2365
f 2365/2365/2365 2431/2431/2431 2430/2430/2430
f 2367/2367/2367 2432/2432/2432 2366/2366/2366
f 2366/2366/2366 2432/2432/2432 2431/2431/2431
f 2368/2368/2368 2433/2433/2433 2367/2367/2367
f 2367/2367/2367 2433/2433/2433 2432/2432/2432
f 2369/2369/2369 2434/2434/2434 2368/2368/2368
f 2368/2368/2368 2434/2434/2434 2433/2433/2433
f 2370/2370/2370 2435/2435/2435 2369/2369/2369
f 2369/2369/2369 2435/2435/2435 2434/2434/2434
f 2371/2371/2371 2436/2436/2436 2370/2370/2370
f 2370/2370/2370 2436/2436/2436 2435/2435/2435
f 2372/2372/2372 2437/2437/2437 2371/2371/2371
f 2371/2371/2371 2437/2437/2437 2436/2436/2436
f 2373/2373/2373 2438/2438/2438 2372/2372/2372
f 2372/2372/2372 2438/2438/2438 2437/2437/2437
f 2374/2374/2374 2439/2439/2439 2373/2373/2373
f 2373/2373/2373 2439/2439/2439 2438/2438/2438
f 2375/2375/2375 2440/2440/2440 2374/2374/2374
f 2374/2374/2374 2440/2440/2440 2439/2439/2439
f 2376/2376/2376 2441/2441/2441 2375/2375/2375
f 2375/2375/2375 2441/2441/2441 2440/2440/2440
f 2377/2377/2377 2442/2442/2442 2376/2376/2376
f 2376/2376/2376 2442/2442/2442 2441/2441/2441
f 2378/2378/2378 2443/2443/2443 2377/2377/2377
f 2377/2377/2377 2443/2443/2443 2442/2442/2442
f 2379/2379/2379 2444/2444/2444 2378/2378/2378
f 2378/2378/2378 2444/2444/2444 2443/2443/2443
f 2380/2380/2380 2445/2445/2445 2379/2379/2379
f 2379/2379/2379 2445/2445/2445 2444/2444/2444
f 2381/2381/2381 2446/2446/2446 2380/2380/2380
f 2380/2380/2380 2446/2446/2446 2445/2445/2445
f 2382/2382/2382 2447/2447/2447 2381/2381/2381
f 2381/2381/2381 2447/2447/2447 2446/2446/2446
f 2383/2383/2383 2448/2448/2448 2382/2382/2382
f 2382/2382/2382 2448/2448/2448 2447/2447/2447
f 2384/2384/2384 2449/2449/2449 2383/2383/2383
f 2383/2383/2383 2449/2449/2449 2448/2448/2448
f 2385/2385/2385 2450/2450/2450 2384/2384/2384
f 2384/2384/2384 2450/2450/2450 2449/2449/2449
f 2386/2386/2386 2451/2451/2451 2385/2385/2385
f 2385/2385/2385 2451/2451/2451 2450/2450/2450
f 2387/2387/2387 2452/2452/2452 2386/2386/2386
f 2386/2386/2386 2452/2452/2452 2451/2451/2451
f 2388/2388/2388 2453/2453/2453 2387/2387/2387
f 2387/2387/2387 2453/2453/2453 2452/2452/2452
f 2389/2389/2389 2454/2454/2454 2388/2388/2388
f 2388/2388/2388 2454/2454/2454 2453/2453/2453
f 2390/2390/2390 2455/2455/2455 2389/2389/2389
f 2389/2389/2389 2455/2455/2455 2454/2454/2454
f 2391/2391/2391 2456/2456/2456 2390/2390/2390
f 2390/2390/2390 2456/2456/2456 2455/2455/2455
f 2392/2392/2392 2457/2457/2457 2391/2391/2391
f 2391/2391/2391 2457/2457/2457 2456/2456/2456
f 2393/2393/2393 2458/2458/2458 2392/2392/2392
f 2392/2392/2392 2458/2458/2458 2457/2457/2457
f 2394/2394/2394 2459/2459/2459 2393/2393/2393
f 2393/2393/2393 2459/2459/2459 2458/2458/2458
f 2395/2395/2395 2460/2460/2460 2394/2394/2394
f 2394/2394/2394 2460/2460/2460 2459/2459/2459
f 2396/2396/2396 2461/2461/2461 2395/2395/2395
f 2395/2395/2395 2461/2461/2461 2460/2460/2460
f 2397/2397/2397 2462/2462/2462 2396/2396/2396
f 2396/2396/2396 2462/2462/2462 2461/2461/2461
f 2398/2398/2398 2463/2463/2463 2397/2397/2397
f 2397/2397/2397 2463/2463/2463 2462/2462/2462
f 2399/2399/2399 2464/2464/2464 2398/2398/2398
f 2398/2398/2398 2464/2464/2464 2463/2463/2463
f 2400/2400/2400 2465/2465/2465 2399/2399/2399
f 2399/2399/2399 2465/2465/2465 2464/2464/2464
f 2401/2401/2401 2466/2466/2466 2400/2400/2400
f 2400/2400/2400 2466/2466/2466 2465/2465/2465
f 2402/2402/2402 2467/2467/2467 2401/2401/2401
f 2401/2401/2401 2467/2467/2467 2466/2466/2466
f 2403/2403/2403 2468/2468/2468 2402/2402/2402
f 2402/2402/2402 2468/2468/2468 2467/2467/2467
f 2404/2404/2404 2469/2469/2469 2403/2403/2403
f 2403/2403/2403 2469/2469/2469 2468/2468/2468
f 2405/2405/2405 2470/2470/2470 2404/2404/2404
f 2404/2404/2404 2470/2470/2470 2469/2469/2469
f 2407/2407/2407 2472/2472/2472 2406/2406/2406
f 2406/2406/2406 2472/2472/2472 2471/2471/2471
f 2408/2408/2408 2473/2473/2473 2407/2407/2407
f 2407/2407/2407 2473/2473/2473 2472/2472/2472
f 2409/2409/2409 2474/2474/2474 2408/2408/2408
f 2408/2408/2408 2474/2474/2474 2473/2473/2473
f 2410/2410/2410 2475/2475/2475 2409/2409/2409
f 2409/2409/2409 2475/2475/2475 2474/2474/2474
f 2411/2411/2411 2476/2476/2476 2410/2410/2410
f 2410/2410/2410 2476/2476/2476 2475/2475/2475
f 2412/2412/2412 2477/2477/2477 2411/2411/2411
f 2411/2411/2411 2477/2477/2477 2476/2476/2476
f 2413/2413/2413 2478/2478/2478 2412/2412/2412
f 2412/2412/2412 2478/2478/2478 2477/2477/2477
f 2414/2414/2414 2479/2479/2479 2413/2413/2413
f 2413/2413/2413 2479/2479/2479 2478/2478/2478
f 2415/2415/2415 2480/2480/2480 2414/2414/2414
f 2414/2414/2414 2480/2480/2480 2479/2479/2479
f 2416/2416/2416 2481/2481/2481 2415/2415/2415
f 2415/2415/2415 2481/2481/2481 2480/2480/2480
f 2417/2417/2417 2482/2482/2482 2416/2416/2416
f 2416/2416/2416 2482/2482/2482 2481/2481/2481
f 2418/2418/2418 2483/2483/2483 2417/2417/2417
f 2417/2417/2417 2483/2483/2483 2482/2482/2482
f 2419/2419/2419 2484/2484/2484 2418/2418/2418
f 2418/2418/2418 2484/2484/2484 2483/2483/2483
f 2420/2420/2420 2485/2485/2485 2419/2419/2419
f 2419/2419/2419 2485/2485/2485 2484/2484/2484
f 2421/2421/2421 2486/2486/2486 2420/2420/2420
f 2420/2420/2420 2486/2486/2486 2485/2485/2485
f 2422/2422/2422 2487/2487/2487 2421/2421/2421
f 2421/2421/2421 2487/2487/2487 2486/2486/2486
f 2423/2423/2423 2488/2488/2488 2422/2422/2422
f 2422/2422/2422 2488/2488/2488 2487/2487/2487
f 2424/2424/2424 2489/2489/2489 2423/2423/2423
f 2423/2423/2423 2489/2489/2489 2488/2488/2488
f 2425/2425/2425 2490/2490/2490 2424/2424/2424
f 2424/2424/2424 2490/2490/2490 2489/2489/2489
f 2426/2426/2426 2491/2491/2491 2425/2425/2425
f 2425/2425/2425 2491/2491/2491 2490/2490/2490
f 2427/2427/2427 2492/2492/2492 2426/2426/2426
f 2426/2426/2426 2492/2492/2492 2491/2491/2491
f 2428/2428/2428 2493/2493/2493 2427/2427/2427
f 2427/2427/2427 2493/2493/2493 2492/2492/2492
f 2429/2429/2429 2494/2494/2494 2428/2428/2428
f 2428/2428/2428 2494/2494/2494 2493/2493/2493
f 2430/2430/2430 2495/2495/2495 2429/2429/2429
f 2429/2429/2429 2495/2495/2495 2494/2494/2494
f 2431/2431/2431 2496/2496/2496 2430/2430/2430
f 2430/2430/2430 2496/2496/2496 2495/2495/2495
f 2432/2432/2432 2497/2497/2497 2431/2431/2431
f 2431/2431/2431 2497/2497/2497 2496/2496/2496
f 2433/2433/2433 2498/2498/2498 2432/2432/2432
f 2432/2432/2432 2498/2498/2498 2497/2497/2497
f 2434/2434/2434 2499/2499/2499 2433/2433/2433
f 2433/2433/2433 2499/2499/2499 2498/2498/2498
f 2435/2435/2435 2500/2500/2500 2434/2434/2434
f 2434/2434/2434 2500/2500/2500 2499/2499/2499
f 2436/2436/2436 2501/2501/2501 2435/2435/2435
f 2435/2435/2435 2501/2501/2501 2500/2500/2500
f 2437/2437/2437 2502/2502/2502 2436/2436/2436
f 2436/2436/2436 2502/2502/2502 2501/2501/2501
f 2438/2438/2438 2503/2503/2503 2437/2437/2437
f 2437/2437/2437 2503/2503/2503 2502/2502/2502
f 2439/2439/2439 2504/2504/2504 2438/2438/2438
f 2438/2438/2438 2504/2504/2504 2503/2503/2503
f 2440/2440/2440 2505/2505/2505 2439/2439/2439
f 2439/2439/2439 2505/2505/2505 2504/2504/2504
f 2441/2441/2441 2506/2506/2506 2440/2440/2440
f 2440/2440/2440 2506/2506/2506 2505/2505/2505
f 2442/2442/2442 2507/2507/2507 2441/2441/2441
f 2441/2441/2441 2507/2507/2507 2506/2506/2506
f 2443/2443/2443 2508/2508/2508 2442/2442/2442
f 2442/2442/2442 2508/2508/2508 2507/2507/2507
f 2444/2444/2444 2509/2509/2509 2443/2443/2443
f 2443/2443/2443 2509/2509/2509 2508/2508/2508
f 2445/2445/2445 2510/2510/2510 2444/2444/2444
f 2444/2444/2444 2510/2510/2510 2509/2509/2509
f 2446/2446/2446 2511/2511/2511 2445/2445/2445
f 2445/2445/2445 2511/2511/2511 2510/2510/2510
f 2447/2447/2447 2512/2512/2512 2446/2446/2446
f 2446/2446/2446 2512/2512/2512 2511/2511/2511
f 2448/2448/2448 2513/2513/2513 2447/2447/2447
f 2447/2447/2447 2513/2513/2513 2512/2512/2512
f 2449/2449/2449 2514/2514/2514 2448/2448/2448
f 2448/2448/2448 2514/2514/2514 2513/2513/2513
f 2450/2450/2450 2515/2515/2515 2449/2449/2449
f 2449/2449/2449 2515/2515/2515 2514/2514/2514
f 2451/2451/2451 2516/2516/2516 2450/2450/2450
f 2450/2450/2450 2516/2516/2516 2515/2515/2515
f 2452/2452/2452 2517/2517/2517 2451/2451/2451
f 2451/2451/2451 2517/2517/2517 2516/2516/2516
f 2453/2453/2453 2518/2518/2518 2452/2452/2452
f 2452/2452/2452 2518/2518/2518 2517/2517/2517
f 2454/2454/2454 2519/2519/2519 2453/2453/2453
f 2453/2453/2453 2519/2519/2519 2518/2518/2518
f 2455/2455/2455 2520/2520/2520 2454/2454/2454
f 2454/2454/2454 2520/2520/2520 2519/2519/2519
f 2456/2456/2456 2521/2521/2521 2455/2455/2455
f 2455/2455/2455 2521/2521/2521 2520/2520/2520
f 2457/2457/2457 2522/2522/2522 2456/2456/2456
f 2456/2456/2456 2522/2522/2522 2521/2521/2521
f 2458/2458/2458 2523/2523/2523 2457/2457/2457
f 2457/2457/2457 2523/2523/2523 2522/2522/2522
f 2459/2459/2459 2524/2524/2524 2458/2458/2458
f 2458/2458/2458 2524/2524/2524 2523/2523/2523
f 2460/2460/2460 2525/2525/2525 2459/2459/2459
f 2459/2459/2459 2525/2525/2525 2524/2524/2524
f 2461/2461/2461 2526/2526/2526 2460/2460/2460
f 2460/2460/2460 2526/2526/2526 2525/2525/2525
f 2462/2462/2462 2527/2527/2527 2461/2461/2461
f 2461/2461/2461 2527/2527/2527 2526/2526/2526
f 2463/2463/2463 2528/2528/2528 2462/2462/2462
f 2462/2462/2462 2528/2528/2528 2527/2527/2527
f 2464/2464/2464 2529/2529/2529 2463/2463/2463
f 2463/2463/2463 2529/2529/2529 2528/2528/2528
f 2465/2465/2465 2530/2530/2530 2464/2464/2464
f 2464/2464/2464 2530/2530/2530 2529/2529/2529
f 2466/2466/2466 2531/2531/2531 2465/2465/2465
f 2465/2465/2465 2531/2531/2531 2530/2530/2530
f 2467/2467/2467 2532/2532/2532 2466/2466/2466
f 2466/2466/2466 2532/2532/2532 2531/2531/2531
f 2468/2468/2468 2533/2533/2533 2467/2467/2467
f 2467/2467/2467 2533/2533/2533 2532/2532/2532
f 2469/2469/2469 2534/2534/2534 2468/2468/2468
f 2468/2468/2468 2534/2534/2534 2533/2533/2533
f 2470/2470/2470 2535/2535/2535 2469/2469/2469
f 2469/2469/2469 2535/2535/2535 2534/2534/2534
f 2472/2472/2472 2537/2537/2537 2471/2471/2471
f 2471/2471/2471 2537/2537/2537 2536/2536/2536
f 2473/2473/2473 2538/2538/2538 2472/2472/2472
f 2472/2472/2472 2538/2538/2538 2537/2537/2537
f 2474/2474/2474 2539/2539/2539 2473/2473/2473
f 2473/2473/2473 2539/2539/2539 2538/2538/2538
f 2475/2475/2475 2540/2540/2540 2474/2474/2474
f 2474/2474/2474 2540/2540/2540 2539/2539/2539
f 2476/2476/2476 2541/2541/2541 2475/2475/2475
f 2475/2475/2475 2541/2541/2541 2540/2540/2540
f 2477/2477/2477 2542/2542/2542 2476/2476/2476
f 2476/2476/2476 2542/2542/2542 2541/2541/2541
f 2478/2478/2478 2543/2543/2543 2477/2477/2477
f 2477/2477/2477 2543/2543/2543 2542/2542/2542
f 2479/2479/2479 2544/2544/2544 2478/2478/2478
f 2478/2478/2478 2544/2544/2544 2543/2543/2543
f 2480/2480/2480 2545/2545/2545 2479/2479/2479
f 2479/2479/2479 2545/2545/2545 2544/2544/2544
f 2481/2481/2481 2546/2546/2546 2480/2480/2480
f 2480/2480/2480 2546/2546/2546 2545/2545/2545
f 2482/2482/2482 2547/2547/2547 2481/2481/2481
f 2481/2481/2481 2547/2547/2547 2546/2546/2546
f 2483/2483/2483 2548/2548/2548 2482/2482/2482
f 2482/2482/2482 2548/2548/2548 2547/2547/2547
f 2484/2484/2484 2549/2549/2549 2483/2483/2483
f 2483/2483/2483 2549/2549/2549 2548/2548/2548
f 2485/2485/2485 2550/2550/2550 2484/2484/2484
f 2484/2484/2484 2550/2550/2550 2549/2549/2549
f 2486/2486/2486 2551/2551/2551 2485/2485/2485
f 2485/2485/2485 2551/2551/2551 2550/2550/2550
f 2487/2487/2487 2552/2552/2552 2486/2486/2486
f 2486/2486/2486 2552/2552/2552 2551/2551/2551
f 2488/2488/2488 2553/2553/2553 2487/2487/2487
f 2487/2487/2487 2553/2553/2553 2552/2552/2552
f 2489/2489/2489 2554/2554/2554 2488/2488/2488
f 2488/2488/2488 2554/2554/2554 2553/2553/2553
f 2490/2490/2490 2555/2555/2555 2489/2489/2489
f 2489/2489/2489 2555/2555/2555 2554/2554/2554
f 2491/2491/2491 2556/2556/2556 2490/2490/2490
f 2490/2490/2490 2556/2556/2556 2555/2555/2555
f 2492/2492/2492 2557/2557/2557 2491/2491/2491
f 2491/2491/2491 2557/2557/2557 2556/2556/2556
f 2493/2493/2493 2558/2558/2558 2492/2492/2492
f 2492/2492/2492 2558/2558/2558 2557/2557/2557
f 2494/2494/2494 2559/2559/2559 2493/2493/2493
f 2493/2493/2493 2559/2559/2559 2558/2558/2558
f 2495/2495/2495 2560/2560/2560 2494/2494/2494
f 2494/2494/2494 2560/2560/2560 2559/2559/2559
f 2496/2496/2496 2561/2561/2561 2495/2495/2495
f 2495/2495/2495 2561/2561/2561 2560/2560/2560
f 2497/2497/2497 2562/2562/2562 2496/2496/2496
f 2496/2496/2496 2562/2562/2562 2561/2561/2561
f 2498/2498/2498 2563/2563/2563 2497/2497/2497
f 2497/2497/2497 2563/2563/2563 2562/2562/2562
f 2499/2499/2499 2564/2564/2564 2498/2498/2498
f 2498/2498/2498 2564/2564/2564 2563/2563/2563
f 2500/2500/2500 2565/2565/2565 2499/2499/2499
f 2499/2499/2499 2565/2565/2565 2564/2564/2564
f 2501/2501/2501 2566/2566/2566 2500/2500/2500
f 2500/2500/2500 2566/2566/2566 2565/2565/2565
f 2502/2502/2502 2567/2567/2567 2501/2501/2501
f 2501/2501/2501 2567/2567/2567 2566/2566/2566
f 2503/2503/2503 2568/2568/2568 2502/2502/2502
f 2502/2502/2502 2568/2568/2568 2567/2567/2567
f 2504/2504/2504 2569/2569/2569 2503/2503/2503
f 2503/2503/2503 2569/2569/2569 2568/2568/2568
f 2505/2505/2505 2570/2570/2570 2504/2504/2504
f 2504/2504/2504 2570/2570/2570 2569/2569/2569
f 2506/2506/2506 2571/2571/2571 2505/2505/2505
f 2505/2505/2505 2571/2571/2571 2570/2570/2570
f 2507/2507/2507 2572/2572/2572 2506/2506/2506
f 2506/2506/2506 2572/2572/2572 2571/2571/2571
f 2508/2508/2508 2573/2573/2573 2507/2507/2507
f 2507/2507/2507 2573/2573/2573 2572/2572/2572
f 2509/2509/2509 2574/2574/2574 2508/2508/2508
f 2508/2508/2508 2574/2574/2574 2573/2573/2573
f 2510/2510/2510 2575/2575/2575 2509/2509/2509
f 2509/2509/2509 2575/2575/2575 2574/2574/2574
f 2511/2511/2511 2576/2576/2576 2510/2510/2510
f 2510/2510/2510 2576/2576/2576 2575/2575/2575
f 2512/2512/2512 2577/2577/2577 2511/2511/2511
f 2511/2511/2511 2577/2577/2577 2576/2576/2576
f 2513/2513/2513 2578/2578/2578 2512/2512/2512
f 2512/2512/2512 2578/2578/2578 2577/2577/2577
f 2514/2514/2514 2579/2579/2579 2513/2513/2513
f 2513/2513/2513 2579/2579/2579 2578/2578/2578
f 2515/2515/2515 2580/2580/2580 2514/2514/2514
f 2514/2514/2514 2580/2580/2580 2579/2579/2579
f 2516/2516/2516 2581/2581/2581 2515/2515/2515
f 2515/2515/2515 2581/2581/2581 2580/2580/2580
f 2517/2517/2517 2582/2582/2582 2516/2516/2516
f 2516/2516/2516 2582/2582/2582 2581/2581/2581
f 2518/2518/2518 2583/2583/2583 2517/2517/2517
f 2517/2517/2517 2583/2583/2583 2582/2582/2582
f 2519/2519/2519 2584/2584/2584 2518/2518/2518
f 2518/2518/2518 2584/2584/2584 2583/2583/2583
f 2520/2520/2520 2585/2585/2585 2519/2519/2519
f 2519/2519/2519 2585/2585/2585 2584/2584/2584
f 2521/2521/2521 2586/2586/2586 2520/2520/2520
f 2520/2520/2520 2586/2586/2586 2585/2585/2585
f 2522/2522/2522 2587/2587/2587 2521/2521/2521
f 2521/2521/2521 2587/2587/2587 2586/2586/2586
f 2523/2523/2523 2588/2588/2588 2522/2522/2522
f 2522/2522/2522 2588/2588/2588 2587/2587/2587
f 2524/2524/2524 2589/2589/2589 2523/2523/2523
f 2523/2523/2523 2589/2589/2589 2588/2588/2588
f 2525/2525/2525 2590/2590/2590 2524/2524/2524
f 2524/2524/2524 2590/2590/2590 2589/2589/2589
f 2526/2526/2526 2591/2591/2591 2525/2525/2525
f 2525/2525/2525 2591/2591/2591 2590/2590/2590
f 2527/2527/2527 2592/2592/2592 2526/2526/2526
f 2526/2526/2526 2592/2592/2592 2591/2591/2591
f 2528/2528/2528 2593/2593/2593 2527/2527/2527
f 2527/2527/2527 2593/2593/2593 2592/2592/2592
f 2529/2529/2529 2594/2594/2594 2528/2528/2528
f 2528/2528/2528 2594/2594/2594 2593/2593/2593
f 2530/2530/2530 2595/2595/2595 2529/2529/2529
f 2529/2529/2529 2595/2595/2595 2594/2594/2594
f 2531/2531/2531 2596/2596/2596 2530/2530/2530
f 2530/2530/2530 2596/2596/2596 2595/2595/2595
f 2532/2532/2532 2597/2597/2597 2531/2531/2531
f 2531/2531/2531 2597/2597/2597 2596/2596/2596
f 2533/2533/2533 2598/2598/2598 2532/2532/2532
f 2532/2532/2532 2598/2598/2598 2597/2597/2597
f 2534/2534/2534 2599/2599/2599 2533/2533/2533
f 2533/2533/2533 2599/2599/2599 2598/2598/2598
f 2535/2535/2535 2600/2600/2600 2534/2534/2534
f 2534/2534/2534 2600/2600/2600 2599/2599/2599
f 2537/2537/2537 2602/2602/2602 2536/2536/2536
f 2538/2538/2538 2603/2603/2603 2537/2537/2537
f 2539/2539/2539 2604/2604/2604 2538/2538/2538
f 2540/2540/2540 2605/2605/2605 2539/2539/2539
f 2541/2541/2541 2606/2606/2606 2540/2540/2540
f 2542/2542/2542 2607/2607/2607 2541/2541/2541
f 2543/2543/2543 2608/2608/2608 2542/2542/2542
f 2544/2544/2544 2609/2609/2609 2543/2543/2543
f 2545/2545/2545 2610/2610/2610 2544/2544/2544
f 2546/2546/2546 2611/2611/2611 2545/2545/2545
f 2547/2547/2547 2612/2612/2612 2546/2546/2546
f 2548/2548/2548 2613/2613/2613 2547/2547/2547
f 2549/2549/2549 2614/2614/2614 2548/2548/2548
f 2550/2550/2550 2615/2615/2615 2549/2549/2549
f 2551/2551/2551 2616/2616/2616 2550/2550/2550
f 2552/2552/2552 2617/2617/2617 2551/2551/2551
f 2553/2553/2553 2618/2618/2618 2552/2552/2552
f 2554/2554/2554 2619/2619/2619 2553/2553/2553
f 2555/2555/2555 2620/2620/2620 2554/2554/2554
f 2556/2556/2556 2621/2621/2621 2555/2555/2555
f 2557/2557/2557 2622/2622/2622 2556/2556/2556
f 2558/2558/2558 2623/2623/2623 2557/2557/2557
f 2559/2559/2559 2624/2624/2624 2558/2558/2558
f 2560/2560/2560 2625/2625/2625 2559/2559/2559
f 2561/2561/2561 2626/2626/2626 2560/2560/2560
f 2562/2562/2562 2627/2627/2627 2561/2561/2561
f 2563/2563/2563 2628/2628/2628 2562/2562/2562
f 2564/2564/2564 2629/2629/2629 2563/2563/2563
f 2565/2565/2565 2630/2630/2630 2564/2564/2564
f 2566/2566/2566 2631/2631/2631 2565/2565/2565
f 2567/2567/2567 2632/2632/2632 2566/2566/2566
f 2568/2568/2568 2633/2633/2633 2567/2567/2567
f 2569/2569/2569 2634/2634/2634 2568/2568/2568
f 2570/2570/2570 2635/2635/2635 2569/2569/2569
f 2571/2571/2571 2636/2636/2636 2570/2570/2570
f 2572/2572/2572 2637/2637/2637 2571/2571/2571
f 2573/2573/2573 2638/2638/2638 2572/2572/2572
f 2574/2574/2574 2639/2639/2639 2573/2573/2573
f 2575/2575/2575 2640/2640/2640 2574/2574/2574
f 2576/2576/2576 2641/2641/2641 2575/2575/2575
f 2577/2577/2577 2642/2642/2642 2576/2576/2576
f 2578/2578/2578 2643/2643/2643 2577/2577/2577
f 2579/2579/2579 2644/2644/2644 2578/2578/2578
f 2580/2580/2580 2645/2645/2645 2579/2579/2579
f 2581/2581/2581 2646/2646/2646 2580/2580/2580
f 2582/2582/2582 2647/2647/2647 2581/2581/2581
f 2583/2583/2583 2648/2648/2648 2582/2582/2582
f 2584/2584/2584 2649/2649/2649 2583/2583/2583
f 2585/2585/2585 2650/2650/2650 2584/2584/2584
f 2586/2586/2586 2651/2651/2651 2585/2585/2585
f 2587/2587/2587 2652/2652/2652 2586/2586/2586
f 2588/2588/2588 2653/2653/2653 2587/2587/2587
f 2589/2589/2589 2654/2654/2654 2588/2588/2588
f 2590/2590/2590 2655/2655/2655 2589/2589/2589
f 2591/2591/2591 2656/2656/2656 2590/2590/2590
f 2592/2592/2592 2657/2657/2657 2591/2591/2591
f 2593/2593/2593 2658/2658/2658 2592/2592/2592
f 2594/2594/2594 2659/2659/2659 2593/2593/2593
f 2595/2595/2595 2660/2660/2660 2594/2594/2594
f 2596/2596/2596 2661/2661/2661 2595/2595/2595
f 2597/2597/2597 2662/2662/2662 2596/2596/2596
f 2598/2598/2598 2663/2663/2663 2597/2597/2597
f 2599/2599/2599 2664/2664/2664 2598/2598/2598
f 2600/2600/2600 2665/2665/2665 2599/2599/2599
